test_id,test_group,device,include_in_analysis,scenario_code,nominal,expected_label,object_id,emission_year,side,physical_condition,distance_cm,lighting_condition,lux_target,camera,offline,talkback,repetition,expected_result,actual_result,result_code,rejection_reason,error_message,valid_trial,invalid_reason,retest_of,log_path,video_path,notes
FUNC-P-PF-01-R1,functional,poco,true,PF-01,,,,,,,,,,,,,1,Dialog izin kamera ditampilkan,,,,,,,,,,Permintaan izin kamera; kondisi: Aplikasi pertama kali dijalankan
FUNC-P-PF-01-R2,functional,poco,true,PF-01,,,,,,,,,,,,,2,Dialog izin kamera ditampilkan,,,,,,,,,,Permintaan izin kamera; kondisi: Aplikasi pertama kali dijalankan
FUNC-P-PF-01-R3,functional,poco,true,PF-01,,,,,,,,,,,,,3,Dialog izin kamera ditampilkan,,,,,,,,,,Permintaan izin kamera; kondisi: Aplikasi pertama kali dijalankan
FUNC-P-PF-02-R1,functional,poco,true,PF-02,,,,,,,,,,,,,1,Pratinjau dan analyzer kamera aktif,,,,,,,,,,Izin kamera diberikan; kondisi: Pengguna memberikan izin
FUNC-P-PF-02-R2,functional,poco,true,PF-02,,,,,,,,,,,,,2,Pratinjau dan analyzer kamera aktif,,,,,,,,,,Izin kamera diberikan; kondisi: Pengguna memberikan izin
FUNC-P-PF-02-R3,functional,poco,true,PF-02,,,,,,,,,,,,,3,Pratinjau dan analyzer kamera aktif,,,,,,,,,,Izin kamera diberikan; kondisi: Pengguna memberikan izin
FUNC-P-PF-03-R1,functional,poco,true,PF-03,,,,,,,,,,,,,1,Informasi kebutuhan izin ditampilkan dan aplikasi tidak berhenti paksa,,,,,,,,,,Izin kamera ditolak; kondisi: Pengguna menolak izin
FUNC-P-PF-03-R2,functional,poco,true,PF-03,,,,,,,,,,,,,2,Informasi kebutuhan izin ditampilkan dan aplikasi tidak berhenti paksa,,,,,,,,,,Izin kamera ditolak; kondisi: Pengguna menolak izin
FUNC-P-PF-03-R3,functional,poco,true,PF-03,,,,,,,,,,,,,3,Informasi kebutuhan izin ditampilkan dan aplikasi tidak berhenti paksa,,,,,,,,,,Izin kamera ditolak; kondisi: Pengguna menolak izin
FUNC-P-PF-04-R1,functional,poco,true,PF-04,,,,,,,,,,,,,1,Model dan tensor berhasil dialokasikan satu kali,,,,,,,,,,Pemuatan model; kondisi: Aplikasi memulai sesi pengenalan
FUNC-P-PF-04-R2,functional,poco,true,PF-04,,,,,,,,,,,,,2,Model dan tensor berhasil dialokasikan satu kali,,,,,,,,,,Pemuatan model; kondisi: Aplikasi memulai sesi pengenalan
FUNC-P-PF-04-R3,functional,poco,true,PF-04,,,,,,,,,,,,,3,Model dan tensor berhasil dialokasikan satu kali,,,,,,,,,,Pemuatan model; kondisi: Aplikasi memulai sesi pengenalan
FUNC-P-PF-05-R1,functional,poco,true,PF-05,,,,,,,,,,,,,1,"Bentuk, tipe, label, skala, dan zero-point sesuai",,,,,,,,,,Validasi kontrak tensor; kondisi: Model dan metadata dimuat
FUNC-P-PF-05-R2,functional,poco,true,PF-05,,,,,,,,,,,,,2,"Bentuk, tipe, label, skala, dan zero-point sesuai",,,,,,,,,,Validasi kontrak tensor; kondisi: Model dan metadata dimuat
FUNC-P-PF-05-R3,functional,poco,true,PF-05,,,,,,,,,,,,,3,"Bentuk, tipe, label, skala, dan zero-point sesuai",,,,,,,,,,Validasi kontrak tensor; kondisi: Model dan metadata dimuat
FUNC-P-PF-06-R1,functional,poco,true,PF-06,,,,,,,,,,,,,1,Bingkai tampil dan ROI berada pada posisi yang ditetapkan,,,,,,,,,,Pratinjau kamera; kondisi: Kamera aktif
FUNC-P-PF-06-R2,functional,poco,true,PF-06,,,,,,,,,,,,,2,Bingkai tampil dan ROI berada pada posisi yang ditetapkan,,,,,,,,,,Pratinjau kamera; kondisi: Kamera aktif
FUNC-P-PF-06-R3,functional,poco,true,PF-06,,,,,,,,,,,,,3,Bingkai tampil dan ROI berada pada posisi yang ditetapkan,,,,,,,,,,Pratinjau kamera; kondisi: Kamera aktif
FUNC-P-PF-07-R1,functional,poco,true,PF-07,,,,,,,,,,,,,1,Bingkai ditutup dan aliran kamera tetap berjalan,,,,,,,,,,Pelepasan ImageProxy; kondisi: Bingkai selesai dianalisis
FUNC-P-PF-07-R2,functional,poco,true,PF-07,,,,,,,,,,,,,2,Bingkai ditutup dan aliran kamera tetap berjalan,,,,,,,,,,Pelepasan ImageProxy; kondisi: Bingkai selesai dianalisis
FUNC-P-PF-07-R3,functional,poco,true,PF-07,,,,,,,,,,,,,3,Bingkai ditutup dan aliran kamera tetap berjalan,,,,,,,,,,Pelepasan ImageProxy; kondisi: Bingkai selesai dianalisis
FUNC-P-PF-08-R1,functional,poco,true,PF-08,50000,50000,BN-50000-NORMAL,,,,,,,,,,1,Sistem tidak menyampaikan nominal,,,,,,,,,,Pemeriksaan citra buram; kondisi: Uang ditampilkan dalam kondisi buram; proposed fixture sebelum lock: BN-50000-NORMAL
FUNC-P-PF-08-R2,functional,poco,true,PF-08,50000,50000,BN-50000-NORMAL,,,,,,,,,,2,Sistem tidak menyampaikan nominal,,,,,,,,,,Pemeriksaan citra buram; kondisi: Uang ditampilkan dalam kondisi buram; proposed fixture sebelum lock: BN-50000-NORMAL
FUNC-P-PF-08-R3,functional,poco,true,PF-08,50000,50000,BN-50000-NORMAL,,,,,,,,,,3,Sistem tidak menyampaikan nominal,,,,,,,,,,Pemeriksaan citra buram; kondisi: Uang ditampilkan dalam kondisi buram; proposed fixture sebelum lock: BN-50000-NORMAL
FUNC-P-PF-09-R1,functional,poco,true,PF-09,50000,50000,BN-50000-NORMAL,,,,,,,,,,1,Sistem menahan inferensi atau memberikan status kualitas,,,,,,,,,,Pemeriksaan pencahayaan; kondisi: ROI di luar rentang pencahayaan diterima; proposed fixture sebelum lock: BN-50000-NORMAL
FUNC-P-PF-09-R2,functional,poco,true,PF-09,50000,50000,BN-50000-NORMAL,,,,,,,,,,2,Sistem menahan inferensi atau memberikan status kualitas,,,,,,,,,,Pemeriksaan pencahayaan; kondisi: ROI di luar rentang pencahayaan diterima; proposed fixture sebelum lock: BN-50000-NORMAL
FUNC-P-PF-09-R3,functional,poco,true,PF-09,50000,50000,BN-50000-NORMAL,,,,,,,,,,3,Sistem menahan inferensi atau memberikan status kualitas,,,,,,,,,,Pemeriksaan pencahayaan; kondisi: ROI di luar rentang pencahayaan diterima; proposed fixture sebelum lock: BN-50000-NORMAL
FUNC-P-PF-10-R1,functional,poco,true,PF-10,50000,50000,BN-50000-NORMAL,,,,,,,,,,1,Nominal sesuai diteruskan ke TTS,,,,,,,,,,Pengenalan nominal; kondisi: Uang jelas ditempatkan pada ROI; proposed fixture sebelum lock: BN-50000-NORMAL
FUNC-P-PF-10-R2,functional,poco,true,PF-10,50000,50000,BN-50000-NORMAL,,,,,,,,,,2,Nominal sesuai diteruskan ke TTS,,,,,,,,,,Pengenalan nominal; kondisi: Uang jelas ditempatkan pada ROI; proposed fixture sebelum lock: BN-50000-NORMAL
FUNC-P-PF-10-R3,functional,poco,true,PF-10,50000,50000,BN-50000-NORMAL,,,,,,,,,,3,Nominal sesuai diteruskan ke TTS,,,,,,,,,,Pengenalan nominal; kondisi: Uang jelas ditempatkan pada ROI; proposed fixture sebelum lock: BN-50000-NORMAL
FUNC-P-PF-11-R1,functional,poco,true,PF-11,,nonuang,NM-WALLET-01,,,,,,,,,,1,Sistem tidak menyampaikan nominal,,,,,,,,,,Kelas nonuang; kondisi: Objek nonuang ditempatkan pada ROI; proposed fixture: NM-WALLET-01
FUNC-P-PF-11-R2,functional,poco,true,PF-11,,nonuang,NM-WALLET-01,,,,,,,,,,2,Sistem tidak menyampaikan nominal,,,,,,,,,,Kelas nonuang; kondisi: Objek nonuang ditempatkan pada ROI; proposed fixture: NM-WALLET-01
FUNC-P-PF-11-R3,functional,poco,true,PF-11,,nonuang,NM-WALLET-01,,,,,,,,,,3,Sistem tidak menyampaikan nominal,,,,,,,,,,Kelas nonuang; kondisi: Objek nonuang ditempatkan pada ROI; proposed fixture: NM-WALLET-01
FUNC-P-PF-12-R1,functional,poco,true,PF-12,50000,50000,BN-50000-NORMAL,,,,,,,,,,1,Suara yang sama tidak diulang terus-menerus,,,,,,,,,,Pengendalian suara berulang; kondisi: Nominal yang sama tetap berada pada ROI; proposed fixture sebelum lock: BN-50000-NORMAL
FUNC-P-PF-12-R2,functional,poco,true,PF-12,50000,50000,BN-50000-NORMAL,,,,,,,,,,2,Suara yang sama tidak diulang terus-menerus,,,,,,,,,,Pengendalian suara berulang; kondisi: Nominal yang sama tetap berada pada ROI; proposed fixture sebelum lock: BN-50000-NORMAL
FUNC-P-PF-12-R3,functional,poco,true,PF-12,50000,50000,BN-50000-NORMAL,,,,,,,,,,3,Suara yang sama tidak diulang terus-menerus,,,,,,,,,,Pengendalian suara berulang; kondisi: Nominal yang sama tetap berada pada ROI; proposed fixture sebelum lock: BN-50000-NORMAL
FUNC-P-PF-13-R1,functional,poco,true,PF-13,,,,,,,,,,,,,1,Nominal baru disampaikan setelah stabil,,,,,,,,,,Perubahan nominal; kondisi: Uang diganti nominal berbeda; proposed switch: BN-20000-NORMAL -> BN-50000-NORMAL
FUNC-P-PF-13-R2,functional,poco,true,PF-13,,,,,,,,,,,,,2,Nominal baru disampaikan setelah stabil,,,,,,,,,,Perubahan nominal; kondisi: Uang diganti nominal berbeda; proposed switch: BN-20000-NORMAL -> BN-50000-NORMAL
FUNC-P-PF-13-R3,functional,poco,true,PF-13,,,,,,,,,,,,,3,Nominal baru disampaikan setelah stabil,,,,,,,,,,Perubahan nominal; kondisi: Uang diganti nominal berbeda; proposed switch: BN-20000-NORMAL -> BN-50000-NORMAL
FUNC-P-PF-14-R1,functional,poco,true,PF-14,50000,50000,BN-50000-NORMAL,,,,,,,,,,1,Nominal yang sama dapat disampaikan kembali,,,,,,,,,,Pengaturan ulang keadaan; kondisi: Uang dikeluarkan dari ROI selama satu jendela temporal; proposed fixture sebelum lock: BN-50000-NORMAL
FUNC-P-PF-14-R2,functional,poco,true,PF-14,50000,50000,BN-50000-NORMAL,,,,,,,,,,2,Nominal yang sama dapat disampaikan kembali,,,,,,,,,,Pengaturan ulang keadaan; kondisi: Uang dikeluarkan dari ROI selama satu jendela temporal; proposed fixture sebelum lock: BN-50000-NORMAL
FUNC-P-PF-14-R3,functional,poco,true,PF-14,50000,50000,BN-50000-NORMAL,,,,,,,,,,3,Nominal yang sama dapat disampaikan kembali,,,,,,,,,,Pengaturan ulang keadaan; kondisi: Uang dikeluarkan dari ROI selama satu jendela temporal; proposed fixture sebelum lock: BN-50000-NORMAL
FUNC-P-PF-15-R1,functional,poco,true,PF-15,,,,,,,,,,,,,1,"Kamera, model, dan TTS berhenti serta aktif kembali sesuai keadaan",,,,,,,,,,Siklus hidup aplikasi; kondisi: Aplikasi dipindahkan ke latar belakang dan dibuka kembali
FUNC-P-PF-15-R2,functional,poco,true,PF-15,,,,,,,,,,,,,2,"Kamera, model, dan TTS berhenti serta aktif kembali sesuai keadaan",,,,,,,,,,Siklus hidup aplikasi; kondisi: Aplikasi dipindahkan ke latar belakang dan dibuka kembali
FUNC-P-PF-15-R3,functional,poco,true,PF-15,,,,,,,,,,,,,3,"Kamera, model, dan TTS berhenti serta aktif kembali sesuai keadaan",,,,,,,,,,Siklus hidup aplikasi; kondisi: Aplikasi dipindahkan ke latar belakang dan dibuka kembali
FUNC-P-PF-16-R1,functional,poco,true,PF-16,,,,,,,,,,,,,1,"Kamera, executor, model, dan TTS melepaskan sumber daya",,,,,,,,,,Penutupan aplikasi; kondisi: Aktivitas pengenalan dihentikan
FUNC-P-PF-16-R2,functional,poco,true,PF-16,,,,,,,,,,,,,2,"Kamera, executor, model, dan TTS melepaskan sumber daya",,,,,,,,,,Penutupan aplikasi; kondisi: Aktivitas pengenalan dihentikan
FUNC-P-PF-16-R3,functional,poco,true,PF-16,,,,,,,,,,,,,3,"Kamera, executor, model, dan TTS melepaskan sumber daya",,,,,,,,,,Penutupan aplikasi; kondisi: Aktivitas pengenalan dihentikan
FUNC-P-PF-17-R1,functional,poco,true,PF-17,,,,,,,,,,,,,1,"Tidak terjadi crash, ANR, atau penghentian aliran kamera",,,,,,,,,,Operasi berkelanjutan; kondisi: Kamera dan inferensi dijalankan selama 15 menit
FUNC-P-PF-17-R2,functional,poco,true,PF-17,,,,,,,,,,,,,2,"Tidak terjadi crash, ANR, atau penghentian aliran kamera",,,,,,,,,,Operasi berkelanjutan; kondisi: Kamera dan inferensi dijalankan selama 15 menit
FUNC-P-PF-17-R3,functional,poco,true,PF-17,,,,,,,,,,,,,3,"Tidak terjadi crash, ANR, atau penghentian aliran kamera",,,,,,,,,,Operasi berkelanjutan; kondisi: Kamera dan inferensi dijalankan selama 15 menit
FUNC-P-PF-18-R1,functional,poco,true,PF-18,,,,,,,,,,,,,1,Kamera belakang menjadi kamera awal dan TTS menyampaikan kamera belakang aktif,,,,,,,,,,Kamera awal sesi; kondisi: Sesi dimulai dan izin tersedia
FUNC-P-PF-18-R2,functional,poco,true,PF-18,,,,,,,,,,,,,2,Kamera belakang menjadi kamera awal dan TTS menyampaikan kamera belakang aktif,,,,,,,,,,Kamera awal sesi; kondisi: Sesi dimulai dan izin tersedia
FUNC-P-PF-18-R3,functional,poco,true,PF-18,,,,,,,,,,,,,3,Kamera belakang menjadi kamera awal dan TTS menyampaikan kamera belakang aktif,,,,,,,,,,Kamera awal sesi; kondisi: Sesi dimulai dan izin tersedia
FUNC-P-PF-19-R1,functional,poco,true,PF-19,,,,,,,,,,,,,1,Kamera depan aktif dan TTS menyampaikan kamera depan aktif,,,,,,,,,,Pergantian ke kamera depan; kondisi: Kamera belakang aktif lalu Ganti Kamera
FUNC-P-PF-19-R2,functional,poco,true,PF-19,,,,,,,,,,,,,2,Kamera depan aktif dan TTS menyampaikan kamera depan aktif,,,,,,,,,,Pergantian ke kamera depan; kondisi: Kamera belakang aktif lalu Ganti Kamera
FUNC-P-PF-19-R3,functional,poco,true,PF-19,,,,,,,,,,,,,3,Kamera depan aktif dan TTS menyampaikan kamera depan aktif,,,,,,,,,,Pergantian ke kamera depan; kondisi: Kamera belakang aktif lalu Ganti Kamera
FUNC-P-PF-20-R1,functional,poco,true,PF-20,,,,,,,,,,,,,1,"Kamera belakang aktif kembali, temporal reset, dan TTS menyampaikan kamera belakang aktif",,,,,,,,,,Pergantian ke kamera belakang; kondisi: Kamera depan aktif lalu Ganti Kamera
FUNC-P-PF-20-R2,functional,poco,true,PF-20,,,,,,,,,,,,,2,"Kamera belakang aktif kembali, temporal reset, dan TTS menyampaikan kamera belakang aktif",,,,,,,,,,Pergantian ke kamera belakang; kondisi: Kamera depan aktif lalu Ganti Kamera
FUNC-P-PF-20-R3,functional,poco,true,PF-20,,,,,,,,,,,,,3,"Kamera belakang aktif kembali, temporal reset, dan TTS menyampaikan kamera belakang aktif",,,,,,,,,,Pergantian ke kamera belakang; kondisi: Kamera depan aktif lalu Ganti Kamera
FUNC-R-PF-01-R1,functional,redmi,true,PF-01,,,,,,,,,,,,,1,Dialog izin kamera ditampilkan,,,,,,,,,,Permintaan izin kamera; kondisi: Aplikasi pertama kali dijalankan
FUNC-R-PF-01-R2,functional,redmi,true,PF-01,,,,,,,,,,,,,2,Dialog izin kamera ditampilkan,,,,,,,,,,Permintaan izin kamera; kondisi: Aplikasi pertama kali dijalankan
FUNC-R-PF-01-R3,functional,redmi,true,PF-01,,,,,,,,,,,,,3,Dialog izin kamera ditampilkan,,,,,,,,,,Permintaan izin kamera; kondisi: Aplikasi pertama kali dijalankan
FUNC-R-PF-02-R1,functional,redmi,true,PF-02,,,,,,,,,,,,,1,Pratinjau dan analyzer kamera aktif,,,,,,,,,,Izin kamera diberikan; kondisi: Pengguna memberikan izin
FUNC-R-PF-02-R2,functional,redmi,true,PF-02,,,,,,,,,,,,,2,Pratinjau dan analyzer kamera aktif,,,,,,,,,,Izin kamera diberikan; kondisi: Pengguna memberikan izin
FUNC-R-PF-02-R3,functional,redmi,true,PF-02,,,,,,,,,,,,,3,Pratinjau dan analyzer kamera aktif,,,,,,,,,,Izin kamera diberikan; kondisi: Pengguna memberikan izin
FUNC-R-PF-03-R1,functional,redmi,true,PF-03,,,,,,,,,,,,,1,Informasi kebutuhan izin ditampilkan dan aplikasi tidak berhenti paksa,,,,,,,,,,Izin kamera ditolak; kondisi: Pengguna menolak izin
FUNC-R-PF-03-R2,functional,redmi,true,PF-03,,,,,,,,,,,,,2,Informasi kebutuhan izin ditampilkan dan aplikasi tidak berhenti paksa,,,,,,,,,,Izin kamera ditolak; kondisi: Pengguna menolak izin
FUNC-R-PF-03-R3,functional,redmi,true,PF-03,,,,,,,,,,,,,3,Informasi kebutuhan izin ditampilkan dan aplikasi tidak berhenti paksa,,,,,,,,,,Izin kamera ditolak; kondisi: Pengguna menolak izin
FUNC-R-PF-04-R1,functional,redmi,true,PF-04,,,,,,,,,,,,,1,Model dan tensor berhasil dialokasikan satu kali,,,,,,,,,,Pemuatan model; kondisi: Aplikasi memulai sesi pengenalan
FUNC-R-PF-04-R2,functional,redmi,true,PF-04,,,,,,,,,,,,,2,Model dan tensor berhasil dialokasikan satu kali,,,,,,,,,,Pemuatan model; kondisi: Aplikasi memulai sesi pengenalan
FUNC-R-PF-04-R3,functional,redmi,true,PF-04,,,,,,,,,,,,,3,Model dan tensor berhasil dialokasikan satu kali,,,,,,,,,,Pemuatan model; kondisi: Aplikasi memulai sesi pengenalan
FUNC-R-PF-05-R1,functional,redmi,true,PF-05,,,,,,,,,,,,,1,"Bentuk, tipe, label, skala, dan zero-point sesuai",,,,,,,,,,Validasi kontrak tensor; kondisi: Model dan metadata dimuat
FUNC-R-PF-05-R2,functional,redmi,true,PF-05,,,,,,,,,,,,,2,"Bentuk, tipe, label, skala, dan zero-point sesuai",,,,,,,,,,Validasi kontrak tensor; kondisi: Model dan metadata dimuat
FUNC-R-PF-05-R3,functional,redmi,true,PF-05,,,,,,,,,,,,,3,"Bentuk, tipe, label, skala, dan zero-point sesuai",,,,,,,,,,Validasi kontrak tensor; kondisi: Model dan metadata dimuat
FUNC-R-PF-06-R1,functional,redmi,true,PF-06,,,,,,,,,,,,,1,Bingkai tampil dan ROI berada pada posisi yang ditetapkan,,,,,,,,,,Pratinjau kamera; kondisi: Kamera aktif
FUNC-R-PF-06-R2,functional,redmi,true,PF-06,,,,,,,,,,,,,2,Bingkai tampil dan ROI berada pada posisi yang ditetapkan,,,,,,,,,,Pratinjau kamera; kondisi: Kamera aktif
FUNC-R-PF-06-R3,functional,redmi,true,PF-06,,,,,,,,,,,,,3,Bingkai tampil dan ROI berada pada posisi yang ditetapkan,,,,,,,,,,Pratinjau kamera; kondisi: Kamera aktif
FUNC-R-PF-07-R1,functional,redmi,true,PF-07,,,,,,,,,,,,,1,Bingkai ditutup dan aliran kamera tetap berjalan,,,,,,,,,,Pelepasan ImageProxy; kondisi: Bingkai selesai dianalisis
FUNC-R-PF-07-R2,functional,redmi,true,PF-07,,,,,,,,,,,,,2,Bingkai ditutup dan aliran kamera tetap berjalan,,,,,,,,,,Pelepasan ImageProxy; kondisi: Bingkai selesai dianalisis
FUNC-R-PF-07-R3,functional,redmi,true,PF-07,,,,,,,,,,,,,3,Bingkai ditutup dan aliran kamera tetap berjalan,,,,,,,,,,Pelepasan ImageProxy; kondisi: Bingkai selesai dianalisis
FUNC-R-PF-08-R1,functional,redmi,true,PF-08,50000,50000,BN-50000-NORMAL,,,,,,,,,,1,Sistem tidak menyampaikan nominal,,,,,,,,,,Pemeriksaan citra buram; kondisi: Uang ditampilkan dalam kondisi buram; proposed fixture sebelum lock: BN-50000-NORMAL
FUNC-R-PF-08-R2,functional,redmi,true,PF-08,50000,50000,BN-50000-NORMAL,,,,,,,,,,2,Sistem tidak menyampaikan nominal,,,,,,,,,,Pemeriksaan citra buram; kondisi: Uang ditampilkan dalam kondisi buram; proposed fixture sebelum lock: BN-50000-NORMAL
FUNC-R-PF-08-R3,functional,redmi,true,PF-08,50000,50000,BN-50000-NORMAL,,,,,,,,,,3,Sistem tidak menyampaikan nominal,,,,,,,,,,Pemeriksaan citra buram; kondisi: Uang ditampilkan dalam kondisi buram; proposed fixture sebelum lock: BN-50000-NORMAL
FUNC-R-PF-09-R1,functional,redmi,true,PF-09,50000,50000,BN-50000-NORMAL,,,,,,,,,,1,Sistem menahan inferensi atau memberikan status kualitas,,,,,,,,,,Pemeriksaan pencahayaan; kondisi: ROI di luar rentang pencahayaan diterima; proposed fixture sebelum lock: BN-50000-NORMAL
FUNC-R-PF-09-R2,functional,redmi,true,PF-09,50000,50000,BN-50000-NORMAL,,,,,,,,,,2,Sistem menahan inferensi atau memberikan status kualitas,,,,,,,,,,Pemeriksaan pencahayaan; kondisi: ROI di luar rentang pencahayaan diterima; proposed fixture sebelum lock: BN-50000-NORMAL
FUNC-R-PF-09-R3,functional,redmi,true,PF-09,50000,50000,BN-50000-NORMAL,,,,,,,,,,3,Sistem menahan inferensi atau memberikan status kualitas,,,,,,,,,,Pemeriksaan pencahayaan; kondisi: ROI di luar rentang pencahayaan diterima; proposed fixture sebelum lock: BN-50000-NORMAL
FUNC-R-PF-10-R1,functional,redmi,true,PF-10,50000,50000,BN-50000-NORMAL,,,,,,,,,,1,Nominal sesuai diteruskan ke TTS,,,,,,,,,,Pengenalan nominal; kondisi: Uang jelas ditempatkan pada ROI; proposed fixture sebelum lock: BN-50000-NORMAL
FUNC-R-PF-10-R2,functional,redmi,true,PF-10,50000,50000,BN-50000-NORMAL,,,,,,,,,,2,Nominal sesuai diteruskan ke TTS,,,,,,,,,,Pengenalan nominal; kondisi: Uang jelas ditempatkan pada ROI; proposed fixture sebelum lock: BN-50000-NORMAL
FUNC-R-PF-10-R3,functional,redmi,true,PF-10,50000,50000,BN-50000-NORMAL,,,,,,,,,,3,Nominal sesuai diteruskan ke TTS,,,,,,,,,,Pengenalan nominal; kondisi: Uang jelas ditempatkan pada ROI; proposed fixture sebelum lock: BN-50000-NORMAL
FUNC-R-PF-11-R1,functional,redmi,true,PF-11,,nonuang,NM-WALLET-01,,,,,,,,,,1,Sistem tidak menyampaikan nominal,,,,,,,,,,Kelas nonuang; kondisi: Objek nonuang ditempatkan pada ROI; proposed fixture: NM-WALLET-01
FUNC-R-PF-11-R2,functional,redmi,true,PF-11,,nonuang,NM-WALLET-01,,,,,,,,,,2,Sistem tidak menyampaikan nominal,,,,,,,,,,Kelas nonuang; kondisi: Objek nonuang ditempatkan pada ROI; proposed fixture: NM-WALLET-01
FUNC-R-PF-11-R3,functional,redmi,true,PF-11,,nonuang,NM-WALLET-01,,,,,,,,,,3,Sistem tidak menyampaikan nominal,,,,,,,,,,Kelas nonuang; kondisi: Objek nonuang ditempatkan pada ROI; proposed fixture: NM-WALLET-01
FUNC-R-PF-12-R1,functional,redmi,true,PF-12,50000,50000,BN-50000-NORMAL,,,,,,,,,,1,Suara yang sama tidak diulang terus-menerus,,,,,,,,,,Pengendalian suara berulang; kondisi: Nominal yang sama tetap berada pada ROI; proposed fixture sebelum lock: BN-50000-NORMAL
FUNC-R-PF-12-R2,functional,redmi,true,PF-12,50000,50000,BN-50000-NORMAL,,,,,,,,,,2,Suara yang sama tidak diulang terus-menerus,,,,,,,,,,Pengendalian suara berulang; kondisi: Nominal yang sama tetap berada pada ROI; proposed fixture sebelum lock: BN-50000-NORMAL
FUNC-R-PF-12-R3,functional,redmi,true,PF-12,50000,50000,BN-50000-NORMAL,,,,,,,,,,3,Suara yang sama tidak diulang terus-menerus,,,,,,,,,,Pengendalian suara berulang; kondisi: Nominal yang sama tetap berada pada ROI; proposed fixture sebelum lock: BN-50000-NORMAL
FUNC-R-PF-13-R1,functional,redmi,true,PF-13,,,,,,,,,,,,,1,Nominal baru disampaikan setelah stabil,,,,,,,,,,Perubahan nominal; kondisi: Uang diganti nominal berbeda; proposed switch: BN-20000-NORMAL -> BN-50000-NORMAL
FUNC-R-PF-13-R2,functional,redmi,true,PF-13,,,,,,,,,,,,,2,Nominal baru disampaikan setelah stabil,,,,,,,,,,Perubahan nominal; kondisi: Uang diganti nominal berbeda; proposed switch: BN-20000-NORMAL -> BN-50000-NORMAL
FUNC-R-PF-13-R3,functional,redmi,true,PF-13,,,,,,,,,,,,,3,Nominal baru disampaikan setelah stabil,,,,,,,,,,Perubahan nominal; kondisi: Uang diganti nominal berbeda; proposed switch: BN-20000-NORMAL -> BN-50000-NORMAL
FUNC-R-PF-14-R1,functional,redmi,true,PF-14,50000,50000,BN-50000-NORMAL,,,,,,,,,,1,Nominal yang sama dapat disampaikan kembali,,,,,,,,,,Pengaturan ulang keadaan; kondisi: Uang dikeluarkan dari ROI selama satu jendela temporal; proposed fixture sebelum lock: BN-50000-NORMAL
FUNC-R-PF-14-R2,functional,redmi,true,PF-14,50000,50000,BN-50000-NORMAL,,,,,,,,,,2,Nominal yang sama dapat disampaikan kembali,,,,,,,,,,Pengaturan ulang keadaan; kondisi: Uang dikeluarkan dari ROI selama satu jendela temporal; proposed fixture sebelum lock: BN-50000-NORMAL
FUNC-R-PF-14-R3,functional,redmi,true,PF-14,50000,50000,BN-50000-NORMAL,,,,,,,,,,3,Nominal yang sama dapat disampaikan kembali,,,,,,,,,,Pengaturan ulang keadaan; kondisi: Uang dikeluarkan dari ROI selama satu jendela temporal; proposed fixture sebelum lock: BN-50000-NORMAL
FUNC-R-PF-15-R1,functional,redmi,true,PF-15,,,,,,,,,,,,,1,"Kamera, model, dan TTS berhenti serta aktif kembali sesuai keadaan",,,,,,,,,,Siklus hidup aplikasi; kondisi: Aplikasi dipindahkan ke latar belakang dan dibuka kembali
FUNC-R-PF-15-R2,functional,redmi,true,PF-15,,,,,,,,,,,,,2,"Kamera, model, dan TTS berhenti serta aktif kembali sesuai keadaan",,,,,,,,,,Siklus hidup aplikasi; kondisi: Aplikasi dipindahkan ke latar belakang dan dibuka kembali
FUNC-R-PF-15-R3,functional,redmi,true,PF-15,,,,,,,,,,,,,3,"Kamera, model, dan TTS berhenti serta aktif kembali sesuai keadaan",,,,,,,,,,Siklus hidup aplikasi; kondisi: Aplikasi dipindahkan ke latar belakang dan dibuka kembali
FUNC-R-PF-16-R1,functional,redmi,true,PF-16,,,,,,,,,,,,,1,"Kamera, executor, model, dan TTS melepaskan sumber daya",,,,,,,,,,Penutupan aplikasi; kondisi: Aktivitas pengenalan dihentikan
FUNC-R-PF-16-R2,functional,redmi,true,PF-16,,,,,,,,,,,,,2,"Kamera, executor, model, dan TTS melepaskan sumber daya",,,,,,,,,,Penutupan aplikasi; kondisi: Aktivitas pengenalan dihentikan
FUNC-R-PF-16-R3,functional,redmi,true,PF-16,,,,,,,,,,,,,3,"Kamera, executor, model, dan TTS melepaskan sumber daya",,,,,,,,,,Penutupan aplikasi; kondisi: Aktivitas pengenalan dihentikan
FUNC-R-PF-17-R1,functional,redmi,true,PF-17,,,,,,,,,,,,,1,"Tidak terjadi crash, ANR, atau penghentian aliran kamera",,,,,,,,,,Operasi berkelanjutan; kondisi: Kamera dan inferensi dijalankan selama 15 menit
FUNC-R-PF-17-R2,functional,redmi,true,PF-17,,,,,,,,,,,,,2,"Tidak terjadi crash, ANR, atau penghentian aliran kamera",,,,,,,,,,Operasi berkelanjutan; kondisi: Kamera dan inferensi dijalankan selama 15 menit
FUNC-R-PF-17-R3,functional,redmi,true,PF-17,,,,,,,,,,,,,3,"Tidak terjadi crash, ANR, atau penghentian aliran kamera",,,,,,,,,,Operasi berkelanjutan; kondisi: Kamera dan inferensi dijalankan selama 15 menit
FUNC-R-PF-18-R1,functional,redmi,true,PF-18,,,,,,,,,,,,,1,Kamera belakang menjadi kamera awal dan TTS menyampaikan kamera belakang aktif,,,,,,,,,,Kamera awal sesi; kondisi: Sesi dimulai dan izin tersedia
FUNC-R-PF-18-R2,functional,redmi,true,PF-18,,,,,,,,,,,,,2,Kamera belakang menjadi kamera awal dan TTS menyampaikan kamera belakang aktif,,,,,,,,,,Kamera awal sesi; kondisi: Sesi dimulai dan izin tersedia
FUNC-R-PF-18-R3,functional,redmi,true,PF-18,,,,,,,,,,,,,3,Kamera belakang menjadi kamera awal dan TTS menyampaikan kamera belakang aktif,,,,,,,,,,Kamera awal sesi; kondisi: Sesi dimulai dan izin tersedia
FUNC-R-PF-19-R1,functional,redmi,true,PF-19,,,,,,,,,,,,,1,Kamera depan aktif dan TTS menyampaikan kamera depan aktif,,,,,,,,,,Pergantian ke kamera depan; kondisi: Kamera belakang aktif lalu Ganti Kamera
FUNC-R-PF-19-R2,functional,redmi,true,PF-19,,,,,,,,,,,,,2,Kamera depan aktif dan TTS menyampaikan kamera depan aktif,,,,,,,,,,Pergantian ke kamera depan; kondisi: Kamera belakang aktif lalu Ganti Kamera
FUNC-R-PF-19-R3,functional,redmi,true,PF-19,,,,,,,,,,,,,3,Kamera depan aktif dan TTS menyampaikan kamera depan aktif,,,,,,,,,,Pergantian ke kamera depan; kondisi: Kamera belakang aktif lalu Ganti Kamera
FUNC-R-PF-20-R1,functional,redmi,true,PF-20,,,,,,,,,,,,,1,"Kamera belakang aktif kembali, temporal reset, dan TTS menyampaikan kamera belakang aktif",,,,,,,,,,Pergantian ke kamera belakang; kondisi: Kamera depan aktif lalu Ganti Kamera
FUNC-R-PF-20-R2,functional,redmi,true,PF-20,,,,,,,,,,,,,2,"Kamera belakang aktif kembali, temporal reset, dan TTS menyampaikan kamera belakang aktif",,,,,,,,,,Pergantian ke kamera belakang; kondisi: Kamera depan aktif lalu Ganti Kamera
FUNC-R-PF-20-R3,functional,redmi,true,PF-20,,,,,,,,,,,,,3,"Kamera belakang aktif kembali, temporal reset, dan TTS menyampaikan kamera belakang aktif",,,,,,,,,,Pergantian ke kamera belakang; kondisi: Kamera depan aktif lalu Ganti Kamera
OFF-P-N1000-R1,offline_audio,poco,true,offline_nominal,1000,1000,BN-1000-NORMAL,,front,normal,20,normal,300-500,back,true,false,1,nominal dan suara sesuai; seluruh fungsi tetap luring,,,,,,,,,,
OFF-P-N1000-R2,offline_audio,poco,true,offline_nominal,1000,1000,BN-1000-NORMAL,,front,normal,20,normal,300-500,back,true,false,2,nominal dan suara sesuai; seluruh fungsi tetap luring,,,,,,,,,,
OFF-P-N1000-R3,offline_audio,poco,true,offline_nominal,1000,1000,BN-1000-NORMAL,,front,normal,20,normal,300-500,back,true,false,3,nominal dan suara sesuai; seluruh fungsi tetap luring,,,,,,,,,,
OFF-P-N2000-R1,offline_audio,poco,true,offline_nominal,2000,2000,BN-2000-NORMAL,,front,normal,20,normal,300-500,back,true,false,1,nominal dan suara sesuai; seluruh fungsi tetap luring,,,,,,,,,,
OFF-P-N2000-R2,offline_audio,poco,true,offline_nominal,2000,2000,BN-2000-NORMAL,,front,normal,20,normal,300-500,back,true,false,2,nominal dan suara sesuai; seluruh fungsi tetap luring,,,,,,,,,,
OFF-P-N2000-R3,offline_audio,poco,true,offline_nominal,2000,2000,BN-2000-NORMAL,,front,normal,20,normal,300-500,back,true,false,3,nominal dan suara sesuai; seluruh fungsi tetap luring,,,,,,,,,,
OFF-P-N5000-R1,offline_audio,poco,true,offline_nominal,5000,5000,BN-5000-NORMAL,,front,normal,20,normal,300-500,back,true,false,1,nominal dan suara sesuai; seluruh fungsi tetap luring,,,,,,,,,,
OFF-P-N5000-R2,offline_audio,poco,true,offline_nominal,5000,5000,BN-5000-NORMAL,,front,normal,20,normal,300-500,back,true,false,2,nominal dan suara sesuai; seluruh fungsi tetap luring,,,,,,,,,,
OFF-P-N5000-R3,offline_audio,poco,true,offline_nominal,5000,5000,BN-5000-NORMAL,,front,normal,20,normal,300-500,back,true,false,3,nominal dan suara sesuai; seluruh fungsi tetap luring,,,,,,,,,,
OFF-P-N10000-R1,offline_audio,poco,true,offline_nominal,10000,10000,BN-10000-NORMAL,,front,normal,20,normal,300-500,back,true,false,1,nominal dan suara sesuai; seluruh fungsi tetap luring,,,,,,,,,,
OFF-P-N10000-R2,offline_audio,poco,true,offline_nominal,10000,10000,BN-10000-NORMAL,,front,normal,20,normal,300-500,back,true,false,2,nominal dan suara sesuai; seluruh fungsi tetap luring,,,,,,,,,,
OFF-P-N10000-R3,offline_audio,poco,true,offline_nominal,10000,10000,BN-10000-NORMAL,,front,normal,20,normal,300-500,back,true,false,3,nominal dan suara sesuai; seluruh fungsi tetap luring,,,,,,,,,,
OFF-P-N20000-R1,offline_audio,poco,true,offline_nominal,20000,20000,BN-20000-NORMAL,,front,normal,20,normal,300-500,back,true,false,1,nominal dan suara sesuai; seluruh fungsi tetap luring,,,,,,,,,,
OFF-P-N20000-R2,offline_audio,poco,true,offline_nominal,20000,20000,BN-20000-NORMAL,,front,normal,20,normal,300-500,back,true,false,2,nominal dan suara sesuai; seluruh fungsi tetap luring,,,,,,,,,,
OFF-P-N20000-R3,offline_audio,poco,true,offline_nominal,20000,20000,BN-20000-NORMAL,,front,normal,20,normal,300-500,back,true,false,3,nominal dan suara sesuai; seluruh fungsi tetap luring,,,,,,,,,,
OFF-P-N50000-R1,offline_audio,poco,true,offline_nominal,50000,50000,BN-50000-NORMAL,,front,normal,20,normal,300-500,back,true,false,1,nominal dan suara sesuai; seluruh fungsi tetap luring,,,,,,,,,,
OFF-P-N50000-R2,offline_audio,poco,true,offline_nominal,50000,50000,BN-50000-NORMAL,,front,normal,20,normal,300-500,back,true,false,2,nominal dan suara sesuai; seluruh fungsi tetap luring,,,,,,,,,,
OFF-P-N50000-R3,offline_audio,poco,true,offline_nominal,50000,50000,BN-50000-NORMAL,,front,normal,20,normal,300-500,back,true,false,3,nominal dan suara sesuai; seluruh fungsi tetap luring,,,,,,,,,,
OFF-P-N100000-R1,offline_audio,poco,true,offline_nominal,100000,100000,BN-100000-NORMAL,,front,normal,20,normal,300-500,back,true,false,1,nominal dan suara sesuai; seluruh fungsi tetap luring,,,,,,,,,,
OFF-P-N100000-R2,offline_audio,poco,true,offline_nominal,100000,100000,BN-100000-NORMAL,,front,normal,20,normal,300-500,back,true,false,2,nominal dan suara sesuai; seluruh fungsi tetap luring,,,,,,,,,,
OFF-P-N100000-R3,offline_audio,poco,true,offline_nominal,100000,100000,BN-100000-NORMAL,,front,normal,20,normal,300-500,back,true,false,3,nominal dan suara sesuai; seluruh fungsi tetap luring,,,,,,,,,,
OFF-P-NONMONEY-R1,offline_audio,poco,true,offline_nonmoney,,nonuang,NM-WALLET-01,,,,20,normal,300-500,back,true,false,1,tidak ada pengumuman nominal,,,,,,,,,,fixture proposed: dompet
OFF-P-HOLD-R1,offline_audio,poco,true,hold_same_nominal,50000,50000,BN-50000-NORMAL,,,,20,normal,300-500,back,true,false,1,nominal sama tidak diulang terus-menerus,,,,,,,,,,PROPOSED fixture requiring confirmation before lock
OFF-P-SWITCH-R1,offline_audio,poco,true,switch_nominal,20000->50000,50000,BN-20000-NORMAL -> BN-50000-NORMAL,,,,20,normal,300-500,back,true,false,1,nominal baru disampaikan setelah stabil,,,,,,,,,,PROPOSED switch requiring confirmation before lock
OFF-P-NONMONEY-R2,offline_audio,poco,true,offline_nonmoney,,nonuang,NM-WALLET-01,,,,20,normal,300-500,back,true,false,2,tidak ada pengumuman nominal,,,,,,,,,,fixture proposed: dompet
OFF-P-HOLD-R2,offline_audio,poco,true,hold_same_nominal,50000,50000,BN-50000-NORMAL,,,,20,normal,300-500,back,true,false,2,nominal sama tidak diulang terus-menerus,,,,,,,,,,PROPOSED fixture requiring confirmation before lock
OFF-P-SWITCH-R2,offline_audio,poco,true,switch_nominal,20000->50000,50000,BN-20000-NORMAL -> BN-50000-NORMAL,,,,20,normal,300-500,back,true,false,2,nominal baru disampaikan setelah stabil,,,,,,,,,,PROPOSED switch requiring confirmation before lock
OFF-P-NONMONEY-R3,offline_audio,poco,true,offline_nonmoney,,nonuang,NM-WALLET-01,,,,20,normal,300-500,back,true,false,3,tidak ada pengumuman nominal,,,,,,,,,,fixture proposed: dompet
OFF-P-HOLD-R3,offline_audio,poco,true,hold_same_nominal,50000,50000,BN-50000-NORMAL,,,,20,normal,300-500,back,true,false,3,nominal sama tidak diulang terus-menerus,,,,,,,,,,PROPOSED fixture requiring confirmation before lock
OFF-P-SWITCH-R3,offline_audio,poco,true,switch_nominal,20000->50000,50000,BN-20000-NORMAL -> BN-50000-NORMAL,,,,20,normal,300-500,back,true,false,3,nominal baru disampaikan setelah stabil,,,,,,,,,,PROPOSED switch requiring confirmation before lock
OFF-R-N1000-R1,offline_audio,redmi,true,offline_nominal,1000,1000,BN-1000-NORMAL,,front,normal,20,normal,300-500,back,true,false,1,nominal dan suara sesuai; seluruh fungsi tetap luring,,,,,,,,,,
OFF-R-N1000-R2,offline_audio,redmi,true,offline_nominal,1000,1000,BN-1000-NORMAL,,front,normal,20,normal,300-500,back,true,false,2,nominal dan suara sesuai; seluruh fungsi tetap luring,,,,,,,,,,
OFF-R-N1000-R3,offline_audio,redmi,true,offline_nominal,1000,1000,BN-1000-NORMAL,,front,normal,20,normal,300-500,back,true,false,3,nominal dan suara sesuai; seluruh fungsi tetap luring,,,,,,,,,,
OFF-R-N2000-R1,offline_audio,redmi,true,offline_nominal,2000,2000,BN-2000-NORMAL,,front,normal,20,normal,300-500,back,true,false,1,nominal dan suara sesuai; seluruh fungsi tetap luring,,,,,,,,,,
OFF-R-N2000-R2,offline_audio,redmi,true,offline_nominal,2000,2000,BN-2000-NORMAL,,front,normal,20,normal,300-500,back,true,false,2,nominal dan suara sesuai; seluruh fungsi tetap luring,,,,,,,,,,
OFF-R-N2000-R3,offline_audio,redmi,true,offline_nominal,2000,2000,BN-2000-NORMAL,,front,normal,20,normal,300-500,back,true,false,3,nominal dan suara sesuai; seluruh fungsi tetap luring,,,,,,,,,,
OFF-R-N5000-R1,offline_audio,redmi,true,offline_nominal,5000,5000,BN-5000-NORMAL,,front,normal,20,normal,300-500,back,true,false,1,nominal dan suara sesuai; seluruh fungsi tetap luring,,,,,,,,,,
OFF-R-N5000-R2,offline_audio,redmi,true,offline_nominal,5000,5000,BN-5000-NORMAL,,front,normal,20,normal,300-500,back,true,false,2,nominal dan suara sesuai; seluruh fungsi tetap luring,,,,,,,,,,
OFF-R-N5000-R3,offline_audio,redmi,true,offline_nominal,5000,5000,BN-5000-NORMAL,,front,normal,20,normal,300-500,back,true,false,3,nominal dan suara sesuai; seluruh fungsi tetap luring,,,,,,,,,,
OFF-R-N10000-R1,offline_audio,redmi,true,offline_nominal,10000,10000,BN-10000-NORMAL,,front,normal,20,normal,300-500,back,true,false,1,nominal dan suara sesuai; seluruh fungsi tetap luring,,,,,,,,,,
OFF-R-N10000-R2,offline_audio,redmi,true,offline_nominal,10000,10000,BN-10000-NORMAL,,front,normal,20,normal,300-500,back,true,false,2,nominal dan suara sesuai; seluruh fungsi tetap luring,,,,,,,,,,
OFF-R-N10000-R3,offline_audio,redmi,true,offline_nominal,10000,10000,BN-10000-NORMAL,,front,normal,20,normal,300-500,back,true,false,3,nominal dan suara sesuai; seluruh fungsi tetap luring,,,,,,,,,,
OFF-R-N20000-R1,offline_audio,redmi,true,offline_nominal,20000,20000,BN-20000-NORMAL,,front,normal,20,normal,300-500,back,true,false,1,nominal dan suara sesuai; seluruh fungsi tetap luring,,,,,,,,,,
OFF-R-N20000-R2,offline_audio,redmi,true,offline_nominal,20000,20000,BN-20000-NORMAL,,front,normal,20,normal,300-500,back,true,false,2,nominal dan suara sesuai; seluruh fungsi tetap luring,,,,,,,,,,
OFF-R-N20000-R3,offline_audio,redmi,true,offline_nominal,20000,20000,BN-20000-NORMAL,,front,normal,20,normal,300-500,back,true,false,3,nominal dan suara sesuai; seluruh fungsi tetap luring,,,,,,,,,,
OFF-R-N50000-R1,offline_audio,redmi,true,offline_nominal,50000,50000,BN-50000-NORMAL,,front,normal,20,normal,300-500,back,true,false,1,nominal dan suara sesuai; seluruh fungsi tetap luring,,,,,,,,,,
OFF-R-N50000-R2,offline_audio,redmi,true,offline_nominal,50000,50000,BN-50000-NORMAL,,front,normal,20,normal,300-500,back,true,false,2,nominal dan suara sesuai; seluruh fungsi tetap luring,,,,,,,,,,
OFF-R-N50000-R3,offline_audio,redmi,true,offline_nominal,50000,50000,BN-50000-NORMAL,,front,normal,20,normal,300-500,back,true,false,3,nominal dan suara sesuai; seluruh fungsi tetap luring,,,,,,,,,,
OFF-R-N100000-R1,offline_audio,redmi,true,offline_nominal,100000,100000,BN-100000-NORMAL,,front,normal,20,normal,300-500,back,true,false,1,nominal dan suara sesuai; seluruh fungsi tetap luring,,,,,,,,,,
OFF-R-N100000-R2,offline_audio,redmi,true,offline_nominal,100000,100000,BN-100000-NORMAL,,front,normal,20,normal,300-500,back,true,false,2,nominal dan suara sesuai; seluruh fungsi tetap luring,,,,,,,,,,
OFF-R-N100000-R3,offline_audio,redmi,true,offline_nominal,100000,100000,BN-100000-NORMAL,,front,normal,20,normal,300-500,back,true,false,3,nominal dan suara sesuai; seluruh fungsi tetap luring,,,,,,,,,,
OFF-R-NONMONEY-R1,offline_audio,redmi,true,offline_nonmoney,,nonuang,NM-WALLET-01,,,,20,normal,300-500,back,true,false,1,tidak ada pengumuman nominal,,,,,,,,,,fixture proposed: dompet
OFF-R-HOLD-R1,offline_audio,redmi,true,hold_same_nominal,50000,50000,BN-50000-NORMAL,,,,20,normal,300-500,back,true,false,1,nominal sama tidak diulang terus-menerus,,,,,,,,,,PROPOSED fixture requiring confirmation before lock
OFF-R-SWITCH-R1,offline_audio,redmi,true,switch_nominal,20000->50000,50000,BN-20000-NORMAL -> BN-50000-NORMAL,,,,20,normal,300-500,back,true,false,1,nominal baru disampaikan setelah stabil,,,,,,,,,,PROPOSED switch requiring confirmation before lock
OFF-R-NONMONEY-R2,offline_audio,redmi,true,offline_nonmoney,,nonuang,NM-WALLET-01,,,,20,normal,300-500,back,true,false,2,tidak ada pengumuman nominal,,,,,,,,,,fixture proposed: dompet
OFF-R-HOLD-R2,offline_audio,redmi,true,hold_same_nominal,50000,50000,BN-50000-NORMAL,,,,20,normal,300-500,back,true,false,2,nominal sama tidak diulang terus-menerus,,,,,,,,,,PROPOSED fixture requiring confirmation before lock
OFF-R-SWITCH-R2,offline_audio,redmi,true,switch_nominal,20000->50000,50000,BN-20000-NORMAL -> BN-50000-NORMAL,,,,20,normal,300-500,back,true,false,2,nominal baru disampaikan setelah stabil,,,,,,,,,,PROPOSED switch requiring confirmation before lock
OFF-R-NONMONEY-R3,offline_audio,redmi,true,offline_nonmoney,,nonuang,NM-WALLET-01,,,,20,normal,300-500,back,true,false,3,tidak ada pengumuman nominal,,,,,,,,,,fixture proposed: dompet
OFF-R-HOLD-R3,offline_audio,redmi,true,hold_same_nominal,50000,50000,BN-50000-NORMAL,,,,20,normal,300-500,back,true,false,3,nominal sama tidak diulang terus-menerus,,,,,,,,,,PROPOSED fixture requiring confirmation before lock
OFF-R-SWITCH-R3,offline_audio,redmi,true,switch_nominal,20000->50000,50000,BN-20000-NORMAL -> BN-50000-NORMAL,,,,20,normal,300-500,back,true,false,3,nominal baru disampaikan setelah stabil,,,,,,,,,,PROPOSED switch requiring confirmation before lock
OP-P-REF-N1000-F-R1,operational,poco,true,reference,1000,1000,BN-1000-NORMAL,,front,normal,20,normal,300-500,back,not_required,,1,correct/reject/wrong/technical_error,,,,,,,,,,
OP-P-REF-N1000-F-R2,operational,poco,true,reference,1000,1000,BN-1000-NORMAL,,front,normal,20,normal,300-500,back,not_required,,2,correct/reject/wrong/technical_error,,,,,,,,,,
OP-P-REF-N1000-F-R3,operational,poco,true,reference,1000,1000,BN-1000-NORMAL,,front,normal,20,normal,300-500,back,not_required,,3,correct/reject/wrong/technical_error,,,,,,,,,,
OP-P-REF-N1000-B-R1,operational,poco,true,reference,1000,1000,BN-1000-NORMAL,,back,normal,20,normal,300-500,back,not_required,,1,correct/reject/wrong/technical_error,,,,,,,,,,
OP-P-REF-N1000-B-R2,operational,poco,true,reference,1000,1000,BN-1000-NORMAL,,back,normal,20,normal,300-500,back,not_required,,2,correct/reject/wrong/technical_error,,,,,,,,,,
OP-P-REF-N1000-B-R3,operational,poco,true,reference,1000,1000,BN-1000-NORMAL,,back,normal,20,normal,300-500,back,not_required,,3,correct/reject/wrong/technical_error,,,,,,,,,,
OP-P-REF-N2000-F-R1,operational,poco,true,reference,2000,2000,BN-2000-NORMAL,,front,normal,20,normal,300-500,back,not_required,,1,correct/reject/wrong/technical_error,,,,,,,,,,
OP-P-REF-N2000-F-R2,operational,poco,true,reference,2000,2000,BN-2000-NORMAL,,front,normal,20,normal,300-500,back,not_required,,2,correct/reject/wrong/technical_error,,,,,,,,,,
OP-P-REF-N2000-F-R3,operational,poco,true,reference,2000,2000,BN-2000-NORMAL,,front,normal,20,normal,300-500,back,not_required,,3,correct/reject/wrong/technical_error,,,,,,,,,,
OP-P-REF-N2000-B-R1,operational,poco,true,reference,2000,2000,BN-2000-NORMAL,,back,normal,20,normal,300-500,back,not_required,,1,correct/reject/wrong/technical_error,,,,,,,,,,
OP-P-REF-N2000-B-R2,operational,poco,true,reference,2000,2000,BN-2000-NORMAL,,back,normal,20,normal,300-500,back,not_required,,2,correct/reject/wrong/technical_error,,,,,,,,,,
OP-P-REF-N2000-B-R3,operational,poco,true,reference,2000,2000,BN-2000-NORMAL,,back,normal,20,normal,300-500,back,not_required,,3,correct/reject/wrong/technical_error,,,,,,,,,,
OP-P-REF-N5000-F-R1,operational,poco,true,reference,5000,5000,BN-5000-NORMAL,,front,normal,20,normal,300-500,back,not_required,,1,correct/reject/wrong/technical_error,,,,,,,,,,
OP-P-REF-N5000-F-R2,operational,poco,true,reference,5000,5000,BN-5000-NORMAL,,front,normal,20,normal,300-500,back,not_required,,2,correct/reject/wrong/technical_error,,,,,,,,,,
OP-P-REF-N5000-F-R3,operational,poco,true,reference,5000,5000,BN-5000-NORMAL,,front,normal,20,normal,300-500,back,not_required,,3,correct/reject/wrong/technical_error,,,,,,,,,,
OP-P-REF-N5000-B-R1,operational,poco,true,reference,5000,5000,BN-5000-NORMAL,,back,normal,20,normal,300-500,back,not_required,,1,correct/reject/wrong/technical_error,,,,,,,,,,
OP-P-REF-N5000-B-R2,operational,poco,true,reference,5000,5000,BN-5000-NORMAL,,back,normal,20,normal,300-500,back,not_required,,2,correct/reject/wrong/technical_error,,,,,,,,,,
OP-P-REF-N5000-B-R3,operational,poco,true,reference,5000,5000,BN-5000-NORMAL,,back,normal,20,normal,300-500,back,not_required,,3,correct/reject/wrong/technical_error,,,,,,,,,,
OP-P-REF-N10000-F-R1,operational,poco,true,reference,10000,10000,BN-10000-NORMAL,,front,normal,20,normal,300-500,back,not_required,,1,correct/reject/wrong/technical_error,,,,,,,,,,
OP-P-REF-N10000-F-R2,operational,poco,true,reference,10000,10000,BN-10000-NORMAL,,front,normal,20,normal,300-500,back,not_required,,2,correct/reject/wrong/technical_error,,,,,,,,,,
OP-P-REF-N10000-F-R3,operational,poco,true,reference,10000,10000,BN-10000-NORMAL,,front,normal,20,normal,300-500,back,not_required,,3,correct/reject/wrong/technical_error,,,,,,,,,,
OP-P-REF-N10000-B-R1,operational,poco,true,reference,10000,10000,BN-10000-NORMAL,,back,normal,20,normal,300-500,back,not_required,,1,correct/reject/wrong/technical_error,,,,,,,,,,
OP-P-REF-N10000-B-R2,operational,poco,true,reference,10000,10000,BN-10000-NORMAL,,back,normal,20,normal,300-500,back,not_required,,2,correct/reject/wrong/technical_error,,,,,,,,,,
OP-P-REF-N10000-B-R3,operational,poco,true,reference,10000,10000,BN-10000-NORMAL,,back,normal,20,normal,300-500,back,not_required,,3,correct/reject/wrong/technical_error,,,,,,,,,,
OP-P-REF-N20000-F-R1,operational,poco,true,reference,20000,20000,BN-20000-NORMAL,,front,normal,20,normal,300-500,back,not_required,,1,correct/reject/wrong/technical_error,,,,,,,,,,
OP-P-REF-N20000-F-R2,operational,poco,true,reference,20000,20000,BN-20000-NORMAL,,front,normal,20,normal,300-500,back,not_required,,2,correct/reject/wrong/technical_error,,,,,,,,,,
OP-P-REF-N20000-F-R3,operational,poco,true,reference,20000,20000,BN-20000-NORMAL,,front,normal,20,normal,300-500,back,not_required,,3,correct/reject/wrong/technical_error,,,,,,,,,,
OP-P-REF-N20000-B-R1,operational,poco,true,reference,20000,20000,BN-20000-NORMAL,,back,normal,20,normal,300-500,back,not_required,,1,correct/reject/wrong/technical_error,,,,,,,,,,
OP-P-REF-N20000-B-R2,operational,poco,true,reference,20000,20000,BN-20000-NORMAL,,back,normal,20,normal,300-500,back,not_required,,2,correct/reject/wrong/technical_error,,,,,,,,,,
OP-P-REF-N20000-B-R3,operational,poco,true,reference,20000,20000,BN-20000-NORMAL,,back,normal,20,normal,300-500,back,not_required,,3,correct/reject/wrong/technical_error,,,,,,,,,,
OP-P-REF-N50000-F-R1,operational,poco,true,reference,50000,50000,BN-50000-NORMAL,,front,normal,20,normal,300-500,back,not_required,,1,correct/reject/wrong/technical_error,,,,,,,,,,
OP-P-REF-N50000-F-R2,operational,poco,true,reference,50000,50000,BN-50000-NORMAL,,front,normal,20,normal,300-500,back,not_required,,2,correct/reject/wrong/technical_error,,,,,,,,,,
OP-P-REF-N50000-F-R3,operational,poco,true,reference,50000,50000,BN-50000-NORMAL,,front,normal,20,normal,300-500,back,not_required,,3,correct/reject/wrong/technical_error,,,,,,,,,,
OP-P-REF-N50000-B-R1,operational,poco,true,reference,50000,50000,BN-50000-NORMAL,,back,normal,20,normal,300-500,back,not_required,,1,correct/reject/wrong/technical_error,,,,,,,,,,
OP-P-REF-N50000-B-R2,operational,poco,true,reference,50000,50000,BN-50000-NORMAL,,back,normal,20,normal,300-500,back,not_required,,2,correct/reject/wrong/technical_error,,,,,,,,,,
OP-P-REF-N50000-B-R3,operational,poco,true,reference,50000,50000,BN-50000-NORMAL,,back,normal,20,normal,300-500,back,not_required,,3,correct/reject/wrong/technical_error,,,,,,,,,,
OP-P-REF-N100000-F-R1,operational,poco,true,reference,100000,100000,BN-100000-NORMAL,,front,normal,20,normal,300-500,back,not_required,,1,correct/reject/wrong/technical_error,,,,,,,,,,
OP-P-REF-N100000-F-R2,operational,poco,true,reference,100000,100000,BN-100000-NORMAL,,front,normal,20,normal,300-500,back,not_required,,2,correct/reject/wrong/technical_error,,,,,,,,,,
OP-P-REF-N100000-F-R3,operational,poco,true,reference,100000,100000,BN-100000-NORMAL,,front,normal,20,normal,300-500,back,not_required,,3,correct/reject/wrong/technical_error,,,,,,,,,,
OP-P-REF-N100000-B-R1,operational,poco,true,reference,100000,100000,BN-100000-NORMAL,,back,normal,20,normal,300-500,back,not_required,,1,correct/reject/wrong/technical_error,,,,,,,,,,
OP-P-REF-N100000-B-R2,operational,poco,true,reference,100000,100000,BN-100000-NORMAL,,back,normal,20,normal,300-500,back,not_required,,2,correct/reject/wrong/technical_error,,,,,,,,,,
OP-P-REF-N100000-B-R3,operational,poco,true,reference,100000,100000,BN-100000-NORMAL,,back,normal,20,normal,300-500,back,not_required,,3,correct/reject/wrong/technical_error,,,,,,,,,,
OP-P-VAR-N1000-W-D10-D-R1,operational,poco,true,variation,1000,1000,BN-1000-WORN,,front,lusuh,10,redup,10-50,back,not_required,,1,correct/reject/wrong/technical_error,,,,,,,,,,
OP-P-VAR-N1000-W-D10-D-R2,operational,poco,true,variation,1000,1000,BN-1000-WORN,,front,lusuh,10,redup,10-50,back,not_required,,2,correct/reject/wrong/technical_error,,,,,,,,,,
OP-P-VAR-N1000-W-D10-B-R1,operational,poco,true,variation,1000,1000,BN-1000-WORN,,front,lusuh,10,terang,800-1000,back,not_required,,1,correct/reject/wrong/technical_error,,,,,,,,,,
OP-P-VAR-N1000-W-D10-B-R2,operational,poco,true,variation,1000,1000,BN-1000-WORN,,front,lusuh,10,terang,800-1000,back,not_required,,2,correct/reject/wrong/technical_error,,,,,,,,,,
OP-P-VAR-N1000-W-D30-D-R1,operational,poco,true,variation,1000,1000,BN-1000-WORN,,front,lusuh,30,redup,10-50,back,not_required,,1,correct/reject/wrong/technical_error,,,,,,,,,,
OP-P-VAR-N1000-W-D30-D-R2,operational,poco,true,variation,1000,1000,BN-1000-WORN,,front,lusuh,30,redup,10-50,back,not_required,,2,correct/reject/wrong/technical_error,,,,,,,,,,
OP-P-VAR-N1000-W-D30-B-R1,operational,poco,true,variation,1000,1000,BN-1000-WORN,,front,lusuh,30,terang,800-1000,back,not_required,,1,correct/reject/wrong/technical_error,,,,,,,,,,
OP-P-VAR-N1000-W-D30-B-R2,operational,poco,true,variation,1000,1000,BN-1000-WORN,,front,lusuh,30,terang,800-1000,back,not_required,,2,correct/reject/wrong/technical_error,,,,,,,,,,
OP-P-VAR-N1000-F-D10-D-R1,operational,poco,true,variation,1000,1000,BN-1000-FOLDED,,front,terlipat,10,redup,10-50,back,not_required,,1,correct/reject/wrong/technical_error,,,,,,,,,,
OP-P-VAR-N1000-F-D10-D-R2,operational,poco,true,variation,1000,1000,BN-1000-FOLDED,,front,terlipat,10,redup,10-50,back,not_required,,2,correct/reject/wrong/technical_error,,,,,,,,,,
OP-P-VAR-N1000-F-D10-B-R1,operational,poco,true,variation,1000,1000,BN-1000-FOLDED,,front,terlipat,10,terang,800-1000,back,not_required,,1,correct/reject/wrong/technical_error,,,,,,,,,,
OP-P-VAR-N1000-F-D10-B-R2,operational,poco,true,variation,1000,1000,BN-1000-FOLDED,,front,terlipat,10,terang,800-1000,back,not_required,,2,correct/reject/wrong/technical_error,,,,,,,,,,
OP-P-VAR-N1000-F-D30-D-R1,operational,poco,true,variation,1000,1000,BN-1000-FOLDED,,front,terlipat,30,redup,10-50,back,not_required,,1,correct/reject/wrong/technical_error,,,,,,,,,,
OP-P-VAR-N1000-F-D30-D-R2,operational,poco,true,variation,1000,1000,BN-1000-FOLDED,,front,terlipat,30,redup,10-50,back,not_required,,2,correct/reject/wrong/technical_error,,,,,,,,,,
OP-P-VAR-N1000-F-D30-B-R1,operational,poco,true,variation,1000,1000,BN-1000-FOLDED,,front,terlipat,30,terang,800-1000,back,not_required,,1,correct/reject/wrong/technical_error,,,,,,,,,,
OP-P-VAR-N1000-F-D30-B-R2,operational,poco,true,variation,1000,1000,BN-1000-FOLDED,,front,terlipat,30,terang,800-1000,back,not_required,,2,correct/reject/wrong/technical_error,,,,,,,,,,
OP-P-VAR-N2000-W-D10-D-R1,operational,poco,true,variation,2000,2000,BN-2000-WORN,,front,lusuh,10,redup,10-50,back,not_required,,1,correct/reject/wrong/technical_error,,,,,,,,,,
OP-P-VAR-N2000-W-D10-D-R2,operational,poco,true,variation,2000,2000,BN-2000-WORN,,front,lusuh,10,redup,10-50,back,not_required,,2,correct/reject/wrong/technical_error,,,,,,,,,,
OP-P-VAR-N2000-W-D10-B-R1,operational,poco,true,variation,2000,2000,BN-2000-WORN,,front,lusuh,10,terang,800-1000,back,not_required,,1,correct/reject/wrong/technical_error,,,,,,,,,,
OP-P-VAR-N2000-W-D10-B-R2,operational,poco,true,variation,2000,2000,BN-2000-WORN,,front,lusuh,10,terang,800-1000,back,not_required,,2,correct/reject/wrong/technical_error,,,,,,,,,,
OP-P-VAR-N2000-W-D30-D-R1,operational,poco,true,variation,2000,2000,BN-2000-WORN,,front,lusuh,30,redup,10-50,back,not_required,,1,correct/reject/wrong/technical_error,,,,,,,,,,
OP-P-VAR-N2000-W-D30-D-R2,operational,poco,true,variation,2000,2000,BN-2000-WORN,,front,lusuh,30,redup,10-50,back,not_required,,2,correct/reject/wrong/technical_error,,,,,,,,,,
OP-P-VAR-N2000-W-D30-B-R1,operational,poco,true,variation,2000,2000,BN-2000-WORN,,front,lusuh,30,terang,800-1000,back,not_required,,1,correct/reject/wrong/technical_error,,,,,,,,,,
OP-P-VAR-N2000-W-D30-B-R2,operational,poco,true,variation,2000,2000,BN-2000-WORN,,front,lusuh,30,terang,800-1000,back,not_required,,2,correct/reject/wrong/technical_error,,,,,,,,,,
OP-P-VAR-N2000-F-D10-D-R1,operational,poco,true,variation,2000,2000,BN-2000-FOLDED,,front,terlipat,10,redup,10-50,back,not_required,,1,correct/reject/wrong/technical_error,,,,,,,,,,
OP-P-VAR-N2000-F-D10-D-R2,operational,poco,true,variation,2000,2000,BN-2000-FOLDED,,front,terlipat,10,redup,10-50,back,not_required,,2,correct/reject/wrong/technical_error,,,,,,,,,,
OP-P-VAR-N2000-F-D10-B-R1,operational,poco,true,variation,2000,2000,BN-2000-FOLDED,,front,terlipat,10,terang,800-1000,back,not_required,,1,correct/reject/wrong/technical_error,,,,,,,,,,
OP-P-VAR-N2000-F-D10-B-R2,operational,poco,true,variation,2000,2000,BN-2000-FOLDED,,front,terlipat,10,terang,800-1000,back,not_required,,2,correct/reject/wrong/technical_error,,,,,,,,,,
OP-P-VAR-N2000-F-D30-D-R1,operational,poco,true,variation,2000,2000,BN-2000-FOLDED,,front,terlipat,30,redup,10-50,back,not_required,,1,correct/reject/wrong/technical_error,,,,,,,,,,
OP-P-VAR-N2000-F-D30-D-R2,operational,poco,true,variation,2000,2000,BN-2000-FOLDED,,front,terlipat,30,redup,10-50,back,not_required,,2,correct/reject/wrong/technical_error,,,,,,,,,,
OP-P-VAR-N2000-F-D30-B-R1,operational,poco,true,variation,2000,2000,BN-2000-FOLDED,,front,terlipat,30,terang,800-1000,back,not_required,,1,correct/reject/wrong/technical_error,,,,,,,,,,
OP-P-VAR-N2000-F-D30-B-R2,operational,poco,true,variation,2000,2000,BN-2000-FOLDED,,front,terlipat,30,terang,800-1000,back,not_required,,2,correct/reject/wrong/technical_error,,,,,,,,,,
OP-P-VAR-N5000-W-D10-D-R1,operational,poco,true,variation,5000,5000,BN-5000-WORN,,front,lusuh,10,redup,10-50,back,not_required,,1,correct/reject/wrong/technical_error,,,,,,,,,,
OP-P-VAR-N5000-W-D10-D-R2,operational,poco,true,variation,5000,5000,BN-5000-WORN,,front,lusuh,10,redup,10-50,back,not_required,,2,correct/reject/wrong/technical_error,,,,,,,,,,
OP-P-VAR-N5000-W-D10-B-R1,operational,poco,true,variation,5000,5000,BN-5000-WORN,,front,lusuh,10,terang,800-1000,back,not_required,,1,correct/reject/wrong/technical_error,,,,,,,,,,
OP-P-VAR-N5000-W-D10-B-R2,operational,poco,true,variation,5000,5000,BN-5000-WORN,,front,lusuh,10,terang,800-1000,back,not_required,,2,correct/reject/wrong/technical_error,,,,,,,,,,
OP-P-VAR-N5000-W-D30-D-R1,operational,poco,true,variation,5000,5000,BN-5000-WORN,,front,lusuh,30,redup,10-50,back,not_required,,1,correct/reject/wrong/technical_error,,,,,,,,,,
OP-P-VAR-N5000-W-D30-D-R2,operational,poco,true,variation,5000,5000,BN-5000-WORN,,front,lusuh,30,redup,10-50,back,not_required,,2,correct/reject/wrong/technical_error,,,,,,,,,,
OP-P-VAR-N5000-W-D30-B-R1,operational,poco,true,variation,5000,5000,BN-5000-WORN,,front,lusuh,30,terang,800-1000,back,not_required,,1,correct/reject/wrong/technical_error,,,,,,,,,,
OP-P-VAR-N5000-W-D30-B-R2,operational,poco,true,variation,5000,5000,BN-5000-WORN,,front,lusuh,30,terang,800-1000,back,not_required,,2,correct/reject/wrong/technical_error,,,,,,,,,,
OP-P-VAR-N5000-F-D10-D-R1,operational,poco,true,variation,5000,5000,BN-5000-FOLDED,,front,terlipat,10,redup,10-50,back,not_required,,1,correct/reject/wrong/technical_error,,,,,,,,,,
OP-P-VAR-N5000-F-D10-D-R2,operational,poco,true,variation,5000,5000,BN-5000-FOLDED,,front,terlipat,10,redup,10-50,back,not_required,,2,correct/reject/wrong/technical_error,,,,,,,,,,
OP-P-VAR-N5000-F-D10-B-R1,operational,poco,true,variation,5000,5000,BN-5000-FOLDED,,front,terlipat,10,terang,800-1000,back,not_required,,1,correct/reject/wrong/technical_error,,,,,,,,,,
OP-P-VAR-N5000-F-D10-B-R2,operational,poco,true,variation,5000,5000,BN-5000-FOLDED,,front,terlipat,10,terang,800-1000,back,not_required,,2,correct/reject/wrong/technical_error,,,,,,,,,,
OP-P-VAR-N5000-F-D30-D-R1,operational,poco,true,variation,5000,5000,BN-5000-FOLDED,,front,terlipat,30,redup,10-50,back,not_required,,1,correct/reject/wrong/technical_error,,,,,,,,,,
OP-P-VAR-N5000-F-D30-D-R2,operational,poco,true,variation,5000,5000,BN-5000-FOLDED,,front,terlipat,30,redup,10-50,back,not_required,,2,correct/reject/wrong/technical_error,,,,,,,,,,
OP-P-VAR-N5000-F-D30-B-R1,operational,poco,true,variation,5000,5000,BN-5000-FOLDED,,front,terlipat,30,terang,800-1000,back,not_required,,1,correct/reject/wrong/technical_error,,,,,,,,,,
OP-P-VAR-N5000-F-D30-B-R2,operational,poco,true,variation,5000,5000,BN-5000-FOLDED,,front,terlipat,30,terang,800-1000,back,not_required,,2,correct/reject/wrong/technical_error,,,,,,,,,,
OP-P-VAR-N10000-W-D10-D-R1,operational,poco,true,variation,10000,10000,BN-10000-WORN,,front,lusuh,10,redup,10-50,back,not_required,,1,correct/reject/wrong/technical_error,,,,,,,,,,
OP-P-VAR-N10000-W-D10-D-R2,operational,poco,true,variation,10000,10000,BN-10000-WORN,,front,lusuh,10,redup,10-50,back,not_required,,2,correct/reject/wrong/technical_error,,,,,,,,,,
OP-P-VAR-N10000-W-D10-B-R1,operational,poco,true,variation,10000,10000,BN-10000-WORN,,front,lusuh,10,terang,800-1000,back,not_required,,1,correct/reject/wrong/technical_error,,,,,,,,,,
OP-P-VAR-N10000-W-D10-B-R2,operational,poco,true,variation,10000,10000,BN-10000-WORN,,front,lusuh,10,terang,800-1000,back,not_required,,2,correct/reject/wrong/technical_error,,,,,,,,,,
OP-P-VAR-N10000-W-D30-D-R1,operational,poco,true,variation,10000,10000,BN-10000-WORN,,front,lusuh,30,redup,10-50,back,not_required,,1,correct/reject/wrong/technical_error,,,,,,,,,,
OP-P-VAR-N10000-W-D30-D-R2,operational,poco,true,variation,10000,10000,BN-10000-WORN,,front,lusuh,30,redup,10-50,back,not_required,,2,correct/reject/wrong/technical_error,,,,,,,,,,
OP-P-VAR-N10000-W-D30-B-R1,operational,poco,true,variation,10000,10000,BN-10000-WORN,,front,lusuh,30,terang,800-1000,back,not_required,,1,correct/reject/wrong/technical_error,,,,,,,,,,
OP-P-VAR-N10000-W-D30-B-R2,operational,poco,true,variation,10000,10000,BN-10000-WORN,,front,lusuh,30,terang,800-1000,back,not_required,,2,correct/reject/wrong/technical_error,,,,,,,,,,
OP-P-VAR-N10000-F-D10-D-R1,operational,poco,true,variation,10000,10000,BN-10000-FOLDED,,front,terlipat,10,redup,10-50,back,not_required,,1,correct/reject/wrong/technical_error,,,,,,,,,,
OP-P-VAR-N10000-F-D10-D-R2,operational,poco,true,variation,10000,10000,BN-10000-FOLDED,,front,terlipat,10,redup,10-50,back,not_required,,2,correct/reject/wrong/technical_error,,,,,,,,,,
OP-P-VAR-N10000-F-D10-B-R1,operational,poco,true,variation,10000,10000,BN-10000-FOLDED,,front,terlipat,10,terang,800-1000,back,not_required,,1,correct/reject/wrong/technical_error,,,,,,,,,,
OP-P-VAR-N10000-F-D10-B-R2,operational,poco,true,variation,10000,10000,BN-10000-FOLDED,,front,terlipat,10,terang,800-1000,back,not_required,,2,correct/reject/wrong/technical_error,,,,,,,,,,
OP-P-VAR-N10000-F-D30-D-R1,operational,poco,true,variation,10000,10000,BN-10000-FOLDED,,front,terlipat,30,redup,10-50,back,not_required,,1,correct/reject/wrong/technical_error,,,,,,,,,,
OP-P-VAR-N10000-F-D30-D-R2,operational,poco,true,variation,10000,10000,BN-10000-FOLDED,,front,terlipat,30,redup,10-50,back,not_required,,2,correct/reject/wrong/technical_error,,,,,,,,,,
OP-P-VAR-N10000-F-D30-B-R1,operational,poco,true,variation,10000,10000,BN-10000-FOLDED,,front,terlipat,30,terang,800-1000,back,not_required,,1,correct/reject/wrong/technical_error,,,,,,,,,,
OP-P-VAR-N10000-F-D30-B-R2,operational,poco,true,variation,10000,10000,BN-10000-FOLDED,,front,terlipat,30,terang,800-1000,back,not_required,,2,correct/reject/wrong/technical_error,,,,,,,,,,
OP-P-VAR-N20000-W-D10-D-R1,operational,poco,true,variation,20000,20000,BN-20000-WORN,,front,lusuh,10,redup,10-50,back,not_required,,1,correct/reject/wrong/technical_error,,,,,,,,,,
OP-P-VAR-N20000-W-D10-D-R2,operational,poco,true,variation,20000,20000,BN-20000-WORN,,front,lusuh,10,redup,10-50,back,not_required,,2,correct/reject/wrong/technical_error,,,,,,,,,,
OP-P-VAR-N20000-W-D10-B-R1,operational,poco,true,variation,20000,20000,BN-20000-WORN,,front,lusuh,10,terang,800-1000,back,not_required,,1,correct/reject/wrong/technical_error,,,,,,,,,,
OP-P-VAR-N20000-W-D10-B-R2,operational,poco,true,variation,20000,20000,BN-20000-WORN,,front,lusuh,10,terang,800-1000,back,not_required,,2,correct/reject/wrong/technical_error,,,,,,,,,,
OP-P-VAR-N20000-W-D30-D-R1,operational,poco,true,variation,20000,20000,BN-20000-WORN,,front,lusuh,30,redup,10-50,back,not_required,,1,correct/reject/wrong/technical_error,,,,,,,,,,
OP-P-VAR-N20000-W-D30-D-R2,operational,poco,true,variation,20000,20000,BN-20000-WORN,,front,lusuh,30,redup,10-50,back,not_required,,2,correct/reject/wrong/technical_error,,,,,,,,,,
OP-P-VAR-N20000-W-D30-B-R1,operational,poco,true,variation,20000,20000,BN-20000-WORN,,front,lusuh,30,terang,800-1000,back,not_required,,1,correct/reject/wrong/technical_error,,,,,,,,,,
OP-P-VAR-N20000-W-D30-B-R2,operational,poco,true,variation,20000,20000,BN-20000-WORN,,front,lusuh,30,terang,800-1000,back,not_required,,2,correct/reject/wrong/technical_error,,,,,,,,,,
OP-P-VAR-N20000-F-D10-D-R1,operational,poco,true,variation,20000,20000,BN-20000-FOLDED,,front,terlipat,10,redup,10-50,back,not_required,,1,correct/reject/wrong/technical_error,,,,,,,,,,
OP-P-VAR-N20000-F-D10-D-R2,operational,poco,true,variation,20000,20000,BN-20000-FOLDED,,front,terlipat,10,redup,10-50,back,not_required,,2,correct/reject/wrong/technical_error,,,,,,,,,,
OP-P-VAR-N20000-F-D10-B-R1,operational,poco,true,variation,20000,20000,BN-20000-FOLDED,,front,terlipat,10,terang,800-1000,back,not_required,,1,correct/reject/wrong/technical_error,,,,,,,,,,
OP-P-VAR-N20000-F-D10-B-R2,operational,poco,true,variation,20000,20000,BN-20000-FOLDED,,front,terlipat,10,terang,800-1000,back,not_required,,2,correct/reject/wrong/technical_error,,,,,,,,,,
OP-P-VAR-N20000-F-D30-D-R1,operational,poco,true,variation,20000,20000,BN-20000-FOLDED,,front,terlipat,30,redup,10-50,back,not_required,,1,correct/reject/wrong/technical_error,,,,,,,,,,
OP-P-VAR-N20000-F-D30-D-R2,operational,poco,true,variation,20000,20000,BN-20000-FOLDED,,front,terlipat,30,redup,10-50,back,not_required,,2,correct/reject/wrong/technical_error,,,,,,,,,,
OP-P-VAR-N20000-F-D30-B-R1,operational,poco,true,variation,20000,20000,BN-20000-FOLDED,,front,terlipat,30,terang,800-1000,back,not_required,,1,correct/reject/wrong/technical_error,,,,,,,,,,
OP-P-VAR-N20000-F-D30-B-R2,operational,poco,true,variation,20000,20000,BN-20000-FOLDED,,front,terlipat,30,terang,800-1000,back,not_required,,2,correct/reject/wrong/technical_error,,,,,,,,,,
OP-P-VAR-N50000-W-D10-D-R1,operational,poco,true,variation,50000,50000,BN-50000-WORN,,front,lusuh,10,redup,10-50,back,not_required,,1,correct/reject/wrong/technical_error,,,,,,,,,,
OP-P-VAR-N50000-W-D10-D-R2,operational,poco,true,variation,50000,50000,BN-50000-WORN,,front,lusuh,10,redup,10-50,back,not_required,,2,correct/reject/wrong/technical_error,,,,,,,,,,
OP-P-VAR-N50000-W-D10-B-R1,operational,poco,true,variation,50000,50000,BN-50000-WORN,,front,lusuh,10,terang,800-1000,back,not_required,,1,correct/reject/wrong/technical_error,,,,,,,,,,
OP-P-VAR-N50000-W-D10-B-R2,operational,poco,true,variation,50000,50000,BN-50000-WORN,,front,lusuh,10,terang,800-1000,back,not_required,,2,correct/reject/wrong/technical_error,,,,,,,,,,
OP-P-VAR-N50000-W-D30-D-R1,operational,poco,true,variation,50000,50000,BN-50000-WORN,,front,lusuh,30,redup,10-50,back,not_required,,1,correct/reject/wrong/technical_error,,,,,,,,,,
OP-P-VAR-N50000-W-D30-D-R2,operational,poco,true,variation,50000,50000,BN-50000-WORN,,front,lusuh,30,redup,10-50,back,not_required,,2,correct/reject/wrong/technical_error,,,,,,,,,,
OP-P-VAR-N50000-W-D30-B-R1,operational,poco,true,variation,50000,50000,BN-50000-WORN,,front,lusuh,30,terang,800-1000,back,not_required,,1,correct/reject/wrong/technical_error,,,,,,,,,,
OP-P-VAR-N50000-W-D30-B-R2,operational,poco,true,variation,50000,50000,BN-50000-WORN,,front,lusuh,30,terang,800-1000,back,not_required,,2,correct/reject/wrong/technical_error,,,,,,,,,,
OP-P-VAR-N50000-F-D10-D-R1,operational,poco,true,variation,50000,50000,BN-50000-FOLDED,,front,terlipat,10,redup,10-50,back,not_required,,1,correct/reject/wrong/technical_error,,,,,,,,,,
OP-P-VAR-N50000-F-D10-D-R2,operational,poco,true,variation,50000,50000,BN-50000-FOLDED,,front,terlipat,10,redup,10-50,back,not_required,,2,correct/reject/wrong/technical_error,,,,,,,,,,
OP-P-VAR-N50000-F-D10-B-R1,operational,poco,true,variation,50000,50000,BN-50000-FOLDED,,front,terlipat,10,terang,800-1000,back,not_required,,1,correct/reject/wrong/technical_error,,,,,,,,,,
OP-P-VAR-N50000-F-D10-B-R2,operational,poco,true,variation,50000,50000,BN-50000-FOLDED,,front,terlipat,10,terang,800-1000,back,not_required,,2,correct/reject/wrong/technical_error,,,,,,,,,,
OP-P-VAR-N50000-F-D30-D-R1,operational,poco,true,variation,50000,50000,BN-50000-FOLDED,,front,terlipat,30,redup,10-50,back,not_required,,1,correct/reject/wrong/technical_error,,,,,,,,,,
OP-P-VAR-N50000-F-D30-D-R2,operational,poco,true,variation,50000,50000,BN-50000-FOLDED,,front,terlipat,30,redup,10-50,back,not_required,,2,correct/reject/wrong/technical_error,,,,,,,,,,
OP-P-VAR-N50000-F-D30-B-R1,operational,poco,true,variation,50000,50000,BN-50000-FOLDED,,front,terlipat,30,terang,800-1000,back,not_required,,1,correct/reject/wrong/technical_error,,,,,,,,,,
OP-P-VAR-N50000-F-D30-B-R2,operational,poco,true,variation,50000,50000,BN-50000-FOLDED,,front,terlipat,30,terang,800-1000,back,not_required,,2,correct/reject/wrong/technical_error,,,,,,,,,,
OP-P-VAR-N100000-W-D10-D-R1,operational,poco,true,variation,100000,100000,BN-100000-WORN,,front,lusuh,10,redup,10-50,back,not_required,,1,correct/reject/wrong/technical_error,,,,,,,,,,
OP-P-VAR-N100000-W-D10-D-R2,operational,poco,true,variation,100000,100000,BN-100000-WORN,,front,lusuh,10,redup,10-50,back,not_required,,2,correct/reject/wrong/technical_error,,,,,,,,,,
OP-P-VAR-N100000-W-D10-B-R1,operational,poco,true,variation,100000,100000,BN-100000-WORN,,front,lusuh,10,terang,800-1000,back,not_required,,1,correct/reject/wrong/technical_error,,,,,,,,,,
OP-P-VAR-N100000-W-D10-B-R2,operational,poco,true,variation,100000,100000,BN-100000-WORN,,front,lusuh,10,terang,800-1000,back,not_required,,2,correct/reject/wrong/technical_error,,,,,,,,,,
OP-P-VAR-N100000-W-D30-D-R1,operational,poco,true,variation,100000,100000,BN-100000-WORN,,front,lusuh,30,redup,10-50,back,not_required,,1,correct/reject/wrong/technical_error,,,,,,,,,,
OP-P-VAR-N100000-W-D30-D-R2,operational,poco,true,variation,100000,100000,BN-100000-WORN,,front,lusuh,30,redup,10-50,back,not_required,,2,correct/reject/wrong/technical_error,,,,,,,,,,
OP-P-VAR-N100000-W-D30-B-R1,operational,poco,true,variation,100000,100000,BN-100000-WORN,,front,lusuh,30,terang,800-1000,back,not_required,,1,correct/reject/wrong/technical_error,,,,,,,,,,
OP-P-VAR-N100000-W-D30-B-R2,operational,poco,true,variation,100000,100000,BN-100000-WORN,,front,lusuh,30,terang,800-1000,back,not_required,,2,correct/reject/wrong/technical_error,,,,,,,,,,
OP-P-VAR-N100000-F-D10-D-R1,operational,poco,true,variation,100000,100000,BN-100000-FOLDED,,front,terlipat,10,redup,10-50,back,not_required,,1,correct/reject/wrong/technical_error,,,,,,,,,,
OP-P-VAR-N100000-F-D10-D-R2,operational,poco,true,variation,100000,100000,BN-100000-FOLDED,,front,terlipat,10,redup,10-50,back,not_required,,2,correct/reject/wrong/technical_error,,,,,,,,,,
OP-P-VAR-N100000-F-D10-B-R1,operational,poco,true,variation,100000,100000,BN-100000-FOLDED,,front,terlipat,10,terang,800-1000,back,not_required,,1,correct/reject/wrong/technical_error,,,,,,,,,,
OP-P-VAR-N100000-F-D10-B-R2,operational,poco,true,variation,100000,100000,BN-100000-FOLDED,,front,terlipat,10,terang,800-1000,back,not_required,,2,correct/reject/wrong/technical_error,,,,,,,,,,
OP-P-VAR-N100000-F-D30-D-R1,operational,poco,true,variation,100000,100000,BN-100000-FOLDED,,front,terlipat,30,redup,10-50,back,not_required,,1,correct/reject/wrong/technical_error,,,,,,,,,,
OP-P-VAR-N100000-F-D30-D-R2,operational,poco,true,variation,100000,100000,BN-100000-FOLDED,,front,terlipat,30,redup,10-50,back,not_required,,2,correct/reject/wrong/technical_error,,,,,,,,,,
OP-P-VAR-N100000-F-D30-B-R1,operational,poco,true,variation,100000,100000,BN-100000-FOLDED,,front,terlipat,30,terang,800-1000,back,not_required,,1,correct/reject/wrong/technical_error,,,,,,,,,,
OP-P-VAR-N100000-F-D30-B-R2,operational,poco,true,variation,100000,100000,BN-100000-FOLDED,,front,terlipat,30,terang,800-1000,back,not_required,,2,correct/reject/wrong/technical_error,,,,,,,,,,
OP-P-NM-HAND-REF-R1,operational,poco,true,nonmoney_reference,,nonuang,NM-HAND-01,,,,20,normal,300-500,back,not_required,,1,reject_nonmoney / false_acceptance / technical_error,,,,,,,,,,
OP-P-NM-HAND-REF-R2,operational,poco,true,nonmoney_reference,,nonuang,NM-HAND-01,,,,20,normal,300-500,back,not_required,,2,reject_nonmoney / false_acceptance / technical_error,,,,,,,,,,
OP-P-NM-HAND-REF-R3,operational,poco,true,nonmoney_reference,,nonuang,NM-HAND-01,,,,20,normal,300-500,back,not_required,,3,reject_nonmoney / false_acceptance / technical_error,,,,,,,,,,
OP-P-NM-WALLET-REF-R1,operational,poco,true,nonmoney_reference,,nonuang,NM-WALLET-01,,,,20,normal,300-500,back,not_required,,1,reject_nonmoney / false_acceptance / technical_error,,,,,,,,,,
OP-P-NM-WALLET-REF-R2,operational,poco,true,nonmoney_reference,,nonuang,NM-WALLET-01,,,,20,normal,300-500,back,not_required,,2,reject_nonmoney / false_acceptance / technical_error,,,,,,,,,,
OP-P-NM-WALLET-REF-R3,operational,poco,true,nonmoney_reference,,nonuang,NM-WALLET-01,,,,20,normal,300-500,back,not_required,,3,reject_nonmoney / false_acceptance / technical_error,,,,,,,,,,
OP-P-NM-CARD-REF-R1,operational,poco,true,nonmoney_reference,,nonuang,NM-CARD-01,,,,20,normal,300-500,back,not_required,,1,reject_nonmoney / false_acceptance / technical_error,,,,,,,,,,
OP-P-NM-CARD-REF-R2,operational,poco,true,nonmoney_reference,,nonuang,NM-CARD-01,,,,20,normal,300-500,back,not_required,,2,reject_nonmoney / false_acceptance / technical_error,,,,,,,,,,
OP-P-NM-CARD-REF-R3,operational,poco,true,nonmoney_reference,,nonuang,NM-CARD-01,,,,20,normal,300-500,back,not_required,,3,reject_nonmoney / false_acceptance / technical_error,,,,,,,,,,
OP-P-NM-PAPER-REF-R1,operational,poco,true,nonmoney_reference,,nonuang,NM-PAPER-01,,,,20,normal,300-500,back,not_required,,1,reject_nonmoney / false_acceptance / technical_error,,,,,,,,,,
OP-P-NM-PAPER-REF-R2,operational,poco,true,nonmoney_reference,,nonuang,NM-PAPER-01,,,,20,normal,300-500,back,not_required,,2,reject_nonmoney / false_acceptance / technical_error,,,,,,,,,,
OP-P-NM-PAPER-REF-R3,operational,poco,true,nonmoney_reference,,nonuang,NM-PAPER-01,,,,20,normal,300-500,back,not_required,,3,reject_nonmoney / false_acceptance / technical_error,,,,,,,,,,
OP-P-NM-BOOK-REF-R1,operational,poco,true,nonmoney_reference,,nonuang,NM-BOOK-01,,,,20,normal,300-500,back,not_required,,1,reject_nonmoney / false_acceptance / technical_error,,,,,,,,,,
OP-P-NM-BOOK-REF-R2,operational,poco,true,nonmoney_reference,,nonuang,NM-BOOK-01,,,,20,normal,300-500,back,not_required,,2,reject_nonmoney / false_acceptance / technical_error,,,,,,,,,,
OP-P-NM-BOOK-REF-R3,operational,poco,true,nonmoney_reference,,nonuang,NM-BOOK-01,,,,20,normal,300-500,back,not_required,,3,reject_nonmoney / false_acceptance / technical_error,,,,,,,,,,
OP-P-NM-PHONE-REF-R1,operational,poco,true,nonmoney_reference,,nonuang,NM-PHONE-01,,,,20,normal,300-500,back,not_required,,1,reject_nonmoney / false_acceptance / technical_error,,,,,,,,,,
OP-P-NM-PHONE-REF-R2,operational,poco,true,nonmoney_reference,,nonuang,NM-PHONE-01,,,,20,normal,300-500,back,not_required,,2,reject_nonmoney / false_acceptance / technical_error,,,,,,,,,,
OP-P-NM-PHONE-REF-R3,operational,poco,true,nonmoney_reference,,nonuang,NM-PHONE-01,,,,20,normal,300-500,back,not_required,,3,reject_nonmoney / false_acceptance / technical_error,,,,,,,,,,
OP-P-NM-PACKAGE-REF-R1,operational,poco,true,nonmoney_reference,,nonuang,NM-PACKAGE-01,,,,20,normal,300-500,back,not_required,,1,reject_nonmoney / false_acceptance / technical_error,,,,,,,,,,
OP-P-NM-PACKAGE-REF-R2,operational,poco,true,nonmoney_reference,,nonuang,NM-PACKAGE-01,,,,20,normal,300-500,back,not_required,,2,reject_nonmoney / false_acceptance / technical_error,,,,,,,,,,
OP-P-NM-PACKAGE-REF-R3,operational,poco,true,nonmoney_reference,,nonuang,NM-PACKAGE-01,,,,20,normal,300-500,back,not_required,,3,reject_nonmoney / false_acceptance / technical_error,,,,,,,,,,
OP-P-NM-BG-REF-R1,operational,poco,true,nonmoney_reference,,nonuang,NM-BG-01,,,,20,normal,300-500,back,not_required,,1,reject_nonmoney / false_acceptance / technical_error,,,,,,,,,,
OP-P-NM-BG-REF-R2,operational,poco,true,nonmoney_reference,,nonuang,NM-BG-01,,,,20,normal,300-500,back,not_required,,2,reject_nonmoney / false_acceptance / technical_error,,,,,,,,,,
OP-P-NM-BG-REF-R3,operational,poco,true,nonmoney_reference,,nonuang,NM-BG-01,,,,20,normal,300-500,back,not_required,,3,reject_nonmoney / false_acceptance / technical_error,,,,,,,,,,
OP-P-NM-WALLET-D10-D-R1,operational,poco,true,nonmoney_variation,,nonuang,NM-WALLET-01,,,,10,redup,10-50,back,not_required,,1,reject_nonmoney / false_acceptance / technical_error,,,,,,,,,,
OP-P-NM-WALLET-D10-D-R2,operational,poco,true,nonmoney_variation,,nonuang,NM-WALLET-01,,,,10,redup,10-50,back,not_required,,2,reject_nonmoney / false_acceptance / technical_error,,,,,,,,,,
OP-P-NM-WALLET-D10-D-R3,operational,poco,true,nonmoney_variation,,nonuang,NM-WALLET-01,,,,10,redup,10-50,back,not_required,,3,reject_nonmoney / false_acceptance / technical_error,,,,,,,,,,
OP-P-NM-WALLET-D10-B-R1,operational,poco,true,nonmoney_variation,,nonuang,NM-WALLET-01,,,,10,terang,800-1000,back,not_required,,1,reject_nonmoney / false_acceptance / technical_error,,,,,,,,,,
OP-P-NM-WALLET-D10-B-R2,operational,poco,true,nonmoney_variation,,nonuang,NM-WALLET-01,,,,10,terang,800-1000,back,not_required,,2,reject_nonmoney / false_acceptance / technical_error,,,,,,,,,,
OP-P-NM-WALLET-D10-B-R3,operational,poco,true,nonmoney_variation,,nonuang,NM-WALLET-01,,,,10,terang,800-1000,back,not_required,,3,reject_nonmoney / false_acceptance / technical_error,,,,,,,,,,
OP-P-NM-WALLET-D30-D-R1,operational,poco,true,nonmoney_variation,,nonuang,NM-WALLET-01,,,,30,redup,10-50,back,not_required,,1,reject_nonmoney / false_acceptance / technical_error,,,,,,,,,,
OP-P-NM-WALLET-D30-D-R2,operational,poco,true,nonmoney_variation,,nonuang,NM-WALLET-01,,,,30,redup,10-50,back,not_required,,2,reject_nonmoney / false_acceptance / technical_error,,,,,,,,,,
OP-P-NM-WALLET-D30-D-R3,operational,poco,true,nonmoney_variation,,nonuang,NM-WALLET-01,,,,30,redup,10-50,back,not_required,,3,reject_nonmoney / false_acceptance / technical_error,,,,,,,,,,
OP-P-NM-WALLET-D30-B-R1,operational,poco,true,nonmoney_variation,,nonuang,NM-WALLET-01,,,,30,terang,800-1000,back,not_required,,1,reject_nonmoney / false_acceptance / technical_error,,,,,,,,,,
OP-P-NM-WALLET-D30-B-R2,operational,poco,true,nonmoney_variation,,nonuang,NM-WALLET-01,,,,30,terang,800-1000,back,not_required,,2,reject_nonmoney / false_acceptance / technical_error,,,,,,,,,,
OP-P-NM-WALLET-D30-B-R3,operational,poco,true,nonmoney_variation,,nonuang,NM-WALLET-01,,,,30,terang,800-1000,back,not_required,,3,reject_nonmoney / false_acceptance / technical_error,,,,,,,,,,
OP-R-REF-N1000-F-R1,operational,redmi,true,reference,1000,1000,BN-1000-NORMAL,,front,normal,20,normal,300-500,back,not_required,,1,correct/reject/wrong/technical_error,,,,,,,,,,
OP-R-REF-N1000-F-R2,operational,redmi,true,reference,1000,1000,BN-1000-NORMAL,,front,normal,20,normal,300-500,back,not_required,,2,correct/reject/wrong/technical_error,,,,,,,,,,
OP-R-REF-N1000-F-R3,operational,redmi,true,reference,1000,1000,BN-1000-NORMAL,,front,normal,20,normal,300-500,back,not_required,,3,correct/reject/wrong/technical_error,,,,,,,,,,
OP-R-REF-N1000-B-R1,operational,redmi,true,reference,1000,1000,BN-1000-NORMAL,,back,normal,20,normal,300-500,back,not_required,,1,correct/reject/wrong/technical_error,,,,,,,,,,
OP-R-REF-N1000-B-R2,operational,redmi,true,reference,1000,1000,BN-1000-NORMAL,,back,normal,20,normal,300-500,back,not_required,,2,correct/reject/wrong/technical_error,,,,,,,,,,
OP-R-REF-N1000-B-R3,operational,redmi,true,reference,1000,1000,BN-1000-NORMAL,,back,normal,20,normal,300-500,back,not_required,,3,correct/reject/wrong/technical_error,,,,,,,,,,
OP-R-REF-N2000-F-R1,operational,redmi,true,reference,2000,2000,BN-2000-NORMAL,,front,normal,20,normal,300-500,back,not_required,,1,correct/reject/wrong/technical_error,,,,,,,,,,
OP-R-REF-N2000-F-R2,operational,redmi,true,reference,2000,2000,BN-2000-NORMAL,,front,normal,20,normal,300-500,back,not_required,,2,correct/reject/wrong/technical_error,,,,,,,,,,
OP-R-REF-N2000-F-R3,operational,redmi,true,reference,2000,2000,BN-2000-NORMAL,,front,normal,20,normal,300-500,back,not_required,,3,correct/reject/wrong/technical_error,,,,,,,,,,
OP-R-REF-N2000-B-R1,operational,redmi,true,reference,2000,2000,BN-2000-NORMAL,,back,normal,20,normal,300-500,back,not_required,,1,correct/reject/wrong/technical_error,,,,,,,,,,
OP-R-REF-N2000-B-R2,operational,redmi,true,reference,2000,2000,BN-2000-NORMAL,,back,normal,20,normal,300-500,back,not_required,,2,correct/reject/wrong/technical_error,,,,,,,,,,
OP-R-REF-N2000-B-R3,operational,redmi,true,reference,2000,2000,BN-2000-NORMAL,,back,normal,20,normal,300-500,back,not_required,,3,correct/reject/wrong/technical_error,,,,,,,,,,
OP-R-REF-N5000-F-R1,operational,redmi,true,reference,5000,5000,BN-5000-NORMAL,,front,normal,20,normal,300-500,back,not_required,,1,correct/reject/wrong/technical_error,,,,,,,,,,
OP-R-REF-N5000-F-R2,operational,redmi,true,reference,5000,5000,BN-5000-NORMAL,,front,normal,20,normal,300-500,back,not_required,,2,correct/reject/wrong/technical_error,,,,,,,,,,
OP-R-REF-N5000-F-R3,operational,redmi,true,reference,5000,5000,BN-5000-NORMAL,,front,normal,20,normal,300-500,back,not_required,,3,correct/reject/wrong/technical_error,,,,,,,,,,
OP-R-REF-N5000-B-R1,operational,redmi,true,reference,5000,5000,BN-5000-NORMAL,,back,normal,20,normal,300-500,back,not_required,,1,correct/reject/wrong/technical_error,,,,,,,,,,
OP-R-REF-N5000-B-R2,operational,redmi,true,reference,5000,5000,BN-5000-NORMAL,,back,normal,20,normal,300-500,back,not_required,,2,correct/reject/wrong/technical_error,,,,,,,,,,
OP-R-REF-N5000-B-R3,operational,redmi,true,reference,5000,5000,BN-5000-NORMAL,,back,normal,20,normal,300-500,back,not_required,,3,correct/reject/wrong/technical_error,,,,,,,,,,
OP-R-REF-N10000-F-R1,operational,redmi,true,reference,10000,10000,BN-10000-NORMAL,,front,normal,20,normal,300-500,back,not_required,,1,correct/reject/wrong/technical_error,,,,,,,,,,
OP-R-REF-N10000-F-R2,operational,redmi,true,reference,10000,10000,BN-10000-NORMAL,,front,normal,20,normal,300-500,back,not_required,,2,correct/reject/wrong/technical_error,,,,,,,,,,
OP-R-REF-N10000-F-R3,operational,redmi,true,reference,10000,10000,BN-10000-NORMAL,,front,normal,20,normal,300-500,back,not_required,,3,correct/reject/wrong/technical_error,,,,,,,,,,
OP-R-REF-N10000-B-R1,operational,redmi,true,reference,10000,10000,BN-10000-NORMAL,,back,normal,20,normal,300-500,back,not_required,,1,correct/reject/wrong/technical_error,,,,,,,,,,
OP-R-REF-N10000-B-R2,operational,redmi,true,reference,10000,10000,BN-10000-NORMAL,,back,normal,20,normal,300-500,back,not_required,,2,correct/reject/wrong/technical_error,,,,,,,,,,
OP-R-REF-N10000-B-R3,operational,redmi,true,reference,10000,10000,BN-10000-NORMAL,,back,normal,20,normal,300-500,back,not_required,,3,correct/reject/wrong/technical_error,,,,,,,,,,
OP-R-REF-N20000-F-R1,operational,redmi,true,reference,20000,20000,BN-20000-NORMAL,,front,normal,20,normal,300-500,back,not_required,,1,correct/reject/wrong/technical_error,,,,,,,,,,
OP-R-REF-N20000-F-R2,operational,redmi,true,reference,20000,20000,BN-20000-NORMAL,,front,normal,20,normal,300-500,back,not_required,,2,correct/reject/wrong/technical_error,,,,,,,,,,
OP-R-REF-N20000-F-R3,operational,redmi,true,reference,20000,20000,BN-20000-NORMAL,,front,normal,20,normal,300-500,back,not_required,,3,correct/reject/wrong/technical_error,,,,,,,,,,
OP-R-REF-N20000-B-R1,operational,redmi,true,reference,20000,20000,BN-20000-NORMAL,,back,normal,20,normal,300-500,back,not_required,,1,correct/reject/wrong/technical_error,,,,,,,,,,
OP-R-REF-N20000-B-R2,operational,redmi,true,reference,20000,20000,BN-20000-NORMAL,,back,normal,20,normal,300-500,back,not_required,,2,correct/reject/wrong/technical_error,,,,,,,,,,
OP-R-REF-N20000-B-R3,operational,redmi,true,reference,20000,20000,BN-20000-NORMAL,,back,normal,20,normal,300-500,back,not_required,,3,correct/reject/wrong/technical_error,,,,,,,,,,
OP-R-REF-N50000-F-R1,operational,redmi,true,reference,50000,50000,BN-50000-NORMAL,,front,normal,20,normal,300-500,back,not_required,,1,correct/reject/wrong/technical_error,,,,,,,,,,
OP-R-REF-N50000-F-R2,operational,redmi,true,reference,50000,50000,BN-50000-NORMAL,,front,normal,20,normal,300-500,back,not_required,,2,correct/reject/wrong/technical_error,,,,,,,,,,
OP-R-REF-N50000-F-R3,operational,redmi,true,reference,50000,50000,BN-50000-NORMAL,,front,normal,20,normal,300-500,back,not_required,,3,correct/reject/wrong/technical_error,,,,,,,,,,
OP-R-REF-N50000-B-R1,operational,redmi,true,reference,50000,50000,BN-50000-NORMAL,,back,normal,20,normal,300-500,back,not_required,,1,correct/reject/wrong/technical_error,,,,,,,,,,
OP-R-REF-N50000-B-R2,operational,redmi,true,reference,50000,50000,BN-50000-NORMAL,,back,normal,20,normal,300-500,back,not_required,,2,correct/reject/wrong/technical_error,,,,,,,,,,
OP-R-REF-N50000-B-R3,operational,redmi,true,reference,50000,50000,BN-50000-NORMAL,,back,normal,20,normal,300-500,back,not_required,,3,correct/reject/wrong/technical_error,,,,,,,,,,
OP-R-REF-N100000-F-R1,operational,redmi,true,reference,100000,100000,BN-100000-NORMAL,,front,normal,20,normal,300-500,back,not_required,,1,correct/reject/wrong/technical_error,,,,,,,,,,
OP-R-REF-N100000-F-R2,operational,redmi,true,reference,100000,100000,BN-100000-NORMAL,,front,normal,20,normal,300-500,back,not_required,,2,correct/reject/wrong/technical_error,,,,,,,,,,
OP-R-REF-N100000-F-R3,operational,redmi,true,reference,100000,100000,BN-100000-NORMAL,,front,normal,20,normal,300-500,back,not_required,,3,correct/reject/wrong/technical_error,,,,,,,,,,
OP-R-REF-N100000-B-R1,operational,redmi,true,reference,100000,100000,BN-100000-NORMAL,,back,normal,20,normal,300-500,back,not_required,,1,correct/reject/wrong/technical_error,,,,,,,,,,
OP-R-REF-N100000-B-R2,operational,redmi,true,reference,100000,100000,BN-100000-NORMAL,,back,normal,20,normal,300-500,back,not_required,,2,correct/reject/wrong/technical_error,,,,,,,,,,
OP-R-REF-N100000-B-R3,operational,redmi,true,reference,100000,100000,BN-100000-NORMAL,,back,normal,20,normal,300-500,back,not_required,,3,correct/reject/wrong/technical_error,,,,,,,,,,
OP-R-VAR-N1000-W-D10-D-R1,operational,redmi,true,variation,1000,1000,BN-1000-WORN,,front,lusuh,10,redup,10-50,back,not_required,,1,correct/reject/wrong/technical_error,,,,,,,,,,
OP-R-VAR-N1000-W-D10-D-R2,operational,redmi,true,variation,1000,1000,BN-1000-WORN,,front,lusuh,10,redup,10-50,back,not_required,,2,correct/reject/wrong/technical_error,,,,,,,,,,
OP-R-VAR-N1000-W-D10-B-R1,operational,redmi,true,variation,1000,1000,BN-1000-WORN,,front,lusuh,10,terang,800-1000,back,not_required,,1,correct/reject/wrong/technical_error,,,,,,,,,,
OP-R-VAR-N1000-W-D10-B-R2,operational,redmi,true,variation,1000,1000,BN-1000-WORN,,front,lusuh,10,terang,800-1000,back,not_required,,2,correct/reject/wrong/technical_error,,,,,,,,,,
OP-R-VAR-N1000-W-D30-D-R1,operational,redmi,true,variation,1000,1000,BN-1000-WORN,,front,lusuh,30,redup,10-50,back,not_required,,1,correct/reject/wrong/technical_error,,,,,,,,,,
OP-R-VAR-N1000-W-D30-D-R2,operational,redmi,true,variation,1000,1000,BN-1000-WORN,,front,lusuh,30,redup,10-50,back,not_required,,2,correct/reject/wrong/technical_error,,,,,,,,,,
OP-R-VAR-N1000-W-D30-B-R1,operational,redmi,true,variation,1000,1000,BN-1000-WORN,,front,lusuh,30,terang,800-1000,back,not_required,,1,correct/reject/wrong/technical_error,,,,,,,,,,
OP-R-VAR-N1000-W-D30-B-R2,operational,redmi,true,variation,1000,1000,BN-1000-WORN,,front,lusuh,30,terang,800-1000,back,not_required,,2,correct/reject/wrong/technical_error,,,,,,,,,,
OP-R-VAR-N1000-F-D10-D-R1,operational,redmi,true,variation,1000,1000,BN-1000-FOLDED,,front,terlipat,10,redup,10-50,back,not_required,,1,correct/reject/wrong/technical_error,,,,,,,,,,
OP-R-VAR-N1000-F-D10-D-R2,operational,redmi,true,variation,1000,1000,BN-1000-FOLDED,,front,terlipat,10,redup,10-50,back,not_required,,2,correct/reject/wrong/technical_error,,,,,,,,,,
OP-R-VAR-N1000-F-D10-B-R1,operational,redmi,true,variation,1000,1000,BN-1000-FOLDED,,front,terlipat,10,terang,800-1000,back,not_required,,1,correct/reject/wrong/technical_error,,,,,,,,,,
OP-R-VAR-N1000-F-D10-B-R2,operational,redmi,true,variation,1000,1000,BN-1000-FOLDED,,front,terlipat,10,terang,800-1000,back,not_required,,2,correct/reject/wrong/technical_error,,,,,,,,,,
OP-R-VAR-N1000-F-D30-D-R1,operational,redmi,true,variation,1000,1000,BN-1000-FOLDED,,front,terlipat,30,redup,10-50,back,not_required,,1,correct/reject/wrong/technical_error,,,,,,,,,,
OP-R-VAR-N1000-F-D30-D-R2,operational,redmi,true,variation,1000,1000,BN-1000-FOLDED,,front,terlipat,30,redup,10-50,back,not_required,,2,correct/reject/wrong/technical_error,,,,,,,,,,
OP-R-VAR-N1000-F-D30-B-R1,operational,redmi,true,variation,1000,1000,BN-1000-FOLDED,,front,terlipat,30,terang,800-1000,back,not_required,,1,correct/reject/wrong/technical_error,,,,,,,,,,
OP-R-VAR-N1000-F-D30-B-R2,operational,redmi,true,variation,1000,1000,BN-1000-FOLDED,,front,terlipat,30,terang,800-1000,back,not_required,,2,correct/reject/wrong/technical_error,,,,,,,,,,
OP-R-VAR-N2000-W-D10-D-R1,operational,redmi,true,variation,2000,2000,BN-2000-WORN,,front,lusuh,10,redup,10-50,back,not_required,,1,correct/reject/wrong/technical_error,,,,,,,,,,
OP-R-VAR-N2000-W-D10-D-R2,operational,redmi,true,variation,2000,2000,BN-2000-WORN,,front,lusuh,10,redup,10-50,back,not_required,,2,correct/reject/wrong/technical_error,,,,,,,,,,
OP-R-VAR-N2000-W-D10-B-R1,operational,redmi,true,variation,2000,2000,BN-2000-WORN,,front,lusuh,10,terang,800-1000,back,not_required,,1,correct/reject/wrong/technical_error,,,,,,,,,,
OP-R-VAR-N2000-W-D10-B-R2,operational,redmi,true,variation,2000,2000,BN-2000-WORN,,front,lusuh,10,terang,800-1000,back,not_required,,2,correct/reject/wrong/technical_error,,,,,,,,,,
OP-R-VAR-N2000-W-D30-D-R1,operational,redmi,true,variation,2000,2000,BN-2000-WORN,,front,lusuh,30,redup,10-50,back,not_required,,1,correct/reject/wrong/technical_error,,,,,,,,,,
OP-R-VAR-N2000-W-D30-D-R2,operational,redmi,true,variation,2000,2000,BN-2000-WORN,,front,lusuh,30,redup,10-50,back,not_required,,2,correct/reject/wrong/technical_error,,,,,,,,,,
OP-R-VAR-N2000-W-D30-B-R1,operational,redmi,true,variation,2000,2000,BN-2000-WORN,,front,lusuh,30,terang,800-1000,back,not_required,,1,correct/reject/wrong/technical_error,,,,,,,,,,
OP-R-VAR-N2000-W-D30-B-R2,operational,redmi,true,variation,2000,2000,BN-2000-WORN,,front,lusuh,30,terang,800-1000,back,not_required,,2,correct/reject/wrong/technical_error,,,,,,,,,,
OP-R-VAR-N2000-F-D10-D-R1,operational,redmi,true,variation,2000,2000,BN-2000-FOLDED,,front,terlipat,10,redup,10-50,back,not_required,,1,correct/reject/wrong/technical_error,,,,,,,,,,
OP-R-VAR-N2000-F-D10-D-R2,operational,redmi,true,variation,2000,2000,BN-2000-FOLDED,,front,terlipat,10,redup,10-50,back,not_required,,2,correct/reject/wrong/technical_error,,,,,,,,,,
OP-R-VAR-N2000-F-D10-B-R1,operational,redmi,true,variation,2000,2000,BN-2000-FOLDED,,front,terlipat,10,terang,800-1000,back,not_required,,1,correct/reject/wrong/technical_error,,,,,,,,,,
OP-R-VAR-N2000-F-D10-B-R2,operational,redmi,true,variation,2000,2000,BN-2000-FOLDED,,front,terlipat,10,terang,800-1000,back,not_required,,2,correct/reject/wrong/technical_error,,,,,,,,,,
OP-R-VAR-N2000-F-D30-D-R1,operational,redmi,true,variation,2000,2000,BN-2000-FOLDED,,front,terlipat,30,redup,10-50,back,not_required,,1,correct/reject/wrong/technical_error,,,,,,,,,,
OP-R-VAR-N2000-F-D30-D-R2,operational,redmi,true,variation,2000,2000,BN-2000-FOLDED,,front,terlipat,30,redup,10-50,back,not_required,,2,correct/reject/wrong/technical_error,,,,,,,,,,
OP-R-VAR-N2000-F-D30-B-R1,operational,redmi,true,variation,2000,2000,BN-2000-FOLDED,,front,terlipat,30,terang,800-1000,back,not_required,,1,correct/reject/wrong/technical_error,,,,,,,,,,
OP-R-VAR-N2000-F-D30-B-R2,operational,redmi,true,variation,2000,2000,BN-2000-FOLDED,,front,terlipat,30,terang,800-1000,back,not_required,,2,correct/reject/wrong/technical_error,,,,,,,,,,
OP-R-VAR-N5000-W-D10-D-R1,operational,redmi,true,variation,5000,5000,BN-5000-WORN,,front,lusuh,10,redup,10-50,back,not_required,,1,correct/reject/wrong/technical_error,,,,,,,,,,
OP-R-VAR-N5000-W-D10-D-R2,operational,redmi,true,variation,5000,5000,BN-5000-WORN,,front,lusuh,10,redup,10-50,back,not_required,,2,correct/reject/wrong/technical_error,,,,,,,,,,
OP-R-VAR-N5000-W-D10-B-R1,operational,redmi,true,variation,5000,5000,BN-5000-WORN,,front,lusuh,10,terang,800-1000,back,not_required,,1,correct/reject/wrong/technical_error,,,,,,,,,,
OP-R-VAR-N5000-W-D10-B-R2,operational,redmi,true,variation,5000,5000,BN-5000-WORN,,front,lusuh,10,terang,800-1000,back,not_required,,2,correct/reject/wrong/technical_error,,,,,,,,,,
OP-R-VAR-N5000-W-D30-D-R1,operational,redmi,true,variation,5000,5000,BN-5000-WORN,,front,lusuh,30,redup,10-50,back,not_required,,1,correct/reject/wrong/technical_error,,,,,,,,,,
OP-R-VAR-N5000-W-D30-D-R2,operational,redmi,true,variation,5000,5000,BN-5000-WORN,,front,lusuh,30,redup,10-50,back,not_required,,2,correct/reject/wrong/technical_error,,,,,,,,,,
OP-R-VAR-N5000-W-D30-B-R1,operational,redmi,true,variation,5000,5000,BN-5000-WORN,,front,lusuh,30,terang,800-1000,back,not_required,,1,correct/reject/wrong/technical_error,,,,,,,,,,
OP-R-VAR-N5000-W-D30-B-R2,operational,redmi,true,variation,5000,5000,BN-5000-WORN,,front,lusuh,30,terang,800-1000,back,not_required,,2,correct/reject/wrong/technical_error,,,,,,,,,,
OP-R-VAR-N5000-F-D10-D-R1,operational,redmi,true,variation,5000,5000,BN-5000-FOLDED,,front,terlipat,10,redup,10-50,back,not_required,,1,correct/reject/wrong/technical_error,,,,,,,,,,
OP-R-VAR-N5000-F-D10-D-R2,operational,redmi,true,variation,5000,5000,BN-5000-FOLDED,,front,terlipat,10,redup,10-50,back,not_required,,2,correct/reject/wrong/technical_error,,,,,,,,,,
OP-R-VAR-N5000-F-D10-B-R1,operational,redmi,true,variation,5000,5000,BN-5000-FOLDED,,front,terlipat,10,terang,800-1000,back,not_required,,1,correct/reject/wrong/technical_error,,,,,,,,,,
OP-R-VAR-N5000-F-D10-B-R2,operational,redmi,true,variation,5000,5000,BN-5000-FOLDED,,front,terlipat,10,terang,800-1000,back,not_required,,2,correct/reject/wrong/technical_error,,,,,,,,,,
OP-R-VAR-N5000-F-D30-D-R1,operational,redmi,true,variation,5000,5000,BN-5000-FOLDED,,front,terlipat,30,redup,10-50,back,not_required,,1,correct/reject/wrong/technical_error,,,,,,,,,,
OP-R-VAR-N5000-F-D30-D-R2,operational,redmi,true,variation,5000,5000,BN-5000-FOLDED,,front,terlipat,30,redup,10-50,back,not_required,,2,correct/reject/wrong/technical_error,,,,,,,,,,
OP-R-VAR-N5000-F-D30-B-R1,operational,redmi,true,variation,5000,5000,BN-5000-FOLDED,,front,terlipat,30,terang,800-1000,back,not_required,,1,correct/reject/wrong/technical_error,,,,,,,,,,
OP-R-VAR-N5000-F-D30-B-R2,operational,redmi,true,variation,5000,5000,BN-5000-FOLDED,,front,terlipat,30,terang,800-1000,back,not_required,,2,correct/reject/wrong/technical_error,,,,,,,,,,
OP-R-VAR-N10000-W-D10-D-R1,operational,redmi,true,variation,10000,10000,BN-10000-WORN,,front,lusuh,10,redup,10-50,back,not_required,,1,correct/reject/wrong/technical_error,,,,,,,,,,
OP-R-VAR-N10000-W-D10-D-R2,operational,redmi,true,variation,10000,10000,BN-10000-WORN,,front,lusuh,10,redup,10-50,back,not_required,,2,correct/reject/wrong/technical_error,,,,,,,,,,
OP-R-VAR-N10000-W-D10-B-R1,operational,redmi,true,variation,10000,10000,BN-10000-WORN,,front,lusuh,10,terang,800-1000,back,not_required,,1,correct/reject/wrong/technical_error,,,,,,,,,,
OP-R-VAR-N10000-W-D10-B-R2,operational,redmi,true,variation,10000,10000,BN-10000-WORN,,front,lusuh,10,terang,800-1000,back,not_required,,2,correct/reject/wrong/technical_error,,,,,,,,,,
OP-R-VAR-N10000-W-D30-D-R1,operational,redmi,true,variation,10000,10000,BN-10000-WORN,,front,lusuh,30,redup,10-50,back,not_required,,1,correct/reject/wrong/technical_error,,,,,,,,,,
OP-R-VAR-N10000-W-D30-D-R2,operational,redmi,true,variation,10000,10000,BN-10000-WORN,,front,lusuh,30,redup,10-50,back,not_required,,2,correct/reject/wrong/technical_error,,,,,,,,,,
OP-R-VAR-N10000-W-D30-B-R1,operational,redmi,true,variation,10000,10000,BN-10000-WORN,,front,lusuh,30,terang,800-1000,back,not_required,,1,correct/reject/wrong/technical_error,,,,,,,,,,
OP-R-VAR-N10000-W-D30-B-R2,operational,redmi,true,variation,10000,10000,BN-10000-WORN,,front,lusuh,30,terang,800-1000,back,not_required,,2,correct/reject/wrong/technical_error,,,,,,,,,,
OP-R-VAR-N10000-F-D10-D-R1,operational,redmi,true,variation,10000,10000,BN-10000-FOLDED,,front,terlipat,10,redup,10-50,back,not_required,,1,correct/reject/wrong/technical_error,,,,,,,,,,
OP-R-VAR-N10000-F-D10-D-R2,operational,redmi,true,variation,10000,10000,BN-10000-FOLDED,,front,terlipat,10,redup,10-50,back,not_required,,2,correct/reject/wrong/technical_error,,,,,,,,,,
OP-R-VAR-N10000-F-D10-B-R1,operational,redmi,true,variation,10000,10000,BN-10000-FOLDED,,front,terlipat,10,terang,800-1000,back,not_required,,1,correct/reject/wrong/technical_error,,,,,,,,,,
OP-R-VAR-N10000-F-D10-B-R2,operational,redmi,true,variation,10000,10000,BN-10000-FOLDED,,front,terlipat,10,terang,800-1000,back,not_required,,2,correct/reject/wrong/technical_error,,,,,,,,,,
OP-R-VAR-N10000-F-D30-D-R1,operational,redmi,true,variation,10000,10000,BN-10000-FOLDED,,front,terlipat,30,redup,10-50,back,not_required,,1,correct/reject/wrong/technical_error,,,,,,,,,,
OP-R-VAR-N10000-F-D30-D-R2,operational,redmi,true,variation,10000,10000,BN-10000-FOLDED,,front,terlipat,30,redup,10-50,back,not_required,,2,correct/reject/wrong/technical_error,,,,,,,,,,
OP-R-VAR-N10000-F-D30-B-R1,operational,redmi,true,variation,10000,10000,BN-10000-FOLDED,,front,terlipat,30,terang,800-1000,back,not_required,,1,correct/reject/wrong/technical_error,,,,,,,,,,
OP-R-VAR-N10000-F-D30-B-R2,operational,redmi,true,variation,10000,10000,BN-10000-FOLDED,,front,terlipat,30,terang,800-1000,back,not_required,,2,correct/reject/wrong/technical_error,,,,,,,,,,
OP-R-VAR-N20000-W-D10-D-R1,operational,redmi,true,variation,20000,20000,BN-20000-WORN,,front,lusuh,10,redup,10-50,back,not_required,,1,correct/reject/wrong/technical_error,,,,,,,,,,
OP-R-VAR-N20000-W-D10-D-R2,operational,redmi,true,variation,20000,20000,BN-20000-WORN,,front,lusuh,10,redup,10-50,back,not_required,,2,correct/reject/wrong/technical_error,,,,,,,,,,
OP-R-VAR-N20000-W-D10-B-R1,operational,redmi,true,variation,20000,20000,BN-20000-WORN,,front,lusuh,10,terang,800-1000,back,not_required,,1,correct/reject/wrong/technical_error,,,,,,,,,,
OP-R-VAR-N20000-W-D10-B-R2,operational,redmi,true,variation,20000,20000,BN-20000-WORN,,front,lusuh,10,terang,800-1000,back,not_required,,2,correct/reject/wrong/technical_error,,,,,,,,,,
OP-R-VAR-N20000-W-D30-D-R1,operational,redmi,true,variation,20000,20000,BN-20000-WORN,,front,lusuh,30,redup,10-50,back,not_required,,1,correct/reject/wrong/technical_error,,,,,,,,,,
OP-R-VAR-N20000-W-D30-D-R2,operational,redmi,true,variation,20000,20000,BN-20000-WORN,,front,lusuh,30,redup,10-50,back,not_required,,2,correct/reject/wrong/technical_error,,,,,,,,,,
OP-R-VAR-N20000-W-D30-B-R1,operational,redmi,true,variation,20000,20000,BN-20000-WORN,,front,lusuh,30,terang,800-1000,back,not_required,,1,correct/reject/wrong/technical_error,,,,,,,,,,
OP-R-VAR-N20000-W-D30-B-R2,operational,redmi,true,variation,20000,20000,BN-20000-WORN,,front,lusuh,30,terang,800-1000,back,not_required,,2,correct/reject/wrong/technical_error,,,,,,,,,,
OP-R-VAR-N20000-F-D10-D-R1,operational,redmi,true,variation,20000,20000,BN-20000-FOLDED,,front,terlipat,10,redup,10-50,back,not_required,,1,correct/reject/wrong/technical_error,,,,,,,,,,
OP-R-VAR-N20000-F-D10-D-R2,operational,redmi,true,variation,20000,20000,BN-20000-FOLDED,,front,terlipat,10,redup,10-50,back,not_required,,2,correct/reject/wrong/technical_error,,,,,,,,,,
OP-R-VAR-N20000-F-D10-B-R1,operational,redmi,true,variation,20000,20000,BN-20000-FOLDED,,front,terlipat,10,terang,800-1000,back,not_required,,1,correct/reject/wrong/technical_error,,,,,,,,,,
OP-R-VAR-N20000-F-D10-B-R2,operational,redmi,true,variation,20000,20000,BN-20000-FOLDED,,front,terlipat,10,terang,800-1000,back,not_required,,2,correct/reject/wrong/technical_error,,,,,,,,,,
OP-R-VAR-N20000-F-D30-D-R1,operational,redmi,true,variation,20000,20000,BN-20000-FOLDED,,front,terlipat,30,redup,10-50,back,not_required,,1,correct/reject/wrong/technical_error,,,,,,,,,,
OP-R-VAR-N20000-F-D30-D-R2,operational,redmi,true,variation,20000,20000,BN-20000-FOLDED,,front,terlipat,30,redup,10-50,back,not_required,,2,correct/reject/wrong/technical_error,,,,,,,,,,
OP-R-VAR-N20000-F-D30-B-R1,operational,redmi,true,variation,20000,20000,BN-20000-FOLDED,,front,terlipat,30,terang,800-1000,back,not_required,,1,correct/reject/wrong/technical_error,,,,,,,,,,
OP-R-VAR-N20000-F-D30-B-R2,operational,redmi,true,variation,20000,20000,BN-20000-FOLDED,,front,terlipat,30,terang,800-1000,back,not_required,,2,correct/reject/wrong/technical_error,,,,,,,,,,
OP-R-VAR-N50000-W-D10-D-R1,operational,redmi,true,variation,50000,50000,BN-50000-WORN,,front,lusuh,10,redup,10-50,back,not_required,,1,correct/reject/wrong/technical_error,,,,,,,,,,
OP-R-VAR-N50000-W-D10-D-R2,operational,redmi,true,variation,50000,50000,BN-50000-WORN,,front,lusuh,10,redup,10-50,back,not_required,,2,correct/reject/wrong/technical_error,,,,,,,,,,
OP-R-VAR-N50000-W-D10-B-R1,operational,redmi,true,variation,50000,50000,BN-50000-WORN,,front,lusuh,10,terang,800-1000,back,not_required,,1,correct/reject/wrong/technical_error,,,,,,,,,,
OP-R-VAR-N50000-W-D10-B-R2,operational,redmi,true,variation,50000,50000,BN-50000-WORN,,front,lusuh,10,terang,800-1000,back,not_required,,2,correct/reject/wrong/technical_error,,,,,,,,,,
OP-R-VAR-N50000-W-D30-D-R1,operational,redmi,true,variation,50000,50000,BN-50000-WORN,,front,lusuh,30,redup,10-50,back,not_required,,1,correct/reject/wrong/technical_error,,,,,,,,,,
OP-R-VAR-N50000-W-D30-D-R2,operational,redmi,true,variation,50000,50000,BN-50000-WORN,,front,lusuh,30,redup,10-50,back,not_required,,2,correct/reject/wrong/technical_error,,,,,,,,,,
OP-R-VAR-N50000-W-D30-B-R1,operational,redmi,true,variation,50000,50000,BN-50000-WORN,,front,lusuh,30,terang,800-1000,back,not_required,,1,correct/reject/wrong/technical_error,,,,,,,,,,
OP-R-VAR-N50000-W-D30-B-R2,operational,redmi,true,variation,50000,50000,BN-50000-WORN,,front,lusuh,30,terang,800-1000,back,not_required,,2,correct/reject/wrong/technical_error,,,,,,,,,,
OP-R-VAR-N50000-F-D10-D-R1,operational,redmi,true,variation,50000,50000,BN-50000-FOLDED,,front,terlipat,10,redup,10-50,back,not_required,,1,correct/reject/wrong/technical_error,,,,,,,,,,
OP-R-VAR-N50000-F-D10-D-R2,operational,redmi,true,variation,50000,50000,BN-50000-FOLDED,,front,terlipat,10,redup,10-50,back,not_required,,2,correct/reject/wrong/technical_error,,,,,,,,,,
OP-R-VAR-N50000-F-D10-B-R1,operational,redmi,true,variation,50000,50000,BN-50000-FOLDED,,front,terlipat,10,terang,800-1000,back,not_required,,1,correct/reject/wrong/technical_error,,,,,,,,,,
OP-R-VAR-N50000-F-D10-B-R2,operational,redmi,true,variation,50000,50000,BN-50000-FOLDED,,front,terlipat,10,terang,800-1000,back,not_required,,2,correct/reject/wrong/technical_error,,,,,,,,,,
OP-R-VAR-N50000-F-D30-D-R1,operational,redmi,true,variation,50000,50000,BN-50000-FOLDED,,front,terlipat,30,redup,10-50,back,not_required,,1,correct/reject/wrong/technical_error,,,,,,,,,,
OP-R-VAR-N50000-F-D30-D-R2,operational,redmi,true,variation,50000,50000,BN-50000-FOLDED,,front,terlipat,30,redup,10-50,back,not_required,,2,correct/reject/wrong/technical_error,,,,,,,,,,
OP-R-VAR-N50000-F-D30-B-R1,operational,redmi,true,variation,50000,50000,BN-50000-FOLDED,,front,terlipat,30,terang,800-1000,back,not_required,,1,correct/reject/wrong/technical_error,,,,,,,,,,
OP-R-VAR-N50000-F-D30-B-R2,operational,redmi,true,variation,50000,50000,BN-50000-FOLDED,,front,terlipat,30,terang,800-1000,back,not_required,,2,correct/reject/wrong/technical_error,,,,,,,,,,
OP-R-VAR-N100000-W-D10-D-R1,operational,redmi,true,variation,100000,100000,BN-100000-WORN,,front,lusuh,10,redup,10-50,back,not_required,,1,correct/reject/wrong/technical_error,,,,,,,,,,
OP-R-VAR-N100000-W-D10-D-R2,operational,redmi,true,variation,100000,100000,BN-100000-WORN,,front,lusuh,10,redup,10-50,back,not_required,,2,correct/reject/wrong/technical_error,,,,,,,,,,
OP-R-VAR-N100000-W-D10-B-R1,operational,redmi,true,variation,100000,100000,BN-100000-WORN,,front,lusuh,10,terang,800-1000,back,not_required,,1,correct/reject/wrong/technical_error,,,,,,,,,,
OP-R-VAR-N100000-W-D10-B-R2,operational,redmi,true,variation,100000,100000,BN-100000-WORN,,front,lusuh,10,terang,800-1000,back,not_required,,2,correct/reject/wrong/technical_error,,,,,,,,,,
OP-R-VAR-N100000-W-D30-D-R1,operational,redmi,true,variation,100000,100000,BN-100000-WORN,,front,lusuh,30,redup,10-50,back,not_required,,1,correct/reject/wrong/technical_error,,,,,,,,,,
OP-R-VAR-N100000-W-D30-D-R2,operational,redmi,true,variation,100000,100000,BN-100000-WORN,,front,lusuh,30,redup,10-50,back,not_required,,2,correct/reject/wrong/technical_error,,,,,,,,,,
OP-R-VAR-N100000-W-D30-B-R1,operational,redmi,true,variation,100000,100000,BN-100000-WORN,,front,lusuh,30,terang,800-1000,back,not_required,,1,correct/reject/wrong/technical_error,,,,,,,,,,
OP-R-VAR-N100000-W-D30-B-R2,operational,redmi,true,variation,100000,100000,BN-100000-WORN,,front,lusuh,30,terang,800-1000,back,not_required,,2,correct/reject/wrong/technical_error,,,,,,,,,,
OP-R-VAR-N100000-F-D10-D-R1,operational,redmi,true,variation,100000,100000,BN-100000-FOLDED,,front,terlipat,10,redup,10-50,back,not_required,,1,correct/reject/wrong/technical_error,,,,,,,,,,
OP-R-VAR-N100000-F-D10-D-R2,operational,redmi,true,variation,100000,100000,BN-100000-FOLDED,,front,terlipat,10,redup,10-50,back,not_required,,2,correct/reject/wrong/technical_error,,,,,,,,,,
OP-R-VAR-N100000-F-D10-B-R1,operational,redmi,true,variation,100000,100000,BN-100000-FOLDED,,front,terlipat,10,terang,800-1000,back,not_required,,1,correct/reject/wrong/technical_error,,,,,,,,,,
OP-R-VAR-N100000-F-D10-B-R2,operational,redmi,true,variation,100000,100000,BN-100000-FOLDED,,front,terlipat,10,terang,800-1000,back,not_required,,2,correct/reject/wrong/technical_error,,,,,,,,,,
OP-R-VAR-N100000-F-D30-D-R1,operational,redmi,true,variation,100000,100000,BN-100000-FOLDED,,front,terlipat,30,redup,10-50,back,not_required,,1,correct/reject/wrong/technical_error,,,,,,,,,,
OP-R-VAR-N100000-F-D30-D-R2,operational,redmi,true,variation,100000,100000,BN-100000-FOLDED,,front,terlipat,30,redup,10-50,back,not_required,,2,correct/reject/wrong/technical_error,,,,,,,,,,
OP-R-VAR-N100000-F-D30-B-R1,operational,redmi,true,variation,100000,100000,BN-100000-FOLDED,,front,terlipat,30,terang,800-1000,back,not_required,,1,correct/reject/wrong/technical_error,,,,,,,,,,
OP-R-VAR-N100000-F-D30-B-R2,operational,redmi,true,variation,100000,100000,BN-100000-FOLDED,,front,terlipat,30,terang,800-1000,back,not_required,,2,correct/reject/wrong/technical_error,,,,,,,,,,
OP-R-NM-HAND-REF-R1,operational,redmi,true,nonmoney_reference,,nonuang,NM-HAND-01,,,,20,normal,300-500,back,not_required,,1,reject_nonmoney / false_acceptance / technical_error,,,,,,,,,,
OP-R-NM-HAND-REF-R2,operational,redmi,true,nonmoney_reference,,nonuang,NM-HAND-01,,,,20,normal,300-500,back,not_required,,2,reject_nonmoney / false_acceptance / technical_error,,,,,,,,,,
OP-R-NM-HAND-REF-R3,operational,redmi,true,nonmoney_reference,,nonuang,NM-HAND-01,,,,20,normal,300-500,back,not_required,,3,reject_nonmoney / false_acceptance / technical_error,,,,,,,,,,
OP-R-NM-WALLET-REF-R1,operational,redmi,true,nonmoney_reference,,nonuang,NM-WALLET-01,,,,20,normal,300-500,back,not_required,,1,reject_nonmoney / false_acceptance / technical_error,,,,,,,,,,
OP-R-NM-WALLET-REF-R2,operational,redmi,true,nonmoney_reference,,nonuang,NM-WALLET-01,,,,20,normal,300-500,back,not_required,,2,reject_nonmoney / false_acceptance / technical_error,,,,,,,,,,
OP-R-NM-WALLET-REF-R3,operational,redmi,true,nonmoney_reference,,nonuang,NM-WALLET-01,,,,20,normal,300-500,back,not_required,,3,reject_nonmoney / false_acceptance / technical_error,,,,,,,,,,
OP-R-NM-CARD-REF-R1,operational,redmi,true,nonmoney_reference,,nonuang,NM-CARD-01,,,,20,normal,300-500,back,not_required,,1,reject_nonmoney / false_acceptance / technical_error,,,,,,,,,,
OP-R-NM-CARD-REF-R2,operational,redmi,true,nonmoney_reference,,nonuang,NM-CARD-01,,,,20,normal,300-500,back,not_required,,2,reject_nonmoney / false_acceptance / technical_error,,,,,,,,,,
OP-R-NM-CARD-REF-R3,operational,redmi,true,nonmoney_reference,,nonuang,NM-CARD-01,,,,20,normal,300-500,back,not_required,,3,reject_nonmoney / false_acceptance / technical_error,,,,,,,,,,
OP-R-NM-PAPER-REF-R1,operational,redmi,true,nonmoney_reference,,nonuang,NM-PAPER-01,,,,20,normal,300-500,back,not_required,,1,reject_nonmoney / false_acceptance / technical_error,,,,,,,,,,
OP-R-NM-PAPER-REF-R2,operational,redmi,true,nonmoney_reference,,nonuang,NM-PAPER-01,,,,20,normal,300-500,back,not_required,,2,reject_nonmoney / false_acceptance / technical_error,,,,,,,,,,
OP-R-NM-PAPER-REF-R3,operational,redmi,true,nonmoney_reference,,nonuang,NM-PAPER-01,,,,20,normal,300-500,back,not_required,,3,reject_nonmoney / false_acceptance / technical_error,,,,,,,,,,
OP-R-NM-BOOK-REF-R1,operational,redmi,true,nonmoney_reference,,nonuang,NM-BOOK-01,,,,20,normal,300-500,back,not_required,,1,reject_nonmoney / false_acceptance / technical_error,,,,,,,,,,
OP-R-NM-BOOK-REF-R2,operational,redmi,true,nonmoney_reference,,nonuang,NM-BOOK-01,,,,20,normal,300-500,back,not_required,,2,reject_nonmoney / false_acceptance / technical_error,,,,,,,,,,
OP-R-NM-BOOK-REF-R3,operational,redmi,true,nonmoney_reference,,nonuang,NM-BOOK-01,,,,20,normal,300-500,back,not_required,,3,reject_nonmoney / false_acceptance / technical_error,,,,,,,,,,
OP-R-NM-PHONE-REF-R1,operational,redmi,true,nonmoney_reference,,nonuang,NM-PHONE-01,,,,20,normal,300-500,back,not_required,,1,reject_nonmoney / false_acceptance / technical_error,,,,,,,,,,
OP-R-NM-PHONE-REF-R2,operational,redmi,true,nonmoney_reference,,nonuang,NM-PHONE-01,,,,20,normal,300-500,back,not_required,,2,reject_nonmoney / false_acceptance / technical_error,,,,,,,,,,
OP-R-NM-PHONE-REF-R3,operational,redmi,true,nonmoney_reference,,nonuang,NM-PHONE-01,,,,20,normal,300-500,back,not_required,,3,reject_nonmoney / false_acceptance / technical_error,,,,,,,,,,
OP-R-NM-PACKAGE-REF-R1,operational,redmi,true,nonmoney_reference,,nonuang,NM-PACKAGE-01,,,,20,normal,300-500,back,not_required,,1,reject_nonmoney / false_acceptance / technical_error,,,,,,,,,,
OP-R-NM-PACKAGE-REF-R2,operational,redmi,true,nonmoney_reference,,nonuang,NM-PACKAGE-01,,,,20,normal,300-500,back,not_required,,2,reject_nonmoney / false_acceptance / technical_error,,,,,,,,,,
OP-R-NM-PACKAGE-REF-R3,operational,redmi,true,nonmoney_reference,,nonuang,NM-PACKAGE-01,,,,20,normal,300-500,back,not_required,,3,reject_nonmoney / false_acceptance / technical_error,,,,,,,,,,
OP-R-NM-BG-REF-R1,operational,redmi,true,nonmoney_reference,,nonuang,NM-BG-01,,,,20,normal,300-500,back,not_required,,1,reject_nonmoney / false_acceptance / technical_error,,,,,,,,,,
OP-R-NM-BG-REF-R2,operational,redmi,true,nonmoney_reference,,nonuang,NM-BG-01,,,,20,normal,300-500,back,not_required,,2,reject_nonmoney / false_acceptance / technical_error,,,,,,,,,,
OP-R-NM-BG-REF-R3,operational,redmi,true,nonmoney_reference,,nonuang,NM-BG-01,,,,20,normal,300-500,back,not_required,,3,reject_nonmoney / false_acceptance / technical_error,,,,,,,,,,
OP-R-NM-WALLET-D10-D-R1,operational,redmi,true,nonmoney_variation,,nonuang,NM-WALLET-01,,,,10,redup,10-50,back,not_required,,1,reject_nonmoney / false_acceptance / technical_error,,,,,,,,,,
OP-R-NM-WALLET-D10-D-R2,operational,redmi,true,nonmoney_variation,,nonuang,NM-WALLET-01,,,,10,redup,10-50,back,not_required,,2,reject_nonmoney / false_acceptance / technical_error,,,,,,,,,,
OP-R-NM-WALLET-D10-D-R3,operational,redmi,true,nonmoney_variation,,nonuang,NM-WALLET-01,,,,10,redup,10-50,back,not_required,,3,reject_nonmoney / false_acceptance / technical_error,,,,,,,,,,
OP-R-NM-WALLET-D10-B-R1,operational,redmi,true,nonmoney_variation,,nonuang,NM-WALLET-01,,,,10,terang,800-1000,back,not_required,,1,reject_nonmoney / false_acceptance / technical_error,,,,,,,,,,
OP-R-NM-WALLET-D10-B-R2,operational,redmi,true,nonmoney_variation,,nonuang,NM-WALLET-01,,,,10,terang,800-1000,back,not_required,,2,reject_nonmoney / false_acceptance / technical_error,,,,,,,,,,
OP-R-NM-WALLET-D10-B-R3,operational,redmi,true,nonmoney_variation,,nonuang,NM-WALLET-01,,,,10,terang,800-1000,back,not_required,,3,reject_nonmoney / false_acceptance / technical_error,,,,,,,,,,
OP-R-NM-WALLET-D30-D-R1,operational,redmi,true,nonmoney_variation,,nonuang,NM-WALLET-01,,,,30,redup,10-50,back,not_required,,1,reject_nonmoney / false_acceptance / technical_error,,,,,,,,,,
OP-R-NM-WALLET-D30-D-R2,operational,redmi,true,nonmoney_variation,,nonuang,NM-WALLET-01,,,,30,redup,10-50,back,not_required,,2,reject_nonmoney / false_acceptance / technical_error,,,,,,,,,,
OP-R-NM-WALLET-D30-D-R3,operational,redmi,true,nonmoney_variation,,nonuang,NM-WALLET-01,,,,30,redup,10-50,back,not_required,,3,reject_nonmoney / false_acceptance / technical_error,,,,,,,,,,
OP-R-NM-WALLET-D30-B-R1,operational,redmi,true,nonmoney_variation,,nonuang,NM-WALLET-01,,,,30,terang,800-1000,back,not_required,,1,reject_nonmoney / false_acceptance / technical_error,,,,,,,,,,
OP-R-NM-WALLET-D30-B-R2,operational,redmi,true,nonmoney_variation,,nonuang,NM-WALLET-01,,,,30,terang,800-1000,back,not_required,,2,reject_nonmoney / false_acceptance / technical_error,,,,,,,,,,
OP-R-NM-WALLET-D30-B-R3,operational,redmi,true,nonmoney_variation,,nonuang,NM-WALLET-01,,,,30,terang,800-1000,back,not_required,,3,reject_nonmoney / false_acceptance / technical_error,,,,,,,,,,
LAT-P-WARMUP-R1,latency,poco,false,warmup,1000,1000,BN-1000-NORMAL,,front,normal,20,normal,300-500,back,true,false,1,"warmup only, exclude from latency statistics",,,,,,,,,,
LAT-P-WARMUP-R2,latency,poco,false,warmup,1000,1000,BN-1000-NORMAL,,front,normal,20,normal,300-500,back,true,false,2,"warmup only, exclude from latency statistics",,,,,,,,,,
LAT-P-WARMUP-R3,latency,poco,false,warmup,1000,1000,BN-1000-NORMAL,,front,normal,20,normal,300-500,back,true,false,3,"warmup only, exclude from latency statistics",,,,,,,,,,
LAT-P-N1000-R01,latency,poco,true,latency_e2e,1000,1000,BN-1000-NORMAL,,front,normal,20,normal,300-500,back,true,false,1,t0/t1/t2 recorded; nominal correct and TTS starts,,,,,,,,,,
LAT-P-N1000-R02,latency,poco,true,latency_e2e,1000,1000,BN-1000-NORMAL,,front,normal,20,normal,300-500,back,true,false,2,t0/t1/t2 recorded; nominal correct and TTS starts,,,,,,,,,,
LAT-P-N1000-R03,latency,poco,true,latency_e2e,1000,1000,BN-1000-NORMAL,,front,normal,20,normal,300-500,back,true,false,3,t0/t1/t2 recorded; nominal correct and TTS starts,,,,,,,,,,
LAT-P-N1000-R04,latency,poco,true,latency_e2e,1000,1000,BN-1000-NORMAL,,front,normal,20,normal,300-500,back,true,false,4,t0/t1/t2 recorded; nominal correct and TTS starts,,,,,,,,,,
LAT-P-N1000-R05,latency,poco,true,latency_e2e,1000,1000,BN-1000-NORMAL,,front,normal,20,normal,300-500,back,true,false,5,t0/t1/t2 recorded; nominal correct and TTS starts,,,,,,,,,,
LAT-P-N1000-R06,latency,poco,true,latency_e2e,1000,1000,BN-1000-NORMAL,,front,normal,20,normal,300-500,back,true,false,6,t0/t1/t2 recorded; nominal correct and TTS starts,,,,,,,,,,
LAT-P-N1000-R07,latency,poco,true,latency_e2e,1000,1000,BN-1000-NORMAL,,front,normal,20,normal,300-500,back,true,false,7,t0/t1/t2 recorded; nominal correct and TTS starts,,,,,,,,,,
LAT-P-N1000-R08,latency,poco,true,latency_e2e,1000,1000,BN-1000-NORMAL,,front,normal,20,normal,300-500,back,true,false,8,t0/t1/t2 recorded; nominal correct and TTS starts,,,,,,,,,,
LAT-P-N1000-R09,latency,poco,true,latency_e2e,1000,1000,BN-1000-NORMAL,,front,normal,20,normal,300-500,back,true,false,9,t0/t1/t2 recorded; nominal correct and TTS starts,,,,,,,,,,
LAT-P-N1000-R10,latency,poco,true,latency_e2e,1000,1000,BN-1000-NORMAL,,front,normal,20,normal,300-500,back,true,false,10,t0/t1/t2 recorded; nominal correct and TTS starts,,,,,,,,,,
LAT-P-N2000-R01,latency,poco,true,latency_e2e,2000,2000,BN-2000-NORMAL,,front,normal,20,normal,300-500,back,true,false,1,t0/t1/t2 recorded; nominal correct and TTS starts,,,,,,,,,,
LAT-P-N2000-R02,latency,poco,true,latency_e2e,2000,2000,BN-2000-NORMAL,,front,normal,20,normal,300-500,back,true,false,2,t0/t1/t2 recorded; nominal correct and TTS starts,,,,,,,,,,
LAT-P-N2000-R03,latency,poco,true,latency_e2e,2000,2000,BN-2000-NORMAL,,front,normal,20,normal,300-500,back,true,false,3,t0/t1/t2 recorded; nominal correct and TTS starts,,,,,,,,,,
LAT-P-N2000-R04,latency,poco,true,latency_e2e,2000,2000,BN-2000-NORMAL,,front,normal,20,normal,300-500,back,true,false,4,t0/t1/t2 recorded; nominal correct and TTS starts,,,,,,,,,,
LAT-P-N2000-R05,latency,poco,true,latency_e2e,2000,2000,BN-2000-NORMAL,,front,normal,20,normal,300-500,back,true,false,5,t0/t1/t2 recorded; nominal correct and TTS starts,,,,,,,,,,
LAT-P-N2000-R06,latency,poco,true,latency_e2e,2000,2000,BN-2000-NORMAL,,front,normal,20,normal,300-500,back,true,false,6,t0/t1/t2 recorded; nominal correct and TTS starts,,,,,,,,,,
LAT-P-N2000-R07,latency,poco,true,latency_e2e,2000,2000,BN-2000-NORMAL,,front,normal,20,normal,300-500,back,true,false,7,t0/t1/t2 recorded; nominal correct and TTS starts,,,,,,,,,,
LAT-P-N2000-R08,latency,poco,true,latency_e2e,2000,2000,BN-2000-NORMAL,,front,normal,20,normal,300-500,back,true,false,8,t0/t1/t2 recorded; nominal correct and TTS starts,,,,,,,,,,
LAT-P-N2000-R09,latency,poco,true,latency_e2e,2000,2000,BN-2000-NORMAL,,front,normal,20,normal,300-500,back,true,false,9,t0/t1/t2 recorded; nominal correct and TTS starts,,,,,,,,,,
LAT-P-N2000-R10,latency,poco,true,latency_e2e,2000,2000,BN-2000-NORMAL,,front,normal,20,normal,300-500,back,true,false,10,t0/t1/t2 recorded; nominal correct and TTS starts,,,,,,,,,,
LAT-P-N5000-R01,latency,poco,true,latency_e2e,5000,5000,BN-5000-NORMAL,,front,normal,20,normal,300-500,back,true,false,1,t0/t1/t2 recorded; nominal correct and TTS starts,,,,,,,,,,
LAT-P-N5000-R02,latency,poco,true,latency_e2e,5000,5000,BN-5000-NORMAL,,front,normal,20,normal,300-500,back,true,false,2,t0/t1/t2 recorded; nominal correct and TTS starts,,,,,,,,,,
LAT-P-N5000-R03,latency,poco,true,latency_e2e,5000,5000,BN-5000-NORMAL,,front,normal,20,normal,300-500,back,true,false,3,t0/t1/t2 recorded; nominal correct and TTS starts,,,,,,,,,,
LAT-P-N5000-R04,latency,poco,true,latency_e2e,5000,5000,BN-5000-NORMAL,,front,normal,20,normal,300-500,back,true,false,4,t0/t1/t2 recorded; nominal correct and TTS starts,,,,,,,,,,
LAT-P-N5000-R05,latency,poco,true,latency_e2e,5000,5000,BN-5000-NORMAL,,front,normal,20,normal,300-500,back,true,false,5,t0/t1/t2 recorded; nominal correct and TTS starts,,,,,,,,,,
LAT-P-N5000-R06,latency,poco,true,latency_e2e,5000,5000,BN-5000-NORMAL,,front,normal,20,normal,300-500,back,true,false,6,t0/t1/t2 recorded; nominal correct and TTS starts,,,,,,,,,,
LAT-P-N5000-R07,latency,poco,true,latency_e2e,5000,5000,BN-5000-NORMAL,,front,normal,20,normal,300-500,back,true,false,7,t0/t1/t2 recorded; nominal correct and TTS starts,,,,,,,,,,
LAT-P-N5000-R08,latency,poco,true,latency_e2e,5000,5000,BN-5000-NORMAL,,front,normal,20,normal,300-500,back,true,false,8,t0/t1/t2 recorded; nominal correct and TTS starts,,,,,,,,,,
LAT-P-N5000-R09,latency,poco,true,latency_e2e,5000,5000,BN-5000-NORMAL,,front,normal,20,normal,300-500,back,true,false,9,t0/t1/t2 recorded; nominal correct and TTS starts,,,,,,,,,,
LAT-P-N5000-R10,latency,poco,true,latency_e2e,5000,5000,BN-5000-NORMAL,,front,normal,20,normal,300-500,back,true,false,10,t0/t1/t2 recorded; nominal correct and TTS starts,,,,,,,,,,
LAT-P-N10000-R01,latency,poco,true,latency_e2e,10000,10000,BN-10000-NORMAL,,front,normal,20,normal,300-500,back,true,false,1,t0/t1/t2 recorded; nominal correct and TTS starts,,,,,,,,,,
LAT-P-N10000-R02,latency,poco,true,latency_e2e,10000,10000,BN-10000-NORMAL,,front,normal,20,normal,300-500,back,true,false,2,t0/t1/t2 recorded; nominal correct and TTS starts,,,,,,,,,,
LAT-P-N10000-R03,latency,poco,true,latency_e2e,10000,10000,BN-10000-NORMAL,,front,normal,20,normal,300-500,back,true,false,3,t0/t1/t2 recorded; nominal correct and TTS starts,,,,,,,,,,
LAT-P-N10000-R04,latency,poco,true,latency_e2e,10000,10000,BN-10000-NORMAL,,front,normal,20,normal,300-500,back,true,false,4,t0/t1/t2 recorded; nominal correct and TTS starts,,,,,,,,,,
LAT-P-N10000-R05,latency,poco,true,latency_e2e,10000,10000,BN-10000-NORMAL,,front,normal,20,normal,300-500,back,true,false,5,t0/t1/t2 recorded; nominal correct and TTS starts,,,,,,,,,,
LAT-P-N10000-R06,latency,poco,true,latency_e2e,10000,10000,BN-10000-NORMAL,,front,normal,20,normal,300-500,back,true,false,6,t0/t1/t2 recorded; nominal correct and TTS starts,,,,,,,,,,
LAT-P-N10000-R07,latency,poco,true,latency_e2e,10000,10000,BN-10000-NORMAL,,front,normal,20,normal,300-500,back,true,false,7,t0/t1/t2 recorded; nominal correct and TTS starts,,,,,,,,,,
LAT-P-N10000-R08,latency,poco,true,latency_e2e,10000,10000,BN-10000-NORMAL,,front,normal,20,normal,300-500,back,true,false,8,t0/t1/t2 recorded; nominal correct and TTS starts,,,,,,,,,,
LAT-P-N10000-R09,latency,poco,true,latency_e2e,10000,10000,BN-10000-NORMAL,,front,normal,20,normal,300-500,back,true,false,9,t0/t1/t2 recorded; nominal correct and TTS starts,,,,,,,,,,
LAT-P-N10000-R10,latency,poco,true,latency_e2e,10000,10000,BN-10000-NORMAL,,front,normal,20,normal,300-500,back,true,false,10,t0/t1/t2 recorded; nominal correct and TTS starts,,,,,,,,,,
LAT-P-N20000-R01,latency,poco,true,latency_e2e,20000,20000,BN-20000-NORMAL,,front,normal,20,normal,300-500,back,true,false,1,t0/t1/t2 recorded; nominal correct and TTS starts,,,,,,,,,,
LAT-P-N20000-R02,latency,poco,true,latency_e2e,20000,20000,BN-20000-NORMAL,,front,normal,20,normal,300-500,back,true,false,2,t0/t1/t2 recorded; nominal correct and TTS starts,,,,,,,,,,
LAT-P-N20000-R03,latency,poco,true,latency_e2e,20000,20000,BN-20000-NORMAL,,front,normal,20,normal,300-500,back,true,false,3,t0/t1/t2 recorded; nominal correct and TTS starts,,,,,,,,,,
LAT-P-N20000-R04,latency,poco,true,latency_e2e,20000,20000,BN-20000-NORMAL,,front,normal,20,normal,300-500,back,true,false,4,t0/t1/t2 recorded; nominal correct and TTS starts,,,,,,,,,,
LAT-P-N20000-R05,latency,poco,true,latency_e2e,20000,20000,BN-20000-NORMAL,,front,normal,20,normal,300-500,back,true,false,5,t0/t1/t2 recorded; nominal correct and TTS starts,,,,,,,,,,
LAT-P-N20000-R06,latency,poco,true,latency_e2e,20000,20000,BN-20000-NORMAL,,front,normal,20,normal,300-500,back,true,false,6,t0/t1/t2 recorded; nominal correct and TTS starts,,,,,,,,,,
LAT-P-N20000-R07,latency,poco,true,latency_e2e,20000,20000,BN-20000-NORMAL,,front,normal,20,normal,300-500,back,true,false,7,t0/t1/t2 recorded; nominal correct and TTS starts,,,,,,,,,,
LAT-P-N20000-R08,latency,poco,true,latency_e2e,20000,20000,BN-20000-NORMAL,,front,normal,20,normal,300-500,back,true,false,8,t0/t1/t2 recorded; nominal correct and TTS starts,,,,,,,,,,
LAT-P-N20000-R09,latency,poco,true,latency_e2e,20000,20000,BN-20000-NORMAL,,front,normal,20,normal,300-500,back,true,false,9,t0/t1/t2 recorded; nominal correct and TTS starts,,,,,,,,,,
LAT-P-N20000-R10,latency,poco,true,latency_e2e,20000,20000,BN-20000-NORMAL,,front,normal,20,normal,300-500,back,true,false,10,t0/t1/t2 recorded; nominal correct and TTS starts,,,,,,,,,,
LAT-P-N50000-R01,latency,poco,true,latency_e2e,50000,50000,BN-50000-NORMAL,,front,normal,20,normal,300-500,back,true,false,1,t0/t1/t2 recorded; nominal correct and TTS starts,,,,,,,,,,
LAT-P-N50000-R02,latency,poco,true,latency_e2e,50000,50000,BN-50000-NORMAL,,front,normal,20,normal,300-500,back,true,false,2,t0/t1/t2 recorded; nominal correct and TTS starts,,,,,,,,,,
LAT-P-N50000-R03,latency,poco,true,latency_e2e,50000,50000,BN-50000-NORMAL,,front,normal,20,normal,300-500,back,true,false,3,t0/t1/t2 recorded; nominal correct and TTS starts,,,,,,,,,,
LAT-P-N50000-R04,latency,poco,true,latency_e2e,50000,50000,BN-50000-NORMAL,,front,normal,20,normal,300-500,back,true,false,4,t0/t1/t2 recorded; nominal correct and TTS starts,,,,,,,,,,
LAT-P-N50000-R05,latency,poco,true,latency_e2e,50000,50000,BN-50000-NORMAL,,front,normal,20,normal,300-500,back,true,false,5,t0/t1/t2 recorded; nominal correct and TTS starts,,,,,,,,,,
LAT-P-N50000-R06,latency,poco,true,latency_e2e,50000,50000,BN-50000-NORMAL,,front,normal,20,normal,300-500,back,true,false,6,t0/t1/t2 recorded; nominal correct and TTS starts,,,,,,,,,,
LAT-P-N50000-R07,latency,poco,true,latency_e2e,50000,50000,BN-50000-NORMAL,,front,normal,20,normal,300-500,back,true,false,7,t0/t1/t2 recorded; nominal correct and TTS starts,,,,,,,,,,
LAT-P-N50000-R08,latency,poco,true,latency_e2e,50000,50000,BN-50000-NORMAL,,front,normal,20,normal,300-500,back,true,false,8,t0/t1/t2 recorded; nominal correct and TTS starts,,,,,,,,,,
LAT-P-N50000-R09,latency,poco,true,latency_e2e,50000,50000,BN-50000-NORMAL,,front,normal,20,normal,300-500,back,true,false,9,t0/t1/t2 recorded; nominal correct and TTS starts,,,,,,,,,,
LAT-P-N50000-R10,latency,poco,true,latency_e2e,50000,50000,BN-50000-NORMAL,,front,normal,20,normal,300-500,back,true,false,10,t0/t1/t2 recorded; nominal correct and TTS starts,,,,,,,,,,
LAT-P-N100000-R01,latency,poco,true,latency_e2e,100000,100000,BN-100000-NORMAL,,front,normal,20,normal,300-500,back,true,false,1,t0/t1/t2 recorded; nominal correct and TTS starts,,,,,,,,,,
LAT-P-N100000-R02,latency,poco,true,latency_e2e,100000,100000,BN-100000-NORMAL,,front,normal,20,normal,300-500,back,true,false,2,t0/t1/t2 recorded; nominal correct and TTS starts,,,,,,,,,,
LAT-P-N100000-R03,latency,poco,true,latency_e2e,100000,100000,BN-100000-NORMAL,,front,normal,20,normal,300-500,back,true,false,3,t0/t1/t2 recorded; nominal correct and TTS starts,,,,,,,,,,
LAT-P-N100000-R04,latency,poco,true,latency_e2e,100000,100000,BN-100000-NORMAL,,front,normal,20,normal,300-500,back,true,false,4,t0/t1/t2 recorded; nominal correct and TTS starts,,,,,,,,,,
LAT-P-N100000-R05,latency,poco,true,latency_e2e,100000,100000,BN-100000-NORMAL,,front,normal,20,normal,300-500,back,true,false,5,t0/t1/t2 recorded; nominal correct and TTS starts,,,,,,,,,,
LAT-P-N100000-R06,latency,poco,true,latency_e2e,100000,100000,BN-100000-NORMAL,,front,normal,20,normal,300-500,back,true,false,6,t0/t1/t2 recorded; nominal correct and TTS starts,,,,,,,,,,
LAT-P-N100000-R07,latency,poco,true,latency_e2e,100000,100000,BN-100000-NORMAL,,front,normal,20,normal,300-500,back,true,false,7,t0/t1/t2 recorded; nominal correct and TTS starts,,,,,,,,,,
LAT-P-N100000-R08,latency,poco,true,latency_e2e,100000,100000,BN-100000-NORMAL,,front,normal,20,normal,300-500,back,true,false,8,t0/t1/t2 recorded; nominal correct and TTS starts,,,,,,,,,,
LAT-P-N100000-R09,latency,poco,true,latency_e2e,100000,100000,BN-100000-NORMAL,,front,normal,20,normal,300-500,back,true,false,9,t0/t1/t2 recorded; nominal correct and TTS starts,,,,,,,,,,
LAT-P-N100000-R10,latency,poco,true,latency_e2e,100000,100000,BN-100000-NORMAL,,front,normal,20,normal,300-500,back,true,false,10,t0/t1/t2 recorded; nominal correct and TTS starts,,,,,,,,,,
LAT-R-WARMUP-R1,latency,redmi,false,warmup,1000,1000,BN-1000-NORMAL,,front,normal,20,normal,300-500,back,true,false,1,"warmup only, exclude from latency statistics",,,,,,,,,,
LAT-R-WARMUP-R2,latency,redmi,false,warmup,1000,1000,BN-1000-NORMAL,,front,normal,20,normal,300-500,back,true,false,2,"warmup only, exclude from latency statistics",,,,,,,,,,
LAT-R-WARMUP-R3,latency,redmi,false,warmup,1000,1000,BN-1000-NORMAL,,front,normal,20,normal,300-500,back,true,false,3,"warmup only, exclude from latency statistics",,,,,,,,,,
LAT-R-N1000-R01,latency,redmi,true,latency_e2e,1000,1000,BN-1000-NORMAL,,front,normal,20,normal,300-500,back,true,false,1,t0/t1/t2 recorded; nominal correct and TTS starts,,,,,,,,,,
LAT-R-N1000-R02,latency,redmi,true,latency_e2e,1000,1000,BN-1000-NORMAL,,front,normal,20,normal,300-500,back,true,false,2,t0/t1/t2 recorded; nominal correct and TTS starts,,,,,,,,,,
LAT-R-N1000-R03,latency,redmi,true,latency_e2e,1000,1000,BN-1000-NORMAL,,front,normal,20,normal,300-500,back,true,false,3,t0/t1/t2 recorded; nominal correct and TTS starts,,,,,,,,,,
LAT-R-N1000-R04,latency,redmi,true,latency_e2e,1000,1000,BN-1000-NORMAL,,front,normal,20,normal,300-500,back,true,false,4,t0/t1/t2 recorded; nominal correct and TTS starts,,,,,,,,,,
LAT-R-N1000-R05,latency,redmi,true,latency_e2e,1000,1000,BN-1000-NORMAL,,front,normal,20,normal,300-500,back,true,false,5,t0/t1/t2 recorded; nominal correct and TTS starts,,,,,,,,,,
LAT-R-N1000-R06,latency,redmi,true,latency_e2e,1000,1000,BN-1000-NORMAL,,front,normal,20,normal,300-500,back,true,false,6,t0/t1/t2 recorded; nominal correct and TTS starts,,,,,,,,,,
LAT-R-N1000-R07,latency,redmi,true,latency_e2e,1000,1000,BN-1000-NORMAL,,front,normal,20,normal,300-500,back,true,false,7,t0/t1/t2 recorded; nominal correct and TTS starts,,,,,,,,,,
LAT-R-N1000-R08,latency,redmi,true,latency_e2e,1000,1000,BN-1000-NORMAL,,front,normal,20,normal,300-500,back,true,false,8,t0/t1/t2 recorded; nominal correct and TTS starts,,,,,,,,,,
LAT-R-N1000-R09,latency,redmi,true,latency_e2e,1000,1000,BN-1000-NORMAL,,front,normal,20,normal,300-500,back,true,false,9,t0/t1/t2 recorded; nominal correct and TTS starts,,,,,,,,,,
LAT-R-N1000-R10,latency,redmi,true,latency_e2e,1000,1000,BN-1000-NORMAL,,front,normal,20,normal,300-500,back,true,false,10,t0/t1/t2 recorded; nominal correct and TTS starts,,,,,,,,,,
LAT-R-N2000-R01,latency,redmi,true,latency_e2e,2000,2000,BN-2000-NORMAL,,front,normal,20,normal,300-500,back,true,false,1,t0/t1/t2 recorded; nominal correct and TTS starts,,,,,,,,,,
LAT-R-N2000-R02,latency,redmi,true,latency_e2e,2000,2000,BN-2000-NORMAL,,front,normal,20,normal,300-500,back,true,false,2,t0/t1/t2 recorded; nominal correct and TTS starts,,,,,,,,,,
LAT-R-N2000-R03,latency,redmi,true,latency_e2e,2000,2000,BN-2000-NORMAL,,front,normal,20,normal,300-500,back,true,false,3,t0/t1/t2 recorded; nominal correct and TTS starts,,,,,,,,,,
LAT-R-N2000-R04,latency,redmi,true,latency_e2e,2000,2000,BN-2000-NORMAL,,front,normal,20,normal,300-500,back,true,false,4,t0/t1/t2 recorded; nominal correct and TTS starts,,,,,,,,,,
LAT-R-N2000-R05,latency,redmi,true,latency_e2e,2000,2000,BN-2000-NORMAL,,front,normal,20,normal,300-500,back,true,false,5,t0/t1/t2 recorded; nominal correct and TTS starts,,,,,,,,,,
LAT-R-N2000-R06,latency,redmi,true,latency_e2e,2000,2000,BN-2000-NORMAL,,front,normal,20,normal,300-500,back,true,false,6,t0/t1/t2 recorded; nominal correct and TTS starts,,,,,,,,,,
LAT-R-N2000-R07,latency,redmi,true,latency_e2e,2000,2000,BN-2000-NORMAL,,front,normal,20,normal,300-500,back,true,false,7,t0/t1/t2 recorded; nominal correct and TTS starts,,,,,,,,,,
LAT-R-N2000-R08,latency,redmi,true,latency_e2e,2000,2000,BN-2000-NORMAL,,front,normal,20,normal,300-500,back,true,false,8,t0/t1/t2 recorded; nominal correct and TTS starts,,,,,,,,,,
LAT-R-N2000-R09,latency,redmi,true,latency_e2e,2000,2000,BN-2000-NORMAL,,front,normal,20,normal,300-500,back,true,false,9,t0/t1/t2 recorded; nominal correct and TTS starts,,,,,,,,,,
LAT-R-N2000-R10,latency,redmi,true,latency_e2e,2000,2000,BN-2000-NORMAL,,front,normal,20,normal,300-500,back,true,false,10,t0/t1/t2 recorded; nominal correct and TTS starts,,,,,,,,,,
LAT-R-N5000-R01,latency,redmi,true,latency_e2e,5000,5000,BN-5000-NORMAL,,front,normal,20,normal,300-500,back,true,false,1,t0/t1/t2 recorded; nominal correct and TTS starts,,,,,,,,,,
LAT-R-N5000-R02,latency,redmi,true,latency_e2e,5000,5000,BN-5000-NORMAL,,front,normal,20,normal,300-500,back,true,false,2,t0/t1/t2 recorded; nominal correct and TTS starts,,,,,,,,,,
LAT-R-N5000-R03,latency,redmi,true,latency_e2e,5000,5000,BN-5000-NORMAL,,front,normal,20,normal,300-500,back,true,false,3,t0/t1/t2 recorded; nominal correct and TTS starts,,,,,,,,,,
LAT-R-N5000-R04,latency,redmi,true,latency_e2e,5000,5000,BN-5000-NORMAL,,front,normal,20,normal,300-500,back,true,false,4,t0/t1/t2 recorded; nominal correct and TTS starts,,,,,,,,,,
LAT-R-N5000-R05,latency,redmi,true,latency_e2e,5000,5000,BN-5000-NORMAL,,front,normal,20,normal,300-500,back,true,false,5,t0/t1/t2 recorded; nominal correct and TTS starts,,,,,,,,,,
LAT-R-N5000-R06,latency,redmi,true,latency_e2e,5000,5000,BN-5000-NORMAL,,front,normal,20,normal,300-500,back,true,false,6,t0/t1/t2 recorded; nominal correct and TTS starts,,,,,,,,,,
LAT-R-N5000-R07,latency,redmi,true,latency_e2e,5000,5000,BN-5000-NORMAL,,front,normal,20,normal,300-500,back,true,false,7,t0/t1/t2 recorded; nominal correct and TTS starts,,,,,,,,,,
LAT-R-N5000-R08,latency,redmi,true,latency_e2e,5000,5000,BN-5000-NORMAL,,front,normal,20,normal,300-500,back,true,false,8,t0/t1/t2 recorded; nominal correct and TTS starts,,,,,,,,,,
LAT-R-N5000-R09,latency,redmi,true,latency_e2e,5000,5000,BN-5000-NORMAL,,front,normal,20,normal,300-500,back,true,false,9,t0/t1/t2 recorded; nominal correct and TTS starts,,,,,,,,,,
LAT-R-N5000-R10,latency,redmi,true,latency_e2e,5000,5000,BN-5000-NORMAL,,front,normal,20,normal,300-500,back,true,false,10,t0/t1/t2 recorded; nominal correct and TTS starts,,,,,,,,,,
LAT-R-N10000-R01,latency,redmi,true,latency_e2e,10000,10000,BN-10000-NORMAL,,front,normal,20,normal,300-500,back,true,false,1,t0/t1/t2 recorded; nominal correct and TTS starts,,,,,,,,,,
LAT-R-N10000-R02,latency,redmi,true,latency_e2e,10000,10000,BN-10000-NORMAL,,front,normal,20,normal,300-500,back,true,false,2,t0/t1/t2 recorded; nominal correct and TTS starts,,,,,,,,,,
LAT-R-N10000-R03,latency,redmi,true,latency_e2e,10000,10000,BN-10000-NORMAL,,front,normal,20,normal,300-500,back,true,false,3,t0/t1/t2 recorded; nominal correct and TTS starts,,,,,,,,,,
LAT-R-N10000-R04,latency,redmi,true,latency_e2e,10000,10000,BN-10000-NORMAL,,front,normal,20,normal,300-500,back,true,false,4,t0/t1/t2 recorded; nominal correct and TTS starts,,,,,,,,,,
LAT-R-N10000-R05,latency,redmi,true,latency_e2e,10000,10000,BN-10000-NORMAL,,front,normal,20,normal,300-500,back,true,false,5,t0/t1/t2 recorded; nominal correct and TTS starts,,,,,,,,,,
LAT-R-N10000-R06,latency,redmi,true,latency_e2e,10000,10000,BN-10000-NORMAL,,front,normal,20,normal,300-500,back,true,false,6,t0/t1/t2 recorded; nominal correct and TTS starts,,,,,,,,,,
LAT-R-N10000-R07,latency,redmi,true,latency_e2e,10000,10000,BN-10000-NORMAL,,front,normal,20,normal,300-500,back,true,false,7,t0/t1/t2 recorded; nominal correct and TTS starts,,,,,,,,,,
LAT-R-N10000-R08,latency,redmi,true,latency_e2e,10000,10000,BN-10000-NORMAL,,front,normal,20,normal,300-500,back,true,false,8,t0/t1/t2 recorded; nominal correct and TTS starts,,,,,,,,,,
LAT-R-N10000-R09,latency,redmi,true,latency_e2e,10000,10000,BN-10000-NORMAL,,front,normal,20,normal,300-500,back,true,false,9,t0/t1/t2 recorded; nominal correct and TTS starts,,,,,,,,,,
LAT-R-N10000-R10,latency,redmi,true,latency_e2e,10000,10000,BN-10000-NORMAL,,front,normal,20,normal,300-500,back,true,false,10,t0/t1/t2 recorded; nominal correct and TTS starts,,,,,,,,,,
LAT-R-N20000-R01,latency,redmi,true,latency_e2e,20000,20000,BN-20000-NORMAL,,front,normal,20,normal,300-500,back,true,false,1,t0/t1/t2 recorded; nominal correct and TTS starts,,,,,,,,,,
LAT-R-N20000-R02,latency,redmi,true,latency_e2e,20000,20000,BN-20000-NORMAL,,front,normal,20,normal,300-500,back,true,false,2,t0/t1/t2 recorded; nominal correct and TTS starts,,,,,,,,,,
LAT-R-N20000-R03,latency,redmi,true,latency_e2e,20000,20000,BN-20000-NORMAL,,front,normal,20,normal,300-500,back,true,false,3,t0/t1/t2 recorded; nominal correct and TTS starts,,,,,,,,,,
LAT-R-N20000-R04,latency,redmi,true,latency_e2e,20000,20000,BN-20000-NORMAL,,front,normal,20,normal,300-500,back,true,false,4,t0/t1/t2 recorded; nominal correct and TTS starts,,,,,,,,,,
LAT-R-N20000-R05,latency,redmi,true,latency_e2e,20000,20000,BN-20000-NORMAL,,front,normal,20,normal,300-500,back,true,false,5,t0/t1/t2 recorded; nominal correct and TTS starts,,,,,,,,,,
LAT-R-N20000-R06,latency,redmi,true,latency_e2e,20000,20000,BN-20000-NORMAL,,front,normal,20,normal,300-500,back,true,false,6,t0/t1/t2 recorded; nominal correct and TTS starts,,,,,,,,,,
LAT-R-N20000-R07,latency,redmi,true,latency_e2e,20000,20000,BN-20000-NORMAL,,front,normal,20,normal,300-500,back,true,false,7,t0/t1/t2 recorded; nominal correct and TTS starts,,,,,,,,,,
LAT-R-N20000-R08,latency,redmi,true,latency_e2e,20000,20000,BN-20000-NORMAL,,front,normal,20,normal,300-500,back,true,false,8,t0/t1/t2 recorded; nominal correct and TTS starts,,,,,,,,,,
LAT-R-N20000-R09,latency,redmi,true,latency_e2e,20000,20000,BN-20000-NORMAL,,front,normal,20,normal,300-500,back,true,false,9,t0/t1/t2 recorded; nominal correct and TTS starts,,,,,,,,,,
LAT-R-N20000-R10,latency,redmi,true,latency_e2e,20000,20000,BN-20000-NORMAL,,front,normal,20,normal,300-500,back,true,false,10,t0/t1/t2 recorded; nominal correct and TTS starts,,,,,,,,,,
LAT-R-N50000-R01,latency,redmi,true,latency_e2e,50000,50000,BN-50000-NORMAL,,front,normal,20,normal,300-500,back,true,false,1,t0/t1/t2 recorded; nominal correct and TTS starts,,,,,,,,,,
LAT-R-N50000-R02,latency,redmi,true,latency_e2e,50000,50000,BN-50000-NORMAL,,front,normal,20,normal,300-500,back,true,false,2,t0/t1/t2 recorded; nominal correct and TTS starts,,,,,,,,,,
LAT-R-N50000-R03,latency,redmi,true,latency_e2e,50000,50000,BN-50000-NORMAL,,front,normal,20,normal,300-500,back,true,false,3,t0/t1/t2 recorded; nominal correct and TTS starts,,,,,,,,,,
LAT-R-N50000-R04,latency,redmi,true,latency_e2e,50000,50000,BN-50000-NORMAL,,front,normal,20,normal,300-500,back,true,false,4,t0/t1/t2 recorded; nominal correct and TTS starts,,,,,,,,,,
LAT-R-N50000-R05,latency,redmi,true,latency_e2e,50000,50000,BN-50000-NORMAL,,front,normal,20,normal,300-500,back,true,false,5,t0/t1/t2 recorded; nominal correct and TTS starts,,,,,,,,,,
LAT-R-N50000-R06,latency,redmi,true,latency_e2e,50000,50000,BN-50000-NORMAL,,front,normal,20,normal,300-500,back,true,false,6,t0/t1/t2 recorded; nominal correct and TTS starts,,,,,,,,,,
LAT-R-N50000-R07,latency,redmi,true,latency_e2e,50000,50000,BN-50000-NORMAL,,front,normal,20,normal,300-500,back,true,false,7,t0/t1/t2 recorded; nominal correct and TTS starts,,,,,,,,,,
LAT-R-N50000-R08,latency,redmi,true,latency_e2e,50000,50000,BN-50000-NORMAL,,front,normal,20,normal,300-500,back,true,false,8,t0/t1/t2 recorded; nominal correct and TTS starts,,,,,,,,,,
LAT-R-N50000-R09,latency,redmi,true,latency_e2e,50000,50000,BN-50000-NORMAL,,front,normal,20,normal,300-500,back,true,false,9,t0/t1/t2 recorded; nominal correct and TTS starts,,,,,,,,,,
LAT-R-N50000-R10,latency,redmi,true,latency_e2e,50000,50000,BN-50000-NORMAL,,front,normal,20,normal,300-500,back,true,false,10,t0/t1/t2 recorded; nominal correct and TTS starts,,,,,,,,,,
LAT-R-N100000-R01,latency,redmi,true,latency_e2e,100000,100000,BN-100000-NORMAL,,front,normal,20,normal,300-500,back,true,false,1,t0/t1/t2 recorded; nominal correct and TTS starts,,,,,,,,,,
LAT-R-N100000-R02,latency,redmi,true,latency_e2e,100000,100000,BN-100000-NORMAL,,front,normal,20,normal,300-500,back,true,false,2,t0/t1/t2 recorded; nominal correct and TTS starts,,,,,,,,,,
LAT-R-N100000-R03,latency,redmi,true,latency_e2e,100000,100000,BN-100000-NORMAL,,front,normal,20,normal,300-500,back,true,false,3,t0/t1/t2 recorded; nominal correct and TTS starts,,,,,,,,,,
LAT-R-N100000-R04,latency,redmi,true,latency_e2e,100000,100000,BN-100000-NORMAL,,front,normal,20,normal,300-500,back,true,false,4,t0/t1/t2 recorded; nominal correct and TTS starts,,,,,,,,,,
LAT-R-N100000-R05,latency,redmi,true,latency_e2e,100000,100000,BN-100000-NORMAL,,front,normal,20,normal,300-500,back,true,false,5,t0/t1/t2 recorded; nominal correct and TTS starts,,,,,,,,,,
LAT-R-N100000-R06,latency,redmi,true,latency_e2e,100000,100000,BN-100000-NORMAL,,front,normal,20,normal,300-500,back,true,false,6,t0/t1/t2 recorded; nominal correct and TTS starts,,,,,,,,,,
LAT-R-N100000-R07,latency,redmi,true,latency_e2e,100000,100000,BN-100000-NORMAL,,front,normal,20,normal,300-500,back,true,false,7,t0/t1/t2 recorded; nominal correct and TTS starts,,,,,,,,,,
LAT-R-N100000-R08,latency,redmi,true,latency_e2e,100000,100000,BN-100000-NORMAL,,front,normal,20,normal,300-500,back,true,false,8,t0/t1/t2 recorded; nominal correct and TTS starts,,,,,,,,,,
LAT-R-N100000-R09,latency,redmi,true,latency_e2e,100000,100000,BN-100000-NORMAL,,front,normal,20,normal,300-500,back,true,false,9,t0/t1/t2 recorded; nominal correct and TTS starts,,,,,,,,,,
LAT-R-N100000-R10,latency,redmi,true,latency_e2e,100000,100000,BN-100000-NORMAL,,front,normal,20,normal,300-500,back,true,false,10,t0/t1/t2 recorded; nominal correct and TTS starts,,,,,,,,,,
