image_id,file_name,reason
2823,ds10_train_PXL_20260119_022119172_jpg.rf.dddb9e17991fd416ed0a24c5f2a09ef2.jpg,no_annotation
3482,ds10_valid_PXL_20260123_060006111_jpg.rf.1c6d8213d81a1e03a287887f518b9533.jpg,no_annotation
3516,ds10_valid_PXL_20260119_041351697_jpg.rf.6f94335458aaddf78d70095ae9c8479d.jpg,no_annotation
3595,ds10_test_PXL_20260119_022016324_jpg.rf.9d834616eb5a8dedc3d3e22a029cf054.jpg,no_annotation
4005,ds2_train_1k_depan_mp4-0914_jpg.rf.4be0709b6c5b69e9e62e81e5e0ace572.jpg,no_annotation
6709,ds4_train_75ribu-119-_jpg.rf.247423abdb2269a173339d699a0a7ae0.jpg,no_annotation
6730,ds4_train_75ribu-52-_jpg.rf.56de054bc1e6b928348ebd03af302003.jpg,no_annotation
6797,ds4_train_75ribu-77-_jpg.rf.bf340af8c27478811f9ee32c324fb300.jpg,no_annotation
6914,ds4_train_75ribu-134-_jpg.rf.13b53dce47d5dc3344d16c432280134a.jpg,no_annotation
7391,ds4_train_75ribu-9-_jpg.rf.1f6da25a44a4b0fcd07f0d2f8f6b553e.jpg,no_annotation
7394,ds4_train_75ribu-4-_jpg.rf.006cca9c8f2466f5f720de22bf0aa5a8.jpg,no_annotation
7405,ds4_train_75ribu-6-_jpg.rf.abdc9c2cc2e60199e412e05d5911cda5.jpg,no_annotation
7408,ds4_train_75ribu-1-_jpg.rf.ea1211af2e98ca2456d1476bef0291a8.jpg,no_annotation
7409,ds4_train_75ribu-8-_jpg.rf.f27645c18e58e77c3a9fa780f81f9a77.jpg,no_annotation
7412,ds4_train_75ribu-2-_jpg.rf.a1a81c280c7509b48bb9d167d826f5d1.jpg,no_annotation
7566,ds4_train_75ribu-5-_jpg.rf.28d8d84961ab3b5c36b82ec5412f4f52.jpg,no_annotation
7572,ds4_train_75ribu-6-_jpg.rf.8aecc65f9afc21f5606a1ab63512f5a2.jpg,no_annotation
7575,ds4_train_75ribu-9-_jpg.rf.4a25d4c954a5464a988c5ba75cf08d6f.jpg,no_annotation
7576,ds4_train_75ribu-4-_jpg.rf.b08478d076f7b4f7c0201969b17d54fe.jpg,no_annotation
7582,ds4_train_75ribu-2-_jpg.rf.df0fd7d7c7d1797bb33f18814c4a8e94.jpg,no_annotation
7587,ds4_train_75ribu-1-_jpg.rf.d08243b42fbe71baa7618a72cf72ffdf.jpg,no_annotation
7589,ds4_train_75ribu-8-_jpg.rf.f8b329d326ee66a4129fbcc63aa6ecd7.jpg,no_annotation
8059,ds4_train_75ribu-5-_jpg.rf.fb22a51c802e97fb5eea600865685d8a.jpg,no_annotation
8083,ds4_train_75ribu-3-_jpg.rf.d83ba257402d2dc37d43b34d53eadf7b.jpg,no_annotation
8218,ds4_train_75ribu-3-_jpg.rf.64c551232809d5de4e65bd0979f4d735.jpg,no_annotation
8333,ds4_train_75ribu-40-_jpg.rf.23b3ab09cdaa1c7fe7becb4c9408d24a.jpg,no_annotation
8334,ds4_train_75ribu-7-_jpg.rf.2575e2187c884b23d0f09faa26e8ec94.jpg,no_annotation
8335,ds4_train_75ribu-38-_jpg.rf.27537c7aedda77dbb5783110cbb9cdb4.jpg,no_annotation
8336,ds4_train_75ribu-37-_jpg.rf.2cf056d5b81a78d483e0c2a9f0e36335.jpg,no_annotation
8337,ds4_train_75ribu-42-_jpg.rf.41f186f6dbdb88aeac9386bd5b7b67da.jpg,no_annotation
8338,ds4_train_75ribu-41-_jpg.rf.442caa509bce24e5f7aa67a5c44359ed.jpg,no_annotation
8339,ds4_train_75ribu-39-_jpg.rf.4eb2b576c865d19af7dc7b9f211c430e.jpg,no_annotation
8340,ds4_train_75ribu-4-_jpg.rf.5c5a90ec283387efe84336563adada4b.jpg,no_annotation
8342,ds4_train_75ribu-45-_jpg.rf.63c0013dc12a3ca018d9987a0c983398.jpg,no_annotation
8344,ds4_train_75ribu-43-_jpg.rf.97af4a1453a6f214f68f6e2a7388263e.jpg,no_annotation
8348,ds4_train_75ribu-36-_jpg.rf.cc4bf4c11c1217234eb5e846bd0ae251.jpg,no_annotation
8350,ds4_train_75ribu-46-_jpg.rf.dc3fee9a05473303464e6f9645a2a40b.jpg,no_annotation
8369,ds4_train_75ribu-30-_jpg.rf.66e491974b08d25ba7df6bef299ebde2.jpg,no_annotation
8372,ds4_train_75ribu-35-_jpg.rf.b3140ed38734bb888b1d9797d310a116.jpg,no_annotation
8386,ds4_train_75ribu-33-_jpg.rf.227d92b397c5673a7fbe427b4906e356.jpg,no_annotation
8542,ds4_train_75ribu-26-_jpg.rf.e8d5b26596f1e9d3cb469c62056b9382.jpg,no_annotation
8545,ds4_train_75ribu-19-_jpg.rf.20b45ed23e279752371532990ae5fdbd.jpg,no_annotation
8549,ds4_train_75ribu-23-_jpg.rf.eff5007a89ab82bf4ad98ac0b0a07e2d.jpg,no_annotation
8566,ds4_train_75ribu-36-_jpg.rf.d313580399dcab42eb1739ed936409b2.jpg,no_annotation
8583,ds4_train_75ribu-40-_jpg.rf.b433eee05b44e25e098ef474029edc25.jpg,no_annotation
8587,ds4_train_75ribu-34-_jpg.rf.28ab1781416f730a15e0eb7c6bfd6946.jpg,no_annotation
8589,ds4_train_75ribu-46-_jpg.rf.905410c6fb14b31b8df27101ffd0cedb.jpg,no_annotation
8644,ds4_train_75ribu-20-_jpg.rf.edefb73d3a98f0b5d179e91fe35bc707.jpg,no_annotation
8670,ds4_train_75ribu-10-_jpg.rf.6e1df8e553f329a1e43709f6de81a96f.jpg,no_annotation
8673,ds4_train_75ribu-17-_jpg.rf.008871c1b487042c52ed3001206c6b1e.jpg,no_annotation
8678,ds4_train_75ribu-13-_jpg.rf.1353c3f67c33a44a913ba3bffad931d9.jpg,no_annotation
8690,ds4_train_75ribu-12-_jpg.rf.4181b9a3fc6eab028045d18c09d28ae0.jpg,no_annotation
8693,ds4_train_75ribu-18-_jpg.rf.82ccc1c4b30fcbf20f63e24aae54c287.jpg,no_annotation
8727,ds4_train_75ribu-33-_jpg.rf.31cce78c0e7b948ffcaf18bd40a243fb.jpg,no_annotation
8732,ds4_train_75ribu-39-_jpg.rf.0b32913b7da11e36d8a5e28ad050540c.jpg,no_annotation
8733,ds4_train_75ribu-4-_jpg.rf.56fc0628a9affe28baa3113878a5bcc5.jpg,no_annotation
8736,ds4_train_75ribu-35-_jpg.rf.7cb8bfdb2a7f34fc1150870d505dcd9a.jpg,no_annotation
8740,ds4_train_75ribu-37-_jpg.rf.9e92a32efe99d7cd3138ae0526cc42f8.jpg,no_annotation
8741,ds4_train_75ribu-38-_jpg.rf.a37e15a788b5851e8af8133c18c31922.jpg,no_annotation
8742,ds4_train_75ribu-34-_jpg.rf.9daa798848f0550354e5a1207b8adbd5.jpg,no_annotation
8745,ds4_train_75ribu-25-_jpg.rf.3c10cd96e2edac6fc97ecf9f60a7b01f.jpg,no_annotation
8746,ds4_train_75ribu-32-_jpg.rf.97ac810fd03c864ef5eee18bb0161f40.jpg,no_annotation
8748,ds4_train_75ribu-33-_jpg.rf.4372d05d837cbf9847f01dff0ae3d3a9.jpg,no_annotation
8750,ds4_train_75ribu-30-_jpg.rf.6f130877190fbddd13017b81f1737c0b.jpg,no_annotation
8751,ds4_train_75ribu-36-_jpg.rf.732363876a75f5ba69fbe353eca481ab.jpg,no_annotation
9032,ds4_train_75ribu-8-_jpg.rf.01babf875b4a62a0cffea35d732754d9.jpg,no_annotation
9045,ds4_train_75ribu-6-_jpg.rf.00bc84eb0cf02ac68c073b46a1368177.jpg,no_annotation
9047,ds4_train_75ribu-44-_jpg.rf.44091c92c805caf8d93763510076e6de.jpg,no_annotation
9091,ds4_train_75ribu-7-_jpg.rf.3632cb339f1ce181c15340ee3b46558d.jpg,no_annotation
9125,ds4_train_75ribu-6-_jpg.rf.951d753c6d1a0b9dd143571387a50ba1.jpg,no_annotation
9293,ds4_train_75ribu-8-_jpg.rf.1b5f59d7c72fe813cea07f20ec228e12.jpg,no_annotation
9355,ds4_train_75ribu-42-_jpg.rf.7109a5372c0510ab3277e837d5502501.jpg,no_annotation
9359,ds4_train_75ribu-44-_jpg.rf.b27de8f860801a95b6e0dc999d1a11f1.jpg,no_annotation
9360,ds4_train_75ribu-43-_jpg.rf.b8dc735f4d8e3b970a546090b230b464.jpg,no_annotation
9363,ds4_train_75ribu-45-_jpg.rf.61912906c05d355382020e7f5f330d9b.jpg,no_annotation
9370,ds4_train_75ribu-41-_jpg.rf.c3398699d2f213bb41a6ce2a11c2ddbc.jpg,no_annotation
9411,ds4_train_75ribu-14-_jpg.rf.a6a5d8861bcf47e3a1e4798a703d9831.jpg,no_annotation
9492,ds4_train_75ribu-16-_jpg.rf.ca140c5b17505e6b63af18fb3dbfe9fa.jpg,no_annotation
10156,ds4_train_75ribu-144-_jpg.rf.6f4e77e6bf036109cad454bbca715a32.jpg,no_annotation
10159,ds4_train_75ribu-143-_jpg.rf.79d8f61d63ae4077a5eae82b90cd04d3.jpg,no_annotation
10163,ds4_train_75ribu-142-_jpg.rf.aee3f746ce6d9cdf8123cf4ed5be126c.jpg,no_annotation
10164,ds4_train_75ribu-149-_jpg.rf.2a5400b250cf7c7e2d823b4091c5b50e.jpg,no_annotation
10166,ds4_train_75ribu-140-_jpg.rf.133215f663c7070c8702089609c38fe4.jpg,no_annotation
10319,ds4_train_75ribu-107-_jpg.rf.40c3ac61078d837392ead5209caaf776.jpg,no_annotation
10326,ds4_train_75ribu-1-_jpg.rf.49ee52e1f405139bc73b2a91af32a8ba.jpg,no_annotation
10327,ds4_train_75ribu-114-_jpg.rf.490e816f9b85a91709e08a26d9d3e1ab.jpg,no_annotation
10335,ds4_train_75ribu-100-_jpg.rf.abca66bc69798d33f2349d38888b4c2d.jpg,no_annotation
10338,ds4_train_75ribu-106-_jpg.rf.ce3bf8aa99e1cee08da83adbcfefd14e.jpg,no_annotation
10339,ds4_train_75ribu-10-_jpg.rf.a7ca5494266c3332ff74e5648d3145e0.jpg,no_annotation
10340,ds4_train_75ribu-105-_jpg.rf.a944e7401d9a1613d5fb57d514f7964e.jpg,no_annotation
10343,ds4_train_75ribu-110-_jpg.rf.86a4d573756f43f8d4b8a970709215e0.jpg,no_annotation
10345,ds4_train_75ribu-113-_jpg.rf.4ff4db7e89fc0e92bd3837d02e7a00fb.jpg,no_annotation
10346,ds4_train_75ribu-103-_jpg.rf.f426e4485a40d83d754a2fb8fcf3f543.jpg,no_annotation
10353,ds4_train_75ribu-108-_jpg.rf.43cd4d5f8b0a4addc16d272f83177876.jpg,no_annotation
10364,ds4_train_75ribu-106-_jpg.rf.341cb09973ca10324c6f97057a36c90e.jpg,no_annotation
10365,ds4_train_75ribu-113-_jpg.rf.294f08893f17f3044a6c6c0ea11bcc5d.jpg,no_annotation
10369,ds4_train_75ribu-11-_jpg.rf.267a5092ef5165d7bf688b7d236b94a4.jpg,no_annotation
10372,ds4_train_75ribu-105-_jpg.rf.a481ea58ccd30cd9b51adac6cc03a03e.jpg,no_annotation
10374,ds4_train_75ribu-100-_jpg.rf.c3169591dcee000eeebc96b5d1b81eeb.jpg,no_annotation
10375,ds4_train_75ribu-112-_jpg.rf.d80cbcae2c2073bd17f200f1946a0291.jpg,no_annotation
10376,ds4_train_75ribu-114-_jpg.rf.724f53a6c831f776cca6f9a8e25ba00f.jpg,no_annotation
10377,ds4_train_75ribu-107-_jpg.rf.4fc74293a409462c456da4d247f2e33f.jpg,no_annotation
10378,ds4_train_75ribu-1-_jpg.rf.c57b68d63b714382c40672d70fc264b4.jpg,no_annotation
10380,ds4_train_75ribu-10-_jpg.rf.14eb158bb736733433e77459f15e8fdc.jpg,no_annotation
10382,ds4_train_75ribu-122-_jpg.rf.2cfc7b06da32bb7f65d14926a7f6b960.jpg,no_annotation
10384,ds4_train_75ribu-111-_jpg.rf.dc1287fc1e62302722ecf7a717c84eb8.jpg,no_annotation
10385,ds4_train_75ribu-108-_jpg.rf.3cdd9fd3f539351cb4b2885957d056a7.jpg,no_annotation
10387,ds4_train_75ribu-103-_jpg.rf.b4e50209678fe0c0e004583b0a6a8e05.jpg,no_annotation
10388,ds4_train_75ribu-121-_jpg.rf.83bd19dd903bf542c9841d94be521b9c.jpg,no_annotation
10389,ds4_train_75ribu-119-_jpg.rf.bc713f17f26ccd8d38f305411166570a.jpg,no_annotation
10392,ds4_train_75ribu-134-_jpg.rf.f601b39d07b5065786da1139e49d3c47.jpg,no_annotation
10393,ds4_train_75ribu-132-_jpg.rf.eee5ae5c7cc8bd8e4a674142b622ec50.jpg,no_annotation
10396,ds4_train_75ribu-13-_jpg.rf.4b872ddff9e0d1420d9c6b90336f7782.jpg,no_annotation
10399,ds4_train_75ribu-12-_jpg.rf.b0a3289c79b1fa8e6fa3714bb0994f0a.jpg,no_annotation
10400,ds4_train_75ribu-120-_jpg.rf.b1f363f5fea9aea7fd62033ab62ec85a.jpg,no_annotation
10413,ds4_train_75ribu-129-_jpg.rf.d424798c900ea9794e5b9e66dec65680.jpg,no_annotation
10414,ds4_train_75ribu-142-_jpg.rf.2a4d569ab00ba35b917f166f3a02c63e.jpg,no_annotation
10421,ds4_train_75ribu-140-_jpg.rf.2e640f85d9e7df462e8ab5a163765f43.jpg,no_annotation
10424,ds4_train_75ribu-132-_jpg.rf.1b2cfa99bb414c9c761bad9411b38319.jpg,no_annotation
10427,ds4_train_75ribu-121-_jpg.rf.496ebd7e69f844bac467e130ce5cb983.jpg,no_annotation
10428,ds4_train_75ribu-13-_jpg.rf.677b86f7c6baaea819d22450917d082f.jpg,no_annotation
10430,ds4_train_75ribu-144-_jpg.rf.af460ec5b56718a97806d1d9c9fc22a0.jpg,no_annotation
10435,ds4_train_75ribu-134-_jpg.rf.5afdeb19ac96fa212c51b05f950c6fd0.jpg,no_annotation
10438,ds4_train_75ribu-129-_jpg.rf.a8779279b8466a4c4758f0893b238493.jpg,no_annotation
10448,ds4_train_75ribu-125-_jpg.rf.dafd4456bc7c586cc3b792a1199e296c.jpg,no_annotation
10449,ds4_train_75ribu-143-_jpg.rf.ed80657f29b867b3cfcb7b60d131ad62.jpg,no_annotation
10458,ds4_train_75ribu-149-_jpg.rf.b679348f195fedfeb201bcd78b5166d2.jpg,no_annotation
10490,ds4_train_75ribu-40-_jpg.rf.d6d68a20832e390a3ec99c4777cdf2dc.jpg,no_annotation
10518,ds4_train_75ribu-64-_jpg.rf.069b180d87624497a8f041737deec54e.jpg,no_annotation
10520,ds4_train_75ribu-62-_jpg.rf.30b1c58b9c6f46cacadf8c04231648f4.jpg,no_annotation
10523,ds4_train_75ribu-73-_jpg.rf.80eb63b531ce8f039716bc0861e15d69.jpg,no_annotation
10571,ds4_train_75ribu-20-_jpg.rf.1b3dc20520cfafbe34eaca6b4d4d796e.jpg,no_annotation
10574,ds4_train_75ribu-179-_jpg.rf.26e4ce2f9cc641ea274a0c8b59baa23a.jpg,no_annotation
10579,ds4_train_75ribu-179-_jpg.rf.5900098aae498cba1bbb5762d9110be2.jpg,no_annotation
10581,ds4_train_75ribu-40-_jpg.rf.471f29072f1070f7413ac5315aa2c61e.jpg,no_annotation
10582,ds4_train_75ribu-20-_jpg.rf.64d091072148ad8693280c19dac6ee3b.jpg,no_annotation
10589,ds4_train_75ribu-51-_jpg.rf.f9b7a3c0cea0f37897751437209d2645.jpg,no_annotation
10592,ds4_train_75ribu-52-_jpg.rf.9af1a6ace7bde505a7f1a7308c08ec72.jpg,no_annotation
10632,ds4_train_75ribu-112-_jpg.rf.352f6ec1ff1294bb7c03fff1e09a5679.jpg,no_annotation
10633,ds4_train_75ribu-107-_jpg.rf.165ccdbd7a31ca01359199b7cbcab223.jpg,no_annotation
10638,ds4_train_75ribu-110-_jpg.rf.1e7f18294a0b64f1bb530650639506e2.jpg,no_annotation
10642,ds4_train_75ribu-106-_jpg.rf.1074220285bb504a9473129542751560.jpg,no_annotation
10651,ds4_train_75ribu-108-_jpg.rf.708a5a66f41ff1b658937c04b150fbf0.jpg,no_annotation
10653,ds4_train_75ribu-103-_jpg.rf.7469cadf18bf9ce782d2aaaddc09b120.jpg,no_annotation
10655,ds4_train_75ribu-1-_jpg.rf.e2891649676386e8a901dfdc5b0b9a12.jpg,no_annotation
10673,ds4_train_75ribu-11-_jpg.rf.d1260a1e61610ada7c1fd5e52c298bdb.jpg,no_annotation
10746,ds4_train_75ribu-175-_jpg.rf.44d4367a93d50a34a1db8bcae414cb6f.jpg,no_annotation
10750,ds4_train_75ribu-176-_jpg.rf.9a13853dfc1f0a96e536d3aaf510ede3.jpg,no_annotation
10752,ds4_train_75ribu-172-_jpg.rf.cc7a5daf1d9f95c8f6a8421bc694fa15.jpg,no_annotation
10860,ds4_train_75ribu-175-_jpg.rf.aec9a61a1daa503abd7d4d9ab1948e74.jpg,no_annotation
10864,ds4_train_75ribu-172-_jpg.rf.fe19980727821c6b78167500388b3789.jpg,no_annotation
10881,ds4_train_75ribu-64-_jpg.rf.0c357274594a7ab6dd795a30e0ada603.jpg,no_annotation
10885,ds4_train_75ribu-51-_jpg.rf.18e5b0f0f0ebef071a66e5561e189b7c.jpg,no_annotation
10889,ds4_train_75ribu-144-_jpg.rf.08fe165f762fd3256456e6a0ab25c336.jpg,no_annotation
10890,ds4_train_75ribu-120-_jpg.rf.0475b039cdd17a6291c963c7a0af4cd2.jpg,no_annotation
10895,ds4_train_75ribu-62-_jpg.rf.58f0fe8c39c5f43e04bb12b201a85534.jpg,no_annotation
10896,ds4_train_75ribu-52-_jpg.rf.1f907e06f530cc5b67824ea03a15d9eb.jpg,no_annotation
10898,ds4_train_75ribu-121-_jpg.rf.5fcbdc8794e9aba62423a9a4ce1ecb14.jpg,no_annotation
10902,ds4_train_75ribu-179-_jpg.rf.2ce516acd26fc6a9f3888e7c352a4a1f.jpg,no_annotation
10903,ds4_train_75ribu-114-_jpg.rf.71d735c046e674590517f7af52a59589.jpg,no_annotation
10905,ds4_train_75ribu-115-_jpg.rf.5b5de51e866fbca5a0b7ea6db1d222d0.jpg,no_annotation
10906,ds4_train_75ribu-143-_jpg.rf.7d713dc7786ec46cefcefb90db0d8ba3.jpg,no_annotation
10907,ds4_train_75ribu-129-_jpg.rf.834c676eaa939c3909a443bec7ba0ce5.jpg,no_annotation
10910,ds4_train_75ribu-13-_jpg.rf.7501e3add67b08eb5a29b27955a459a5.jpg,no_annotation
10914,ds4_train_75ribu-140-_jpg.rf.dab46d98742f8103e2bdc506c4ccae68.jpg,no_annotation
10915,ds4_train_75ribu-142-_jpg.rf.89c7fe7ab0a289447d4eb9ee1e02ae3d.jpg,no_annotation
10916,ds4_train_75ribu-175-_jpg.rf.ed31f6ecd6baa094b14d259c32cc5630.jpg,no_annotation
10918,ds4_train_75ribu-125-_jpg.rf.a4e8d8fb801da855e7aac52d848c159a.jpg,no_annotation
10919,ds4_train_75ribu-40-_jpg.rf.e04f5c0dab7a8ef9610139e87bd4cbe7.jpg,no_annotation
10921,ds4_train_75ribu-12-_jpg.rf.8669b10f7d3ed9523e5e60aff5a25105.jpg,no_annotation
10922,ds4_train_75ribu-132-_jpg.rf.849c536d297504ea7a411826d3f1ee6c.jpg,no_annotation
10924,ds4_train_75ribu-80-_jpg.rf.501474f272305caad06d3b50d467f968.jpg,no_annotation
10925,ds4_train_75ribu-172-_jpg.rf.f497c337a951766c2d66acd82ed3fde7.jpg,no_annotation
10927,ds4_train_75ribu-73-_jpg.rf.8f623bb37ec574d0237fc02cafbe619b.jpg,no_annotation
10937,ds4_train_75ribu-122-_jpg.rf.fa519cbb295ddff4e4d895c4cf3a8eaa.jpg,no_annotation
10952,ds4_train_75ribu-125-_jpg.rf.665b29dca2cc0f92b35d2ffe7bd35d85.jpg,no_annotation
10989,ds4_train_75ribu-115-_jpg.rf.115b9bb1a537997ef9455fa7c7f76417.jpg,no_annotation
10996,ds4_train_75ribu-112-_jpg.rf.10e2debf8d116e5db72a5b575c801d18.jpg,no_annotation
10998,ds4_train_75ribu-11-_jpg.rf.d512ecbbb298886e63d400c7ee284871.jpg,no_annotation
11003,ds4_train_75ribu-110-_jpg.rf.2c338e18fe12b583ee7b66457a23b0e0.jpg,no_annotation
11008,ds4_train_75ribu-77-_jpg.rf.ac1adf7a7cef027ec7618cd20963f6e1.jpg,no_annotation
11009,ds4_train_75ribu-120-_jpg.rf.6f9a1d30413e7e3c8231d30e39979ba0.jpg,no_annotation
11010,ds4_train_75ribu-111-_jpg.rf.86045af9b1d941f08b851850013916a3.jpg,no_annotation
11011,ds4_train_75ribu-119-_jpg.rf.eb3f9e7c12cc912d47bffc7592ab653b.jpg,no_annotation
11013,ds4_train_75ribu-12-_jpg.rf.c39717415e9f540cc61f735139828794.jpg,no_annotation
11015,ds4_train_75ribu-115-_jpg.rf.26c598762b2eca191e895faa54f4e30a.jpg,no_annotation
11027,ds4_train_75ribu-97-_jpg.rf.fc2ec6ca8b30135247adc0595f66d3c5.jpg,no_annotation
11071,ds4_train_75ribu-122-_jpg.rf.b83cf3ddc0e1bd8e3add0f806110393c.jpg,no_annotation
11095,ds4_train_75ribu-97-_jpg.rf.2b6670e26fe67ed91caf7ede01f6027c.jpg,no_annotation
11102,ds4_train_75ribu-64-_jpg.rf.f5027561f37223759921a1bac9e1aebc.jpg,no_annotation
11104,ds4_train_75ribu-80-_jpg.rf.079dc7e848e4a1f81ae5b4d590903f0a.jpg,no_annotation
11107,ds4_train_75ribu-62-_jpg.rf.4d2578e87e1602299b825acc788fcbb4.jpg,no_annotation
11109,ds4_train_75ribu-73-_jpg.rf.81ce67c1971f5d872fbc2be6b885bd00.jpg,no_annotation
11111,ds4_train_75ribu-51-_jpg.rf.64ffc9859f05b23a328fb9bebe0d005b.jpg,no_annotation
11144,ds4_train_75ribu-100-_jpg.rf.9efd0dbfae32f8890204602cb3a58282.jpg,no_annotation
11156,ds4_train_75ribu-105-_jpg.rf.d7ee515f899c1b32f15da3eb54e739b5.jpg,no_annotation
11158,ds4_train_75ribu-111-_jpg.rf.d5afee618780be84dbacc90a64cb6150.jpg,no_annotation
11160,ds4_train_75ribu-10-_jpg.rf.6222b5835f382275a06100535234c05f.jpg,no_annotation
11203,ds4_train_75ribu-113-_jpg.rf.670831cdd98f78d4aec764f4592b3a5e.jpg,no_annotation
11287,ds4_train_75ribu-149-_jpg.rf.790c15dbe658ab2253d6213d988674c2.jpg,no_annotation
11417,ds4_train_75ribu-176-_jpg.rf.d2a6c75bd1b22934502e0b99b1ccbe4f.jpg,no_annotation
11434,ds4_train_75ribu-77-_jpg.rf.2f5b8685db8c0b2a6c0f9240a665ed57.jpg,no_annotation
11437,ds4_train_75ribu-20-_jpg.rf.60d55f4d83b1548cba527b8878762bfd.jpg,no_annotation
11440,ds4_train_75ribu-176-_jpg.rf.4eb903f39ca70c2a9091992acc02b8a1.jpg,no_annotation
11462,ds4_train_75ribu-80-_jpg.rf.3f137b737de482b3eff2d087fa16f3b4.jpg,no_annotation
11471,ds4_train_75ribu-97-_jpg.rf.fb7050ab5c186366bb6f36da9b1a1a04.jpg,no_annotation
11594,ds4_train_75ribu-12-_jpg.rf.7fb976b4e775f1b452b69b2d0c4d2827.jpg,no_annotation
11642,ds4_train_75ribu-29-_jpg.rf.4572d80c01c9a0d281dee739255e79b9.jpg,no_annotation
11645,ds4_train_75ribu-28-_jpg.rf.48c53a5de71595b6ad26960e51f94ca0.jpg,no_annotation
11646,ds4_train_75ribu-26-_jpg.rf.55abc5cd174ad58aea8e10a7bb37ded3.jpg,no_annotation
11649,ds4_train_75ribu-22-_jpg.rf.6ee40b1d4fe356338b87799c1e7fee9e.jpg,no_annotation
11652,ds4_train_75ribu-27-_jpg.rf.a49eb2dae010182968eb74294404f48b.jpg,no_annotation
11653,ds4_train_75ribu-25-_jpg.rf.854a414986b4f61e789ee17233b5c7f9.jpg,no_annotation
11654,ds4_train_75ribu-21-_jpg.rf.aa824547b96a00c1c13beecce85f9c76.jpg,no_annotation
11657,ds4_train_75ribu-23-_jpg.rf.d9c387c1aa5672dc37d1d36bf704d46d.jpg,no_annotation
11749,ds4_train_75ribu-6-_jpg.rf.224baf4d8f9ac9a5c944760ae844b238.jpg,no_annotation
11848,ds4_train_75ribu-19-_jpg.rf.4634a85005699e90f3f084ea05a532a8.jpg,no_annotation
11854,ds4_train_75ribu-13-_jpg.rf.3d2e55d012adb8e853938218409640f5.jpg,no_annotation
11857,ds4_train_75ribu-24-_jpg.rf.5fe39def11a915bcc6e10237187ffee3.jpg,no_annotation
11861,ds4_train_75ribu-12-_jpg.rf.96512fd8bdc7bcb8fcb9552fa37be5cb.jpg,no_annotation
11862,ds4_train_75ribu-25-_jpg.rf.7c0be66e14080f0a669d62328c46fc4b.jpg,no_annotation
11863,ds4_train_75ribu-17-_jpg.rf.6ccfa7bb21f3d1562aa477f82f4c86a5.jpg,no_annotation
11864,ds4_train_75ribu-14-_jpg.rf.eed2a76d462915cea043b287644d5cd2.jpg,no_annotation
11865,ds4_train_75ribu-16-_jpg.rf.dea386efeb2a357166ac0814794cd8b5.jpg,no_annotation
11867,ds4_train_75ribu-18-_jpg.rf.68846e2274c4021f60c9b14dd45437cc.jpg,no_annotation
11869,ds4_train_75ribu-21-_jpg.rf.f4759ce40fa756705298bfaa10f254c8.jpg,no_annotation
11877,ds4_train_75ribu-10-_jpg.rf.9ee52517de52c36fc52bfcb4a3e93b59.jpg,no_annotation
11888,ds4_train_75ribu-28-_jpg.rf.29317f51924ca4312085f6078c04cab6.jpg,no_annotation
11894,ds4_train_75ribu-37-_jpg.rf.003cb84506b4152b6d3c550fb6b994cb.jpg,no_annotation
11897,ds4_train_75ribu-32-_jpg.rf.37d71fe0361b50050f734365b19146ac.jpg,no_annotation
11898,ds4_train_75ribu-29-_jpg.rf.ae1c5f9cbb0d399dffb0bcc87495a761.jpg,no_annotation
11899,ds4_train_75ribu-42-_jpg.rf.95d83a9ddaaf492a4968c77e52dedb81.jpg,no_annotation
11901,ds4_train_75ribu-38-_jpg.rf.3a591c0ca18f443b9e26ab0333cea8d7.jpg,no_annotation
11902,ds4_train_75ribu-27-_jpg.rf.71ceb13533ef9f3772769cb2072228cb.jpg,no_annotation
11904,ds4_train_75ribu-46-_jpg.rf.f2e16a4533bb3be426f6101637d65694.jpg,no_annotation
11905,ds4_train_75ribu-39-_jpg.rf.577ba965087d1000768ad8c6dba1f8f5.jpg,no_annotation
11906,ds4_train_75ribu-44-_jpg.rf.bb85b53be802d96aacd20bdc422dd7d8.jpg,no_annotation
11907,ds4_train_75ribu-43-_jpg.rf.b8894d6a0b5576f2d85a0029b91466f3.jpg,no_annotation
11910,ds4_train_75ribu-4-_jpg.rf.c7d9502298746a04e32f17192fcbd6b2.jpg,no_annotation
11911,ds4_train_75ribu-41-_jpg.rf.c79741a4dccf773054735ff4faa7f6aa.jpg,no_annotation
11917,ds4_train_75ribu-45-_jpg.rf.f904531ca3f457f998d1328f66e8eb44.jpg,no_annotation
11929,ds4_train_75ribu-40-_jpg.rf.11a0d33ba9acc60fdf39abb333b112da.jpg,no_annotation
12312,ds4_train_75ribu-8-_jpg.rf.36b97a718dd6991168a5cc0c9823e085.jpg,no_annotation
12327,ds4_train_75ribu-7-_jpg.rf.7c78b2f35c8ae3c514258d526e031670.jpg,no_annotation
12334,ds4_train_75ribu-23-_jpg.rf.066ee59091cba5a26db879d23aa3a909.jpg,no_annotation
12336,ds4_train_75ribu-29-_jpg.rf.37a19d91edf3b2260d2f123c14cb0f76.jpg,no_annotation
12338,ds4_train_75ribu-28-_jpg.rf.37a24ee620e4ac9dc864c38ec7e09c86.jpg,no_annotation
12340,ds4_train_75ribu-35-_jpg.rf.45df2c0648ce999646ca5d8c4f74c70d.jpg,no_annotation
12345,ds4_train_75ribu-24-_jpg.rf.7ba295c264124cda1ede78c132cd3a9d.jpg,no_annotation
12346,ds4_train_75ribu-30-_jpg.rf.118c7d6119d0b197ddde160bf960d204.jpg,no_annotation
12347,ds4_train_75ribu-22-_jpg.rf.4d44856bf5de2c6308e0037720d4478a.jpg,no_annotation
12349,ds4_train_75ribu-26-_jpg.rf.4e6ab2611851f6b47c5e3f2acc6ed6a3.jpg,no_annotation
12351,ds4_train_75ribu-24-_jpg.rf.58923d2e003af0e6f9f4cf12df07bc21.jpg,no_annotation
12352,ds4_train_75ribu-21-_jpg.rf.fa69738211ea2791c080c6211ac428d7.jpg,no_annotation
12353,ds4_train_75ribu-34-_jpg.rf.a4303c96bb2bc1ee24020d81f588e85e.jpg,no_annotation
12359,ds4_train_75ribu-27-_jpg.rf.b5bfb708c2e9dd6df1ccb612a87c2a91.jpg,no_annotation
12362,ds4_train_75ribu-32-_jpg.rf.90e70e842dc4651d1bb1bf1a3c667419.jpg,no_annotation
12528,ds4_train_75ribu-20-_jpg.rf.721aa01fb231f9cf5a19364a9fd2bf12.jpg,no_annotation
12616,ds4_train_75ribu-22-_jpg.rf.336eef839a5349ec50fbd3f6bf9c35e2.jpg,no_annotation
12737,ds4_train_75ribu-1-_jpg.rf.049100bf6dc787fb5632cd64540347a8.jpg,no_annotation
12740,ds4_train_75ribu-3-_jpg.rf.0eb8fe0700e266535ecb329411d2a27c.jpg,no_annotation
12741,ds4_train_75ribu-9-_jpg.rf.5a1065c1b08ee5f1484f4138c27dce1e.jpg,no_annotation
12743,ds4_train_75ribu-4-_jpg.rf.70fa3489471b2c863d01b1aacbb451d5.jpg,no_annotation
12747,ds4_train_75ribu-2-_jpg.rf.8f065fa66dcb40cbafa132c9cf976bb9.jpg,no_annotation
12752,ds4_train_75ribu-8-_jpg.rf.98b3cfb75fc68ecfd481abb63ebdc0ca.jpg,no_annotation
12757,ds4_train_75ribu-6-_jpg.rf.7b3864bea405ef39a54f16638d3bb035.jpg,no_annotation
13231,ds4_train_75ribu-13-_jpg.rf.d471784a89ffb7db1aeb447551f00997.jpg,no_annotation
13238,ds4_train_75ribu-10-_jpg.rf.ed37e00fdf5885f08b1738088bf53130.jpg,no_annotation
13490,ds4_train_75ribu-16-_jpg.rf.3a1a51ea47039f67f3d3cd85873838b0.jpg,no_annotation
13498,ds4_train_75ribu-20-_jpg.rf.6657925eb176f221acceeade2345104a.jpg,no_annotation
13500,ds4_train_75ribu-17-_jpg.rf.351c3a4383d38baffe03833f01dc3aba.jpg,no_annotation
13501,ds4_train_75ribu-18-_jpg.rf.0e4dd47303f1506f0b80b36a28e76020.jpg,no_annotation
13509,ds4_train_75ribu-14-_jpg.rf.f4a5c5291ab2b0bb00c8262f840238d8.jpg,no_annotation
13514,ds4_train_75ribu-19-_jpg.rf.3a3aa85e13f211c19ec13d7b98384018.jpg,no_annotation
13544,ds4_train_75ribu-5-_jpg.rf.00325467566e2ad32086dd3fc45e9ac2.jpg,no_annotation
13975,ds4_valid_75ribu-153-_jpg.rf.16af68b4517dad18a79d4e0ee0b601a1.jpg,no_annotation
13979,ds4_valid_75ribu-159-_jpg.rf.cc262cb23c7f1cea5b80043797465667.jpg,no_annotation
13981,ds4_valid_75ribu-162-_jpg.rf.ce13f24b5e2ccade51eb84a4c540e34b.jpg,no_annotation
13982,ds4_valid_75ribu-160-_jpg.rf.2f00d10c7c942e877691c0de10b81232.jpg,no_annotation
13983,ds4_valid_75ribu-157-_jpg.rf.07ae666e318c46ca4b7c2c2500e31b40.jpg,no_annotation
13984,ds4_valid_75ribu-155-_jpg.rf.0b9c0b0ac20ece754529b14b8adfe88f.jpg,no_annotation
13985,ds4_valid_75ribu-139-_jpg.rf.1d0fe575873ebd3f5a23aa901703853a.jpg,no_annotation
13986,ds4_valid_75ribu-154-_jpg.rf.4cdcc751e125daa81704c4e241a2592e.jpg,no_annotation
13988,ds4_valid_75ribu-16-_jpg.rf.651910b7fb9abfbeac03e946da1e0026.jpg,no_annotation
13989,ds4_valid_75ribu-156-_jpg.rf.7cc048d4e4780749027424895b708e48.jpg,no_annotation
13990,ds4_valid_75ribu-141-_jpg.rf.a4832c9a56e8cad8448344adddbbb15e.jpg,no_annotation
13991,ds4_valid_75ribu-118-_jpg.rf.7691298652383e126e8b99e63261354c.jpg,no_annotation
13992,ds4_valid_75ribu-148-_jpg.rf.d8e134f69b9f78660205b2a64d559503.jpg,no_annotation
13993,ds4_valid_75ribu-161-_jpg.rf.d91f075ed07fe6aed840c8b2dc9f4cae.jpg,no_annotation
13994,ds4_valid_75ribu-138-_jpg.rf.830897b520e849c04a80a49b0c5739bc.jpg,no_annotation
13995,ds4_valid_75ribu-123-_jpg.rf.882f60983faa0419dfa7ce35f931b00e.jpg,no_annotation
13996,ds4_valid_75ribu-74-_jpg.rf.8050b1c5680fdc269a11178212d105d3.jpg,no_annotation
13997,ds4_valid_75ribu-150-_jpg.rf.88170036d18b90e033313f1d09ec6a68.jpg,no_annotation
13998,ds4_valid_75ribu-137-_jpg.rf.5dde4244c666f3cc2714f5c26aac07c8.jpg,no_annotation
13999,ds4_valid_75ribu-127-_jpg.rf.e3d967cd6ce7fc9f9b5eef55d437fafb.jpg,no_annotation
14000,ds4_valid_75ribu-101-_jpg.rf.87a2ac7842601c3dc9de979b71ca36f6.jpg,no_annotation
14002,ds4_valid_75ribu-116-_jpg.rf.bde97c1a91f340df000fd70969c0bc90.jpg,no_annotation
14003,ds4_valid_75ribu-130-_jpg.rf.d975b0f82a1892749769da215839b373.jpg,no_annotation
14005,ds4_valid_75ribu-136-_jpg.rf.edec1fc7026951e7605fb93c27539c2b.jpg,no_annotation
14007,ds4_valid_75ribu-15-_jpg.rf.5e958ac460d0f34b73d6d026e55dc5cd.jpg,no_annotation
14008,ds4_valid_75ribu-32-_jpg.rf.bda0644f335f92e0f921a3cd41cd81e4.jpg,no_annotation
14009,ds4_valid_75ribu-26-_jpg.rf.96b63dcd6db34a5deece660b3c5de164.jpg,no_annotation
14010,ds4_valid_75ribu-35-_jpg.rf.319282a301ecf3431576da7870c2687f.jpg,no_annotation
14011,ds4_valid_75ribu-63-_jpg.rf.53859bf9919278b2d8fc2f1b8cb35183.jpg,no_annotation
14012,ds4_valid_75ribu-24-_jpg.rf.64c95eb91269f5463a9053f9dd74ce39.jpg,no_annotation
14013,ds4_valid_75ribu-14-_jpg.rf.4fc0d6f938c54f744e911cc9c0697e15.jpg,no_annotation
14014,ds4_valid_75ribu-152-_jpg.rf.3dce162ec0039f47c69d6ff8f0d9aaff.jpg,no_annotation
14015,ds4_valid_75ribu-169-_jpg.rf.1eb16381d4ce0ca47ee8a492a7212684.jpg,no_annotation
14016,ds4_valid_75ribu-19-_jpg.rf.b8af01eb397f7411507f5a5d40e0b8dd.jpg,no_annotation
14017,ds4_valid_75ribu-147-_jpg.rf.7700afe627a35fe49ed1fbde6e679efc.jpg,no_annotation
14018,ds4_valid_75ribu-117-_jpg.rf.f173d73e9bb9aa5a824e828d3522c4aa.jpg,no_annotation
14019,ds4_valid_75ribu-39-_jpg.rf.9005490aeed24a56360c33e4fa16d0f6.jpg,no_annotation
14020,ds4_valid_75ribu-3-_jpg.rf.2870a7420130b04dbb42e033deb85f7b.jpg,no_annotation
14022,ds4_valid_75ribu-151-_jpg.rf.8d25f55e5d9e9f4d12873748eb27add9.jpg,no_annotation
14023,ds4_valid_75ribu-43-_jpg.rf.5eaa827f1477fa80b540ab76ab3c9690.jpg,no_annotation
14024,ds4_valid_75ribu-146-_jpg.rf.3c16507d1b4daaba670b94a1be7c7eae.jpg,no_annotation
14025,ds4_valid_75ribu-57-_jpg.rf.6a951c541c7b0cfe6d467763bb252324.jpg,no_annotation
14026,ds4_valid_75ribu-68-_jpg.rf.006c4b6da940cef48ffb2c584a1808f4.jpg,no_annotation
14027,ds4_valid_75ribu-69-_jpg.rf.a7602392dd3f576f2ab1bd8004bb914e.jpg,no_annotation
14028,ds4_valid_75ribu-171-_jpg.rf.6ec9d314bacf6117eb08ffdd65ada6eb.jpg,no_annotation
14029,ds4_valid_75ribu-174-_jpg.rf.1a4240df1cb5ef318c647f15d8ce5020.jpg,no_annotation
14030,ds4_valid_75ribu-18-_jpg.rf.6dbbc2e04c48a9bacc206d65ecfe27f0.jpg,no_annotation
14031,ds4_valid_75ribu-30-_jpg.rf.0bc0d949d98ad18396fb9e56bf3b8a07.jpg,no_annotation
14032,ds4_valid_75ribu-81-_jpg.rf.12ff47bb5fa945f7c6702fb84a000c35.jpg,no_annotation
14034,ds4_valid_75ribu-85-_jpg.rf.7031136279e8cf63bf7434e98b5c9dea.jpg,no_annotation
14035,ds4_valid_75ribu-38-_jpg.rf.7383267c74502c1f794e0f247f0b01f6.jpg,no_annotation
14037,ds4_valid_75ribu-17-_jpg.rf.34023f4465316826390b417f305c8d1a.jpg,no_annotation
14038,ds4_valid_75ribu-83-_jpg.rf.0d14e770d17c6522c390a45b5d7eb0ca.jpg,no_annotation
14039,ds4_valid_75ribu-94-_jpg.rf.14f17b08a8045cc061729d81f6a157c9.jpg,no_annotation
14041,ds4_valid_75ribu-167-_jpg.rf.50e67cd5548f2f54ab2ae3a559394c82.jpg,no_annotation
14043,ds4_valid_75ribu-173-_jpg.rf.cfe133932ab4f3f57d39cd8aeccd467e.jpg,no_annotation
14044,ds4_valid_75ribu-8-_jpg.rf.e7261ebc7d2f19e48bca5b878fc061bf.jpg,no_annotation
14045,ds4_valid_75ribu-166-_jpg.rf.248db05b1871d898f570dd8e1001ddad.jpg,no_annotation
14046,ds4_valid_75ribu-9-_jpg.rf.a55ddb052634131cfb5fd40ab520c403.jpg,no_annotation
14047,ds4_valid_75ribu-90-_jpg.rf.1c5cd6ff6082f6f44ba491891f000b9c.jpg,no_annotation
14049,ds4_valid_75ribu-82-_jpg.rf.305ba8b4006ab531cbd352af8f8d6db0.jpg,no_annotation
14050,ds4_valid_75ribu-93-_jpg.rf.7881f219d99b43d9186284eb52436b78.jpg,no_annotation
14052,ds4_valid_75ribu-84-_jpg.rf.e6e1ccbdd51606e9c6adbce34ff58eb7.jpg,no_annotation
14055,ds4_valid_75ribu-76-_jpg.rf.59fad63d9c50a88972487a85f419da12.jpg,no_annotation
14057,ds4_valid_75ribu-88-_jpg.rf.01f4c0568dd69dcaf580f17358332f17.jpg,no_annotation
14061,ds4_valid_75ribu-131-_jpg.rf.21c58c2bd55afc14cd2f15c97f1246b0.jpg,no_annotation
14066,ds4_valid_75ribu-109-_jpg.rf.6346b4dd4c42a95340178f8737272217.jpg,no_annotation
14070,ds4_valid_75ribu-98-_jpg.rf.08a4d49d7e50c081736beb9917606273.jpg,no_annotation
14073,ds4_valid_75ribu-96-_jpg.rf.22412d5b223250bb1d2499bc1c9d6336.jpg,no_annotation
14081,ds4_valid_75ribu-163-_jpg.rf.bf46d327164a611c9400c5a4de99084c.jpg,no_annotation
14088,ds4_valid_75ribu-4-_jpg.rf.56be25406398fb1692ec9cd7d6a005ea.jpg,no_annotation
14090,ds4_valid_75ribu-165-_jpg.rf.6392af456acea6036b2178fa84185d9e.jpg,no_annotation
14091,ds4_valid_75ribu-164-_jpg.rf.e6fa6d07404051db0c21a56ffd97a2c2.jpg,no_annotation
14095,ds4_valid_75ribu-22-_jpg.rf.a58bf871849bba8333aaa4a51fba88af.jpg,no_annotation
14099,ds4_valid_75ribu-29-_jpg.rf.715a6741999aeca94e7195da461d6c19.jpg,no_annotation
14118,ds4_valid_75ribu-28-_jpg.rf.501c677b17a7a968b74ac213410304d8.jpg,no_annotation
14120,ds4_valid_75ribu-178-_jpg.rf.fcaaccaa44d5ba493d7ef7f9b3bcde84.jpg,no_annotation
14128,ds4_valid_75ribu-170-_jpg.rf.2ef32d4bb3cfd3f00fed940b25935ad5.jpg,no_annotation
14132,ds4_valid_75ribu-75-_jpg.rf.a440419e0dfc58489d8d7443771761bd.jpg,no_annotation
14134,ds4_valid_75ribu-78-_jpg.rf.f1ff257e08330b43a36040e8b7002096.jpg,no_annotation
14145,ds4_valid_75ribu-6-_jpg.rf.acaf09bbc57cbb4325779be722be5f2d.jpg,no_annotation
14147,ds4_valid_75ribu-168-_jpg.rf.5aa2c8b8b7a7f9414d557ff14b6b6cce.jpg,no_annotation
14158,ds4_valid_75ribu-79-_jpg.rf.ca1e4c54f9bdca895fc9847ef7fb0cc0.jpg,no_annotation
14159,ds4_valid_75ribu-91-_jpg.rf.bb2641b9abc28a36a4a0749c92b11704.jpg,no_annotation
14164,ds4_valid_75ribu-87-_jpg.rf.5901e4b107f8786ec64612482d5598a6.jpg,no_annotation
14169,ds4_valid_75ribu-95-_jpg.rf.8a5a60367e568869dadfee06c6d46fa2.jpg,no_annotation
14171,ds4_valid_75ribu-89-_jpg.rf.b5e3b982172a631b1c5f0805d6bb6351.jpg,no_annotation
14175,ds4_valid_75ribu-92-_jpg.rf.b02f67899f0fda5b8bc6bfda405a1982.jpg,no_annotation
14176,ds4_valid_75ribu-49-_jpg.rf.e6848db3b956f86676acd975eb007040.jpg,no_annotation
14197,ds4_test_75ribu-2-_jpg.rf.7d885b3bc07bbcd5977830fddeb0a8f4.jpg,no_annotation
14198,ds4_test_75ribu-61-_jpg.rf.5ec9c7234370b65a11f150aacc300a0a.jpg,no_annotation
14199,ds4_test_75ribu-21-_jpg.rf.22c505a7ed093797cd194a631d2f16e3.jpg,no_annotation
14200,ds4_test_75ribu-66-_jpg.rf.0ca19baf321eedfeee22b3e11de49c2b.jpg,no_annotation
14201,ds4_test_75ribu-58-_jpg.rf.c21b4780af07e7b40f8debd9145156ac.jpg,no_annotation
14202,ds4_test_75ribu-67-_jpg.rf.666d4dd03ad10bb6243f89515e1060b3.jpg,no_annotation
14203,ds4_test_75ribu-124-_jpg.rf.2f6ae945252fca5d2e488a1058643fa1.jpg,no_annotation
14204,ds4_test_75ribu-7-_jpg.rf.40711dc4b2fbb9b2ace135ac11fcf02a.jpg,no_annotation
14205,ds4_test_75ribu-128-_jpg.rf.07f880d314ba90495d2e14c4f30c8f29.jpg,no_annotation
14207,ds4_test_75ribu-65-_jpg.rf.86a3b86c907f87793482c13366b9ccf4.jpg,no_annotation
14208,ds4_test_75ribu-41-_jpg.rf.260310530a21c16cc9b39608cb0dc787.jpg,no_annotation
14209,ds4_test_75ribu-70-_jpg.rf.df92fc27d55b7ac9faf233482e534007.jpg,no_annotation
14210,ds4_test_75ribu-37-_jpg.rf.0abe8c98fc576e7fde46ac2e673f79a0.jpg,no_annotation
14211,ds4_test_75ribu-59-_jpg.rf.7345b561a2b2a0c556824113b8930591.jpg,no_annotation
14212,ds4_test_75ribu-60-_jpg.rf.aebd65596bc7f62d9fc781f16aed8fc9.jpg,no_annotation
14213,ds4_test_75ribu-36-_jpg.rf.16988d92e845124bf4bd71892a174500.jpg,no_annotation
14214,ds4_test_75ribu-50-_jpg.rf.6fc2f437b273cb270815c75e1335c05c.jpg,no_annotation
14215,ds4_test_75ribu-45-_jpg.rf.0f4a84fab4bb217b26d2448f4f46ac2a.jpg,no_annotation
14216,ds4_test_75ribu-54-_jpg.rf.6c45dffd88624562bb93de8aea8fcd7f.jpg,no_annotation
14217,ds4_test_75ribu-5-_jpg.rf.0e562c8208ecff72544c59c8e328b8c8.jpg,no_annotation
14218,ds4_test_75ribu-56-_jpg.rf.e203288a621c33b80a066fba367ecebe.jpg,no_annotation
14219,ds4_test_75ribu-53-_jpg.rf.1d3f141f6052a424907c6e77c780de9e.jpg,no_annotation
14220,ds4_test_75ribu-42-_jpg.rf.f80bd025c5b8c3aa41b19b95c9faafa6.jpg,no_annotation
14221,ds4_test_75ribu-71-_jpg.rf.2dfcb1d37233d02a8d09c8b7c046bb51.jpg,no_annotation
14222,ds4_test_75ribu-126-_jpg.rf.89ec01a146d30e071340d8c445c18bd2.jpg,no_annotation
14223,ds4_test_75ribu-72-_jpg.rf.2a33b3e5f35ea2246b9f7c5e4f379730.jpg,no_annotation
14224,ds4_test_75ribu-158-_jpg.rf.2d715f0e3bfa975155f47265821a74f1.jpg,no_annotation
14225,ds4_test_75ribu-55-_jpg.rf.e8355c8144e92649ee60f04a2e7fb753.jpg,no_annotation
14226,ds4_test_75ribu-31-_jpg.rf.b16181411487351df795f536c566c4c5.jpg,no_annotation
14227,ds4_test_75ribu-145-_jpg.rf.e8e95247cfc67fa451af03a7f0241ebe.jpg,no_annotation
14228,ds4_test_75ribu-135-_jpg.rf.0c07aad19fc56b0d646415cd0d73ff04.jpg,no_annotation
14229,ds4_test_75ribu-47-_jpg.rf.8f790454a73ac296d637b341b78ca061.jpg,no_annotation
14230,ds4_test_75ribu-33-_jpg.rf.d0757d0da442eb02631fcca732b857c4.jpg,no_annotation
14231,ds4_test_75ribu-133-_jpg.rf.5d91232fdc99e972b48e22a573c524bf.jpg,no_annotation
30569,ds9_train_118_jpg.rf.246b8ad877f196f2fcf3e8709249183e.jpg,no_annotation
30572,ds9_train_108_jpg.rf.24a3e62031d940fdca66616e5877de11.jpg,no_annotation
30580,ds9_train_15_jpg.rf.24ebed7a1da8f77d833eb8428148a93f.jpg,no_annotation
30589,ds9_train_213_jpg.rf.248ad928adfdbd766e58752c99bcd1e8.jpg,no_annotation
30595,ds9_train_500_jpg.rf.25276fa19b60616ea21bdafb3168e43d.jpg,no_annotation
30596,ds9_train_824_jpg.rf.2569a72c29ade6fd35ba9e17bfd1484e.jpg,no_annotation
30604,ds9_train_780_jpg.rf.251b24b9fb8f49fd39ec8c44c5592796.jpg,no_annotation
30622,ds9_train_402_jpg.rf.260c9ed40922cb45897fe67d1ed5cc20.jpg,no_annotation
30624,ds9_train_15_jpg.rf.2619ba0adbddd3b8d603197b5b2e945d.jpg,no_annotation
30625,ds9_train_251_jpg.rf.2653a755aae0fc10afec991c2cd75578.jpg,no_annotation
30633,ds9_train_101-Copy_jpg.rf.266c72e08c3f53c73f2c9642e7a150c5.jpg,no_annotation
30635,ds9_train_755_jpg.rf.267562e9a91d4e1fe26ab87485c30094.jpg,no_annotation
30643,ds9_train_224_jpg.rf.26b7a87f85da73bd9312ac116af366fb.jpg,no_annotation
30654,ds9_train_637_jpg.rf.2709a295f76553d1d721e6e29c10fffd.jpg,no_annotation
30659,ds9_train_16_jpg.rf.27343ce65af410b002e785e39f3cf859.jpg,no_annotation
30662,ds9_train_253_jpg.rf.270a03cfbb5c2b9fdfbfee70c0aee785.jpg,no_annotation
30667,ds9_train_590_jpg.rf.2770e214825d29ab2904d5ddd20987fe.jpg,no_annotation
30682,ds9_train_123_jpg.rf.2802c802f327b06b0c679b1876996798.jpg,no_annotation
30699,ds9_train_576_jpg.rf.28354f502f811eb436023a7c0a589403.jpg,no_annotation
30700,ds9_train_214_jpg.rf.283f9398a43441bd2fe06f4cb5aa2fab.jpg,no_annotation
30714,ds9_train_228_jpg.rf.28dd98faf4ba7df5280f0c3cbd278faf.jpg,no_annotation
30716,ds9_train_97-Copy_jpg.rf.28b5e9c374d13af5eb077d563dfeec58.jpg,no_annotation
30717,ds9_train_832_jpg.rf.28704b9ffafb0a3adb2961bc9bdb8556.jpg,no_annotation
30719,ds9_train_619_jpg.rf.2878d63234b5d40f8decd564b1c124ec.jpg,no_annotation
30727,ds9_train_798_jpg.rf.28fb36c332ac83c945db0d0afe29db47.jpg,no_annotation
30737,ds9_train_758_jpg.rf.291434d5fdb1d331ff096855b135aacb.jpg,no_annotation
30739,ds9_train_242_jpg.rf.29a1c9fdd593a35fa2e000d4382f0baf.jpg,no_annotation
30744,ds9_train_803_jpg.rf.2946ccf535d4963eb96a1ff5e853eba1.jpg,no_annotation
30750,ds9_train_196_jpg.rf.298c69a210230468dd657e9d31baee3f.jpg,no_annotation
30752,ds9_train_230_jpg.rf.29b069430c868035ef97eed1db08d67e.jpg,no_annotation
30758,ds9_train_230_jpg.rf.29e9996e9d300849a59bff02ef9b0a16.jpg,no_annotation
30759,ds9_train_443_jpg.rf.29d099bf4220080e7f62e18655b006d0.jpg,no_annotation
30763,ds9_train_610_jpg.rf.29ed9fc7014c8cdd1f13ddc74d961cc8.jpg,no_annotation
30767,ds9_train_598_jpg.rf.2a288616d31d3656b6bb2b31182a6ba4.jpg,no_annotation
30769,ds9_train_183_jpg.rf.2a3b0aa63874c8545b50825a1b605262.jpg,no_annotation
30778,ds9_train_760_jpg.rf.2a687a2b0ac0c9135cfec384f1368a74.jpg,no_annotation
30779,ds9_train_57_jpg.rf.2a96cfe75a07b5ace90cb74228f608a3.jpg,no_annotation
30787,ds9_train_512_jpg.rf.2a6782e039c08b53dd63b757bdb995c4.jpg,no_annotation
30805,ds9_train_791_jpg.rf.2b290058edf8c07d31438beaff90bcca.jpg,no_annotation
30835,ds9_train_812_jpg.rf.2becf6ec75d039954a73423f714edc43.jpg,no_annotation
30845,ds9_train_845_jpg.rf.2c41cc919dd15acee45dc671930f1de0.jpg,no_annotation
30851,ds9_train_93_jpg.rf.2cd4dec3379cc18bad2f79c22b650e77.jpg,no_annotation
30857,ds9_train_483_jpg.rf.2c8d8dfad52c208e0396639725a332b8.jpg,no_annotation
30870,ds9_train_183_jpg.rf.2cff102c1c9dc21f55a8a675ac5d72ce.jpg,no_annotation
30875,ds9_train_126_jpg.rf.2d4d21dcfd53335a1870940b9471487d.jpg,no_annotation
30877,ds9_train_365_jpg.rf.2d74a582ffeefde00d10cafbb378e04d.jpg,no_annotation
30881,ds9_train_220_jpg.rf.2dac7bb3e45f1229c84f66a98c81e52a.jpg,no_annotation
30885,ds9_train_127_jpg.rf.2dbdca9d8136d0244366dada005c7d39.jpg,no_annotation
30893,ds9_train_10_jpg.rf.2e3bbf84718da62664ab46dfca7543d4.jpg,no_annotation
30897,ds9_train_799_jpg.rf.2e15434349f71eafda43fee0f936f37f.jpg,no_annotation
30902,ds9_train_229_jpg.rf.2e830b8308ec44b85aae7d6b7c711534.jpg,no_annotation
30920,ds9_train_208_jpg.rf.2ebad5fee01d2f200734c0731bb0ca6f.jpg,no_annotation
30933,ds9_train_170_jpg.rf.2f2ecd8a7ca03e14577028922a912750.jpg,no_annotation
30959,ds9_train_477_jpg.rf.2fd92b53c7b17cae9a5a01d539e78c85.jpg,no_annotation
30965,ds9_train_749_jpg.rf.30594fc345e6e7f9d891b865239fbeec.jpg,no_annotation
30991,ds9_train_358_jpg.rf.312786b39fbf90e64dd603758a98d574.jpg,no_annotation
31002,ds9_train_782_jpg.rf.31a0dc911621866ddc15db12021b584d.jpg,no_annotation
31017,ds9_train_516_jpg.rf.31d133025ac63f72918740c05c5d59b6.jpg,no_annotation
31022,ds9_train_145_jpg.rf.3228140ae6c75d3f6568bde42940267e.jpg,no_annotation
31041,ds9_train_197_jpg.rf.32e94ae42673d6da2da58a736f21014a.jpg,no_annotation
31042,ds9_train_252_jpg.rf.3311005ee07da5ba24c124e6f71f1613.jpg,no_annotation
31049,ds9_train_172_jpg.rf.32e5497d2588684e706175c3bbde245e.jpg,no_annotation
31056,ds9_train_545_jpg.rf.332749f01cd4b59d1eec7dca362e6ab6.jpg,no_annotation
31060,ds9_train_365_jpg.rf.332a029d31d659990e03735b163897f1.jpg,no_annotation
31066,ds9_train_834_jpg.rf.337dd215942d7006af829ce842be8187.jpg,no_annotation
31069,ds9_train_787_jpg.rf.33574879095ecf93470b9656d5fd327d.jpg,no_annotation
31075,ds9_train_244_jpg.rf.3399375112075cb0a59d1219c35b251e.jpg,no_annotation
31099,ds9_train_19-Copy_jpg.rf.3484473835e8a9095f9b340d8764999a.jpg,no_annotation
31104,ds9_train_246-Copy_jpg.rf.34adec534cb4d5fbe7d9d6fc1f6a296b.jpg,no_annotation
31112,ds9_train_456_jpg.rf.34b3f05fb46bfb095b9ce0576fee3e8c.jpg,no_annotation
31114,ds9_train_511_jpg.rf.34b3d78245b833c2d481225d55eb5b59.jpg,no_annotation
31116,ds9_train_470_jpg.rf.34dcf04d743e3c1edea3fcdc91ad5a66.jpg,no_annotation
31128,ds9_train_485_jpg.rf.357517feca731b14444efa83920b453c.jpg,no_annotation
31130,ds9_train_805_jpg.rf.3542491c65eef5ea85ea5c1c2ba2d7dc.jpg,no_annotation
31131,ds9_train_194_jpg.rf.353f2f1f5f06ac6b93f9dc91197ea66d.jpg,no_annotation
31147,ds9_train_477_jpg.rf.35e61db99bcac0b94abfef04ab74d417.jpg,no_annotation
31157,ds9_train_160_jpg.rf.361b012989c5d4c0e5deeddf53991ce4.jpg,no_annotation
31162,ds9_train_8_jpg.rf.35ec4ba52ad6795cbb94c7a3c6b97a58.jpg,no_annotation
31172,ds9_train_415_jpg.rf.36556d235c38af5fe61c547f8437d0ae.jpg,no_annotation
31179,ds9_train_768_jpg.rf.366f0a8abccb509b4f4cdb037fbbb59c.jpg,no_annotation
31181,ds9_train_479_jpg.rf.368d46a2196dfe92213a983f7969bd8b.jpg,no_annotation
31183,ds9_train_763_jpg.rf.369292574df8cc05dcab910e5afeafe7.jpg,no_annotation
31205,ds9_train_764_jpg.rf.3746de69ca9582a24c6ce92454acbc56.jpg,no_annotation
31206,ds9_train_545_jpg.rf.3786de1cbbb79a8055bb9fb1f157180c.jpg,no_annotation
31207,ds9_train_193_jpg.rf.3707f896980e9e033a89095afee3f0ce.jpg,no_annotation
31210,ds9_train_226_jpg.rf.370cb088dd4a57480d0dfac1e9def930.jpg,no_annotation
31213,ds9_train_418_jpg.rf.379e25e887c35e8f200fe4f57b105e0e.jpg,no_annotation
31216,ds9_train_240_jpg.rf.37a1ebd300f605b011f9a1ab563c08ad.jpg,no_annotation
31242,ds9_train_753_jpg.rf.3897c3d15d2b4a7a6e1bfaf24824d0b1.jpg,no_annotation
31261,ds9_train_355_jpg.rf.3958fe00dc8c12b3b6a0f66c82080ff1.jpg,no_annotation
31264,ds9_train_131_jpg.rf.3918c74fd58a8cb01da5f434b9f8aa13.jpg,no_annotation
31272,ds9_train_185_jpg.rf.392352a73988f59a673a3c70c179e91f.jpg,no_annotation
31291,ds9_train_765_jpg.rf.3a26c96789edb0d4a017406044baa96e.jpg,no_annotation
31293,ds9_train_588_jpg.rf.3a34c3d35d93c6d6f490c69e4c63eb84.jpg,no_annotation
31297,ds9_train_798_jpg.rf.3a8b123c854a65d56cc765833956b399.jpg,no_annotation
31301,ds9_train_204_jpg.rf.39c45ff1e9eeb03df98a463ce05bed50.jpg,no_annotation
31307,ds9_train_203_jpg.rf.3af757da5aaf913759a678b36e9b9985.jpg,no_annotation
31312,ds9_train_562_jpg.rf.3a7c3d7278c6b0cd639410d54614b1d7.jpg,no_annotation
31313,ds9_train_124_jpg.rf.3ac92b6f3cdc3d60d58df92ac541e8e5.jpg,no_annotation
31319,ds9_train_201-Copy_jpg.rf.3b21f6a094b09480f94ad172d12f48c0.jpg,no_annotation
31323,ds9_train_607_jpg.rf.3b3ba62542f3b671b62271a80e1db9e9.jpg,no_annotation
31324,ds9_train_521_jpg.rf.3b582e60ac160c5ae0b8c359621de6f8.jpg,no_annotation
31327,ds9_train_439_jpg.rf.3b64e3f9d226fda8397e52810f0b19da.jpg,no_annotation
31334,ds9_train_79_jpg.rf.3b8d1342989e02606e306dbdfb1be660.jpg,no_annotation
31358,ds9_train_791_jpg.rf.3c7ffbeaad6ac646a98f712901150cdc.jpg,no_annotation
31360,ds9_train_547_jpg.rf.3c50f85b78c6af366e2196711dada5ee.jpg,no_annotation
31366,ds9_train_465_jpg.rf.3c8f27c59f25f3cc4814046ad841bdc8.jpg,no_annotation
31369,ds9_train_636_jpg.rf.3c5d244ee5d7d363373d625f837f698a.jpg,no_annotation
31370,ds9_train_429-Copy_jpg.rf.3c3ef19a0e1bed05e0941b63fb7c961e.jpg,no_annotation
31375,ds9_train_131_jpg.rf.3c6e41c472941cdbb2a65a8e8bab7b5a.jpg,no_annotation
31378,ds9_train_415_jpg.rf.3cb625c041c9a036478990bd73029442.jpg,no_annotation
31381,ds9_train_830_jpg.rf.3cce47ca085591fd95be601434132a05.jpg,no_annotation
31384,ds9_train_222_jpg.rf.3cb550d74bf3494fc2737c5eac449c44.jpg,no_annotation
31390,ds9_train_30_jpg.rf.3d7668233e3f6783197016ea83ad8e46.jpg,no_annotation
31399,ds9_train_65_jpg.rf.3d92756193956016b66606996941af0e.jpg,no_annotation
31402,ds9_train_362_jpg.rf.3d74dff84297aa927c73dd2f9558e5b5.jpg,no_annotation
31405,ds9_train_24-Copy_jpg.rf.3d6b42009f64a9330640fd4a002118d7.jpg,no_annotation
31407,ds9_train_245_jpg.rf.3d99149b53b7c87ae3ba73c3eacb9590.jpg,no_annotation
31410,ds9_train_795_jpg.rf.3d9a2579d400f3145eb89145921d01bc.jpg,no_annotation
31418,ds9_train_436_jpg.rf.3db61f74d65ac35a2bd4565b3d7c7783.jpg,no_annotation
31425,ds9_train_542_jpg.rf.3dc834fdca87b65b27916f3683ed7214.jpg,no_annotation
31437,ds9_train_453_jpg.rf.3e87d6598526003a8a83a2dcb59981d5.jpg,no_annotation
31439,ds9_train_259_jpg.rf.3e16b28cb6204772fb927e300794bde2.jpg,no_annotation
31441,ds9_train_60_jpg.rf.3ea78ee669b5907506b5cca43d4d35f4.jpg,no_annotation
31458,ds9_train_191_jpg.rf.3f43f5ae23e68e922e11824ea582e8c5.jpg,no_annotation
31462,ds9_train_409_jpg.rf.3f67203a1004aaedf5d3902213202867.jpg,no_annotation
31467,ds9_train_600_jpg.rf.3f4db902d311c0834411273af06ebf79.jpg,no_annotation
31469,ds9_train_223_jpg.rf.3f7b5288b3cb0eb87b4dedd1985404e0.jpg,no_annotation
31474,ds9_train_352_jpg.rf.3f82bca8e04dfb944e286ed2cfef7dc6.jpg,no_annotation
31482,ds9_train_206_jpg.rf.3fb670dc84a2f954d926d0718b558158.jpg,no_annotation
31485,ds9_train_242_jpg.rf.3fc8443f009c6ae188a865b6a14be43f.jpg,no_annotation
31488,ds9_train_496_jpg.rf.3ff90c72593b4c9352e0ebd3b848be4c.jpg,no_annotation
31493,ds9_train_100-Copy_jpg.rf.401a6e8df78ba7ebf770bb9530664b4a.jpg,no_annotation
31494,ds9_train_175_jpg.rf.3fd15a90772e71f686856bed4cacea04.jpg,no_annotation
31496,ds9_train_181_jpg.rf.403dcd0b56e61270d8f73fadc861467a.jpg,no_annotation
31504,ds9_train_225_jpg.rf.40bb485006c475fe2d34985bb40afb58.jpg,no_annotation
31513,ds9_train_804_jpg.rf.40528af8b45db15a9e80e4f1d7c7ae7f.jpg,no_annotation
31527,ds9_train_625_jpg.rf.412ad55a4a3206db12f61df614355f5d.jpg,no_annotation
31529,ds9_train_182_jpg.rf.4134d2ed01f08853827c9b13f25e77d7.jpg,no_annotation
31533,ds9_train_592_jpg.rf.4190c7fe0ad68dc54388c472efe25836.jpg,no_annotation
31539,ds9_train_432-Copy_jpg.rf.41812e61032fa33823aa5c22e419a323.jpg,no_annotation
31548,ds9_train_618_jpg.rf.41d2e0ab61067a82d08d97769600fd88.jpg,no_annotation
31557,ds9_train_523_jpg.rf.41d0ececdee1cc0233aba90b11a3d56d.jpg,no_annotation
31562,ds9_train_198-Copy_jpg.rf.41b39ae076fb5754e8bf1e4c1e658add.jpg,no_annotation
31566,ds9_train_364_jpg.rf.421ed8c6699a78062ee5601d536a72a9.jpg,no_annotation
31571,ds9_train_552_jpg.rf.42344683e6fb14ab25df57aadb92f721.jpg,no_annotation
31572,ds9_train_246_jpg.rf.425adb1fb61032d44716ad7d26249f3a.jpg,no_annotation
31579,ds9_train_828_jpg.rf.42923390a56799810d16101499193c9a.jpg,no_annotation
31595,ds9_train_412_jpg.rf.4260b3f34b45eeaba2eb0714305b4701.jpg,no_annotation
31600,ds9_train_630_jpg.rf.432fb6e55e664c1549e4e31fe4c1a1ed.jpg,no_annotation
31604,ds9_train_596_jpg.rf.439fbafbbd2f5e167a91fda287f73da4.jpg,no_annotation
31605,ds9_train_564_jpg.rf.434d4c476e537644c1b3f3f70cb00aef.jpg,no_annotation
31607,ds9_train_1_jpg.rf.4365fdf04578be98a5267bdc339e398a.jpg,no_annotation
31610,ds9_train_416_jpg.rf.43dce715680ff52ed771d690537c2558.jpg,no_annotation
31617,ds9_train_156_jpg.rf.43c6ea4c19cb484d55fdae08a4886f47.jpg,no_annotation
31625,ds9_train_573_jpg.rf.43a1bdb8fb347074d948e2f5cd04d387.jpg,no_annotation
31636,ds9_train_615_jpg.rf.4452b78ca520445bb3b3d28ebfb06044.jpg,no_annotation
31644,ds9_train_497_jpg.rf.448afb3fc246b5069372f469a2d664c7.jpg,no_annotation
31646,ds9_train_523_jpg.rf.44b4456554ed2e84f9be76bfa822179b.jpg,no_annotation
31648,ds9_train_805_jpg.rf.44dbf999de5d199da9bca03a64963ea5.jpg,no_annotation
31652,ds9_train_483_jpg.rf.44be0faf8904ed73b9ab4d4120744af6.jpg,no_annotation
31654,ds9_train_835_jpg.rf.452fb03ba6f92335c13297c096205a0c.jpg,no_annotation
31660,ds9_train_257_jpg.rf.45573d6af1c967937e4c4e9d3bd0fc81.jpg,no_annotation
31680,ds9_train_244_jpg.rf.45f7cc75fef748f72e33b9e57614b6b0.jpg,no_annotation
31690,ds9_train_786_jpg.rf.465076bf9f10c6e88cf2a449bc86757b.jpg,no_annotation
31691,ds9_train_439_jpg.rf.4651fd2edcf382239b658e84e043ee8a.jpg,no_annotation
31697,ds9_train_42_jpg.rf.4654c08dd01365a30b2e8d2726c8dcc3.jpg,no_annotation
31699,ds9_train_605_jpg.rf.4687d760a73ffd1068f785e899503111.jpg,no_annotation
31707,ds9_train_227-Copy_jpg.rf.4678205260d0184cff71026af766b5e6.jpg,no_annotation
31708,ds9_train_154_jpg.rf.46c0179d6835df7494f85d4fae51d211.jpg,no_annotation
31721,ds9_train_759_jpg.rf.46afb61d7d9b503b9f2aaede3259e873.jpg,no_annotation
31722,ds9_train_821_jpg.rf.470ae59b6dec1cd36e34fd3da1eb6a26.jpg,no_annotation
31723,ds9_train_444_jpg.rf.4764919e7b9b8083e1e3701c559e3e46.jpg,no_annotation
31733,ds9_train_209_jpg.rf.47752c4d078a921b56e559678c66e38c.jpg,no_annotation
31736,ds9_train_451_jpg.rf.47b57def58622e8cbadec10792a4a3fe.jpg,no_annotation
31764,ds9_train_8_jpg.rf.47cc60fe85a31599821d238aca651970.jpg,no_annotation
31777,ds9_train_534_jpg.rf.489f2ebd9e84ac2e244551f29cb9c227.jpg,no_annotation
31787,ds9_train_36_jpg.rf.48c2f7259a4b3d51ca2a531a7f1e2254.jpg,no_annotation
31790,ds9_train_91_jpg.rf.6e1d7b4919616e39e3b0913d5a62ab46.jpg,no_annotation
31800,ds9_train_172_jpg.rf.6e8466fb05c4571fa3c7ab45131cce4c.jpg,no_annotation
31816,ds9_train_158_jpg.rf.6f20e782300dbc6ed8df34990d1afed7.jpg,no_annotation
31826,ds9_train_61_jpg.rf.6fab47d5f12a0d4e1f534da14fdbaad2.jpg,no_annotation
31844,ds9_train_176_jpg.rf.6fea23f2b39b10c893c7916ea6edbb1b.jpg,no_annotation
31848,ds9_train_241_jpg.rf.70297a88f7cedf2f574b6baa8dc35be1.jpg,no_annotation
31857,ds9_train_582_jpg.rf.6fee3ccc36a7ef137a88ec43fc3fe9e8.jpg,no_annotation
31863,ds9_train_463_jpg.rf.702ddf0ec13952edd806aff916b86e28.jpg,no_annotation
31869,ds9_train_756_jpg.rf.7046b1b522bfc8ba91a16929b3529fe7.jpg,no_annotation
31877,ds9_train_0_jpg.rf.709eca1c61b82544023ea47a3901f048.jpg,no_annotation
31881,ds9_train_535_jpg.rf.708e3ec21372497347b610b1bcb55be3.jpg,no_annotation
31885,ds9_train_760_jpg.rf.70c741a2e1fbab51eed35d005f2fad33.jpg,no_annotation
31886,ds9_train_577_jpg.rf.70cefa89f697451d7bbe8fe056d49c08.jpg,no_annotation
31888,ds9_train_97-Copy_jpg.rf.70e8caf5a6950a4a07127255c76437d2.jpg,no_annotation
31897,ds9_train_778_jpg.rf.71227ae83641ba90c122e69428483e27.jpg,no_annotation
31904,ds9_train_243_jpg.rf.717c6666961455d9d4edaf6e05524793.jpg,no_annotation
31911,ds9_train_243_jpg.rf.71510f933cd6f486b172c9b711945933.jpg,no_annotation
31912,ds9_train_517_jpg.rf.716c218a7554f31a2015f02cc7570cb9.jpg,no_annotation
31913,ds9_train_575_jpg.rf.715267c72929e580bd78c3650d0bd038.jpg,no_annotation
31931,ds9_train_837_jpg.rf.726e380550254b93724970fdeff886d0.jpg,no_annotation
31932,ds9_train_70_jpg.rf.721e9ad4249b41c8a999b7e5be072d83.jpg,no_annotation
31934,ds9_train_196_jpg.rf.726b44a48a5c3a1b617a406fd1a55aa8.jpg,no_annotation
31935,ds9_train_597_jpg.rf.7254026a5b498f0aef97b4109905c003.jpg,no_annotation
31936,ds9_train_429-Copy_jpg.rf.729be0266398eed81150904233d06c58.jpg,no_annotation
31943,ds9_train_489_jpg.rf.727305d13cb28c21d82c16cfe56f8a89.jpg,no_annotation
31947,ds9_train_401_jpg.rf.72df751debbf103e09c2263a94daaf27.jpg,no_annotation
31948,ds9_train_599_jpg.rf.72a9d6e5430e6f513e8cf3b47d200b6e.jpg,no_annotation
31951,ds9_train_793_jpg.rf.72b180cc911dc7953ebb2dffe2977ebd.jpg,no_annotation
31955,ds9_train_257_jpg.rf.72f54125e99b826f04837e2b88cae899.jpg,no_annotation
31963,ds9_train_632_jpg.rf.7321ad903da69886996021cdf604c21a.jpg,no_annotation
31983,ds9_train_128_jpg.rf.73c0243d5068ba087ac82abb88c4a53a.jpg,no_annotation
31987,ds9_train_61_jpg.rf.73cc5d5132aa7cd503998898e448e956.jpg,no_annotation
31993,ds9_train_250_jpg.rf.744936abb75656108e58f4349b0a2aa6.jpg,no_annotation
31994,ds9_train_431-Copy_jpg.rf.73f306191d3cf6450a35501c03733e76.jpg,no_annotation
32000,ds9_train_169_jpg.rf.745c49110acaede4b822c35f0157f6a5.jpg,no_annotation
32002,ds9_train_567_jpg.rf.743567b3aa78248aea6a3599cdd6faaf.jpg,no_annotation
32005,ds9_train_841_jpg.rf.745715a3be2cae3a33fd01e8c4426eb9.jpg,no_annotation
32007,ds9_train_190_jpg.rf.745f3808ca15422bed26ba8cfb9cf532.jpg,no_annotation
32021,ds9_train_827_jpg.rf.74c94a0f5f40a830176b5c6a8a72f722.jpg,no_annotation
32023,ds9_train_192_jpg.rf.74c1b08634761e50c2956144bca46cba.jpg,no_annotation
32025,ds9_train_189-Copy_jpg.rf.74cb6122c9283ff0cbebd2d498b3531f.jpg,no_annotation
32027,ds9_train_385_jpg.rf.74bacc914856d1574ade845672a04eb0.jpg,no_annotation
32033,ds9_train_66_jpg.rf.74e48021069c4d847b06462f7a23fbce.jpg,no_annotation
32034,ds9_train_819_jpg.rf.74c96a941453102f7bc5f35d2d5e4526.jpg,no_annotation
32036,ds9_train_106_jpg.rf.74fd4c9c60d9a6d82aa202864fc51bb3.jpg,no_annotation
32039,ds9_train_188-Copy_jpg.rf.751e5bd24ba736926b787486ed3d9158.jpg,no_annotation
32049,ds9_train_628_jpg.rf.75648159d57d22e45478b96668585f8f.jpg,no_annotation
32056,ds9_train_503_jpg.rf.7557997e588004eaf355bda839b0cd8e.jpg,no_annotation
32060,ds9_train_351_jpg.rf.75a4911be25f486f02d1d454642e5c5c.jpg,no_annotation
32069,ds9_train_55_jpg.rf.76159fad992e0ca2c2c03ce63f0bde10.jpg,no_annotation
32073,ds9_train_754_jpg.rf.76381aa4f02f223040396e91a2804661.jpg,no_annotation
32078,ds9_train_379_jpg.rf.766e67773cf52ceea7642567094add2e.jpg,no_annotation
32091,ds9_train_793_jpg.rf.766ef3023de0f769b32aeec0b4feb280.jpg,no_annotation
32101,ds9_train_813_jpg.rf.767b0095be9862700a067baba80a0234.jpg,no_annotation
32102,ds9_train_614_jpg.rf.768b117a610e96ac8052e3822b2a3eb7.jpg,no_annotation
32115,ds9_train_94_jpg.rf.77e2b8f8171473e9347d4139ee4e72ae.jpg,no_annotation
32132,ds9_train_152-Copy_jpg.rf.78121193c448900cc9705f375c6b4b0e.jpg,no_annotation
32141,ds9_train_86_jpg.rf.786724ae12ce297070c2291bb596f6f9.jpg,no_annotation
32145,ds9_train_90_jpg.rf.7864feb3c6c61c96682f5ce706631925.jpg,no_annotation
32170,ds9_train_771_jpg.rf.79039af4556ec3b8bce76600ed6b4203.jpg,no_annotation
32171,ds9_train_424_jpg.rf.79518cb3d31e66829897968bfe4b095d.jpg,no_annotation
32172,ds9_train_841_jpg.rf.797b83d9b2388d2810df08b91e2c89c7.jpg,no_annotation
32175,ds9_train_184_jpg.rf.7999ee1da23b3e48e317256e4bcbc59d.jpg,no_annotation
32190,ds9_train_213_jpg.rf.79cec4615a1695ce74265f8d62c1237d.jpg,no_annotation
32192,ds9_train_128_jpg.rf.79fbc493533b88aeed861e7b203abbcb.jpg,no_annotation
32196,ds9_train_547_jpg.rf.7a940ba7a5ab10bdad9897bb3f4dd226.jpg,no_annotation
32199,ds9_train_76_jpg.rf.7a36a40b907abd04f6dae13416779c56.jpg,no_annotation
32201,ds9_train_164_jpg.rf.7a7c9780807d06b76f083cbdf5c50fc7.jpg,no_annotation
32205,ds9_train_488_jpg.rf.7a4aa5be6cb7ea2859199f1a845b4eb8.jpg,no_annotation
32210,ds9_train_200-Copy_jpg.rf.7a9068f297284623de3329ce9d1e35e5.jpg,no_annotation
32215,ds9_train_242_jpg.rf.79fa51ec32bb4fe526163b04a9f86ae3.jpg,no_annotation
32219,ds9_train_752_jpg.rf.7b10712b1c61e54dbcde8887b25f15ae.jpg,no_annotation
32220,ds9_train_41_jpg.rf.7ae71ebbb2d9458bf2254aa4aa22f1dd.jpg,no_annotation
32226,ds9_train_220_jpg.rf.7b5404c25fb98e17ce93433a336159f5.jpg,no_annotation
32229,ds9_train_555_jpg.rf.7b59ffc674720766132c3917f134d8cf.jpg,no_annotation
32238,ds9_train_796_jpg.rf.7ba2dc30ff3cc432d1a49486f4f911c7.jpg,no_annotation
32241,ds9_train_214_jpg.rf.7bb735f62fc7dbe70532a27ec9f4b1b7.jpg,no_annotation
32246,ds9_train_20-Copy_jpg.rf.7c123fb8a774ac3d7af868d67f970aaa.jpg,no_annotation
32251,ds9_train_752_jpg.rf.7bd54507274b2402e7822e5220d13810.jpg,no_annotation
32252,ds9_train_405_jpg.rf.7c21075164f88f84f40b7788ec936b6d.jpg,no_annotation
32254,ds9_train_117_jpg.rf.7c52ffc76e523745ecd55915cd6f1083.jpg,no_annotation
32264,ds9_train_777_jpg.rf.7c5f3e3ec69697d52a61d58362fe2d57.jpg,no_annotation
32267,ds9_train_794_jpg.rf.7c883efbfa2241787dc1991a3de1fcf6.jpg,no_annotation
32271,ds9_train_194_jpg.rf.7c98f3258b1e59ec84c304034c2c122f.jpg,no_annotation
32272,ds9_train_818_jpg.rf.7c7249abb678e8ed50646a5e97099e9a.jpg,no_annotation
32281,ds9_train_46_jpg.rf.7d17a3abbe993fb0baab2889847fb4bc.jpg,no_annotation
32285,ds9_train_390_jpg.rf.7d3e1c317da28c315fece36402efab67.jpg,no_annotation
32302,ds9_train_201-Copy_jpg.rf.7e3aea8b7dd391e393969217b02bb4c0.jpg,no_annotation
32303,ds9_train_635_jpg.rf.7e03b7a65a8174f83285d00bf005ed33.jpg,no_annotation
32312,ds9_train_240_jpg.rf.7e07b98cef9b652e438e8d9faa21afb7.jpg,no_annotation
32333,ds9_train_237_jpg.rf.7eb8117975dd15003ff11f9629b930bb.jpg,no_annotation
32337,ds9_train_769_jpg.rf.7e793f5fe05f9e91adf8f5e7eb73e095.jpg,no_annotation
32338,ds9_train_747_jpg.rf.7ee31ce4e16253f41ca817e084e4168b.jpg,no_annotation
32340,ds9_train_205_jpg.rf.7ec13e898f65b811013705f31db57105.jpg,no_annotation
32349,ds9_train_504_jpg.rf.7ef8499c19a0a27c0b0fc8238b01e57a.jpg,no_annotation
32350,ds9_train_600_jpg.rf.7ef67c841427fe2c7b6753375fa47716.jpg,no_annotation
32356,ds9_train_201_jpg.rf.7e6b5743c99efc003283f7471f3ff12f.jpg,no_annotation
32362,ds9_train_156_jpg.rf.7f687730779905f4254dcb654439a284.jpg,no_annotation
32409,ds9_train_558_jpg.rf.8107dec198607917413a6e7b3dba57bc.jpg,no_annotation
32440,ds9_train_115_jpg.rf.81cbc52eab31ae147f4ff0df578a6fee.jpg,no_annotation
32444,ds9_train_785_jpg.rf.81c565bafbe8c5874f5e25c1e7c21caa.jpg,no_annotation
32445,ds9_train_53-Copy_jpg.rf.81d9a7161ebd5a60bfac85cdc7c54c95.jpg,no_annotation
32496,ds9_train_811_jpg.rf.83764b7f0aed4e4b56e8d9d71cec205c.jpg,no_annotation
32497,ds9_train_219_jpg.rf.832f93d8a9297fa0ccef89efa1a619cf.jpg,no_annotation
32498,ds9_train_194_jpg.rf.8327400a2dcf32589d4e0bc1a9680dc5.jpg,no_annotation
32504,ds9_train_118_jpg.rf.83c3a258b4961e217bd49e837de63a02.jpg,no_annotation
32505,ds9_train_248-Copy_jpg.rf.8364fcbf4767b48d265169167204f7b8.jpg,no_annotation
32509,ds9_train_425_jpg.rf.8372a536a05658f0b4d7207e6ef15355.jpg,no_annotation
32513,ds9_train_132_jpg.rf.83cf3b07242bd0f72dbd1c5abecad99c.jpg,no_annotation
32520,ds9_train_844_jpg.rf.83ed7266674ed76f8f2765c3b05c3bea.jpg,no_annotation
32535,ds9_train_482_jpg.rf.841114dafe6ba2b34af4e6c7591b7a60.jpg,no_annotation
32541,ds9_train_104_jpg.rf.84cdd91601977fa183a841a52c9e70dc.jpg,no_annotation
32546,ds9_train_64_jpg.rf.84f2d83fa2ca7592878bb85512a6187f.jpg,no_annotation
32548,ds9_train_433_jpg.rf.8463ccf4d2786704e1ec977b7184c6f9.jpg,no_annotation
32565,ds9_train_377_jpg.rf.853d39fba762fabd0e4a3d28168d42cf.jpg,no_annotation
32566,ds9_train_227_jpg.rf.856a20e04afb52fe88874047e0dcabbf.jpg,no_annotation
32580,ds9_train_835_jpg.rf.85a7f98bdc00b687a622f8fa0e50f0ac.jpg,no_annotation
32600,ds9_train_585_jpg.rf.864971f44ddc067b4ac3459cb3da6360.jpg,no_annotation
32621,ds9_train_368_jpg.rf.86b596a2af85829a345fd6942ba7ee22.jpg,no_annotation
32633,ds9_train_763_jpg.rf.8739ccfe7631f549b35b9f49e9a8074e.jpg,no_annotation
32635,ds9_train_496_jpg.rf.86ed646912997eac3ff3c82a73077d89.jpg,no_annotation
32642,ds9_train_161_jpg.rf.8774cb85b76508102a48aff9988b1469.jpg,no_annotation
32649,ds9_train_224_jpg.rf.8786eedf510bf63157961b4733a950d7.jpg,no_annotation
32659,ds9_train_372_jpg.rf.87d2761dbf6393bbd174a16e99cedd19.jpg,no_annotation
32663,ds9_train_57_jpg.rf.87ff12b55d59598ac053a51ef5018098.jpg,no_annotation
32679,ds9_train_414_jpg.rf.88904a652233670943fd93ddd7d5dfcc.jpg,no_annotation
32699,ds9_train_592_jpg.rf.88c5ad220c1cbd894a7318a8303b525d.jpg,no_annotation
32716,ds9_train_398_jpg.rf.895c2663b136635e6742b5f1764fd6a8.jpg,no_annotation
32718,ds9_train_22-Copy_jpg.rf.8990dcbb230211150d321800c521b41b.jpg,no_annotation
32733,ds9_train_560_jpg.rf.89dbe8e9bfe3b5e79ed5c7f962cc1670.jpg,no_annotation
32737,ds9_train_377_jpg.rf.89f2eee833ddca65de920191edcef0db.jpg,no_annotation
32739,ds9_train_208_jpg.rf.89fc3bf74bdc2d1cbe3222378b26ce13.jpg,no_annotation
32752,ds9_train_173_jpg.rf.8a68a2d1da42cc064d33883dca17f580.jpg,no_annotation
32759,ds9_train_24-Copy_jpg.rf.8a97408f0cacce116c37770f7c6a9935.jpg,no_annotation
32760,ds9_train_756_jpg.rf.8ac8e318eb1ad7644a6ac6a31a3dc9cf.jpg,no_annotation
32761,ds9_train_792_jpg.rf.8a9c23f8f9212d1a5ab5c3e9c80f472b.jpg,no_annotation
32776,ds9_train_517_jpg.rf.8af93d5d0e1fd1fb5c95f991f5684aa7.jpg,no_annotation
32780,ds9_train_250_jpg.rf.8b1d277b06a0c7d98ac45a0b2257ddc1.jpg,no_annotation
32783,ds9_train_192_jpg.rf.8b5ad462b9b36f69c460a44d2a346410.jpg,no_annotation
32787,ds9_train_641-Copy_jpg.rf.8b6bc1f724ce223226d8348923f10a01.jpg,no_annotation
32797,ds9_train_37_jpg.rf.8bd2c3149ccb29e4f8df1ecb401dd54a.jpg,no_annotation
32802,ds9_train_259_jpg.rf.8c061e618615d9a191e9f2f2ba18b8d5.jpg,no_annotation
32807,ds9_train_186_jpg.rf.8c2ec4e7fb0d9bcb84eb5211714df8f1.jpg,no_annotation
32809,ds9_train_189-Copy_jpg.rf.8c39453e543c6ad1f975c204b711d7f6.jpg,no_annotation
32811,ds9_train_253_jpg.rf.8c072d02a824e28134e5fcd9ac2579b5.jpg,no_annotation
32815,ds9_train_604_jpg.rf.8c38741343f00e658a621ee581c8c867.jpg,no_annotation
32818,ds9_train_18-Copy_jpg.rf.8c4de86d1c08538d67dcb857adda4011.jpg,no_annotation
32819,ds9_train_778_jpg.rf.8c04fa851147d950fd4af4482112ae25.jpg,no_annotation
32821,ds9_train_834_jpg.rf.8c7932a812b1e22d8e164d212a64c950.jpg,no_annotation
32826,ds9_train_458_jpg.rf.8c9bb2682c4dc8d423e41e1e49420624.jpg,no_annotation
32834,ds9_train_205_jpg.rf.8cb11e53428e3d84f24941d95e51190f.jpg,no_annotation
32844,ds9_train_590_jpg.rf.8d3f80b7df50fd253e34e5c008e22fb1.jpg,no_annotation
32845,ds9_train_770_jpg.rf.8d3ecc4fc980d73c71ef8332238e63c6.jpg,no_annotation
32850,ds9_train_73_jpg.rf.8d3a97a42c27cc620970bbb21d7dab6f.jpg,no_annotation
32851,ds9_train_350_jpg.rf.8d76825fcf4e97b0c74837bfc35a7420.jpg,no_annotation
32866,ds9_train_796_jpg.rf.8da0099988e8ed3e0a7ed1e9a126a320.jpg,no_annotation
32867,ds9_train_357_jpg.rf.8d9a33010f68f059ff8540660944873b.jpg,no_annotation
32890,ds9_train_31_jpg.rf.8dabe499ad991526ff76cf5c97cbf9b3.jpg,no_annotation
32895,ds9_train_479_jpg.rf.8e38457c0dacfbdfc8ba12e9d96c752d.jpg,no_annotation
32920,ds9_train_402_jpg.rf.8eda6a335d41b1f9572c2bcc19e6a32d.jpg,no_annotation
32929,ds9_train_52-Copy_jpg.rf.8f0779e7a996e3aa355c606d9f55d7aa.jpg,no_annotation
32937,ds9_train_208_jpg.rf.8fb05bb5275a1258dfde16c3f7451150.jpg,no_annotation
32941,ds9_train_391_jpg.rf.8f5c182f57290b2a4886ec0d71e99394.jpg,no_annotation
32945,ds9_train_546_jpg.rf.8fbdd3184edb2bd863b1492cf10e9d79.jpg,no_annotation
32955,ds9_train_122_jpg.rf.8ff261b0806326e58a17915b5eede0cf.jpg,no_annotation
32961,ds9_train_256_jpg.rf.9039135a12d6de225ae3f716bbd71698.jpg,no_annotation
32977,ds9_train_7_jpg.rf.90609b9276a4b8271ef474c460a29dee.jpg,no_annotation
32991,ds9_train_623_jpg.rf.90fffdef2a5e6c198cc02136cf929a2a.jpg,no_annotation
32992,ds9_train_807_jpg.rf.90dbd554ea4c1ec5a719e4a37ed2b397.jpg,no_annotation
32998,ds9_train_500_jpg.rf.90d6cad41a4992ec78d5f06c37bb3d74.jpg,no_annotation
33004,ds9_train_466_jpg.rf.9089782465126aca54f26ecd7f510fb2.jpg,no_annotation
33012,ds9_train_70_jpg.rf.913ae380ff2c021454d9ebdbf995e355.jpg,no_annotation
33022,ds9_train_755_jpg.rf.91f7ce4524a6415382ab9744d5fafe8a.jpg,no_annotation
33030,ds9_train_810_jpg.rf.920dc67f59821378aaddf9edd441c4b9.jpg,no_annotation
33032,ds9_train_54_jpg.rf.91d6901bbe37e730783ca0b268fb30e2.jpg,no_annotation
33041,ds9_train_130_jpg.rf.9246d0be2a9abcc0b563000a22d0408d.jpg,no_annotation
33043,ds9_train_789_jpg.rf.922ccf5d591bd555a3c52b669a0d2423.jpg,no_annotation
33054,ds9_train_751_jpg.rf.92a4096954a20071773a6aeb5c586fc2.jpg,no_annotation
33062,ds9_train_32_jpg.rf.92bfc171cccfba92d509e687f762af45.jpg,no_annotation
33074,ds9_train_258_jpg.rf.92e70dd08ac431b14e44d415342d3405.jpg,no_annotation
33078,ds9_train_403_jpg.rf.935503d19d552ca48a0c6807a50c74a1.jpg,no_annotation
33080,ds9_train_212_jpg.rf.9351dd897166f583b3dd40296d7d33de.jpg,no_annotation
33082,ds9_train_216_jpg.rf.9357ae6c1eab968cb7fddf6bd7f7901c.jpg,no_annotation
33083,ds9_train_407_jpg.rf.937a385edd9dd729ef734744cc7560a4.jpg,no_annotation
33085,ds9_train_2_jpg.rf.934be7670128a042f21334c77c2a3c47.jpg,no_annotation
33088,ds9_train_751_jpg.rf.939bd14d29bb99e34785ea24ad0f59d2.jpg,no_annotation
33094,ds9_train_383_jpg.rf.93acb2dc8c91a308f75f6fe592860bad.jpg,no_annotation
33098,ds9_train_223_jpg.rf.93baef8329f47610140eafd588b2fe27.jpg,no_annotation
33106,ds9_train_243_jpg.rf.942d681b91cf9de76d09afcdfbe71f98.jpg,no_annotation
33119,ds9_train_35_jpg.rf.947d0b03ec255a5e00e79e8e3fc097a5.jpg,no_annotation
33126,ds9_train_776_jpg.rf.948e905bffd17d2fc3e9d0cfe1a7ea78.jpg,no_annotation
33136,ds9_train_114_jpg.rf.94df93993d42e21f4837a9ba8bc463c5.jpg,no_annotation
33138,ds9_train_167_jpg.rf.954148bc66e7674aca21c11b7524442f.jpg,no_annotation
33139,ds9_train_171_jpg.rf.953fdcc375e6cd9b20efc4ec9f23ba87.jpg,no_annotation
33142,ds9_train_185_jpg.rf.9513f12e8be238a6be00feef4fc180f8.jpg,no_annotation
33149,ds9_train_362_jpg.rf.95e216c8c44e5c95bf60a78c29ecc9c6.jpg,no_annotation
33160,ds9_train_598_jpg.rf.95ec21cd57d5cc955e88488620fcb0d1.jpg,no_annotation
33171,ds9_train_762_jpg.rf.9606cd38eb554def9a278219fdb420c5.jpg,no_annotation
33172,ds9_train_433_jpg.rf.962ae0ca271dbceb41f54deb18e9780c.jpg,no_annotation
33182,ds9_train_206_jpg.rf.967ce8f66ae0936abdb56a7460cb01be.jpg,no_annotation
33183,ds9_train_624_jpg.rf.9690aaa067297aabe0a284a036e1098a.jpg,no_annotation
33185,ds9_train_457_jpg.rf.968914b848699aa3883e9de0ba4e278a.jpg,no_annotation
33196,ds9_train_227-Copy_jpg.rf.9704f32e3b0b6df8f5545e10701419af.jpg,no_annotation
33202,ds9_train_530_jpg.rf.96ccc9f5d7e04c941bf2cd36a58394b3.jpg,no_annotation
33212,ds9_train_173_jpg.rf.97350cc8a2d3e64c3cbc22220c3669f1.jpg,no_annotation
33225,ds9_train_201_jpg.rf.97c0b2597d2425155bc8742417e124b7.jpg,no_annotation
33248,ds9_train_824_jpg.rf.980c0df8851b25a85fc6b58fcac370db.jpg,no_annotation
33255,ds9_train_236_jpg.rf.9874d175dd50729595833c2b1c78fbcd.jpg,no_annotation
33285,ds9_train_458_jpg.rf.990adb2c6f4e24822914234e5198788b.jpg,no_annotation
33299,ds9_train_178_jpg.rf.99b4bfdb8274feff1237d02750d57e1c.jpg,no_annotation
33304,ds9_train_21-Copy_jpg.rf.99ac2c949955f6a44fbaf17162175882.jpg,no_annotation
33310,ds9_train_398_jpg.rf.99de373830ba0d8cf2656131682215ae.jpg,no_annotation
33312,ds9_train_199-Copy_jpg.rf.99b83ae6e5dca2b73fa4ca715e16aa9a.jpg,no_annotation
33321,ds9_train_797_jpg.rf.9a82fdfe598a9f839f9394fa4e2b034d.jpg,no_annotation
33326,ds9_train_389_jpg.rf.9a87d5117423779abc7d12465f74fcfa.jpg,no_annotation
33339,ds9_train_246_jpg.rf.9a86dbe4c40c86065c6d3bdd3af69e13.jpg,no_annotation
33341,ds9_train_545_jpg.rf.9b155572f4c929bffe29e40f69194299.jpg,no_annotation
33344,ds9_train_627_jpg.rf.9b057997e52217135284d05c9f361eb8.jpg,no_annotation
33357,ds9_train_109_jpg.rf.9b5a45798667f4ad516a7f3deb1dfc33.jpg,no_annotation
33359,ds9_train_71_jpg.rf.9b498f487903c9fb67d1b53a495c4812.jpg,no_annotation
33367,ds9_train_579_jpg.rf.9b5e665fb4937711ef9f258e7771c047.jpg,no_annotation
33372,ds9_train_202_jpg.rf.9bf7fb2bdbfab0556667951b84390fd0.jpg,no_annotation
33377,ds9_train_129_jpg.rf.9b845b057f23e4ff4e1df8ddec88d626.jpg,no_annotation
33378,ds9_train_376_jpg.rf.9c2bed7db4b21e5dc5864f98e5a0f01a.jpg,no_annotation
33381,ds9_train_111_jpg.rf.9c38bbb0a2f2ba01497528981d67e2c0.jpg,no_annotation
33384,ds9_train_460_jpg.rf.9c45ed0085cdaaf31667d3acab20d4ee.jpg,no_annotation
33398,ds9_train_171_jpg.rf.9ca3f6069d2b5f3f9fd1c2442c90beb8.jpg,no_annotation
33401,ds9_train_216_jpg.rf.9c9a3771b4f5c0a17fadfb399f6753bd.jpg,no_annotation
33402,ds9_train_360_jpg.rf.9caf08aa752ed70c2d7e9afeffeb7933.jpg,no_annotation
33412,ds9_train_67_jpg.rf.9cd359dbfebd638a928085e353cf351f.jpg,no_annotation
33415,ds9_train_31_jpg.rf.9dab320b105f4953fa3862df4560dfde.jpg,no_annotation
33417,ds9_train_357_jpg.rf.9d842eaacbfe9c64d402d1bf4f1b53e4.jpg,no_annotation
33418,ds9_train_741_jpg.rf.9cc93d93eafaf9bf7d374cd6c70ed966.jpg,no_annotation
33421,ds9_train_136_jpg.rf.9d5dc55c5c487bf721cdb781b1a1e823.jpg,no_annotation
33423,ds9_train_359_jpg.rf.9d26fdfaa9e538fd9246d88c9310ecf1.jpg,no_annotation
33435,ds9_train_548_jpg.rf.9d8d21ba849e88b0ca10636b4fed4c87.jpg,no_annotation
33456,ds9_train_213_jpg.rf.9e4cef766c023f2a8509047767111ce3.jpg,no_annotation
33466,ds9_train_81_jpg.rf.9e83e6d824a60c1fd2bbf4172531c96a.jpg,no_annotation
33471,ds9_train_462_jpg.rf.9e6cc1f3fce3990ed42aae1a41def438.jpg,no_annotation
33483,ds9_train_261_jpg.rf.9eff575dbe33c521b8527a115a67f9da.jpg,no_annotation
33488,ds9_train_745_jpg.rf.9f82c0491393894222d7a075b4e85ec9.jpg,no_annotation
33489,ds9_train_119_jpg.rf.9f89e1d58a405150d89a62272342409b.jpg,no_annotation
33490,ds9_train_525_jpg.rf.9f99ae8a3101f35b919314d230f55864.jpg,no_annotation
33496,ds9_train_133_jpg.rf.9f0e9a8b8ddee65db51209b370e53c77.jpg,no_annotation
33506,ds9_train_397_jpg.rf.a030fac9b3cd7aec8f405df2311678bc.jpg,no_annotation
33509,ds9_train_773_jpg.rf.9ef21eff8f1128280664567e28b08172.jpg,no_annotation
33511,ds9_train_373_jpg.rf.a027336b1c429acfc924957808e2441c.jpg,no_annotation
33512,ds9_train_462_jpg.rf.a03007347a2ba2badd406d5cd75e71e5.jpg,no_annotation
33520,ds9_train_413_jpg.rf.9ff1cd525d55438ecd6897d9d5be323e.jpg,no_annotation
33521,ds9_train_368_jpg.rf.a000068eecbe5d2e68113d1b29171838.jpg,no_annotation
33522,ds9_train_223_jpg.rf.a00019765eb3ef44aaed13255f36fb0f.jpg,no_annotation
33526,ds9_train_199_jpg.rf.9ff295f512d63c07c5e23807ebca4301.jpg,no_annotation
33537,ds9_train_749_jpg.rf.a0832df219fe6b48e9bebfaf68e98c30.jpg,no_annotation
33540,ds9_train_577_jpg.rf.a12ad7aa3b21fa98ce22adc11b4e4c21.jpg,no_annotation
33544,ds9_train_440_jpg.rf.a1341a8e3c7a74c53982868d34c16b76.jpg,no_annotation
33547,ds9_train_235_jpg.rf.a14e548259d25ab52167f5ef80aa3c26.jpg,no_annotation
33550,ds9_train_77_jpg.rf.a10ef32c087eaf9b64574fd4372cce65.jpg,no_annotation
33551,ds9_train_248-Copy_jpg.rf.a17f698d467c1c47efcfe35e3c617a75.jpg,no_annotation
33557,ds9_train_813_jpg.rf.a152610bac2b4b146499488b4adf46a8.jpg,no_annotation
33565,ds9_train_520_jpg.rf.a1feb6bcddd7262f4293ac0a5dad72c4.jpg,no_annotation
33567,ds9_train_163_jpg.rf.a19a106fa21c16778d179c7ac2b26ea7.jpg,no_annotation
33574,ds9_train_232_jpg.rf.a257ee8e3124d40ebe73cf0cb05f2801.jpg,no_annotation
33580,ds9_train_255_jpg.rf.a2dbdbbbb58212534fe59a5e6e0db64f.jpg,no_annotation
33586,ds9_train_18-Copy_jpg.rf.a21132e220872275a59bd4f89f6896f6.jpg,no_annotation
33590,ds9_train_191-Copy_jpg.rf.a233e49b872a47e9f09b24f5dbdb96fc.jpg,no_annotation
33599,ds9_train_624_jpg.rf.a25c270a9e550fb3d1b5f86ab2fbc1f6.jpg,no_annotation
33609,ds9_train_434_jpg.rf.a361dbccd05fa1f3444c41575ee75e07.jpg,no_annotation
33613,ds9_train_524_jpg.rf.a3882ccb6efdd7fda3fc25fe5dd92c91.jpg,no_annotation
33625,ds9_train_180_jpg.rf.a3a84be3ac5bf19dcd11a3672448e271.jpg,no_annotation
33633,ds9_train_393_jpg.rf.a3d91a017a714db7666839a27132a862.jpg,no_annotation
33641,ds9_train_82_jpg.rf.a40947f1c86d61db49c55d8f1f605463.jpg,no_annotation
33645,ds9_train_210_jpg.rf.a41e1b5d437b3a6743b3c68a6bf85365.jpg,no_annotation
33649,ds9_train_616_jpg.rf.a4790c863ddfbb1076481efe61abd84f.jpg,no_annotation
33652,ds9_train_48-Copy_jpg.rf.a4503a497477bd62a65e3dc709de3d05.jpg,no_annotation
33653,ds9_train_829_jpg.rf.a498ea205c8564c8c5dcdfe5f399c3ec.jpg,no_annotation
33659,ds9_train_744_jpg.rf.a4b49d5ce0ab758db45dcc1ec2575c12.jpg,no_annotation
33670,ds9_train_45_jpg.rf.a4dc1135b8b742068e58c7e0602fe4e7.jpg,no_annotation
33675,ds9_train_579_jpg.rf.a4e3664cf8acdc36c838e6db78c233c4.jpg,no_annotation
33681,ds9_train_92_jpg.rf.a506bfa1b6c196f7b07290707240c87c.jpg,no_annotation
33684,ds9_train_432-Copy_jpg.rf.a4d9bc053bfff7a61634d216f61cfe12.jpg,no_annotation
33685,ds9_train_47-Copy_jpg.rf.a3ea4e36e9350349a6ed6caedf5a8428.jpg,no_annotation
33687,ds9_train_220_jpg.rf.a5322c82c3706e3b3de223b4556d638d.jpg,no_annotation
33690,ds9_train_541_jpg.rf.a540785082896d2c941e56c76b39f9b4.jpg,no_annotation
33698,ds9_train_69_jpg.rf.a5970bf92370b66ff860cd4d38dcf804.jpg,no_annotation
33701,ds9_train_560_jpg.rf.a58997a23fd2e06574381b4523b49609.jpg,no_annotation
33717,ds9_train_25-Copy_jpg.rf.a55600488b362ee1e0d2c1115699160f.jpg,no_annotation
33740,ds9_train_628_jpg.rf.a6b65aaf4d6692aea79b366624f7d5cd.jpg,no_annotation
33744,ds9_train_89_jpg.rf.a69d5a506efcd2ec0598112b3c0e6b67.jpg,no_annotation
33759,ds9_train_254_jpg.rf.a74ed9a231ced96cf422e8ccf29c1375.jpg,no_annotation
33778,ds9_train_543_jpg.rf.a7c51eaf5a14b92af8507933e4f415fd.jpg,no_annotation
33780,ds9_train_586_jpg.rf.a82411309ac3e957800d6b133dbc5352.jpg,no_annotation
33804,ds9_train_202_jpg.rf.a900a18f6fea447e7396e690f4cc27df.jpg,no_annotation
33807,ds9_train_179_jpg.rf.a89638cb47996f63aa172ac1b938483a.jpg,no_annotation
33809,ds9_train_241_jpg.rf.a916279fd4338358117883b2cba8d46a.jpg,no_annotation
33820,ds9_train_759_jpg.rf.a91e7b940904be5408d8a334062f305c.jpg,no_annotation
33822,ds9_train_182_jpg.rf.a92d47101f59227341e7bf09f6fa9416.jpg,no_annotation
33823,ds9_train_837_jpg.rf.a977167bdb93561464c97310dab137a3.jpg,no_annotation
33835,ds9_train_148-Copy_jpg.rf.a9afb258888206f8540875de728594e4.jpg,no_annotation
33851,ds9_train_236_jpg.rf.aa2ecb24ee7c00565c881e354802342d.jpg,no_annotation
33856,ds9_train_455_jpg.rf.aa2dfad2ca6fce42c5d2a34ff158388f.jpg,no_annotation
33857,ds9_train_464_jpg.rf.aa329f89e41ab4eef22ee44197f626f3.jpg,no_annotation
33864,ds9_train_553_jpg.rf.aa39e6b35a2e9713c044b42164eaca23.jpg,no_annotation
33879,ds9_train_219_jpg.rf.ab0946b5628bc474fc50af4610c851f3.jpg,no_annotation
33908,ds9_train_451_jpg.rf.abe5f3bd1e0d737b3ebeff31b84d43e3.jpg,no_annotation
33912,ds9_train_540_jpg.rf.abf1f0cffa66ca0a81d74c280b6e2def.jpg,no_annotation
33913,ds9_train_45_jpg.rf.abeb5267b586723a7bc39d34a287204c.jpg,no_annotation
33927,ds9_train_796_jpg.rf.ac1ea853dbe14bfa497ffdd8b528af76.jpg,no_annotation
33931,ds9_train_490_jpg.rf.ac3bcdbbf076e434f1ff90ee0470eb40.jpg,no_annotation
33936,ds9_train_777_jpg.rf.ac644e1af3ab5a4efd4e38adec82ba67.jpg,no_annotation
33937,ds9_train_505_jpg.rf.ac6b08db0c47ed2d18a983727c690535.jpg,no_annotation
33954,ds9_train_390_jpg.rf.ad0cf9c495c2705efd39b193140e7d2d.jpg,no_annotation
33956,ds9_train_506_jpg.rf.ad23de67cb7afd5a114eef620a3a029b.jpg,no_annotation
33958,ds9_train_383_jpg.rf.ad40c622e8ca41ba7b7c65eee84001bd.jpg,no_annotation
33959,ds9_train_570_jpg.rf.ad4a486868c6e690d83c8979ef96abb9.jpg,no_annotation
33968,ds9_train_809_jpg.rf.ad62a32625e897c9d716eb83b97f56e0.jpg,no_annotation
33986,ds9_train_622_jpg.rf.ad7e71deaa5cca06421f428a0387699c.jpg,no_annotation
33997,ds9_train_245_jpg.rf.ae07820c17368ff3ca20532cde8d9845.jpg,no_annotation
34002,ds9_train_235_jpg.rf.ae2f9a0f5c7236f687cfab51948bde4e.jpg,no_annotation
34005,ds9_train_621_jpg.rf.ae3b1f94950401f0236b40d32612b6a4.jpg,no_annotation
34008,ds9_train_209_jpg.rf.ae328ccf54b5629b9c64a431d79a6d5c.jpg,no_annotation
34031,ds9_train_191-Copy_jpg.rf.aee0064de27389abfeb619e43d2ca4e0.jpg,no_annotation
34039,ds9_train_843_jpg.rf.af2a790489ae612a473d6c57509faf32.jpg,no_annotation
34040,ds9_train_249-Copy_jpg.rf.af096ed41792e5ba9632ef0f0126f287.jpg,no_annotation
34041,ds9_train_26-Copy_jpg.rf.af224f4dac457ec204919b60cda626d5.jpg,no_annotation
34043,ds9_train_376_jpg.rf.af5704fae519883eb863664e054087a7.jpg,no_annotation
34050,ds9_train_102-Copy_jpg.rf.af579ce5943b813d689bfa1db591e5da.jpg,no_annotation
34058,ds9_train_794_jpg.rf.afb2c8d10262b8f0e997f0dab466c7a3.jpg,no_annotation
34059,ds9_train_418_jpg.rf.afbda0a48d45488dcdb769a9cf68b435.jpg,no_annotation
34068,ds9_train_188-Copy_jpg.rf.aff13de83e064c4b614b761d88d2c9ad.jpg,no_annotation
34069,ds9_train_178_jpg.rf.b0203c8d0f271ff062d9280181b9fa29.jpg,no_annotation
34070,ds9_train_214_jpg.rf.b03d99b36e1f188de6722c604960be23.jpg,no_annotation
34072,ds9_train_232_jpg.rf.afe9092348de04b617690dd928c53426.jpg,no_annotation
34073,ds9_train_559_jpg.rf.b00ae185bec8de3766ba4081ff0805e2.jpg,no_annotation
34075,ds9_train_242_jpg.rf.afb8083f9e4632b6056f238f6ff36f9e.jpg,no_annotation
34083,ds9_train_227_jpg.rf.b07abb870b20091301b2b9d3c6a185de.jpg,no_annotation
34085,ds9_train_833_jpg.rf.b07b862bf1bb81d0264920672c0c659d.jpg,no_annotation
34087,ds9_train_409_jpg.rf.b080c12078b312f0c003260b223373ec.jpg,no_annotation
34090,ds9_train_599_jpg.rf.b0919dcfa628417c29618997b2b3cbed.jpg,no_annotation
34093,ds9_train_1_jpg.rf.b0e99942846453a3bd266f3075eeade6.jpg,no_annotation
34099,ds9_train_604_jpg.rf.b13c14a73d8972edb09832fa0497c9e4.jpg,no_annotation
34108,ds9_train_454_jpg.rf.b13ddb380f45b46f027488078f915b61.jpg,no_annotation
34115,ds9_train_511_jpg.rf.b14e5e3d7f85b9f8889c2714e0058a85.jpg,no_annotation
34118,ds9_train_784_jpg.rf.b17e98da93c317d700e7851b6e26c7ec.jpg,no_annotation
34119,ds9_train_580_jpg.rf.b16af8e36f2c1b30ac801adbee402398.jpg,no_annotation
34127,ds9_train_811_jpg.rf.b1a8eb5d1b010ce781041938433d8bfa.jpg,no_annotation
34132,ds9_train_169_jpg.rf.b1ecb824d94b91ad43a21d91a957d59f.jpg,no_annotation
34133,ds9_train_595_jpg.rf.b013e02b1de7909381269e630c0d3c11.jpg,no_annotation
34139,ds9_train_62_jpg.rf.b1c569d2490654d8c3a6220407f579a2.jpg,no_annotation
34142,ds9_train_17_jpg.rf.b245ff7b27fafd264d05014bea870b62.jpg,no_annotation
34146,ds9_train_750_jpg.rf.b26d3930469f6c6ca1ed56acecd73749.jpg,no_annotation
34154,ds9_train_427_jpg.rf.b29695e443bb64b29f5412a3f79726d6.jpg,no_annotation
34163,ds9_train_106_jpg.rf.b2a6dd80c743a6267d8853c0bf33e339.jpg,no_annotation
34172,ds9_train_153_jpg.rf.b2b6b057192892bb316d7d3cecc81865.jpg,no_annotation
34193,ds9_train_27_jpg.rf.b3817eb819db99ffbc56a74eee389b27.jpg,no_annotation
34195,ds9_train_463_jpg.rf.b383af3830995ab4d92fc8cce69e69e5.jpg,no_annotation
34199,ds9_train_16_jpg.rf.b3afce2bcb91ea9fa3b33e8b48305f8e.jpg,no_annotation
34206,ds9_train_361_jpg.rf.b3a960175ba8f58ce291cb1991e385ba.jpg,no_annotation
34216,ds9_train_175_jpg.rf.b392ce8638ef290192f0afa4ff8edee3.jpg,no_annotation
34218,ds9_train_443_jpg.rf.b40eb495459c8d522fe9443d3f4f8ad6.jpg,no_annotation
34219,ds9_train_612_jpg.rf.b41d9a71c4522f31fbc7cf5dae9f53a7.jpg,no_annotation
34230,ds9_train_405_jpg.rf.b46adab95180e377c492db7de12f4072.jpg,no_annotation
34235,ds9_train_581_jpg.rf.00b395ee8c52ebb4cfb4ba395526a1f5.jpg,no_annotation
34236,ds9_train_394_jpg.rf.00333e26635b91149ca1cf43982de6c9.jpg,no_annotation
34239,ds9_train_134_jpg.rf.00d2bef0ddcc49bc1f043310a251a7de.jpg,no_annotation
34243,ds9_train_36_jpg.rf.00051d1daceb5bfa56c51c5a40fcbe03.jpg,no_annotation
34248,ds9_train_386_jpg.rf.00ccba09ae9f076f72efa16e5181976d.jpg,no_annotation
34253,ds9_train_480_jpg.rf.0089ff8ba960aafa97e2b1fda6d8e865.jpg,no_annotation
34260,ds9_train_591_jpg.rf.01249e52dbdca2fe9013bab0038eefb4.jpg,no_annotation
34270,ds9_train_605_jpg.rf.0113a14649a14bb68268f3889e6b58d8.jpg,no_annotation
34292,ds9_train_51-Copy_jpg.rf.021d6e4ea6b7be11ebdca69d29240308.jpg,no_annotation
34294,ds9_train_541_jpg.rf.0233128bd275678414955948ed4890ba.jpg,no_annotation
34299,ds9_train_498_jpg.rf.02500c4e54a3a839f39a3a62e0da57d6.jpg,no_annotation
34310,ds9_train_241_jpg.rf.02752fcd7625a166e1d8a0e51c5a6500.jpg,no_annotation
34320,ds9_train_4_jpg.rf.031184a1ec974ce235b0df6adccb740c.jpg,no_annotation
34323,ds9_train_747_jpg.rf.02f5d9c7f80db2fe45cd50f8da88bed3.jpg,no_annotation
34335,ds9_train_260_jpg.rf.034df502ea2be2a25b1b9726b5ee1314.jpg,no_annotation
34344,ds9_train_66_jpg.rf.036f46a95815149e27523bec41e5b42e.jpg,no_annotation
34345,ds9_train_512_jpg.rf.032eb31fb5a60d9ad86217511dea7460.jpg,no_annotation
34348,ds9_train_164_jpg.rf.03db0d71dad00620b66e61d273ca69d2.jpg,no_annotation
34357,ds9_train_198-Copy_jpg.rf.03f5a69e11818379bf28be5864bfb4f2.jpg,no_annotation
34363,ds9_train_195_jpg.rf.0435b5b3f0b02367c340049db697cc0e.jpg,no_annotation
34365,ds9_train_234_jpg.rf.0422daa416e58ba54d405097b0c33b3b.jpg,no_annotation
34369,ds9_train_625_jpg.rf.044a78716fe2388f2a882f946ea8a3f7.jpg,no_annotation
34373,ds9_train_133_jpg.rf.0464c4a02250b6f45cced569198847ea.jpg,no_annotation
34376,ds9_train_176_jpg.rf.044e23ebe53a17e7261de65dd346d481.jpg,no_annotation
34379,ds9_train_150-Copy_jpg.rf.0447606dd577ce7b50d1f5c0b44a5296.jpg,no_annotation
34382,ds9_train_191_jpg.rf.04ee362d866753c3acd4c7e732e54860.jpg,no_annotation
34396,ds9_train_519_jpg.rf.054cbf4563129682a273aeb36eca7251.jpg,no_annotation
34402,ds9_train_244_jpg.rf.059ac4099b42f4ed32ecb7b0461bbdb5.jpg,no_annotation
34403,ds9_train_119_jpg.rf.0508524f4781a1e9a273f8c771051d18.jpg,no_annotation
34409,ds9_train_414_jpg.rf.05d925b0ec51e399774010a9250dfa7c.jpg,no_annotation
34411,ds9_train_420_jpg.rf.05d021a6f287156d6215bbcd7c0d4c86.jpg,no_annotation
34417,ds9_train_562_jpg.rf.05d7eb827470bf7edb07d7e632c8cb70.jpg,no_annotation
34422,ds9_train_570_jpg.rf.0639087c64ebb05f1dda0d1d2f51353b.jpg,no_annotation
34429,ds9_train_65_jpg.rf.066d27a3a0a94ef70387af1a9dbe08fc.jpg,no_annotation
34431,ds9_train_781_jpg.rf.0646d3ab8ff8b51ab4fd48d647a1bc8f.jpg,no_annotation
34432,ds9_train_581_jpg.rf.05ef90460db455723f8c9cbc7ed458d0.jpg,no_annotation
34436,ds9_train_607_jpg.rf.0654971dfc63ab3ba2598e425555f45e.jpg,no_annotation
34449,ds9_train_222_jpg.rf.06d7ddf44ff77fc920b47154daca0f03.jpg,no_annotation
34451,ds9_train_165_jpg.rf.06fd09e05d51ebfb28eb676099415467.jpg,no_annotation
34462,ds9_train_254_jpg.rf.070290e18504853a562e5dd2cf77028b.jpg,no_annotation
34466,ds9_train_232_jpg.rf.0739455322dc75a72004e976c2a61fee.jpg,no_annotation
34482,ds9_train_589_jpg.rf.07aed3e00285d60015b39f63b615509c.jpg,no_annotation
34487,ds9_train_609_jpg.rf.084e1c58dd6c2e8cd6c5eeaa52c24ec4.jpg,no_annotation
34490,ds9_train_797_jpg.rf.07f53e2c13ab4ca0acb07833f9af3751.jpg,no_annotation
34493,ds9_train_373_jpg.rf.086df325b4ff2de9a20bb82b32d0a114.jpg,no_annotation
34499,ds9_train_96-Copy_jpg.rf.07ceb02e3a73151ebff9dc1ff0eb8d68.jpg,no_annotation
34501,ds9_train_221_jpg.rf.08ba071c75e3e6088fef901e8d7e1a9a.jpg,no_annotation
34507,ds9_train_524_jpg.rf.092ce87fffa7c67ceaf84b74f2aaef13.jpg,no_annotation
34508,ds9_train_632_jpg.rf.093334b4801638e7d417e1744cf2b71f.jpg,no_annotation
34510,ds9_train_89_jpg.rf.0911c23600948af97a277133f5269035.jpg,no_annotation
34518,ds9_train_254_jpg.rf.090875c9f9982330f67b17174a26ccd8.jpg,no_annotation
34521,ds9_train_610_jpg.rf.0984174130cc4d6ee7ac35143502fa80.jpg,no_annotation
34528,ds9_train_456_jpg.rf.09cc24d5b125893ade4d2c1790fe4767.jpg,no_annotation
34532,ds9_train_173_jpg.rf.09f0bca2a34217f7e408abeb9e1468af.jpg,no_annotation
34537,ds9_train_143_jpg.rf.09d76e2e94e040fd7da47e047068373f.jpg,no_annotation
34540,ds9_train_198_jpg.rf.09e0b9af72dafc65e4d23a725c33f85e.jpg,no_annotation
34541,ds9_train_121_jpg.rf.09fee25a0db23c999056fd0c9bf6633d.jpg,no_annotation
34542,ds9_train_486_jpg.rf.0a2f53f30f0c44f70ff552363b02f36c.jpg,no_annotation
34543,ds9_train_73_jpg.rf.0a900f651a625dfc3b2ef2e5336432e4.jpg,no_annotation
34555,ds9_train_391_jpg.rf.0a321be5e8d415cdf65deb863e9df5e8.jpg,no_annotation
34558,ds9_train_749_jpg.rf.0a94a98e45bc6f5e3332b686c6b4c82a.jpg,no_annotation
34578,ds9_train_536_jpg.rf.0b034dcf4426c9cdffe971c235a86914.jpg,no_annotation
34580,ds9_train_210_jpg.rf.0b696828c91404ba48d5884563d3e656.jpg,no_annotation
34588,ds9_train_772_jpg.rf.0b7ecde83bc47d3cf5cc00cc2dca9a16.jpg,no_annotation
34591,ds9_train_492_jpg.rf.0b9fe1cbae59697b73a3be6f788390eb.jpg,no_annotation
34602,ds9_train_425_jpg.rf.0c091bf86910928075842a0e49d242df.jpg,no_annotation
34604,ds9_train_821_jpg.rf.0c179a814d887e84569337bf2a6f1326.jpg,no_annotation
34630,ds9_train_110_jpg.rf.0cae5f6b6cdad5fc6820c1b647f6d641.jpg,no_annotation
34639,ds9_train_220_jpg.rf.0cf2a5602693ddc38bf8f0d04ea20995.jpg,no_annotation
34642,ds9_train_772_jpg.rf.0cf3c65a99f0e9685b453b60924745de.jpg,no_annotation
34650,ds9_train_833_jpg.rf.0cf09b41bc3db7d686438352da4ea570.jpg,no_annotation
34654,ds9_train_103_jpg.rf.0ccbefa9a6f9f8f0c1a097998c908d00.jpg,no_annotation
34656,ds9_train_519_jpg.rf.0d1621a1a1a40fb10c4aad3ac3bb06b3.jpg,no_annotation
34663,ds9_train_497_jpg.rf.0da864c2ce3081a8ed0609cbb23988ba.jpg,no_annotation
34668,ds9_train_382_jpg.rf.0d9daf0dddc49fc8d487183e77d7f109.jpg,no_annotation
34672,ds9_train_60_jpg.rf.0dc3872e629ffe610cd4bd5122d30324.jpg,no_annotation
34674,ds9_train_762_jpg.rf.0dd4d4747a24a4e54d2436499d9323ee.jpg,no_annotation
34675,ds9_train_637_jpg.rf.0dd2464a1eba58756e5e2b950698446a.jpg,no_annotation
34697,ds9_train_238_jpg.rf.0e846cf87c20fd5b21f52c3391728a6a.jpg,no_annotation
34705,ds9_train_400_jpg.rf.0e94cd7bc2691f5fc47a66cfb0b4f6b5.jpg,no_annotation
34707,ds9_train_535_jpg.rf.0f079d1363bce64d9ce315d75780ff04.jpg,no_annotation
34711,ds9_train_802_jpg.rf.0f6facd193dcd3cd6f4045bfaadd9081.jpg,no_annotation
34726,ds9_train_177_jpg.rf.0f7ea42fdbacbd256f96c157f0213d65.jpg,no_annotation
34728,ds9_train_602_jpg.rf.0facbbf6732d3203190dc8a02e4c3303.jpg,no_annotation
34746,ds9_train_174_jpg.rf.1020415ad4b4f391f44e66888aefb490.jpg,no_annotation
34754,ds9_train_513_jpg.rf.10045025388501f819accba98d6acc77.jpg,no_annotation
34756,ds9_train_594_jpg.rf.1086a30403d6f79bc5871dfd63c1e453.jpg,no_annotation
34757,ds9_train_572_jpg.rf.1080b28df083616e5a3049544567c67a.jpg,no_annotation
34759,ds9_train_467_jpg.rf.108fadbab9792d11f4c829b0af4d5224.jpg,no_annotation
34777,ds9_train_17_jpg.rf.10fc746cb297c45f81f65303953619cf.jpg,no_annotation
34779,ds9_train_83_jpg.rf.10ed5c93ef7bc79b6ac86438a0f1cd62.jpg,no_annotation
34791,ds9_train_582_jpg.rf.11709e88020ddb2b585498b7fba06506.jpg,no_annotation
34792,ds9_train_233_jpg.rf.1155d2cef6dd4edac4214e92c15ac369.jpg,no_annotation
34801,ds9_train_255_jpg.rf.11be3d01cca148664e14ed84427d9b92.jpg,no_annotation
34809,ds9_train_40_jpg.rf.1200f3c54a417105f71f2355e40ba371.jpg,no_annotation
34811,ds9_train_170_jpg.rf.122ea1947862facfa755f7c9c70cb7cf.jpg,no_annotation
34815,ds9_train_809_jpg.rf.122ff6a59aa70394a3a0854600536df4.jpg,no_annotation
34816,ds9_train_129_jpg.rf.125717aff72563e84cf3b03c5c23972b.jpg,no_annotation
34819,ds9_train_550_jpg.rf.12484128b30130c03e22fb7af69870ff.jpg,no_annotation
34841,ds9_train_417_jpg.rf.13048e1ba42daa6577b441d1d2e3b7a2.jpg,no_annotation
34866,ds9_train_743_jpg.rf.13b38944076eacc4a65f2f7ffcf3b7e6.jpg,no_annotation
34873,ds9_train_465_jpg.rf.1447240c7082b59e7d97b05f4914393c.jpg,no_annotation
34880,ds9_train_207_jpg.rf.13b2df85cfc2b838ce3bb7179a6bd7cf.jpg,no_annotation
34900,ds9_train_161_jpg.rf.14804a76c59cdf74de62c8fe080699c2.jpg,no_annotation
34902,ds9_train_531_jpg.rf.14b2a9be3ac8457d6caade135f6595fb.jpg,no_annotation
34904,ds9_train_814_jpg.rf.14d4ee29c02e41b7dd2315ef6b3a531f.jpg,no_annotation
34907,ds9_train_505_jpg.rf.14e177fae2426d1e769152351cd930df.jpg,no_annotation
34917,ds9_train_78_jpg.rf.151cb257352c74b8467752ac1da323c5.jpg,no_annotation
34920,ds9_train_103_jpg.rf.150021d97bab6d7760ad3b857088c1a0.jpg,no_annotation
34926,ds9_train_241_jpg.rf.153c8247556c3bc343fd4ee07ce069a8.jpg,no_annotation
34937,ds9_train_819_jpg.rf.15c6780d38e96fa605ed4e8624820cab.jpg,no_annotation
34947,ds9_train_68_jpg.rf.15da3e512f33d71c9c1c85d05ab923a9.jpg,no_annotation
34959,ds9_train_502_jpg.rf.1650a5aca57279a36c13f4d8246d4066.jpg,no_annotation
34971,ds9_train_416_jpg.rf.1667dfb3da49ba488bed84a275072678.jpg,no_annotation
34972,ds9_train_99-Copy_jpg.rf.1698a23428df09f5a9200a074f6119e2.jpg,no_annotation
34983,ds9_train_107_jpg.rf.16e33df497a010eaeb96be3f4a9e44f5.jpg,no_annotation
34986,ds9_train_67_jpg.rf.171dc70698b002d18425fe85e8bdb97e.jpg,no_annotation
34993,ds9_train_250_jpg.rf.17ac7136e1bb40b0a5b388fbaaaf4787.jpg,no_annotation
35001,ds9_train_382_jpg.rf.1765d24bcab762db3ea45b66858906d0.jpg,no_annotation
35004,ds9_train_209_jpg.rf.178d7d5da6225bdbf0df67fd74fe3f66.jpg,no_annotation
35017,ds9_train_572_jpg.rf.181ead0abd1279be4ccbd040190ad537.jpg,no_annotation
35027,ds9_train_783_jpg.rf.18d0fa1410484b0df7681f212e44dbab.jpg,no_annotation
35031,ds9_train_126_jpg.rf.187a8ab10cad77c9e27667cf16403d32.jpg,no_annotation
35040,ds9_train_189_jpg.rf.18cefcf16065256aa74ed067bfab5d6a.jpg,no_annotation
35051,ds9_train_222_jpg.rf.19128e70f4e9ae9b64836973c0150ba5.jpg,no_annotation
35052,ds9_train_240_jpg.rf.18ff94e597def5a6db0615ea8dafcc98.jpg,no_annotation
35067,ds9_train_594_jpg.rf.195f655281d9771dbcd4274284fc1fe0.jpg,no_annotation
35071,ds9_train_381_jpg.rf.19616f5e30b946d133c4dcc21504bd75.jpg,no_annotation
35074,ds9_train_765_jpg.rf.1961246be5a835219a9ea590bc75c0f8.jpg,no_annotation
35079,ds9_train_766_jpg.rf.19eb0379bbbedba7af4c158647e8a7df.jpg,no_annotation
35080,ds9_train_421_jpg.rf.19c07f9e74198579c7123362976f83ba.jpg,no_annotation
35086,ds9_train_555_jpg.rf.1a01d9d80bdae3fb12b8499c9da4971c.jpg,no_annotation
35088,ds9_train_10_jpg.rf.1a05c1f508364338f16e07c8989cb7e1.jpg,no_annotation
35111,ds9_train_58_jpg.rf.1a6b2c13db21b30ef292e6cf2527fc8d.jpg,no_annotation
35113,ds9_train_258_jpg.rf.1ac1f73faf7fd5c4a34211171d6722bd.jpg,no_annotation
35118,ds9_train_776_jpg.rf.1b35b6aee98a368d04e7e4a8e365f843.jpg,no_annotation
35119,ds9_train_621_jpg.rf.1afe03f5fab01b071428b96ef5536829.jpg,no_annotation
35121,ds9_train_127_jpg.rf.1b38ad9d8b2731031981a24cd3a773c2.jpg,no_annotation
35131,ds9_train_438_jpg.rf.1b4f12ee40e993dd28a450c1c17e426e.jpg,no_annotation
35132,ds9_train_219_jpg.rf.1b611e6cb3ddb3982501ee77006925a9.jpg,no_annotation
35139,ds9_train_254_jpg.rf.1b541595230c62a4ed561f8713353ecd.jpg,no_annotation
35141,ds9_train_567_jpg.rf.1b7558cce010b9fc2b5bc397ed614969.jpg,no_annotation
35150,ds9_train_234_jpg.rf.1b7d803228e06aac051fcf30a256e263.jpg,no_annotation
35154,ds9_train_48-Copy_jpg.rf.1bfd7706d890becde35de7fa30d4bd82.jpg,no_annotation
35170,ds9_train_366_jpg.rf.1c4a3d8a7bbab4a5942d919ec0b75462.jpg,no_annotation
35179,ds9_train_234_jpg.rf.1c66950c8eaaacdf44a3da8dbeca0012.jpg,no_annotation
35180,ds9_train_758_jpg.rf.1caecb2af2f4a627e6c390a6c1e375a7.jpg,no_annotation
35182,ds9_train_802_jpg.rf.1cd5953b8923dd0a17d5eca2dd94aa73.jpg,no_annotation
35184,ds9_train_806_jpg.rf.1cd77dbca409098054562deaa07f413a.jpg,no_annotation
35185,ds9_train_492_jpg.rf.1ce362b42a3e1965c5fff2fd5f9b20a1.jpg,no_annotation
35204,ds9_train_74_jpg.rf.1d4d62e7c5250b3b1b945f98c81a5a3a.jpg,no_annotation
35206,ds9_train_431-Copy_jpg.rf.1d44c3e3c81dcd825ff9ae6b6568ec2c.jpg,no_annotation
35222,ds9_train_441_jpg.rf.1e0c72a49b7b51c5f28a6ada277a19e6.jpg,no_annotation
35242,ds9_train_748_jpg.rf.1e2183e229f9a37e0f698af50cc1c212.jpg,no_annotation
35246,ds9_train_54_jpg.rf.1e32f399fd26c8547272bdaef8be933e.jpg,no_annotation
35248,ds9_train_830_jpg.rf.1e6b8f86f038a5996dedfe1a656d35bb.jpg,no_annotation
35251,ds9_train_394_jpg.rf.1e8e8b2170ad5d88e76dba51b6e8d0e8.jpg,no_annotation
35258,ds9_train_68_jpg.rf.1eda5f46b8e1f48739de4e47e895faf9.jpg,no_annotation
35261,ds9_train_585_jpg.rf.1ef2815bcb509e048120aeceb3eda43e.jpg,no_annotation
35263,ds9_train_208_jpg.rf.1f3045098a0716dfd8bfda79a64a9993.jpg,no_annotation
35280,ds9_train_225_jpg.rf.1f483cb8c1786cd1856483e4ca709242.jpg,no_annotation
35283,ds9_train_194_jpg.rf.1f25990d73fe7d19d41a7e792d480691.jpg,no_annotation
35286,ds9_train_367_jpg.rf.1f8ccde3b7328d7217d0dcfb7cbddd7a.jpg,no_annotation
35296,ds9_train_546_jpg.rf.1fae292d3d76dacbf9b3e6263dee5b76.jpg,no_annotation
35298,ds9_train_6_jpg.rf.1fc62b160c248fb4623e911fbc67b525.jpg,no_annotation
35305,ds9_train_71_jpg.rf.1fd1834d3d9a530ca115473790f7886b.jpg,no_annotation
35314,ds9_train_574_jpg.rf.200a550982216b3a21d82881b682cdf4.jpg,no_annotation
35321,ds9_train_72_jpg.rf.202d59bb84a24ca5f627abc4cb12b5ef.jpg,no_annotation
35349,ds9_train_197-Copy_jpg.rf.20cf8a7e17f79b3d167723d43d458f04.jpg,no_annotation
35350,ds9_train_750_jpg.rf.20583dadec3b4400eef69148437cf69e.jpg,no_annotation
35351,ds9_train_475_jpg.rf.2042fda7bf13808b8ed53334bd863cb1.jpg,no_annotation
35354,ds9_train_839_jpg.rf.20dda68d9de897f2382d9c3f6ab04161.jpg,no_annotation
35358,ds9_train_359_jpg.rf.213ce3bb7f16cacea2c4716ef6698ab6.jpg,no_annotation
35370,ds9_train_629_jpg.rf.21d2ae181bb64e3d0bf2d9e52cb03167.jpg,no_annotation
35373,ds9_train_372_jpg.rf.21e8d9b9ee2a70e448f2d8aa455df55a.jpg,no_annotation
35389,ds9_train_482_jpg.rf.221ddc6def28bceeff6105cc808d2a39.jpg,no_annotation
35390,ds9_train_423_jpg.rf.22784c128d693283c8f96df160c76eb0.jpg,no_annotation
35394,ds9_train_177_jpg.rf.22675e8bda9b0d581ebd797bf72d2878.jpg,no_annotation
35402,ds9_train_361_jpg.rf.22c3f3de5c8cf001aaa2ca228ca4c6c3.jpg,no_annotation
35408,ds9_train_199_jpg.rf.218211e51f6f48797f341c77d8f331cc.jpg,no_annotation
35427,ds9_train_100-Copy_jpg.rf.233f4cf5b7bc6731f291e81ea2ee921f.jpg,no_annotation
35437,ds9_train_146_jpg.rf.23d60caab37b0e43d2c34f072fa91426.jpg,no_annotation
35447,ds9_train_799_jpg.rf.2408b089c2339c41f8b3108457fef273.jpg,no_annotation
35453,ds9_train_145_jpg.rf.24486bd8ada3c96e96c19256842efb27.jpg,no_annotation
35456,ds9_train_460_jpg.rf.245b1ebe6c36f3abe6e5c917a97a8be4.jpg,no_annotation
35463,ds9_train_573_jpg.rf.b496c3765529d2594e999914e528b9a7.jpg,no_annotation
35477,ds9_train_231_jpg.rf.b48333efddc5f5e74be8a7794f117c1b.jpg,no_annotation
35483,ds9_train_455_jpg.rf.b5229c22a594633ea5fd021e056d6a4e.jpg,no_annotation
35486,ds9_train_83_jpg.rf.b524b4cba6602166e7edcbb05b29846c.jpg,no_annotation
35489,ds9_train_51-Copy_jpg.rf.b56aea6cc5ec5001006e0428325605f5.jpg,no_annotation
35490,ds9_train_360_jpg.rf.b557583cff524997fb5c2ba64ce84073.jpg,no_annotation
35502,ds9_train_83_jpg.rf.b58727105333b9306bc23ad77fc7763c.jpg,no_annotation
35505,ds9_train_396_jpg.rf.b565975c1b2c9edea94220a40730aa9d.jpg,no_annotation
35510,ds9_train_176_jpg.rf.b610aaf0d9153f96efaee0f10668783a.jpg,no_annotation
35519,ds9_train_217_jpg.rf.b620fb201ab5fc1b23e70ce679fd7d67.jpg,no_annotation
35520,ds9_train_95_jpg.rf.b63c8edbff1d1d4e2792b0d5952994ae.jpg,no_annotation
35521,ds9_train_770_jpg.rf.b68b0b7f5f25eec698b463d2891045e6.jpg,no_annotation
35540,ds9_train_774_jpg.rf.b6f682b8501c1540acdc7d324973632a.jpg,no_annotation
35547,ds9_train_149-Copy_jpg.rf.b71a0962b6b41162bc2421cc1c471a08.jpg,no_annotation
35557,ds9_train_633_jpg.rf.b73d69671a25ac706fa36a8861f04f9a.jpg,no_annotation
35566,ds9_train_249_jpg.rf.b780459d92fd6b4f3ea9c0789b20e191.jpg,no_annotation
35573,ds9_train_413_jpg.rf.b78a5c2195f1219637693bfd4a0f2b19.jpg,no_annotation
35578,ds9_train_754_jpg.rf.b8133a5bd791a1ec9f51c2655731107b.jpg,no_annotation
35590,ds9_train_367_jpg.rf.b87b2c895aacf468cc99934ff10d05ab.jpg,no_annotation
35592,ds9_train_239_jpg.rf.b8773c7e00cd00b8ddd89bb2af457761.jpg,no_annotation
35594,ds9_train_839_jpg.rf.b86be8bf13fd8f27c13d1b5ac391a252.jpg,no_annotation
35603,ds9_train_252_jpg.rf.b8d1e743c3295e58dafe7de712ec6545.jpg,no_annotation
35607,ds9_train_507_jpg.rf.b8b3e4ccf352c34db1319c0b4d4100ad.jpg,no_annotation
35611,ds9_train_190_jpg.rf.b9084e1572623f86d8e4966e8a66de86.jpg,no_annotation
35620,ds9_train_438_jpg.rf.b9141fc2bce21b3bfa6a494a3292e3e9.jpg,no_annotation
35635,ds9_train_636_jpg.rf.b96a8c708182b7e35be539670bde0581.jpg,no_annotation
35638,ds9_train_426_jpg.rf.b97dbb6b99e3cb0a727c067636800416.jpg,no_annotation
35651,ds9_train_216_jpg.rf.b9a7ed18e1dc1af17d96d50364697ef6.jpg,no_annotation
35655,ds9_train_627_jpg.rf.b9a8428e6961a1c9240596c9338ece92.jpg,no_annotation
35656,ds9_train_150-Copy_jpg.rf.b9af5ca783bcb2eec0082792a9df1b51.jpg,no_annotation
35663,ds9_train_175_jpg.rf.ba2bac13a15091ef456265b14ea1298c.jpg,no_annotation
35681,ds9_train_7_jpg.rf.bab2a3b150fb3227d4f3bb9ec288bbf0.jpg,no_annotation
35688,ds9_train_196_jpg.rf.ba9c0f8780013d29d488ac1b01062fae.jpg,no_annotation
35693,ds9_train_46_jpg.rf.bac9e2db6814250f8ae661bd5ea17c11.jpg,no_annotation
35697,ds9_train_795_jpg.rf.bb011b58985ec36bc80a90b0a670ee3b.jpg,no_annotation
35704,ds9_train_807_jpg.rf.bb1491b504a6f3b197f936154d8e36da.jpg,no_annotation
35711,ds9_train_174_jpg.rf.bb88413c9df61ef7cfcdf41907831ea3.jpg,no_annotation
35718,ds9_train_109_jpg.rf.bb7378d83ed916cd02fc4ec79b0d4863.jpg,no_annotation
35725,ds9_train_803_jpg.rf.bc04d5997d93a42d0b06b26a8bb834d2.jpg,no_annotation
35728,ds9_train_750_jpg.rf.bbedd74967f6fb45ee016dc48355f27c.jpg,no_annotation
35753,ds9_train_168_jpg.rf.bcb3de808056b88a06c11fb6539038a9.jpg,no_annotation
35762,ds9_train_568_jpg.rf.bce34f5ae5168179dbb7fb1b66d30250.jpg,no_annotation
35764,ds9_train_75_jpg.rf.bd26c9e1c483b156dc58131aa63ff14a.jpg,no_annotation
35770,ds9_train_792_jpg.rf.bd383d4e83bc8235688aeff5414f315a.jpg,no_annotation
35776,ds9_train_199-Copy_jpg.rf.bc418904ecc2468c376d43fd868873a2.jpg,no_annotation
35784,ds9_train_230-Copy_jpg.rf.bd7cb44a2c5cae89746a44bce2d870a4.jpg,no_annotation
35796,ds9_train_226_jpg.rf.bdd90bce7afe5b540663c7e62d2b2156.jpg,no_annotation
35800,ds9_train_239_jpg.rf.bded772a1ee8c6b6f6301faa90e765ea.jpg,no_annotation
35802,ds9_train_187-Copy_jpg.rf.bdf99ebb377e7cafbd248569b7c31007.jpg,no_annotation
35818,ds9_train_544_jpg.rf.bea07eb3857158da756630774a4a46a1.jpg,no_annotation
35826,ds9_train_587_jpg.rf.bee1a0170c2e72585a5b8959bb7020d5.jpg,no_annotation
35844,ds9_train_580_jpg.rf.bf49280780bfc350f60f0fd14116a0f4.jpg,no_annotation
35851,ds9_train_753_jpg.rf.bf51fd5039eb9d5f0c4ab32f9fc90762.jpg,no_annotation
35861,ds9_train_231_jpg.rf.bfb13f915345843c81f006a9de438b5a.jpg,no_annotation
35864,ds9_train_842_jpg.rf.bfde88a619cc00096fe60290d4ff3504.jpg,no_annotation
35865,ds9_train_753_jpg.rf.bfd0693256079a08804dc4b4b4d67e00.jpg,no_annotation
35871,ds9_train_213_jpg.rf.bfa9181c25893dcd835ee5a39ffae2e4.jpg,no_annotation
35876,ds9_train_480_jpg.rf.c00b0cd5138f5001e3898bebf5c70ab1.jpg,no_annotation
35880,ds9_train_25-Copy_jpg.rf.c01b99cbece40ce002549840f2d7dab5.jpg,no_annotation
35887,ds9_train_215_jpg.rf.c02456e95c5e9da9d0a1cb69a647725b.jpg,no_annotation
35889,ds9_train_518-Copy_jpg.rf.c05a8c1cf23be3cf5c524449bbccb4a2.jpg,no_annotation
35891,ds9_train_825_jpg.rf.c0c0a364f4c31bd283880e0fcf1eb903.jpg,no_annotation
35897,ds9_train_461_jpg.rf.c04bffd64c80b79d776534254f1a3887.jpg,no_annotation
35907,ds9_train_260_jpg.rf.c0a75d6290678936d3b59dd26fa24cac.jpg,no_annotation
35908,ds9_train_587_jpg.rf.c0497456ff6e653144a9d41bb62a6c1d.jpg,no_annotation
35929,ds9_train_420_jpg.rf.c18c2afd3d8135a9a820aa4e550dfb2b.jpg,no_annotation
35940,ds9_train_829_jpg.rf.c180e6bce38348ac437a98a0bc8a68e5.jpg,no_annotation
35947,ds9_train_247_jpg.rf.c201c7e55fc4153559f77f171efc31d3.jpg,no_annotation
35948,ds9_train_158_jpg.rf.c22b46bfc4722a8b8b7465ea393da658.jpg,no_annotation
35953,ds9_train_440_jpg.rf.c223bc9e92e0356772f2530e28f57cb2.jpg,no_annotation
35959,ds9_train_370_jpg.rf.c251bd7c3ad41a83b6a8550fbcaff687.jpg,no_annotation
35960,ds9_train_166_jpg.rf.c22b9a740c06822bf01f91be977e28e5.jpg,no_annotation
35979,ds9_train_32_jpg.rf.c2cd1387eeda5b7ac0fff3564278a592.jpg,no_annotation
35981,ds9_train_408_jpg.rf.c2942866b81b1749f0f7624c089cc3b4.jpg,no_annotation
35984,ds9_train_831_jpg.rf.c2f2616b0a4117c37c020a9268d8387f.jpg,no_annotation
35997,ds9_train_42_jpg.rf.c382003af88188112892e2ba012c4746.jpg,no_annotation
35999,ds9_train_749_jpg.rf.c3c047532aff9b4169500186a704f67d.jpg,no_annotation
36013,ds9_train_203_jpg.rf.c3e2e4eff2b99fb5e9f9aa864d1471bf.jpg,no_annotation
36017,ds9_train_198_jpg.rf.c3ec66a142b36ca5e8c69c3b1e4ace28.jpg,no_annotation
36020,ds9_train_428_jpg.rf.c3f423bc75732da5b000eb5164be842e.jpg,no_annotation
36021,ds9_train_508_jpg.rf.c3f6440cdff0e1bae5869e6ac6bc6648.jpg,no_annotation
36028,ds9_train_542_jpg.rf.c44cdf8b7f623c2e5ad534cf2c7331d9.jpg,no_annotation
36030,ds9_train_578_jpg.rf.c42d1441ace75a62e233948a36fcbc97.jpg,no_annotation
36046,ds9_train_56_jpg.rf.c4d93fc3823f275bf83cefa5bebdd1a2.jpg,no_annotation
36057,ds9_train_846_jpg.rf.c53c063e1c898baea605e019066a4782.jpg,no_annotation
36073,ds9_train_200-Copy_jpg.rf.c565646fae4250146160a52e59c8452c.jpg,no_annotation
36079,ds9_train_792_jpg.rf.c5de1c308bebc04a0711ddcce7b2482e.jpg,no_annotation
36090,ds9_train_247_jpg.rf.c61db946e1299d2dfbe2952004722b46.jpg,no_annotation
36092,ds9_train_81_jpg.rf.c68009886234bbf56e30e3b77a97709b.jpg,no_annotation
36095,ds9_train_181_jpg.rf.c65d37b9f63145973a91f6d27e9d27e8.jpg,no_annotation
36112,ds9_train_510_jpg.rf.c6f5e77e6db1dcacf7b3888293e80cfe.jpg,no_annotation
36120,ds9_train_197_jpg.rf.c734b78f26a83a7799af171e41864425.jpg,no_annotation
36137,ds9_train_800_jpg.rf.c7350a779dcd6469d37d8660ef720051.jpg,no_annotation
36142,ds9_train_640_jpg.rf.c76a34332c5194dd79cb293e78853285.jpg,no_annotation
36153,ds9_train_105_jpg.rf.c8308bd5bf69007d25151f529d86c721.jpg,no_annotation
36173,ds9_train_569_jpg.rf.c8bfb467b9f7424503546f57de6b3d5d.jpg,no_annotation
36174,ds9_train_33_jpg.rf.c881f8bb4c0d0e76b58e1a9d44ade810.jpg,no_annotation
36178,ds9_train_110_jpg.rf.c8cbb6674dc77f1a677ae24c5525ad19.jpg,no_annotation
36181,ds9_train_473_jpg.rf.c9260b832f6499abae3db269fd472bb4.jpg,no_annotation
36200,ds9_train_184_jpg.rf.ca09dcb4639989b5824c839c6af607e5.jpg,no_annotation
36205,ds9_train_422_jpg.rf.ca1073b87336a7f21a0d106f263acd8d.jpg,no_annotation
36209,ds9_train_525_jpg.rf.c98b0e022ec644138fd9c1beb8b0660f.jpg,no_annotation
36230,ds9_train_557_jpg.rf.ca8d843a25e75a608e7ebe0f66daa269.jpg,no_annotation
36234,ds9_train_635_jpg.rf.cad51a315097675bd81aca587a1f0e03.jpg,no_annotation
36238,ds9_train_116_jpg.rf.caf7fe680daa0fec2c0d853398f45ea5.jpg,no_annotation
36243,ds9_train_72_jpg.rf.caed8f78ff2853af62e27b77d0a39356.jpg,no_annotation
36246,ds9_train_481_jpg.rf.cb05faf95fb6ca2a0c1820dec8973dcc.jpg,no_annotation
36249,ds9_train_41_jpg.rf.cb2fc6f16ebc19c3f0aed569fde29e7b.jpg,no_annotation
36285,ds9_train_638_jpg.rf.cc4ddef7fa73642318ee3465b9b11d05.jpg,no_annotation
36315,ds9_train_160_jpg.rf.cccba09478fbcb64e6ec65d6555e42cd.jpg,no_annotation
36321,ds9_train_204_jpg.rf.cd13c02c65a143a375f671ca69273d83.jpg,no_annotation
36325,ds9_train_351_jpg.rf.cd558d20f496e9f8745222981349fceb.jpg,no_annotation
36334,ds9_train_761_jpg.rf.cde0404608113409f1a9a38601bb55ca.jpg,no_annotation
36354,ds9_train_396_jpg.rf.ce5201c90cfee6274a186c7850d2474c.jpg,no_annotation
36358,ds9_train_385_jpg.rf.cec55479812bc215610b1fbc8235948b.jpg,no_annotation
36363,ds9_train_761_jpg.rf.ce609c1beeaec406f6ef4d9ff5a345b2.jpg,no_annotation
36366,ds9_train_251_jpg.rf.cea4bcd5e234622e2501c03af492cde5.jpg,no_annotation
36382,ds9_train_182_jpg.rf.cf480d5b6cc0fd0db2dd211805a71743.jpg,no_annotation
36394,ds9_train_192_jpg.rf.cfbf47620a29edbd720d09ace25bd1bf.jpg,no_annotation
36399,ds9_train_423_jpg.rf.cf8cff9313ba7473064f66d983762b4b.jpg,no_annotation
36402,ds9_train_578_jpg.rf.cf954f8c29760529a7f9776c4c65b969.jpg,no_annotation
36407,ds9_train_832_jpg.rf.d01aeb0d1f6c363a0272780992f01428.jpg,no_annotation
36441,ds9_train_253_jpg.rf.d12622490176bc00c402bd232c3daf19.jpg,no_annotation
36446,ds9_train_514_jpg.rf.d11aa4c4ce7efb25e5117e2160ba35ee.jpg,no_annotation
36452,ds9_train_5_jpg.rf.d15e1b4076dfcb8fe56345c600bc2493.jpg,no_annotation
36455,ds9_train_52-Copy_jpg.rf.d16b18968d167a08caaa99ded35381fb.jpg,no_annotation
36460,ds9_train_476_jpg.rf.d190fbb80ac8ef35d6a1698504559488.jpg,no_annotation
36467,ds9_train_831_jpg.rf.d18b2d3fb91556307f6da59154994033.jpg,no_annotation
36470,ds9_train_801_jpg.rf.d20463f6a4d23eeb81458fbad050fddf.jpg,no_annotation
36479,ds9_train_507_jpg.rf.d22ed83db06e258397040c8ecc824363.jpg,no_annotation
36484,ds9_train_9_jpg.rf.d23bdd9577bab6b18415fc764e1ae567.jpg,no_annotation
36485,ds9_train_412_jpg.rf.d27ad633ac0c844dd7f6a277cef63202.jpg,no_annotation
36496,ds9_train_222_jpg.rf.d2daca67d9decf90a4969543d5fa1935.jpg,no_annotation
36508,ds9_train_622_jpg.rf.d371cc7aa7699d03cf78134567a1bb0e.jpg,no_annotation
36511,ds9_train_111_jpg.rf.d3b50923dba4ff1b27fc89473225dc7e.jpg,no_annotation
36514,ds9_train_812_jpg.rf.d384f94150a329bd012a3c94dd3e12ff.jpg,no_annotation
36521,ds9_train_233_jpg.rf.d38d6124a716e31c8261a8696c2ead3c.jpg,no_annotation
36529,ds9_train_571_jpg.rf.d41d6c0b2b0c3442f5cdbd0736e2be97.jpg,no_annotation
36544,ds9_train_641-Copy_jpg.rf.d486607ce482ba3e70ca3baae9da2902.jpg,no_annotation
36550,ds9_train_827_jpg.rf.d4650b480dbc16bbbacf06a6ce5a888e.jpg,no_annotation
36563,ds9_train_162_jpg.rf.d5039b5c3f82ba17c132376926c175a1.jpg,no_annotation
36565,ds9_train_774_jpg.rf.d4e0b6b00ce1fd165e247662845240f0.jpg,no_annotation
36568,ds9_train_94_jpg.rf.d550cf82b98e8fb5893ff0e17c59669a.jpg,no_annotation
36573,ds9_train_786_jpg.rf.d511f26fd3e7abfe3a5e2159de075b1f.jpg,no_annotation
36578,ds9_train_780_jpg.rf.d563ccc96e2dd4cbd2fd07af07fc0999.jpg,no_annotation
36588,ds9_train_558_jpg.rf.d5b0c8c666448a9195a10f86a50980fc.jpg,no_annotation
36605,ds9_train_428_jpg.rf.d6204dfb446c22b21bf39667d917f95e.jpg,no_annotation
36624,ds9_train_486_jpg.rf.d6b6babe708ba139245095c968a77e0d.jpg,no_annotation
36658,ds9_train_209_jpg.rf.d7f8d29910f8ed467a2d1e9ea6aed916.jpg,no_annotation
36663,ds9_train_75_jpg.rf.d7fba734202a3b21d60eec0aecb3316f.jpg,no_annotation
36665,ds9_train_623_jpg.rf.d85d0d0c06e48061e470e849c26c52db.jpg,no_annotation
36666,ds9_train_189_jpg.rf.d8301bdd2c7f0c1ffa66eefe4fa7a0ff.jpg,no_annotation
36678,ds9_train_233_jpg.rf.d872a7f041227c09f97e0441f36c2c2b.jpg,no_annotation
36679,ds9_train_221_jpg.rf.d81ba47db146c410a05f699a4342d342.jpg,no_annotation
36683,ds9_train_162_jpg.rf.d87b0049d9d6f78d8d8637fc46fdb86d.jpg,no_annotation
36686,ds9_train_2_jpg.rf.d88ea3f3e41c2e7ef4674f8e447d0d34.jpg,no_annotation
36693,ds9_train_788_jpg.rf.d8ea9705317952ea72c6073f08ab1651.jpg,no_annotation
36703,ds9_train_149-Copy_jpg.rf.d8c77651682e83e0cf33ca4890252ef2.jpg,no_annotation
36707,ds9_train_845_jpg.rf.d971ab635223ce78eb76aed3a49433de.jpg,no_annotation
36708,ds9_train_520_jpg.rf.d94f83c139750010024ba81d7b7d5507.jpg,no_annotation
36712,ds9_train_366_jpg.rf.d9a9bedd0389b0ada2aa8a538dea9361.jpg,no_annotation
36714,ds9_train_234_jpg.rf.d9b4cae978a2b6bc8c09b94ecfc44e37.jpg,no_annotation
36717,ds9_train_107_jpg.rf.d9a4440042a492091e571daa192bf525.jpg,no_annotation
36724,ds9_train_80_jpg.rf.d9847120ac2234918b8d18fc1159e0ad.jpg,no_annotation
36730,ds9_train_188_jpg.rf.d9ffa8753e3cb6957cf52c3fa969b78c.jpg,no_annotation
36732,ds9_train_782_jpg.rf.d963bea613e3a3fabfc199014d516506.jpg,no_annotation
36738,ds9_train_536_jpg.rf.da56496a1c27fabbfa1136b88b8eba36.jpg,no_annotation
36750,ds9_train_146_jpg.rf.dae12cb5eab93f191edc885d59c14215.jpg,no_annotation
36770,ds9_train_154_jpg.rf.db7d76f712e72cfea5de37505557054d.jpg,no_annotation
36782,ds9_train_102-Copy_jpg.rf.dbd312a5352fb40914d9cb139172548e.jpg,no_annotation
36788,ds9_train_6_jpg.rf.dc185758a737f77357eaea295398f7a1.jpg,no_annotation
36790,ds9_train_151-Copy_jpg.rf.dbf0a8affc52422cbdc4b0e5c61da8c1.jpg,no_annotation
36795,ds9_train_457_jpg.rf.dc467139eb353508d118196758ec1808.jpg,no_annotation
36803,ds9_train_638_jpg.rf.dc5306a293737c2af23f3cb08e024127.jpg,no_annotation
36812,ds9_train_564_jpg.rf.dca41e8014412fa0e93ad301e3acc025.jpg,no_annotation
36813,ds9_train_805_jpg.rf.dca6b8cd2504902eeca70d0a5e506a62.jpg,no_annotation
36819,ds9_train_618_jpg.rf.dcce7fe62b6d3fdf209c6c12700c034b.jpg,no_annotation
36837,ds9_train_224_jpg.rf.dd381e8d6d9dbf78a4d608fd50c80deb.jpg,no_annotation
36838,ds9_train_397_jpg.rf.dd27cc944e01d1c8f2e0ef8da3a5a901.jpg,no_annotation
36839,ds9_train_108_jpg.rf.dd23f0a77e3768058317c5bfaa513025.jpg,no_annotation
36843,ds9_train_516_jpg.rf.dd6fb6f205db4161e02043b828278e98.jpg,no_annotation
36846,ds9_train_473_jpg.rf.dd4117e456cfaba859e2f0c6f9dbbe7f.jpg,no_annotation
36852,ds9_train_488_jpg.rf.dd7d1a22e0d918540a79c7f568562b6c.jpg,no_annotation
36854,ds9_train_741_jpg.rf.dd807ddf19315d68b27415ea37ff4fb5.jpg,no_annotation
36855,ds9_train_44_jpg.rf.ddb0ff47bad010123baca539cbba0e63.jpg,no_annotation
36865,ds9_train_172_jpg.rf.de02194c5f0ad82274e7bc53c357ae2f.jpg,no_annotation
36875,ds9_train_494_jpg.rf.ddf7455dd4ba2feee56b233db671ab8a.jpg,no_annotation
36876,ds9_train_364_jpg.rf.de305b632b95a216bc12a6649d882b6a.jpg,no_annotation
36880,ds9_train_389_jpg.rf.de303045be72b74fcae2be29e7f85cf6.jpg,no_annotation
36890,ds9_train_204_jpg.rf.deab231091b02ce5f4a6752572d1d638.jpg,no_annotation
36898,ds9_train_557_jpg.rf.ded226864f6f8336a1303a0b14b238aa.jpg,no_annotation
36907,ds9_train_424_jpg.rf.df2350c0fefe75cd61b4281dd35edd01.jpg,no_annotation
36909,ds9_train_503_jpg.rf.debb1dbfdd1bfb44a85c3ef9b5ff2ed1.jpg,no_annotation
36910,ds9_train_55_jpg.rf.df0a7645dcedff70e46bafacbaed1bb6.jpg,no_annotation
36930,ds9_train_21-Copy_jpg.rf.e0097c1a0daf6eafb056d39b697b03a3.jpg,no_annotation
36937,ds9_train_773_jpg.rf.e03a385aacf3ef7be72ce6eab6b3af2b.jpg,no_annotation
36947,ds9_train_179_jpg.rf.e052da7adbe8af4849d614173e434dde.jpg,no_annotation
36960,ds9_train_214_jpg.rf.e125405e36b9eb5b8bcfaea986546132.jpg,no_annotation
36963,ds9_train_771_jpg.rf.e0d5c5c02d1c3759ea7b04866a5db1b0.jpg,no_annotation
36992,ds9_train_630_jpg.rf.e21affb3cce90af85d7f867b869d08ac.jpg,no_annotation
36994,ds9_train_545_jpg.rf.e20d867725a87b88424ebc591048980e.jpg,no_annotation
36997,ds9_train_422_jpg.rf.e22b07daa6aa9d0f8e42b8cd95fa7c78.jpg,no_annotation
36999,ds9_train_33_jpg.rf.e2525f2802306ebe9e7bbc38c3d40ab6.jpg,no_annotation
37001,ds9_train_825_jpg.rf.e2622204fed7fb489ff57fbe09c523a9.jpg,no_annotation
37021,ds9_train_475_jpg.rf.e2ed142b6d6383b8b34611b51d66ceec.jpg,no_annotation
37022,ds9_train_3_jpg.rf.e30b1778b00549719c0eaf21c5d3a055.jpg,no_annotation
37025,ds9_train_441_jpg.rf.e3083b3efe31e094195824fe40bfc6f7.jpg,no_annotation
37030,ds9_train_20-Copy_jpg.rf.e33db66ba78040079b2f7f8b94607630.jpg,no_annotation
37036,ds9_train_844_jpg.rf.e3bbf80ade82fc427449401b15d3320e.jpg,no_annotation
37037,ds9_train_498_jpg.rf.e339f2e70298e65eecfcb3874cf29a58.jpg,no_annotation
37045,ds9_train_27_jpg.rf.e3b297a6bc49afafffa5b13166ede641.jpg,no_annotation
37059,ds9_train_371_jpg.rf.e4248438bd9cac9e00f5e4fcdc8ef681.jpg,no_annotation
37060,ds9_train_205_jpg.rf.e40c32e757c715e26e3190db115b56aa.jpg,no_annotation
37061,ds9_train_766_jpg.rf.e40e4ef4bae4cd28358c747ee1a12881.jpg,no_annotation
37070,ds9_train_143_jpg.rf.e44e5b2e8cb4bf5a59778ab96182b829.jpg,no_annotation
37071,ds9_train_613_jpg.rf.e45cace2c2d3211c469898a0059f316a.jpg,no_annotation
37078,ds9_train_750_jpg.rf.e48e0362d5f96a40a86a71c89f7a7bed.jpg,no_annotation
37080,ds9_train_401_jpg.rf.e4f16fd121d882e5129775b2d67ebdf7.jpg,no_annotation
37090,ds9_train_206_jpg.rf.e4f71df7ca7f0877c29e9650c459f43a.jpg,no_annotation
37091,ds9_train_253_jpg.rf.e4e77027a82ee8a41643808036aae56c.jpg,no_annotation
37092,ds9_train_808_jpg.rf.e4e4ccb552b19a8a67b662672449de87.jpg,no_annotation
37093,ds9_train_136_jpg.rf.e5214dc6afe4453843b650fcdbf381a7.jpg,no_annotation
37096,ds9_train_754_jpg.rf.e52c9738970c6b7ed668c66e2f2a06c7.jpg,no_annotation
37105,ds9_train_814_jpg.rf.e58bc9a99f9dc0408300172f33f22191.jpg,no_annotation
37109,ds9_train_639_jpg.rf.e5981a999e44361c442642478472b788.jpg,no_annotation
37114,ds9_train_613_jpg.rf.e5d3e45d1d615dd3b7f71a12d18fd05a.jpg,no_annotation
37117,ds9_train_129_jpg.rf.e5e991a42d1d48bd2ee48e9742432e50.jpg,no_annotation
37142,ds9_train_804_jpg.rf.e69a7682473e21a80447c160cfcea363.jpg,no_annotation
37144,ds9_train_82_jpg.rf.e6c2fe02ea7fff2ddbda161627b6b101.jpg,no_annotation
37146,ds9_train_77_jpg.rf.e6b2bad728115c7fae318ce050f70f57.jpg,no_annotation
37158,ds9_train_474_jpg.rf.e69d8607fc79da36fc3ed7e64da6306f.jpg,no_annotation
37189,ds9_train_63_jpg.rf.e7c6233efdf056fac57627a3094dceec.jpg,no_annotation
37193,ds9_train_249_jpg.rf.e82d0faf91c2a4bc9f7e91ddcb9f3c37.jpg,no_annotation
37197,ds9_train_506_jpg.rf.e813f3142a70397b61a148ddf98aea8c.jpg,no_annotation
37200,ds9_train_44_jpg.rf.e82d65b1ed3bf1e9b7cbde53a5110249.jpg,no_annotation
37206,ds9_train_805_jpg.rf.e8c38b8b9b0902cc258c1a1c0e5c82c1.jpg,no_annotation
37211,ds9_train_547_jpg.rf.e840db52818e4f224a51907422660d8a.jpg,no_annotation
37214,ds9_train_215_jpg.rf.e8cb4eedacb5ffd8f406d2185325de21.jpg,no_annotation
37218,ds9_train_781_jpg.rf.e8d26423c6c829a864f41280a2c3e560.jpg,no_annotation
37232,ds9_train_151-Copy_jpg.rf.e993fb0370b9f04027a062391d62f707.jpg,no_annotation
37235,ds9_train_454_jpg.rf.e9a5d3d6817350119348b5e6dbe9fcba.jpg,no_annotation
37238,ds9_train_504_jpg.rf.e99ed0b5bfa943cf65bdda4368343bba.jpg,no_annotation
37268,ds9_train_228_jpg.rf.ea3747f74e2a4f0623b4621fc270fd19.jpg,no_annotation
37269,ds9_train_114_jpg.rf.ea5b09b656d47b460263ab5528a9ec6e.jpg,no_annotation
37273,ds9_train_240_jpg.rf.ea896c0758fe1f21d4016df2ca59ce5f.jpg,no_annotation
37275,ds9_train_76_jpg.rf.ea7b20515b3c8c096929ae093bd91356.jpg,no_annotation
37279,ds9_train_640_jpg.rf.ea76b0e7d341312978d5e762b057c118.jpg,no_annotation
37283,ds9_train_612_jpg.rf.eaa719a31b6cda6010c78551aaf11415.jpg,no_annotation
37286,ds9_train_47-Copy_jpg.rf.eacd5730b1e0704297482ad61cca5569.jpg,no_annotation
37294,ds9_train_838_jpg.rf.eacdeb68e1933d9e1f5f5f080de6839d.jpg,no_annotation
37306,ds9_train_588_jpg.rf.eb4b8b6b547b5c73da98e90dbf97ad94.jpg,no_annotation
37317,ds9_train_453_jpg.rf.ebbbc30505e395f740113f66cc6fea02.jpg,no_annotation
37318,ds9_train_244_jpg.rf.ebac504cc2ce5e74a4fca46b1811f381.jpg,no_annotation
37322,ds9_train_408_jpg.rf.ec0916422abefb58fb1151b860789e8a.jpg,no_annotation
37332,ds9_train_78_jpg.rf.ec252fa84b183eaebc79b68f4668a882.jpg,no_annotation
37369,ds9_train_9_jpg.rf.ed37ae259b814526dbb32e5ec8de9a76.jpg,no_annotation
37374,ds9_train_639_jpg.rf.ed6daf964f6a7a3bd5901b677b9d1248.jpg,no_annotation
37377,ds9_train_129_jpg.rf.ed1ed084272759d0a6b623ad9e19e4fe.jpg,no_annotation
37391,ds9_train_105_jpg.rf.ee3ebcb80afcd454cab811e8dee5863e.jpg,no_annotation
37404,ds9_train_586_jpg.rf.ee10e726a94bac7449a35df947c5c140.jpg,no_annotation
37409,ds9_train_174_jpg.rf.edc72c2134eeac648653e1914f37dbca.jpg,no_annotation
37410,ds9_train_550_jpg.rf.ee75026ecd05231f62c10f2a97fa890a.jpg,no_annotation
37414,ds9_train_575_jpg.rf.eeccc9bad6fff82530f79ae18ab6230f.jpg,no_annotation
37416,ds9_train_80_jpg.rf.eed059170b650253cd1e81cb849312ba.jpg,no_annotation
37439,ds9_train_467_jpg.rf.ef918a6ed0e8ff7cefc29a2834271d94.jpg,no_annotation
37440,ds9_train_537_jpg.rf.efab9c96026d986ec25dcab33db3465c.jpg,no_annotation
37454,ds9_train_142_jpg.rf.f00eb0c8747a65c44a19f462486a27d9.jpg,no_annotation
37459,ds9_train_350_jpg.rf.f035598cf876316f73246f5b287f8c5b.jpg,no_annotation
37463,ds9_train_461_jpg.rf.f045f702e098aff0fdf9de698c87e408.jpg,no_annotation
37468,ds9_train_494_jpg.rf.f08cccb28ae2dc09399cec07acea956c.jpg,no_annotation
37469,ds9_train_510_jpg.rf.f089a148aab919116efd9076e703a45f.jpg,no_annotation
37473,ds9_train_602_jpg.rf.f04de21625d5619d43566dc86ab51380.jpg,no_annotation
37475,ds9_train_842_jpg.rf.f0f86b275caf7b0d28ef53abc2d6580a.jpg,no_annotation
37476,ds9_train_434_jpg.rf.f0dca64facbb85b9176cde590bb1bf4e.jpg,no_annotation
37486,ds9_train_544_jpg.rf.f0e72d0e808dea8c44d44b4fe6ebcfc9.jpg,no_annotation
37496,ds9_train_142_jpg.rf.f13fd2aacb051453d145c8f6865ebcb0.jpg,no_annotation
37501,ds9_train_138_jpg.rf.f17890a0f9443d0d4f656bb6ae5a80f8.jpg,no_annotation
37507,ds9_train_22-Copy_jpg.rf.f18bf9b50d5cf94993516fc8729ae043.jpg,no_annotation
37508,ds9_train_63_jpg.rf.f148347e35f747f20d61642bbade0903.jpg,no_annotation
37530,ds9_train_810_jpg.rf.f1cd9fa27330f41d20c2914c649175dd.jpg,no_annotation
37533,ds9_train_783_jpg.rf.f2417242b817ea7c4bf4bc395693d127.jpg,no_annotation
37536,ds9_train_616_jpg.rf.f23d2c87a60ee17b3eb539669823a850.jpg,no_annotation
37544,ds9_train_217_jpg.rf.f25288389816f1c9db5a030122d3be7d.jpg,no_annotation
37545,ds9_train_794_jpg.rf.f26384fcd88c26de20e7216a951040f3.jpg,no_annotation
37552,ds9_train_801_jpg.rf.f29602ee2a02073dcbe87dab3185df0c.jpg,no_annotation
37554,ds9_train_251_jpg.rf.f2b8cdb5c7eaf711315a8c4bad38b3d5.jpg,no_annotation
37562,ds9_train_596_jpg.rf.f2f3eda83500964a69c7ee73b4e30625.jpg,no_annotation
37573,ds9_train_568_jpg.rf.f36a024bc4f4a9332693b089b650545f.jpg,no_annotation
37575,ds9_train_153_jpg.rf.f35275086da7ac32ff88efef13e4c6e2.jpg,no_annotation
37586,ds9_train_352_jpg.rf.f385881f33327f34a63e95d52e6e1f75.jpg,no_annotation
37592,ds9_train_74_jpg.rf.f3ab0f891c0c82d3df26555423ed0324.jpg,no_annotation
37606,ds9_train_518-Copy_jpg.rf.f3e96a2751b944ba5ca9ce609ae6f027.jpg,no_annotation
37611,ds9_train_826_jpg.rf.f430dfaeda3cfcdbe56b9dca5a7bd0ef.jpg,no_annotation
37616,ds9_train_23-Copy_jpg.rf.f44b8670204db8e3341f4388a6fdd8f4.jpg,no_annotation
37620,ds9_train_808_jpg.rf.f49077e090774cc2f6020d65a65974d0.jpg,no_annotation
37621,ds9_train_576_jpg.rf.f480ecbf89cd82261ef55365a65d618d.jpg,no_annotation
37625,ds9_train_534_jpg.rf.f4c250de48afaf75f94ab5020cbc8bb7.jpg,no_annotation
37626,ds9_train_615_jpg.rf.f4a5a1ace81db5490814dfc2ae39c515.jpg,no_annotation
37630,ds9_train_195_jpg.rf.f4c2c8e44632a8b840ceb4d77745d99d.jpg,no_annotation
37634,ds9_train_166_jpg.rf.f4800ec0bf0409a0a942bbbc52d490f6.jpg,no_annotation
37636,ds9_train_489_jpg.rf.f4ca6634b4e22e8ca0decda631d5579c.jpg,no_annotation
37637,ds9_train_513_jpg.rf.f4526e3df57dd492da54d8b65401b774.jpg,no_annotation
37643,ds9_train_235_jpg.rf.f4f7006576b179e8f4a0790173c12af3.jpg,no_annotation
37649,ds9_train_743_jpg.rf.f51d3d192855d71d91b4fef06fb4c2ae.jpg,no_annotation
37673,ds9_train_250_jpg.rf.f5905e7a866ffdf0cdc0309a6c694b1f.jpg,no_annotation
37679,ds9_train_571_jpg.rf.f5df47052d27edef94b1ef5437076e8e.jpg,no_annotation
37686,ds9_train_235_jpg.rf.f6a1761f8bfe6d6462db7d0f0fafee16.jpg,no_annotation
37689,ds9_train_753_jpg.rf.f64f4f2369cc39abecaf48670f9df91f.jpg,no_annotation
37702,ds9_train_386_jpg.rf.f6f2dd7cdda1eb0147b4d5c247c32510.jpg,no_annotation
37704,ds9_train_540_jpg.rf.f6d2fc8ccf2f080fad80232823e47e89.jpg,no_annotation
37737,ds9_train_112_jpg.rf.f78566778b2c865f79466b55d75a24ef.jpg,no_annotation
37738,ds9_train_787_jpg.rf.f7bbf478a3e277c02c40034206fb026c.jpg,no_annotation
37741,ds9_train_789_jpg.rf.f77dac952f23bcfe28df766a4cd235b1.jpg,no_annotation
37749,ds9_train_804_jpg.rf.f80af802e6c010b9c2774558e75e3068.jpg,no_annotation
37754,ds9_train_798_jpg.rf.f853fc80217bcb7f8dc8e3d9d58ac3bf.jpg,no_annotation
37757,ds9_train_193_jpg.rf.f7eb068a295ff701e1bdf7b4fa769e75.jpg,no_annotation
37760,ds9_train_403_jpg.rf.f85915a2c2e7cdb8c6590f8806886128.jpg,no_annotation
37763,ds9_train_595_jpg.rf.f80ec5f97ac798d1fedb9697072e163f.jpg,no_annotation
37768,ds9_train_502_jpg.rf.f84731cdfcb6d74849a84056302575e8.jpg,no_annotation
37782,ds9_train_56_jpg.rf.f8a722347da2cd7e8e677b150e12869b.jpg,no_annotation
37791,ds9_train_514_jpg.rf.f8c4edbdb60a33c911ab8e43a7b48bd7.jpg,no_annotation
37802,ds9_train_115_jpg.rf.f98c2705b6834e39158c7caf93b7a842.jpg,no_annotation
37803,ds9_train_742_jpg.rf.f98becf847521d8b3d463003206ce1db.jpg,no_annotation
37811,ds9_train_553_jpg.rf.f9881469a64ea71effc25ff1f37e3f46.jpg,no_annotation
37815,ds9_train_237_jpg.rf.f9c3f42966050b010ba6b24afe8dd75d.jpg,no_annotation
37819,ds9_train_752_jpg.rf.f9b7259d8ea33741f9f20db57864dae2.jpg,no_annotation
37820,ds9_train_221_jpg.rf.f9ae8593652ce7ec9f284ff1d413d3c6.jpg,no_annotation
37822,ds9_train_0_jpg.rf.f9e4da2ac61cdadd0d2e646421a3178d.jpg,no_annotation
37824,ds9_train_96-Copy_jpg.rf.f9ff475f60d5ba899b8d2e9eb9eea0fc.jpg,no_annotation
37831,ds9_train_19-Copy_jpg.rf.fa717451daa7dd40d5324375d730bf03.jpg,no_annotation
37841,ds9_train_248_jpg.rf.fad55f44e3609b991b0e87697b79d876.jpg,no_annotation
37850,ds9_train_35_jpg.rf.faf53bb2aadfba39fbedc0cc5a1d494d.jpg,no_annotation
37851,ds9_train_152-Copy_jpg.rf.fb0547d09969927e2c318071919f50cf.jpg,no_annotation
37862,ds9_train_846_jpg.rf.fb2602ed54e91fd1f6d30625d264f271.jpg,no_annotation
37877,ds9_train_184_jpg.rf.fbcf4bfddc7c9818fa6472c5e1f76429.jpg,no_annotation
37882,ds9_train_381_jpg.rf.fbe8e7052e82e6ce89355a18ab292837.jpg,no_annotation
37889,ds9_train_176_jpg.rf.fc1317d7263d04dcc2176330c7889d3b.jpg,no_annotation
37890,ds9_train_23-Copy_jpg.rf.fb63d4a3c6c8e680eb4e3b74c3122409.jpg,no_annotation
37894,ds9_train_466_jpg.rf.fc0cbf5261945489e3fc715186426fe7.jpg,no_annotation
37896,ds9_train_173_jpg.rf.fc0097f3063e1af7fb4a6084fe63ad6f.jpg,no_annotation
37915,ds9_train_182_jpg.rf.fc888f0414b93f39ff18e716d2fe8d89.jpg,no_annotation
37934,ds9_train_223_jpg.rf.fd96e88c7624d65fe08394445cd116df.jpg,no_annotation
37939,ds9_train_444_jpg.rf.fd4b1f0041dbab5d42f1fdda02988461.jpg,no_annotation
37941,ds9_train_37_jpg.rf.fdaf1359e07c08614f2e47245408fab4.jpg,no_annotation
37947,ds9_train_609_jpg.rf.fdbc9e98591cde3597a2c2bcbd697e2c.jpg,no_annotation
37961,ds9_train_788_jpg.rf.fdfd2ba3c343aa4c35bb3afdc6c6d1fb.jpg,no_annotation
37963,ds9_train_53-Copy_jpg.rf.fe3d52d97bff0467aeb692d839a6308b.jpg,no_annotation
37966,ds9_train_59_jpg.rf.fe38a44ababdea4afd7771156199d33b.jpg,no_annotation
37970,ds9_train_197-Copy_jpg.rf.fe8760691d8d4dce5288a822ce853fa7.jpg,no_annotation
37972,ds9_train_99-Copy_jpg.rf.fed88a51d3501979b2cc609c20fceff7.jpg,no_annotation
37978,ds9_train_768_jpg.rf.fe9bd7ade8ea58ad484f5134631b9c92.jpg,no_annotation
37979,ds9_train_608_jpg.rf.fea75fd69ee8d625b82c97dd090ab960.jpg,no_annotation
37986,ds9_train_800_jpg.rf.ff07661f44a393a195843d395ab454ea.jpg,no_annotation
37999,ds9_train_138_jpg.rf.ff8591c1023eee140fea52e852a4e77d.jpg,no_annotation
38003,ds9_train_139_jpg.rf.ff6f4d3367ca8ea7b67f93da52a56259.jpg,no_annotation
38014,ds9_train_843_jpg.rf.ff91df5e85590a4b237a66c9279329a6.jpg,no_annotation
38016,ds9_train_481_jpg.rf.ff8912613f51d68099104225e38272c2.jpg,no_annotation
38032,ds9_train_426_jpg.rf.490b5521194dd8aa9dff6f828b5bfd81.jpg,no_annotation
38038,ds9_train_784_jpg.rf.499c6c624c4d9d8acc27ada2fdd27643.jpg,no_annotation
38042,ds9_train_531_jpg.rf.4992adfb7dd0d7c40d4b94eb618b42c0.jpg,no_annotation
38046,ds9_train_62_jpg.rf.49a15571dea22484c2ff75dba4a01292.jpg,no_annotation
38048,ds9_train_219_jpg.rf.48e60f5c2086c56540c81860c1d99ce0.jpg,no_annotation
38050,ds9_train_246-Copy_jpg.rf.4916f2484c2123d365c52167584f2f68.jpg,no_annotation
38058,ds9_train_794_jpg.rf.49b0db630c114aed6ded8aa5d64dedfd.jpg,no_annotation
38062,ds9_train_546_jpg.rf.49d6a857178d8a0d63b61e6d05886966.jpg,no_annotation
38066,ds9_train_591_jpg.rf.49bedf2e6cd56ae4c448dcad2033477e.jpg,no_annotation
38083,ds9_train_249-Copy_jpg.rf.4a2f279d576b1901b5c5a32ca48332f9.jpg,no_annotation
38089,ds9_train_574_jpg.rf.4a529db0ef279162dc4f101cd12c96fe.jpg,no_annotation
38091,ds9_train_796_jpg.rf.4a6d8590a687a412768e937087f708c1.jpg,no_annotation
38092,ds9_train_202-Copy_jpg.rf.4a61f831b2f4ffc7e54f1fe03d273ec9.jpg,no_annotation
38094,ds9_train_474_jpg.rf.4a785571bc2db4489d4ea9eb039b39a3.jpg,no_annotation
38097,ds9_train_64_jpg.rf.4a721e8fdbf25eb4534534b08f5e5eda.jpg,no_annotation
38099,ds9_train_139_jpg.rf.4a78f771df7a82e65ada76ddf3b88b3b.jpg,no_annotation
38107,ds9_train_5_jpg.rf.4aec7c9ea3be2780fd0913a15cd00604.jpg,no_annotation
38111,ds9_train_87_jpg.rf.4af3263d13ba2e948ee855e1428a930e.jpg,no_annotation
38114,ds9_train_764_jpg.rf.4ac85fa11a32feed2b7a6ff40fc93621.jpg,no_annotation
38118,ds9_train_393_jpg.rf.4ab407e0922614e0702e07a29a22ceb9.jpg,no_annotation
38123,ds9_train_407_jpg.rf.4b064cbfc088da7cff5dc2a4f772f758.jpg,no_annotation
38131,ds9_train_478_jpg.rf.4b7971e4a1f2b588be94c4c63972f16f.jpg,no_annotation
38133,ds9_train_490_jpg.rf.4b6f07f0d18400c0ebb79240fbe542c5.jpg,no_annotation
38134,ds9_train_798_jpg.rf.4b7f40b508f8d2335aa28561aead839d.jpg,no_annotation
38138,ds9_train_395_jpg.rf.4b86d3c05475c4beccad676df5922495.jpg,no_annotation
38145,ds9_train_417_jpg.rf.4bd766b445d8596280e6d04e88e51215.jpg,no_annotation
38154,ds9_train_470_jpg.rf.4c0884cc9d77051fe0490758a1a747dd.jpg,no_annotation
38155,ds9_train_59_jpg.rf.4c0233a68c7b868e0ae13c286f7280dd.jpg,no_annotation
38158,ds9_train_95_jpg.rf.4baa4f78a8b2f169af1f362b0a138b2e.jpg,no_annotation
38169,ds9_train_508_jpg.rf.4ca49ce477fa0d95196f6f81f743ac2b.jpg,no_annotation
38170,ds9_train_231_jpg.rf.4c918f7021b2b59ab6c0c26ae48eefcc.jpg,no_annotation
38173,ds9_train_785_jpg.rf.4c5dcad114e02648e72382bda7b8cd27.jpg,no_annotation
38177,ds9_train_207_jpg.rf.4c9f47df44021477f10c79ecb8c86135.jpg,no_annotation
38178,ds9_train_123_jpg.rf.4c9f2be543c8a8d130912c54c25eade1.jpg,no_annotation
38189,ds9_train_614_jpg.rf.4cdb59ac0e112a2b09e97c370c54d5c5.jpg,no_annotation
38225,ds9_train_79_jpg.rf.4e44860cbe254b86f453217bfa0442b2.jpg,no_annotation
38235,ds9_train_530_jpg.rf.4e0625663812c61494ff78f32c3f1c01.jpg,no_annotation
38242,ds9_train_548_jpg.rf.4ea8d22241640953979a47016da4ae13.jpg,no_annotation
38260,ds9_train_101-Copy_jpg.rf.4f31eb7ea3f3a0b7d85bc6f216c71641.jpg,no_annotation
38280,ds9_train_206_jpg.rf.4ffa7d7c758896eba160533aa747266f.jpg,no_annotation
38289,ds9_train_828_jpg.rf.5031c8accc0bad7dcce02cac30a87c82.jpg,no_annotation
38290,ds9_train_804_jpg.rf.5020c901419f35df06bbe5984f970538.jpg,no_annotation
38294,ds9_train_256_jpg.rf.50a45528cf9b975488cc1ab5782ecb30.jpg,no_annotation
38303,ds9_train_608_jpg.rf.50bdc009c5bddd7a6983ed01ec24379d.jpg,no_annotation
38306,ds9_train_395_jpg.rf.5104f1ca72f2963519aae9c8d0675998.jpg,no_annotation
38314,ds9_train_543_jpg.rf.5107d50b2c1ba8b8f562959cea0b19f6.jpg,no_annotation
38317,ds9_train_148-Copy_jpg.rf.51505d531fef06f703cfed63d768759d.jpg,no_annotation
38332,ds9_train_387_jpg.rf.51b05a204a279422c2cbe205c4ecb83d.jpg,no_annotation
38335,ds9_train_124_jpg.rf.51b85b64662211e2bbea2aa1f26ee89f.jpg,no_annotation
38343,ds9_train_202-Copy_jpg.rf.5205df1d8cdbceefb4fcf7c0792e1fc8.jpg,no_annotation
38349,ds9_train_748_jpg.rf.5251c71479ba16a6c14573e301226510.jpg,no_annotation
38351,ds9_train_769_jpg.rf.5264df2c0f81079429d112be8eebc30b.jpg,no_annotation
38356,ds9_train_130_jpg.rf.52226bd21f23176817ca3aa1218667ec.jpg,no_annotation
38364,ds9_train_243_jpg.rf.52b5f17b58d9acb779b3184d0eaa5d01.jpg,no_annotation
38378,ds9_train_30_jpg.rf.531662d73ba459f847580663e8940f8d.jpg,no_annotation
38381,ds9_train_224_jpg.rf.5333c94fbf4d9f075676885d5bf388a1.jpg,no_annotation
38386,ds9_train_192_jpg.rf.531c3ff660a0c3b0b85c6c203d316eb0.jpg,no_annotation
38406,ds9_train_26-Copy_jpg.rf.53d8d7b3fbc66795a8cea3e48f56372f.jpg,no_annotation
38412,ds9_train_187-Copy_jpg.rf.5407f20974e31961a1afd299dc563e4f.jpg,no_annotation
38417,ds9_train_569_jpg.rf.541e8a48d3a2da552bbc3f5a7daf536b.jpg,no_annotation
38425,ds9_train_261_jpg.rf.546281c34725961237a4a002de17b400.jpg,no_annotation
38431,ds9_train_552_jpg.rf.54619687768cf484ee739af1a6e6bfe0.jpg,no_annotation
38436,ds9_train_180_jpg.rf.543a22476f9d4eebfde5d2a8e123dd90.jpg,no_annotation
38445,ds9_train_379_jpg.rf.54fea2ff8dbccc7d9416df4fe331158a.jpg,no_annotation
38464,ds9_train_3_jpg.rf.55e224e40d5ab1ecf6d4c183b529108c.jpg,no_annotation
38481,ds9_train_231_jpg.rf.562d4f5ef86f9beabe6f462a616d1771.jpg,no_annotation
38486,ds9_train_93_jpg.rf.565f33781f0d75fd94605f7b382be197.jpg,no_annotation
38491,ds9_train_521_jpg.rf.56afd8dc62b1bdae256a6e43209d55ae.jpg,no_annotation
38493,ds9_train_230-Copy_jpg.rf.566beb16edeb2ca9f0c2df9de9a2c4c7.jpg,no_annotation
38496,ds9_train_478_jpg.rf.56e1754110f43a4e90923cc3d6b2a02c.jpg,no_annotation
38513,ds9_train_205_jpg.rf.5729b506cc0bf9954a5ba35ce87ee7ba.jpg,no_annotation
38515,ds9_train_91_jpg.rf.575309f94ef66a3a92d6c5de8aaaa4d9.jpg,no_annotation
38518,ds9_train_196_jpg.rf.574d52089a4ea6fc6bcc9e4e12c091f6.jpg,no_annotation
38524,ds9_train_427_jpg.rf.57567bb93757840b559beed7124f882b.jpg,no_annotation
38545,ds9_train_83_jpg.rf.58211160b9826304e7969af77eef7962.jpg,no_annotation
38551,ds9_train_742_jpg.rf.5756e209521bf694efa72f395ca08430.jpg,no_annotation
38567,ds9_train_752_jpg.rf.58c32e280bef1f329e91d1f707d0e805.jpg,no_annotation
38571,ds9_train_112_jpg.rf.58faeb7fc83e497694a11b5f136f871d.jpg,no_annotation
38572,ds9_train_186_jpg.rf.58dc59aa74bd6909e88daab16e82aaec.jpg,no_annotation
38586,ds9_train_537_jpg.rf.58c45dff37fe2679467b96e2dc087afa.jpg,no_annotation
38616,ds9_train_179_jpg.rf.5a2729c078a6e0f9560929b4c863d1ec.jpg,no_annotation
38620,ds9_train_215_jpg.rf.5a5b2cf4c6811fc397969825e4efe109.jpg,no_annotation
38635,ds9_train_104_jpg.rf.5ae200a3201562a11f28a6933ac4af85.jpg,no_annotation
38637,ds9_train_589_jpg.rf.5ab69420a9659757899cf77db3b29cf1.jpg,no_annotation
38645,ds9_train_233_jpg.rf.5af3cc93dad591a6fb9291e4c24661c0.jpg,no_annotation
38653,ds9_train_165_jpg.rf.5b5b541491ae894ca8da327e136e6bf1.jpg,no_annotation
38654,ds9_train_370_jpg.rf.5b60e07cec66597398f1b4a3f9a661b5.jpg,no_annotation
38663,ds9_train_184_jpg.rf.5bcd1ba14f37fcc61e249e5041ab18c8.jpg,no_annotation
38682,ds9_train_167_jpg.rf.5c64dc9d6b4b0c32c85bbd42907bd68b.jpg,no_annotation
38688,ds9_train_464_jpg.rf.5c99480468a7b88df5f08c8ad8258432.jpg,no_annotation
38712,ds9_train_629_jpg.rf.5d60c0535f0123838c0dcdc225886b2f.jpg,no_annotation
38718,ds9_train_476_jpg.rf.5d9f5ca077d15ac257e152f9e0dddd35.jpg,no_annotation
38722,ds9_train_221_jpg.rf.5dc31a719e8222ce1c988b42393e1fa4.jpg,no_annotation
38739,ds9_train_238_jpg.rf.5e52b7bb8cd338ae442b7a239f2c207b.jpg,no_annotation
38751,ds9_train_421_jpg.rf.5ec5dc85404a18d04b08baa80dbfe6d0.jpg,no_annotation
38752,ds9_train_212_jpg.rf.5e0c33dd1a88f57e6e8cd2937b370333.jpg,no_annotation
38759,ds9_train_69_jpg.rf.5f37d5d4271557c78082a486f26958c9.jpg,no_annotation
38773,ds9_train_4_jpg.rf.5f277c9c4fe908921b4470bad56edb52.jpg,no_annotation
38784,ds9_train_188_jpg.rf.6028427edac9cd768def40234ec4cfff.jpg,no_annotation
38787,ds9_train_58_jpg.rf.5ff27c6b860c997b017b0d6821c92df7.jpg,no_annotation
38792,ds9_train_193_jpg.rf.6087b9943802a309ed013aad690626cd.jpg,no_annotation
38800,ds9_train_163_jpg.rf.60b0b712eca41313b3f78543b1586e3b.jpg,no_annotation
38848,ds9_train_548_jpg.rf.623cc67aef1718fda0e96eb1f671eaa7.jpg,no_annotation
38852,ds9_train_172_jpg.rf.62402e059851ee616aa76d99e3ff957d.jpg,no_annotation
38868,ds9_train_744_jpg.rf.626efff3f8d98b92f88c60a9d348348f.jpg,no_annotation
38875,ds9_train_248_jpg.rf.628d5d40ea4fb86e6b9add66b3a0ca55.jpg,no_annotation
38894,ds9_train_204_jpg.rf.6356eb996d765a5d53b27f5e2cb18591.jpg,no_annotation
38899,ds9_train_751_jpg.rf.63c90212dc59c353e3e02882cfec862a.jpg,no_annotation
38900,ds9_train_371_jpg.rf.63a76f9eb9bc0a5945503027a7756c73.jpg,no_annotation
38913,ds9_train_818_jpg.rf.63bfd9282f3428a878f2ff906ad125e0.jpg,no_annotation
38923,ds9_train_597_jpg.rf.643e834133b03495dc217566cca34f27.jpg,no_annotation
38927,ds9_train_225_jpg.rf.6433e0aaa962490ca2346d6c2a9c9c1a.jpg,no_annotation
38935,ds9_train_193_jpg.rf.64b195b185752366cefdc211476707bf.jpg,no_annotation
38952,ds9_train_806_jpg.rf.657ae94e2b92c483cbae1badfd407de3.jpg,no_annotation
38953,ds9_train_121_jpg.rf.650afa9de3d9d8836dddbb5a8516548c.jpg,no_annotation
38957,ds9_train_546_jpg.rf.6503195b49f02163f124aa36477a06a8.jpg,no_annotation
38966,ds9_train_400_jpg.rf.65a9a84498e0ce08b6c9e95f866c9d0c.jpg,no_annotation
38999,ds9_train_40_jpg.rf.65ccdda41ad3f35b9c179b713d01a6b8.jpg,no_annotation
39010,ds9_train_117_jpg.rf.668960c922e211845092d433513f135b.jpg,no_annotation
39014,ds9_train_826_jpg.rf.66a19e9b2febee67f2b4ff67e641c4cd.jpg,no_annotation
39018,ds9_train_745_jpg.rf.672713c76b100404f97db1bad483fbe9.jpg,no_annotation
39021,ds9_train_387_jpg.rf.671294cb445884642c8f307eb1c9e86b.jpg,no_annotation
39026,ds9_train_87_jpg.rf.674a6ef413c7df01ee4498bf3792bf2e.jpg,no_annotation
39027,ds9_train_86_jpg.rf.67a38c6967f1d1d19a35cf067b211136.jpg,no_annotation
39034,ds9_train_547_jpg.rf.67b8b3b44b6635a50e267fa2eab3d882.jpg,no_annotation
39039,ds9_train_168_jpg.rf.67a21a8739bc2a2e417726554ce4e4d6.jpg,no_annotation
39041,ds9_train_232_jpg.rf.67c41831739a64bc7fde221cf0d86e98.jpg,no_annotation
39044,ds9_train_436_jpg.rf.67a984a7a0751aecb94eb1bc0629a4c7.jpg,no_annotation
39049,ds9_train_358_jpg.rf.68083f7d0a5e91613c406f6a990c614b.jpg,no_annotation
39056,ds9_train_225_jpg.rf.681d48f5383795faf92f064f47959a6f.jpg,no_annotation
39059,ds9_train_559_jpg.rf.687b44d71b91cb6914b222785cef71f3.jpg,no_annotation
39062,ds9_train_174_jpg.rf.687fa64e40a78dae1dbb09bdb59be82c.jpg,no_annotation
39064,ds9_train_43_jpg.rf.68814e39a8147759ee2bb875d45e2070.jpg,no_annotation
39088,ds9_train_92_jpg.rf.68f1efc1676639680a876af4bd1cbd41.jpg,no_annotation
39099,ds9_train_175_jpg.rf.698e924581eeba687df772bfd184e667.jpg,no_annotation
39110,ds9_train_229_jpg.rf.6a29a22d757f383f50d68685783ba319.jpg,no_annotation
39123,ds9_train_792_jpg.rf.6a80cd3dbd90d9248d198df847c03469.jpg,no_annotation
39138,ds9_train_215_jpg.rf.6afd05f6c9593895d1227c5653531829.jpg,no_annotation
39153,ds9_train_838_jpg.rf.6b1de07d640cf9a3970ad42731faa254.jpg,no_annotation
39156,ds9_train_90_jpg.rf.6b645a113d3a9dc21b94d5a79e8392a7.jpg,no_annotation
39159,ds9_train_251_jpg.rf.6b4affbeefbbbdb823c1615cbe86acb0.jpg,no_annotation
39166,ds9_train_548_jpg.rf.6b9462ec55db01ae51f75cce553333c8.jpg,no_annotation
39167,ds9_train_754_jpg.rf.6b2c1a69998c71228d022a8c5ef7f383.jpg,no_annotation
39174,ds9_train_619_jpg.rf.6bc4213c1916992478f6489a369f1111.jpg,no_annotation
39177,ds9_train_134_jpg.rf.6bd20af018a8990d11c68fe9fe570c24.jpg,no_annotation
39182,ds9_train_122_jpg.rf.6c17e8da4850ecb9fdeaab4ab8a3d12b.jpg,no_annotation
39183,ds9_train_132_jpg.rf.6c0d708e9e0683619a70aeb10256db9f.jpg,no_annotation
39184,ds9_train_355_jpg.rf.6c1f4672062161cbe38f879a8075089f.jpg,no_annotation
39204,ds9_train_179_jpg.rf.6cc1e337d4f6ae86418f3349120e7f96.jpg,no_annotation
39210,ds9_train_633_jpg.rf.6c9bdcb7847f7d2824e9bfbf6f5ef5e0.jpg,no_annotation
39215,ds9_train_43_jpg.rf.6ce04fec2bf14e8c1a674d49754136de.jpg,no_annotation
39233,ds9_train_116_jpg.rf.6d422028d0bc90ef726f1fe21a4a4655.jpg,no_annotation
39235,ds9_train_751_jpg.rf.6d4b29ba7ca3d3c831c6dd30197122b3.jpg,no_annotation
39236,ds9_train_216_jpg.rf.6d96d762ced645629536d3e28376089f.jpg,no_annotation
39253,ds9_train_485_jpg.rf.6dd6317c843b01352ba23c50db593874.jpg,no_annotation
39257,ds9_valid_445_jpg.rf.0158cfbdf5a8b2e0219c813eda63b538.jpg,no_annotation
39258,ds9_valid_817_jpg.rf.0181dbf2b7939a51c1396572c6c14402.jpg,no_annotation
39268,ds9_valid_29_jpg.rf.048424e19ef7d50998744532ef983ed7.jpg,no_annotation
39272,ds9_valid_515_jpg.rf.05ccd716bca9cb66caed49253103edd5.jpg,no_annotation
39277,ds9_valid_39_jpg.rf.06520a7699689bdf6c2675a40474a7c0.jpg,no_annotation
39286,ds9_valid_187_jpg.rf.073d16a0ae99b1a18d0512608066d481.jpg,no_annotation
39307,ds9_valid_593_jpg.rf.0e757206abb207a031b07178ee747eff.jpg,no_annotation
39309,ds9_valid_822_jpg.rf.0fc9c353300440890d7628b891f2022f.jpg,no_annotation
39317,ds9_valid_634_jpg.rf.10f8675fa191f3fbfac0093aee2263f6.jpg,no_annotation
39321,ds9_valid_228-Copy_jpg.rf.12a097197ec1e3d287f04e1e9e1e1d3e.jpg,no_annotation
39332,ds9_valid_140_jpg.rf.155dc25c15eda6094e45b947ad50fe81.jpg,no_annotation
39338,ds9_valid_195_jpg.rf.16bf5ca3a38abc33e1619cc8e0bf8bbf.jpg,no_annotation
39341,ds9_valid_556_jpg.rf.15e73d7d21bea3908d0b4358fcc8624d.jpg,no_annotation
39355,ds9_valid_399_jpg.rf.1b8369c2bc12d6c6769399676bfa26ae.jpg,no_annotation
39360,ds9_valid_493_jpg.rf.1a3f77c3234fc7cf1de2957191962182.jpg,no_annotation
39385,ds9_valid_606_jpg.rf.1ea55e843891115c82eeed9eb1d04999.jpg,no_annotation
39391,ds9_valid_840_jpg.rf.21eaf5796cee465ba8273233775adb43.jpg,no_annotation
39393,ds9_valid_210_jpg.rf.224bde82f50aef3b083e3adf37650b7d.jpg,no_annotation
39397,ds9_valid_767_jpg.rf.240e7ec68e9b02ecfb81737115b6f5ef.jpg,no_annotation
39413,ds9_valid_155_jpg.rf.25a5fb53aa04afbbce8af7b2ca5280c6.jpg,no_annotation
39424,ds9_valid_755_jpg.rf.2937e849bf95ef28e4ba0283a6475d65.jpg,no_annotation
39434,ds9_valid_237_jpg.rf.2a4200f58e57e43c0122791c04eb246c.jpg,no_annotation
39437,ds9_valid_472-Copy_jpg.rf.279a9f2f1b8cf8daa51b66d6cea70a4e.jpg,no_annotation
39444,ds9_valid_157_jpg.rf.2e4a3bc4aef2f9c85cad77088182e5b8.jpg,no_annotation
39461,ds9_valid_790_jpg.rf.2ed98dbeb219d0cfdc3f6bfd5c87260b.jpg,no_annotation
39470,ds9_valid_601_jpg.rf.337147367c996ca36326dee0853e661d.jpg,no_annotation
39471,ds9_valid_177_jpg.rf.3162e4d301f38bc3ae7b74f23e96c1ce.jpg,no_annotation
39479,ds9_valid_800_jpg.rf.325e71e4548e78784bcd07303d22dd83.jpg,no_annotation
39491,ds9_valid_28_jpg.rf.37bda05a7c0e65954041ee2cbac5e97a.jpg,no_annotation
39493,ds9_valid_380_jpg.rf.38463e7647e20a3994ef689ea82a2f1d.jpg,no_annotation
39494,ds9_valid_88_jpg.rf.387fa062004403771cece93cc8a45c79.jpg,no_annotation
39497,ds9_valid_255_jpg.rf.37748bf7b41aecc499d66d03cb577f18.jpg,no_annotation
39509,ds9_valid_795_jpg.rf.3b36845d9215c790e7cec80169a0a799.jpg,no_annotation
39515,ds9_valid_374_jpg.rf.3d1774d2ceb297ed412babab9a3e4f98.jpg,no_annotation
39517,ds9_valid_419_jpg.rf.4218b3d33093049658eca26da8e5c401.jpg,no_annotation
39531,ds9_valid_14_jpg.rf.3d7c3a23f15c92b5d83344204577ad43.jpg,no_annotation
39546,ds9_valid_847-Copy_jpg.rf.453aa879fe22320fc7fc09094faa8e51.jpg,no_annotation
39548,ds9_valid_533_jpg.rf.456efbcbaa855fa161a6681a5a775601.jpg,no_annotation
39549,ds9_valid_528_jpg.rf.465000374b0d6dcae4bcac618538a70a.jpg,no_annotation
39553,ds9_valid_526_jpg.rf.475749c3872d7b45f98614b7eea01c6d.jpg,no_annotation
39557,ds9_valid_212_jpg.rf.47dc4223277ee714810fa955fd996499.jpg,no_annotation
39572,ds9_valid_84_jpg.rf.4b06162688fca65ef70ffdc3bcc8f450.jpg,no_annotation
39574,ds9_valid_369_jpg.rf.4a1442cb5170493298c58de04b412d41.jpg,no_annotation
39577,ds9_valid_11_jpg.rf.4b6c4aa2ac424a45bfec0516dafe09cf.jpg,no_annotation
39583,ds9_valid_141_jpg.rf.4c54a9412082b50615cbc0e4c24a8312.jpg,no_annotation
39608,ds9_valid_34_jpg.rf.4e865dd0f9c1ced47493cb52d758bcaa.jpg,no_annotation
39624,ds9_valid_183_jpg.rf.54cebefa42d0f0acf4779f820328de9e.jpg,no_annotation
39629,ds9_valid_410_jpg.rf.54a59b5244eff167cd5ff075a896cf79.jpg,no_annotation
39647,ds9_valid_384_jpg.rf.578a82267f0a25c6d114b0e36ef55825.jpg,no_annotation
39655,ds9_valid_159_jpg.rf.5c0c6479df50382fc1f489cf860b26cd.jpg,no_annotation
39657,ds9_valid_532_jpg.rf.5e2d3d2da03c9d4210cbd68ac5166f48.jpg,no_annotation
39662,ds9_valid_49-Copy_jpg.rf.5ee1b06ffdcd5a94389ea76c41b1cd52.jpg,no_annotation
39666,ds9_valid_435_jpg.rf.5abbfad700cf6c28a6e5c74670d9e144.jpg,no_annotation
39671,ds9_valid_38_jpg.rf.5b323b81954742df308ae2f58575d65b.jpg,no_annotation
39682,ds9_valid_791_jpg.rf.611a4c4f732b5f68899b52037c47b7ca.jpg,no_annotation
39688,ds9_valid_459_jpg.rf.5f524516b322e881a9c74329539d815b.jpg,no_annotation
39698,ds9_valid_113_jpg.rf.62b123577e1cef1ea92e260aad6ec5b4.jpg,no_annotation
39699,ds9_valid_620_jpg.rf.59ff474b00d119dc9a4f0eaffdc297e4.jpg,no_annotation
39716,ds9_valid_499_jpg.rf.67dbfc82f5b7307465850d916c665611.jpg,no_annotation
39718,ds9_valid_566_jpg.rf.69e14733e14cfb7a9d0e93b64cd18f8e.jpg,no_annotation
39719,ds9_valid_147-Copy_jpg.rf.65951c905b67233d9078e99bf91843f1.jpg,no_annotation
39722,ds9_valid_603_jpg.rf.681227940b7a4fda8a465d5a24c12cf2.jpg,no_annotation
39732,ds9_valid_549_jpg.rf.6c1f90c5bd16665537b63562ee104be9.jpg,no_annotation
39734,ds9_valid_218_jpg.rf.6cd6356e554624151c7bc889f4f65bdb.jpg,no_annotation
39738,ds9_valid_257_jpg.rf.6c05a9d795baa25d9ef01175a0565d04.jpg,no_annotation
39757,ds9_valid_252_jpg.rf.7361d1d04a6f3ffc9045e254599d389a.jpg,no_annotation
39771,ds9_valid_509_jpg.rf.786134ff1a2a6e2849692d570a14e187.jpg,no_annotation
39772,ds9_valid_469_jpg.rf.74d10678cce292c7a969cc4216814cd5.jpg,no_annotation
39774,ds9_valid_135_jpg.rf.76c1ded421b53d27ec7e853769189552.jpg,no_annotation
39781,ds9_valid_258_jpg.rf.7a9588fa93455b889fa7c212a1198422.jpg,no_annotation
39783,ds9_valid_203_jpg.rf.7925d335ad9925c2e923f1d48e24332e.jpg,no_annotation
39788,ds9_valid_801_jpg.rf.7bf461b9ca05430a4cd2c48bf5986f02.jpg,no_annotation
39797,ds9_valid_85_jpg.rf.801d8a18c36612b1520e3f57a3c9e055.jpg,no_annotation
39807,ds9_valid_185_jpg.rf.810d080cdbb27b0bef951983aa8dcc03.jpg,no_annotation
39811,ds9_valid_529_jpg.rf.7cb16a02c596d0393687ace082f8fa39.jpg,no_annotation
39815,ds9_valid_375_jpg.rf.7dddbb8a4fe3c54935e1e29619148088.jpg,no_annotation
39816,ds9_valid_404_jpg.rf.819c0866f478f533e82246c72fc0f354.jpg,no_annotation
39840,ds9_valid_471_jpg.rf.85429e3377782bac7ecae4cd0ab40f53.jpg,no_annotation
39842,ds9_valid_144_jpg.rf.88ae0d4833db35f13132d847dda81130.jpg,no_annotation
39845,ds9_valid_186_jpg.rf.8730fd9d559916f31bcc47e7fda60c8b.jpg,no_annotation
39850,ds9_valid_378_jpg.rf.89bd005f57ce048540fb97766afe6ab5.jpg,no_annotation
39854,ds9_valid_211_jpg.rf.8971b11589557196a3fd630bcbd7965b.jpg,no_annotation
39872,ds9_valid_200_jpg.rf.8f5a9b2c3b2267c32adcc8036f6ae202.jpg,no_annotation
39875,ds9_valid_584_jpg.rf.9024161e7e1d1cd3e2de1037045c939b.jpg,no_annotation
39878,ds9_valid_178_jpg.rf.8d2948c68253e29fbf9b1f40c0bf334b.jpg,no_annotation
39885,ds9_valid_226-Copy_jpg.rf.91d80ea7020cf106537ee3b270c770e3.jpg,no_annotation
39886,ds9_valid_563_jpg.rf.917f1e69f4c2a45267e46031b28d3dad.jpg,no_annotation
39894,ds9_valid_180_jpg.rf.92585f0f416e5c9abe572d8420ba32ed.jpg,no_annotation
39895,ds9_valid_190-Copy_jpg.rf.92d404e5670af07ae7831200f0b0d1e4.jpg,no_annotation
39896,ds9_valid_487_jpg.rf.9455a5b11de5066572f35b51fa5f2c4f.jpg,no_annotation
39899,ds9_valid_218_jpg.rf.978c4528c47206f276e8164ecba81a27.jpg,no_annotation
39907,ds9_valid_539_jpg.rf.9555decdfab27517709b2486405ef8ea.jpg,no_annotation
39923,ds9_valid_442_jpg.rf.9974ed3189c39c8199e0767d590b39be.jpg,no_annotation
39938,ds9_valid_392_jpg.rf.9f156f743d426e0fef35e9dd4cea7377.jpg,no_annotation
39954,ds9_valid_406_jpg.rf.a2a7921ca904c1569aa4ed80276df9bc.jpg,no_annotation
39965,ds9_valid_815_jpg.rf.a29c526a76acc823fe9c89df347e69ea.jpg,no_annotation
39983,ds9_valid_626_jpg.rf.a8cfdec8543efdfd0caca62e116ac4dd.jpg,no_annotation
39985,ds9_valid_495_jpg.rf.a9306ce2a06ed2e1ccb64f29812d7352.jpg,no_annotation
40003,ds9_valid_799_jpg.rf.a87b78026beb2e773c29d8f17e24c832.jpg,no_annotation
40008,ds9_valid_239_jpg.rf.ac43a10839b81cfef96c56fb4002c0c0.jpg,no_annotation
40013,ds9_valid_617_jpg.rf.af906bbf3198c233eedcc1f8e01aa755.jpg,no_annotation
40021,ds9_valid_484_jpg.rf.b10649de45c14058c38e688921fab609.jpg,no_annotation
40028,ds9_valid_217_jpg.rf.b07dfc98f2a49d69be4b7e9fbc9de16e.jpg,no_annotation
40031,ds9_valid_802_jpg.rf.b12f2cbadf695e7b3cf8c09edfb62077.jpg,no_annotation
40033,ds9_valid_522_jpg.rf.b219dba7dbaf5597cc67a8c4c7a2dfe8.jpg,no_annotation
40035,ds9_valid_583_jpg.rf.b386b4af4b05a36936d589ef88c448a9.jpg,no_annotation
40039,ds9_valid_125_jpg.rf.b28d060008135432ebb70bdad333d5bc.jpg,no_annotation
40044,ds9_valid_452_jpg.rf.b5c9da228d29b12c37e083e246e029d9.jpg,no_annotation
40059,ds9_valid_388_jpg.rf.bd8bf2314cb7c3b2a8727bbb9a34ff69.jpg,no_annotation
40070,ds9_valid_527_jpg.rf.bc55768ea214bcd13d50f09781027da7.jpg,no_annotation
40072,ds9_valid_544_jpg.rf.bfed87034a17edfe624c56c7b891791f.jpg,no_annotation
40082,ds9_valid_793_jpg.rf.c5e7919994048fba0b68fb98a92753ee.jpg,no_annotation
40083,ds9_valid_820_jpg.rf.c15d745bcb20f9dd9f750aefb2d566b8.jpg,no_annotation
40087,ds9_valid_120_jpg.rf.c62ac7bb624aa35492d74dd0127b9bbc.jpg,no_annotation
40105,ds9_valid_491_jpg.rf.cb818df3f12cb9a01d84e31a2c357981.jpg,no_annotation
40110,ds9_valid_207_jpg.rf.ca9ec044d0d88b51ca76919407e6e697.jpg,no_annotation
40116,ds9_valid_611_jpg.rf.ca8b8b495d6d6d6be20e7896d14dc26a.jpg,no_annotation
40128,ds9_valid_50-Copy_jpg.rf.d0c7eb432bd4ba29df70100863d998ad.jpg,no_annotation
40133,ds9_valid_565_jpg.rf.d02cb09c0dc977e87101263b52e8ed54.jpg,no_annotation
40144,ds9_valid_775_jpg.rf.d187c0022223be2b17e93e28f46e1d1c.jpg,no_annotation
40146,ds9_valid_437_jpg.rf.d4a5e0153306068f38a6ed835b9fba99.jpg,no_annotation
40149,ds9_valid_98-Copy_jpg.rf.d4601495a0e6809c5d7e3ff583bdf01d.jpg,no_annotation
40153,ds9_valid_181_jpg.rf.d60e30518b5d9b0e82176424c41d6418.jpg,no_annotation
40157,ds9_valid_746_jpg.rf.d6381d75863ccf5426d1789e9a0f496d.jpg,no_annotation
40161,ds9_valid_238_jpg.rf.d67a025ca338277e21eefc9d6949f5ce.jpg,no_annotation
40164,ds9_valid_356_jpg.rf.d82f505925aae07913499e5ba4cfa391.jpg,no_annotation
40180,ds9_valid_430-Copy_jpg.rf.dcb84f2968b0b72a28f65b2ba2fc9263.jpg,no_annotation
40181,ds9_valid_137_jpg.rf.da17bf690dca35ccca0dc4164c2574a4.jpg,no_annotation
40185,ds9_valid_797_jpg.rf.db6190c3e45930cab63dd93c1678e7a5.jpg,no_annotation
40188,ds9_valid_538_jpg.rf.dcf70b1d77e6f6f5c8f2812ad68ec288.jpg,no_annotation
40191,ds9_valid_12_jpg.rf.de67d98b61f2be97fd055408f872e857.jpg,no_annotation
40198,ds9_valid_631_jpg.rf.e075be894b46e27fa66932d8c5b5bc63.jpg,no_annotation
40227,ds9_valid_816_jpg.rf.e61572e3c6cbf864781705c388236c14.jpg,no_annotation
40241,ds9_valid_561_jpg.rf.e619e41207a81019bb27ac3f040b29e0.jpg,no_annotation
40249,ds9_valid_543_jpg.rf.ec728baa7dd9e22f10f23d04c39e8cfe.jpg,no_annotation
40262,ds9_valid_13_jpg.rf.ebd514a3fd417f6033d15c8789a26499.jpg,no_annotation
40263,ds9_valid_468_jpg.rf.efc0015519eb5fe9a0a1ec8ffb2f7d23.jpg,no_annotation
40269,ds9_valid_554_jpg.rf.ed69a3a861c67ba133337371aaf7c154.jpg,no_annotation
40279,ds9_valid_501_jpg.rf.f296cc7781a88206edbd674eab75e0e3.jpg,no_annotation
40280,ds9_valid_236_jpg.rf.f15967e021d70cdc5f8a816184e16487.jpg,no_annotation
40286,ds9_valid_256_jpg.rf.f4dd2d282e86a0ab426295548424dc3c.jpg,no_annotation
40307,ds9_valid_779_jpg.rf.f93df47a88b29181a1890d5da7f7fad9.jpg,no_annotation
40309,ds9_valid_245-Copy_jpg.rf.f9a47811ee606df71b724afab4db83ee.jpg,no_annotation
40310,ds9_valid_823_jpg.rf.f9d5ebc11b58fac1f130565568d1ca6e.jpg,no_annotation
40312,ds9_valid_247-Copy_jpg.rf.fa33aca75e59d0ca0aae5df6cc6398b8.jpg,no_annotation
40317,ds9_valid_229-Copy_jpg.rf.fa3d32b3ae150b4e637575e5c4442f7f.jpg,no_annotation
40326,ds9_valid_551_jpg.rf.fd89ac0eee1b02166d9c2dd2be84ed75.jpg,no_annotation
40329,ds9_valid_411_jpg.rf.fb448b52b348902b483283d6e5d48520.jpg,no_annotation
40335,ds9_valid_363_jpg.rf.fe5ff0c23759506047ce8b671e79c9a9.jpg,no_annotation
40338,ds9_valid_757_jpg.rf.fba3ad8860d4bfd6b5daab59af440888.jpg,no_annotation
40342,ds9_valid_836_jpg.rf.feef7a3bc60bb144a7462d93dce89c71.jpg,no_annotation
