device,sample_id,class_label,lighting,focus_condition,repeat_index,frame_width,frame_height,roi_width_fraction,roi_left,roi_top,roi_right,roi_bottom,roi_width,roi_height,roi_mean_y_raw,laplacian_variance,luma_png_sha256,predicted_lighting,lighting_correct,luma_min,luma_max
poco,Q_1000_normal_tajam_R01,1000,normal,tajam,1,480,296,0.9,61,15,419,281,358,266,151.53968370647289,1428.9978876920234,f4aad7c79018ba599352eef58b2524462b9fc54b01b5da01c9ba8b794ec7a48a,normal,True,91.93479241966921,178.81127789279964
poco,Q_1000_normal_tajam_R02,1000,normal,tajam,2,480,296,0.9,61,15,419,281,358,266,150.5642143067165,1452.5321644125531,5b400b820eaef87f0a8d1cbbaddbc50074c327ffaa17b1206a1287b956b01476,normal,True,91.93479241966921,178.81127789279964
poco,Q_1000_normal_tajam_R03,1000,normal,tajam,3,480,296,0.9,61,15,419,281,358,266,153.4299050699374,1428.1569415998365,c680f399082356750e6cb204d7edfef6bead42f428c8adcc96563f2e21230688,normal,True,91.93479241966921,178.81127789279964
poco,Q_1000_normal_tajam_R04,1000,normal,tajam,4,480,296,0.9,61,15,419,281,358,266,132.62241147561642,2127.4361243556377,c4350c9ea60e0c649c0d3c79cfa6bc942402159015d6a141b38eb0c6a4be4700,normal,True,91.93479241966921,178.81127789279964
poco,Q_1000_normal_tajam_R05,1000,normal,tajam,5,480,296,0.9,61,15,419,281,358,266,132.59841643214182,2103.1032409634886,f71ed9411e486763b198b22126db862dac6aa956772e9bfa95806e36d82fd669,normal,True,91.93479241966921,178.81127789279964
poco,Q_2000_normal_tajam_R01,2000,normal,tajam,1,480,296,0.9,61,15,419,281,358,266,149.56048641155962,3590.676738632816,7f04067dfb1598244bd2bebbd6b82aee7b1d7bbb7d866744a16229a03033ac0f,normal,True,91.93479241966921,178.81127789279964
poco,Q_2000_normal_tajam_R02,2000,normal,tajam,2,480,296,0.9,61,15,419,281,358,266,149.99111605830217,3459.071650362828,71374e683e3cfddfc48d88848544d430117944a46a14827f76be9e2477bd4a0e,normal,True,91.93479241966921,178.81127789279964
poco,Q_2000_normal_tajam_R03,2000,normal,tajam,3,480,296,0.9,61,15,419,281,358,266,158.50033603561977,1867.6567303042816,9b68927db638cf940c19e6c5adb978a7340889929031997cc33765ba2c84ed3b,normal,True,91.93479241966921,178.81127789279964
poco,Q_2000_normal_tajam_R04,2000,normal,tajam,4,480,296,0.9,61,15,419,281,358,266,158.6786659385895,1835.8725409799567,de407207ceb647a60260f41445c867754878917e2aae6b689a13e8975aa99bd0,normal,True,91.93479241966921,178.81127789279964
poco,Q_2000_normal_tajam_R05,2000,normal,tajam,5,480,296,0.9,61,15,419,281,358,266,158.6261288696602,1815.106845147901,4b487417d4ea5e756713e703c62676d823c61721b3366c58b79d3869d1703887,normal,True,91.93479241966921,178.81127789279964
poco,Q_5000_normal_tajam_R01,5000,normal,tajam,1,480,296,0.9,61,15,419,281,358,266,140.6327970764901,2252.757844240886,32f7108b2e253ee7584eabc3e79b6940d6a2494c489e3bea3f863f95044db3c5,normal,True,91.93479241966921,178.81127789279964
poco,Q_5000_normal_tajam_R02,5000,normal,tajam,2,480,296,0.9,61,15,419,281,358,266,139.36706640903935,2108.169615407393,5ddce398a3f7b58048ce54b22ad07d8777bf751b07a3aadb5416b8fa51911abf,normal,True,91.93479241966921,178.81127789279964
poco,Q_5000_normal_tajam_R03,5000,normal,tajam,3,480,296,0.9,61,15,419,281,358,266,137.5954446171294,2132.6458306541736,43a57b35c00610d32ce2bc87e42a8b3dbcf7e797ce31d1c7a838fa37aa402043,normal,True,91.93479241966921,178.81127789279964
poco,Q_5000_normal_tajam_R04,5000,normal,tajam,4,480,296,0.9,61,15,419,281,358,266,153.7462195992775,1685.153024283485,7ba820eb49e8555f5903d2c8b74af9071185e2ee5fb56427a406f51850f16e53,normal,True,91.93479241966921,178.81127789279964
poco,Q_5000_normal_tajam_R05,5000,normal,tajam,5,480,296,0.9,61,15,419,281,358,266,153.87319905910027,1521.1424219393089,6a1fb3ee9c8da99d535f8e142fda3d732c8a0cefcdbc0557d88494502024b174,normal,True,91.93479241966921,178.81127789279964
poco,Q_10000_normal_tajam_R01,10000,normal,tajam,1,480,296,0.9,61,15,419,281,358,266,145.7495274499097,1053.825159512401,4bfbd4d2848e65e70531e90371c5108f82409f61970ef3d2309f4032115635e2,normal,True,91.93479241966921,178.81127789279964
poco,Q_10000_normal_tajam_R02,10000,normal,tajam,2,480,296,0.9,61,15,419,281,358,266,147.45783803083123,1068.9953851774326,da096d1da107742465a6b23e31b5b135a979790ef2855a4378387d931ee89540,normal,True,91.93479241966921,178.81127789279964
poco,Q_10000_normal_tajam_R03,10000,normal,tajam,3,480,296,0.9,61,15,419,281,358,266,158.1899966396438,1406.8132215548044,4f3c2463cc5bc8cf01e40650c73b11fc744a0ed751fb743021d3316c1a60d4c2,normal,True,91.93479241966921,178.81127789279964
poco,Q_10000_normal_tajam_R04,10000,normal,tajam,4,480,296,0.9,61,15,419,281,358,266,158.59055109841643,1139.3627423114544,7f2a8256bb9bb1fb0e1cd475f72fd75eb0464ca32cfdeae3fd948feefabb8849,normal,True,91.93479241966921,178.81127789279964
poco,Q_10000_normal_tajam_R05,10000,normal,tajam,5,480,296,0.9,61,15,419,281,358,266,157.50709875246775,1487.5273214294778,08d8587b4c7b22d4cb14ef3fa1a320e06246441b321da99363ac61f5c0e796b3,normal,True,91.93479241966921,178.81127789279964
poco,Q_20000_normal_tajam_R01,20000,normal,tajam,1,480,296,0.9,61,15,419,281,358,266,156.31657705716805,952.5555903060672,6c1b0c3c0b19388438df8f8b790edd60768106bbb695047acfe6746aee48c9bf,normal,True,91.93479241966921,178.81127789279964
poco,Q_20000_normal_tajam_R02,20000,normal,tajam,2,480,296,0.9,61,15,419,281,358,266,156.31845675641617,1231.3760849812525,1f82a26bb91f8f1598aa8118d7abe129d9016a1fbb46eb68a57e761c33000ced,normal,True,91.93479241966921,178.81127789279964
poco,Q_20000_normal_tajam_R03,20000,normal,tajam,3,480,296,0.9,61,15,419,281,358,266,154.40815726467005,1190.8075966920671,b31cb2d0115fd1974f1527b1001803006d1385b02970d38fe1dca8ed0cb52d82,normal,True,91.93479241966921,178.81127789279964
poco,Q_20000_normal_tajam_R04,20000,normal,tajam,4,480,296,0.9,61,15,419,281,358,266,135.69954215146805,1554.490799903063,451fa6cddab26fb62c54d7382adf17fb333620a74f2b175a7abfe026fef733fd,normal,True,91.93479241966921,178.81127789279964
poco,Q_20000_normal_tajam_R05,20000,normal,tajam,5,480,296,0.9,61,15,419,281,358,266,135.6113223001638,1568.3231718658035,ec29c1955f472f3b8ca33f58b94b885ae2131289b4ba4561fa0a7236493a5769,normal,True,91.93479241966921,178.81127789279964
poco,Q_50000_normal_tajam_R01,50000,normal,tajam,1,480,296,0.9,61,15,419,281,358,266,149.2110618725585,856.8474761944816,f07f5a4278d289e9ada3367432b1d54b0eb3a136b7bc74a14797002eb40ad032,normal,True,91.93479241966921,178.81127789279964
poco,Q_50000_normal_tajam_R02,50000,normal,tajam,2,480,296,0.9,61,15,419,281,358,266,150.42727979165792,946.558313863306,5616e02b0fb194e57792e3d7e842d86e0035a5596fe89ed0de86638ee7f6e03a,normal,True,91.93479241966921,178.81127789279964
poco,Q_50000_normal_tajam_R03,50000,normal,tajam,3,480,296,0.9,61,15,419,281,358,266,166.68099718570167,511.81543553795234,d071c602b519dd4378c4c7f82afa894f9a503668a6e78f928b5c72f0b4554d7d,normal,True,91.93479241966921,178.81127789279964
poco,Q_50000_normal_tajam_R04,50000,normal,tajam,4,480,296,0.9,61,15,419,281,358,266,165.1489687906918,1096.5677285208296,842e63e397336efce0e2e83d7511205cd3c4642bc3efa21dce2c6f2c59cc6230,normal,True,91.93479241966921,178.81127789279964
poco,Q_50000_normal_tajam_R05,50000,normal,tajam,5,480,296,0.9,61,15,419,281,358,266,166.8801087915319,1468.6269627902411,0a12489edfbae0b085c3ab119d940f719e84b094590ff2551b7f58adc2330261,normal,True,91.93479241966921,178.81127789279964
poco,Q_100000_normal_tajam_R01,100000,normal,tajam,1,480,296,0.9,61,15,419,281,358,266,144.74646112487923,1003.5845034391932,c9e8dfbcb566d5bcf494c6ad8c898e6a9a8ac411aabca679f0dd451e53e56746,normal,True,91.93479241966921,178.81127789279964
poco,Q_100000_normal_tajam_R02,100000,normal,tajam,2,480,296,0.9,61,15,419,281,358,266,144.8594951064813,806.0349917354213,f25643a7ccc4d82297211f6acd44086bc6264d2aef9850fac3a249e5e6ff74d2,normal,True,91.93479241966921,178.81127789279964
poco,Q_100000_normal_tajam_R03,100000,normal,tajam,3,480,296,0.9,61,15,419,281,358,266,145.4233628764649,770.4251113913804,ba11eec57064fef07ac6621050c6fef48d68b8b698200bfdc92ad6cdad69f1ba,normal,True,91.93479241966921,178.81127789279964
poco,Q_100000_normal_tajam_R04,100000,normal,tajam,4,480,296,0.9,61,15,419,281,358,266,156.50821187045827,1187.9115233639577,52137f6fd78698b56ed3243a43f4edd396eaf7d0c61e7da455abfa8136cebf95,normal,True,91.93479241966921,178.81127789279964
poco,Q_100000_normal_tajam_R05,100000,normal,tajam,5,480,296,0.9,61,15,419,281,358,266,156.42941151762088,1154.770123731896,23d366e465817db7e9a118d22ae0a1670552975c2985c638873ee0c796db8eb6,normal,True,91.93479241966921,178.81127789279964
poco,Q_nonuang_normal_tajam_R01,nonuang,normal,tajam,1,480,296,0.9,61,15,419,281,358,266,98.810696433822,3495.991327802993,4235164144918f97635fe71b8d44d3fc549c9470f46bc648e1d6099194b78212,normal,True,91.93479241966921,178.81127789279964
poco,Q_nonuang_normal_tajam_R02,nonuang,normal,tajam,2,480,296,0.9,61,15,419,281,358,266,103.18951358844038,376.7556574267872,06999a61f03f781fe1d42e9df752dda025f59c2117d8d18445e28a4e4bc31313,normal,True,91.93479241966921,178.81127789279964
poco,Q_nonuang_normal_tajam_R03,nonuang,normal,tajam,3,480,296,0.9,61,15,419,281,358,266,138.4103940017642,207.68574971656807,b391f23bb565b0fdefc92cc27323be0a5c9f08c472b05da1edcecfa663967177,normal,True,91.93479241966921,178.81127789279964
poco,Q_nonuang_normal_tajam_R04,nonuang,normal,tajam,4,480,296,0.9,61,15,419,281,358,266,178.12452219935312,3.45988675256006,cd39cd6286427f2fec4ea8b396fe9d5eae10ca7d6c6d5759daf56e0ed0071e58,normal,True,91.93479241966921,178.81127789279964
poco,Q_nonuang_normal_tajam_R05,nonuang,normal,tajam,5,480,296,0.9,61,15,419,281,358,266,168.31036039820222,3031.800370427949,b304eaa847ebad70c9b1f80ce249d199d885c8d52cda9c02f2df77a6491de109,normal,True,91.93479241966921,178.81127789279964
poco,Q_1000_redup_tajam_R01,1000,redup,tajam,1,480,296,0.9,61,15,419,281,358,266,69.32443188978031,11.50278463993708,701ef39971c688f88a33ddf2c65d10b4cc7e6252b1cdaca57444fb7dd353328a,redup,True,91.93479241966921,178.81127789279964
poco,Q_1000_redup_tajam_R02,1000,redup,tajam,2,480,296,0.9,61,15,419,281,358,266,67.88006678707943,11.158653509748984,aa9b6fbef7053f095bd1a7769e92844b2d9f1d4659d46c49ec3191b1688060de,redup,True,91.93479241966921,178.81127789279964
poco,Q_1000_redup_tajam_R03,1000,redup,tajam,3,480,296,0.9,61,15,419,281,358,266,66.47795816356533,10.586959423119414,3b3b2c4ccc3f98f7f8930fb5e0a65fc794dd368188ed93f9d608f4faeb78514c,redup,True,91.93479241966921,178.81127789279964
poco,Q_1000_redup_tajam_R04,1000,redup,tajam,4,480,296,0.9,61,15,419,281,358,266,76.42122064938883,10.848175578769576,ab595906a73c55f5181e25edeec0228124add58f35894ef972a97bf288923158,redup,True,91.93479241966921,178.81127789279964
poco,Q_1000_redup_tajam_R05,1000,redup,tajam,5,480,296,0.9,61,15,419,281,358,266,73.91044650732978,14.81615943624348,d068c26705268740ff6a3578d1988df45790e37737e59dd275cabd559d5557e5,redup,True,91.93479241966921,178.81127789279964
poco,Q_2000_redup_blur_R01,2000,redup,blur,1,480,296,0.9,61,15,419,281,358,266,89.5995190490192,7.338926197740799,19546a297841464a2752f06fbf9abb9a41aa351609885301d8eb2649b5ccad84,redup,True,91.93479241966921,178.81127789279964
poco,Q_2000_redup_blur_R02,2000,redup,blur,2,480,296,0.9,61,15,419,281,358,266,90.77909858444995,7.251085287037752,16cffb98234e1a523d2306de61b0b25facc96329bcf53d21b134e48c7ff60e1c,redup,True,91.93479241966921,178.81127789279964
poco,Q_2000_redup_blur_R03,2000,redup,blur,3,480,296,0.9,61,15,419,281,358,266,89.93051413449825,7.302721631073963,1e180a1bccbaf9ea687178b2deec7d7f4df4dcfbdf44077d932300669adf359c,redup,True,91.93479241966921,178.81127789279964
poco,Q_2000_redup_tajam_R01,2000,redup,tajam,1,480,296,0.9,61,15,419,281,358,266,87.26959507707816,24.161197481185702,d4278677ade837dbd0a2230d8f110b4d7550eba298e496faa8ee6e68e62e1533,redup,True,91.93479241966921,178.81127789279964
poco,Q_2000_redup_tajam_R02,2000,redup,tajam,2,480,296,0.9,61,15,419,281,358,266,86.90991095056076,24.473738178266554,96ac35c247607a1cd19f29b132f7a2ecd1b26db66253e28a30e69bfe7db34acc,redup,True,91.93479241966921,178.81127789279964
poco,Q_2000_redup_tajam_R03,2000,redup,tajam,3,480,296,0.9,61,15,419,281,358,266,77.78345654639392,21.13950241857882,a40d8bd66c0b5dbae0b7de3efbc8d1da7c58eb9518c22510305bd94bcee4bae7,redup,True,91.93479241966921,178.81127789279964
poco,Q_2000_redup_tajam_R04,2000,redup,tajam,4,480,296,0.9,61,15,419,281,358,266,71.69156130549838,16.543666891221147,40ee2a64a7f3d5630387065d977a9bc3f4adaffed59f3754b713aeba50410de6,redup,True,91.93479241966921,178.81127789279964
poco,Q_2000_redup_tajam_R05,2000,redup,tajam,5,480,296,0.9,61,15,419,281,358,266,65.38848867980006,16.836647936375144,22068f08e66d7339eb25ea3ab0a6d26729261ef8717de2aa049344a445559d42,redup,True,91.93479241966921,178.81127789279964
poco,Q_5000_redup_tajam_R01,5000,redup,tajam,1,480,296,0.9,61,15,419,281,358,266,75.3638845717646,17.585110198810526,df1528407e1989d3811c219b4cf6089e30bcff1c3dbb29eae02498fe9893b165,redup,True,91.93479241966921,178.81127789279964
poco,Q_5000_redup_tajam_R02,5000,redup,tajam,2,480,296,0.9,61,15,419,281,358,266,76.38831016087705,18.0112352304999,c7b2569b4d3602da532540ec0eb6eaf6caf095b6f41be2e44bfa5d9e287ade26,redup,True,91.93479241966921,178.81127789279964
poco,Q_5000_redup_tajam_R03,5000,redup,tajam,3,480,296,0.9,61,15,419,281,358,266,77.02144327298694,17.94836225507951,977c1d50c712ddbb8800e7db595e2830907d0c81f638417f836c036584274d7b,redup,True,91.93479241966921,178.81127789279964
poco,Q_5000_redup_tajam_R04,5000,redup,tajam,4,480,296,0.9,61,15,419,281,358,266,66.7753916915193,12.19688408294694,28cabb0a4f38060177c3ae05505fd352fbb8e9871d2fa76028dc56f604723597,redup,True,91.93479241966921,178.81127789279964
poco,Q_5000_redup_tajam_R05,5000,redup,tajam,5,480,296,0.9,61,15,419,281,358,266,66.28843407401185,13.591802794851224,f106fec1a03f3ebda840059cd4d29c673551fdce7c475036716d21fe64b4fc3c,redup,True,91.93479241966921,178.81127789279964
poco,Q_1000_redup_blur_R01,1000,redup,blur,1,480,296,0.9,61,15,419,281,358,266,80.52435208132061,7.803694170362012,0d3050e054a8b23e3172a4f041c14458be245013553326b6b8f082d85157d9f8,redup,True,91.93479241966921,178.81127789279964
poco,Q_1000_redup_blur_R02,1000,redup,blur,2,480,296,0.9,61,15,419,281,358,266,80.72350569160331,7.753624947364609,46654efb3cb59087cca02ad983e39229239e7a33ea4f470c6beff6a4ee55b7f1,redup,True,91.93479241966921,178.81127789279964
poco,Q_1000_redup_blur_R03,1000,redup,blur,3,480,296,0.9,61,15,419,281,358,266,81.12982526147772,7.862258148910575,9059ac9d744b80c17bd2d558364d56f9f4b6e0d49af20f44ec84e8400ea182b3,redup,True,91.93479241966921,178.81127789279964
poco,Q_1000_redup_blur_R04,1000,redup,blur,4,480,296,0.9,61,15,419,281,358,266,47.80827067669173,8.748483310682074,0331419cafa9db3b675e70562385f0536cc6c6c23719962c98eb43033efa4e7b,redup,True,91.93479241966921,178.81127789279964
poco,Q_1000_redup_blur_R05,1000,redup,blur,5,480,296,0.9,61,15,419,281,358,266,45.41425841139161,8.845047114122591,178a1a2ce4dbaa58c064ac49a44634692212f3df9babff50a1d82d3c962d4af4,redup,True,91.93479241966921,178.81127789279964
poco,Q_2000_redup_blur_R04,2000,redup,blur,4,480,296,0.9,61,15,419,281,358,266,41.75602763892973,7.753128028554675,cd5b57ec6671dfebf1afc6dcd173157b5e774746cace75dc01e6f837ffa16120,redup,True,91.93479241966921,178.81127789279964
poco,Q_2000_redup_blur_R05,2000,redup,blur,5,480,296,0.9,61,15,419,281,358,266,42.200949300625865,7.710268661985794,d412e639ad31fdf4abb89e291b4c45215d1b7ce450d1c07cd601bb1f1e4a4080,redup,True,91.93479241966921,178.81127789279964
poco,Q_5000_redup_blur_R01,5000,redup,blur,1,480,296,0.9,61,15,419,281,358,266,60.989320367959,8.998731446753801,c9cd4656153b5b4349bac486e64286b94025522a11935a5128b89bc5090b705b,redup,True,91.93479241966921,178.81127789279964
poco,Q_5000_redup_blur_R02,5000,redup,blur,2,480,296,0.9,61,15,419,281,358,266,61.3504536480867,8.971686191751147,7a263d5fe583f4bfef104bb6d4a5094d70c1fcaeccaef26572b389bb8ba346ba,redup,True,91.93479241966921,178.81127789279964
poco,Q_5000_redup_blur_R03,5000,redup,blur,3,480,296,0.9,61,15,419,281,358,266,58.10799344730541,9.428570761219516,257ab79fc3555e4f93438649f8bf78f36fb688878ff922bd32e54609e8e450a2,redup,True,91.93479241966921,178.81127789279964
poco,Q_5000_redup_blur_R04,5000,redup,blur,4,480,296,0.9,61,15,419,281,358,266,60.40282269920612,8.52080099174492,0ca78ddc2f19b8ef8cbd00e8f871e08aedad19ad64027338df731a09bd64c855,redup,True,91.93479241966921,178.81127789279964
poco,Q_5000_redup_blur_R05,5000,redup,blur,5,480,296,0.9,61,15,419,281,358,266,65.75076658125761,10.263379677528835,4d41aec80087bbdbacdf774ddf7b7cc043ee7dfba5a9a317e769ac1f545e89b7,redup,True,91.93479241966921,178.81127789279964
poco,Q_10000_redup_tajam_R01,10000,redup,tajam,1,480,296,0.9,61,15,419,281,358,266,56.178235392951656,13.004362444218586,fc13b751d180ea8421d61e1b0670d072d9d6ab47b41cecf876c0c5a40d24052b,redup,True,91.93479241966921,178.81127789279964
poco,Q_10000_redup_tajam_R02,10000,redup,tajam,2,480,296,0.9,61,15,419,281,358,266,56.67862393413702,12.38351314037425,06f072137df0e4cdf39f0a8fa9bbcaaf7a433a4e7a7a74b8555ec442b7a4af68,redup,True,91.93479241966921,178.81127789279964
poco,Q_10000_redup_tajam_R03,10000,redup,tajam,3,480,296,0.9,61,15,419,281,358,266,54.82450539757215,13.98657020989468,d1b5db0cdf449ea7229a86fba94222fff240529107955f2c8c8c3ffcdd0408d9,redup,True,91.93479241966921,178.81127789279964
poco,Q_10000_redup_tajam_R04,10000,redup,tajam,4,480,296,0.9,61,15,419,281,358,266,55.79521779308607,13.59417084662731,693de972665692a1d42863dd3ca24c4cd125a30a74aadbda25707d978ce05342,redup,True,91.93479241966921,178.81127789279964
poco,Q_10000_redup_tajam_R05,10000,redup,tajam,5,480,296,0.9,61,15,419,281,358,266,56.97701306338472,12.8521767759829,6e6d68b76d5b5d0d8c700624ea57c76282451c158f07d1c20c643837fd55b62e,redup,True,91.93479241966921,178.81127789279964
poco,Q_20000_redup_tajam_R01,20000,redup,tajam,1,480,296,0.9,61,15,419,281,358,266,59.74889738312261,14.234028657457028,a70e5f9fd280a918010e97c630461fa37318724d14813227a4b2d8c29a880029,redup,True,91.93479241966921,178.81127789279964
poco,Q_20000_redup_tajam_R02,20000,redup,tajam,2,480,296,0.9,61,15,419,281,358,266,64.86209938253455,16.29125119420913,e43647e954f7d157ca06827c7ac01b93e255bc7aa49a662991e6e62c3f4ba73e,redup,True,91.93479241966921,178.81127789279964
poco,Q_20000_redup_tajam_R03,20000,redup,tajam,3,480,296,0.9,61,15,419,281,358,266,62.88005628596631,17.309283019029515,398cd350173e9242b54a6a52b7ab43a5f4558ddb29a0944af08f26a23cf3808e,redup,True,91.93479241966921,178.81127789279964
poco,Q_20000_redup_tajam_R04,20000,redup,tajam,4,480,296,0.9,61,15,419,281,358,266,57.24770025622716,14.298638464808816,3bb10c7f8974b902851784b970e3256b0bd8519d69b72b7c80f6e556da26662c,redup,True,91.93479241966921,178.81127789279964
poco,Q_20000_redup_tajam_R05,20000,redup,tajam,5,480,296,0.9,61,15,419,281,358,266,61.06700760280589,15.687659541745216,9b465c9407d1e81cefd5f6d5ce241388849fdff7c2e2e28a5d94eb41f28c21e2,redup,True,91.93479241966921,178.81127789279964
poco,Q_50000_redup_tajam_R01,50000,redup,tajam,1,480,296,0.9,61,15,419,281,358,266,61.68025160667031,14.343142048261296,e8ffacbc782614b9cd987273d2cd625e2ed9f529d00ff31612f8d20785fd65f1,redup,True,91.93479241966921,178.81127789279964
poco,Q_50000_redup_tajam_R02,50000,redup,tajam,2,480,296,0.9,61,15,419,281,358,266,53.59203175536607,12.522711301582284,473bbd7327430bff1174f4ce6fef41e35b705f2472d7827447b2ca719ce26019,redup,True,91.93479241966921,178.81127789279964
poco,Q_50000_redup_tajam_R03,50000,redup,tajam,3,480,296,0.9,61,15,419,281,358,266,56.01449153610282,12.866582564226803,66ad4f61e85820d0b111ff7aa3849bb14f3194fd9c4c1635de541e9a8b8846a5,redup,True,91.93479241966921,178.81127789279964
poco,Q_50000_redup_tajam_R04,50000,redup,tajam,4,480,296,0.9,61,15,419,281,358,266,55.15233964800269,12.662718329343456,faff552937f4413c7f9cd1a868cbf2e92b9cc7d059af867976861c8834677870,redup,True,91.93479241966921,178.81127789279964
poco,Q_50000_redup_tajam_R05,50000,redup,tajam,5,480,296,0.9,61,15,419,281,358,266,56.46811862057378,13.690011010918743,427b8e6735b521c5b47564c52a1912734c5710b5b30a2ecc2c7a16be515145b0,redup,True,91.93479241966921,178.81127789279964
poco,Q_100000_redup_tajam_R01,100000,redup,tajam,1,480,296,0.9,61,15,419,281,358,266,54.71921073633805,12.652865996014295,a1b966383fb9dc948cde179ed907505172c045ed0fc7986542d3e47ae53a1d52,redup,True,91.93479241966921,178.81127789279964
poco,Q_100000_redup_tajam_R02,100000,redup,tajam,2,480,296,0.9,61,15,419,281,358,266,54.82495694543621,12.375294495446688,1dd223b24e2907de267091da1239fb2a9597d9524616b46a98e7bce51d28918f,redup,True,91.93479241966921,178.81127789279964
poco,Q_100000_redup_tajam_R03,100000,redup,tajam,3,480,296,0.9,61,15,419,281,358,266,61.61891460494813,13.24721076807429,a2df8f3a7a809d9601be26b4c0dbff5791c0e1b5bcd25018ad168f18e5167f9f,redup,True,91.93479241966921,178.81127789279964
poco,Q_100000_redup_tajam_R04,100000,redup,tajam,4,480,296,0.9,61,15,419,281,358,266,77.9492166169614,16.875880338482663,e31d4f79ede5aca85956face7b1c4b22154c3e50944d0d6a78193870e7f2d98b,redup,True,91.93479241966921,178.81127789279964
poco,Q_100000_redup_tajam_R05,100000,redup,tajam,5,480,296,0.9,61,15,419,281,358,266,77.37863863569538,16.461088982868002,45d0ea59810779d8cfd70f88cf63325d78b41cc03642d0bbb78870d7f1dec5a1,redup,True,91.93479241966921,178.81127789279964
poco,Q_nonuang_redup_tajam_R01,nonuang,redup,tajam,1,480,296,0.9,61,15,419,281,358,266,31.789904229848364,9.02715072311278,4534fc0e6be6d5a6b6ff0a73630c412e4c92feeb0277854cc72416f9aff03e52,redup,True,91.93479241966921,178.81127789279964
poco,Q_nonuang_redup_blur_R01,nonuang,redup,blur,1,480,296,0.9,61,15,419,281,358,266,22.26416600159617,6.140052424381974,0033681aca63c19792c76abc490668e32eb3393469a3b18e87c07998b98484c5,redup,True,91.93479241966921,178.81127789279964
poco,Q_nonuang_redup_tajam_R02,nonuang,redup,tajam,2,480,296,0.9,61,15,419,281,358,266,56.97393623724115,21.77255435555994,25f8478548ddd992769af8657a456776a7f4b2588cdcb089aeabfb6c14432147,redup,True,91.93479241966921,178.81127789279964
poco,Q_nonuang_redup_blur_R02,nonuang,redup,blur,2,480,296,0.9,61,15,419,281,358,266,62.236852606376274,10.002889153217888,ebcc074e62de6bd67d0a30396105cffd86aee1b2a709bf41e2558699640b84df,redup,True,91.93479241966921,178.81127789279964
poco,Q_nonuang_redup_blur_R03,nonuang,redup,blur,3,480,296,0.9,61,15,419,281,358,266,38.95449867685975,8.077711439125707,8ae05475921e762685f43f2e5cdaef12e21d7733583d1674467f8a59628888b8,redup,True,91.93479241966921,178.81127789279964
poco,Q_nonuang_redup_tajam_R03,nonuang,redup,tajam,3,480,296,0.9,61,15,419,281,358,266,38.251228630234806,10.3866587984021,f87221d71b3951ed5ca2d77bd8dfcb26e9ee51d59dd53fb5600c9077942bf034,redup,True,91.93479241966921,178.81127789279964
poco,Q_nonuang_redup_tajam_R04,nonuang,redup,tajam,4,480,296,0.9,61,15,419,281,358,266,44.75182719368253,10.286414407901413,20035cf5d7e170ec222c62c1b68be0905e5a469e7449827f9cc1dccb2e71c9a8,redup,True,91.93479241966921,178.81127789279964
poco,Q_nonuang_redup_blur_R04,nonuang,redup,blur,4,480,296,0.9,61,15,419,281,358,266,35.46452723988743,9.431540513625013,b09cab4a5757cf2967c246ee4781969ebe5512c4e8a5cbbdb01f56bb8578c42c,redup,True,91.93479241966921,178.81127789279964
poco,Q_nonuang_redup_tajam_R05,nonuang,redup,tajam,5,480,296,0.9,61,15,419,281,358,266,70.26736884109715,10.453055737401067,639476bf02a11519b3435a2eb0842f5c2f644a676c53f0fe28b9751c10204ad2,redup,True,91.93479241966921,178.81127789279964
poco,Q_nonuang_redup_blur_R05,nonuang,redup,blur,5,480,296,0.9,61,15,419,281,358,266,70.83200319233839,10.484592284918222,b95528db05ab56d1bc14bef5941bc4fc1ac71d7fb8a8edf63195a146b9653d79,redup,True,91.93479241966921,178.81127789279964
poco,Q_1000_normal_blur_R01,1000,normal,blur,1,480,296,0.9,61,15,419,281,358,266,129.78948418532366,64.79069288736846,d6e510125d61685280b032179aa766d4dace2d9e5d5995e37b3d35af3782c8b7,normal,True,91.93479241966921,178.81127789279964
poco,Q_1000_normal_blur_R02,1000,normal,blur,2,480,296,0.9,61,15,419,281,358,266,130.69002814298315,31.14982204780052,5403e1ffdbe13c1297b5e1d555afd29f94469c1aa53bdf35a7b58800029d5af8,normal,True,91.93479241966921,178.81127789279964
poco,Q_1000_normal_blur_R03,1000,normal,blur,3,480,296,0.9,61,15,419,281,358,266,132.55076238081236,22.95648706510085,0131efe649023a957e8befbb8a46dac76ced68f924b29daac8a3fc52489e75af,normal,True,91.93479241966921,178.81127789279964
poco,Q_1000_normal_blur_R04,1000,normal,blur,4,480,296,0.9,61,15,419,281,358,266,142.03791951946906,10.355030279786538,11c3988cb74612ce5723ddc366d1b5cd0b972361b3958fae03e827f5e8fc385f,normal,True,91.93479241966921,178.81127789279964
poco,Q_1000_normal_blur_R05,1000,normal,blur,5,480,296,0.9,61,15,419,281,358,266,147.92063258705423,7.188266065655204,c0a22b63ee506dca108d525c89c853dc329d934739f998d910a9fce01f8287f6,normal,True,91.93479241966921,178.81127789279964
poco,Q_2000_normal_blur_R01,2000,normal,blur,1,480,296,0.9,61,15,419,281,358,266,156.65778972571093,23.33665989608222,15d96e32dbd0f7c75259fce88430b5606f1bab1eb758903e38a07b87f028ba44,normal,True,91.93479241966921,178.81127789279964
poco,Q_2000_normal_blur_R02,2000,normal,blur,2,480,296,0.9,61,15,419,281,358,266,157.99841433191918,12.339013205968332,4509684b16bb8527cd0213a987c67df4788adf3a484d9087b0df2f096146d644,normal,True,91.93479241966921,178.81127789279964
poco,Q_1000_terang_tajam_R01,1000,terang,tajam,1,480,312,0.9,52,16,428,296,376,280,239.9831022036474,627.9183237612443,478fc9c3209ee6bee5d90c3ccff8802a91ea591319ed5b8d0d0c20a9d0d161dd,terang,True,91.93479241966921,178.81127789279964
poco,Q_1000_terang_tajam_R02,1000,terang,tajam,2,480,312,0.9,52,16,428,296,376,280,238.65306800911853,491.0140601460121,ef4b6f5d5f285509e188f0f9be387c8ab035a1cc77de22d20cdd7f7d25e57c42,terang,True,91.93479241966921,178.81127789279964
poco,Q_1000_terang_tajam_R03,1000,terang,tajam,3,480,312,0.9,52,16,428,296,376,280,238.42954027355623,647.9640726699702,c22597bd36f7d9544bcc6d7d705762f090801289d1bac87f822f86558f5736b8,terang,True,91.93479241966921,178.81127789279964
poco,Q_1000_terang_tajam_R04,1000,terang,tajam,4,480,312,0.9,52,16,428,296,376,280,236.3262348024316,604.0881344738423,d9e62991cc015dec721edaeda718faf4c0f1bffdbd4953363503d76b06c92762,terang,True,91.93479241966921,178.81127789279964
poco,Q_1000_terang_tajam_R05,1000,terang,tajam,5,480,312,0.9,52,16,428,296,376,280,237.48388107902736,626.5623627958608,d904f42454abde5a1d7266f039faf571fdfcf7c1e23fd635ea1020a0a559f7e4,terang,True,91.93479241966921,178.81127789279964
poco,Q_1000_terang_blur_R01,1000,terang,blur,1,480,312,0.9,52,16,428,296,376,280,243.45844414893617,14.363549335549886,76bf2182f1f3d9cd5fd542c2248f0bfb859e868f2869a33b99e55813ad0ff57d,terang,True,91.93479241966921,178.81127789279964
poco,Q_1000_terang_blur_R02,1000,terang,blur,2,480,312,0.9,52,16,428,296,376,280,243.55022796352583,9.295377446160366,7fc9c2e703364cf066490c154c71cbccc5778161e67d39fb8961cbab12287e11,terang,True,91.93479241966921,178.81127789279964
poco,Q_1000_terang_blur_R03,1000,terang,blur,3,480,312,0.9,52,16,428,296,376,280,243.70586056231,8.610520124404285,803cedcaff165c55fd6bc82dd9afc43bd07b7d580defd0e733e4637a2014b332,terang,True,91.93479241966921,178.81127789279964
poco,Q_1000_terang_blur_R04,1000,terang,blur,4,480,312,0.9,52,16,428,296,376,280,242.96193009118545,8.566238860779762,14d5d82fc205ce27316a6e6757a989e2237fadab523bafa19cd4f16c3a5164ca,terang,True,91.93479241966921,178.81127789279964
poco,Q_1000_terang_blur_R05,1000,terang,blur,5,480,312,0.9,52,16,428,296,376,280,239.59206876899697,10.999922983683188,80aecd0b2a3c1950e6f4a265ba64a5747a5eff18d8c5c2fd36fcb5384d2930ac,terang,True,91.93479241966921,178.81127789279964
poco,Q_2000_normal_blur_R03,2000,normal,blur,3,480,312,0.9,52,16,428,296,376,280,169.32890387537995,28.97858003910327,b5239ee0e0a64d337e66f59b253669cf359e59b4c0a45a7da72001f26f1989d9,normal,True,91.93479241966921,178.81127789279964
poco,Q_2000_normal_blur_R04,2000,normal,blur,4,480,312,0.9,52,16,428,296,376,280,169.4665938449848,28.630289081403795,4d0626d722b25101920f280c7230b005602105152f587f4ddc11a108a099746d,normal,True,91.93479241966921,178.81127789279964
poco,Q_2000_normal_blur_R05,2000,normal,blur,5,480,312,0.9,52,16,428,296,376,280,182.2198708206687,20.45507967818633,bc04f0a7b16a7747c9f71cf59c8997315a3bd8baaf3cc449749450e796cf1c8e,terang,False,91.93479241966921,178.81127789279964
poco,Q_2000_terang_blur_R01,2000,terang,blur,1,480,312,0.9,52,16,428,296,376,280,236.22441109422493,7.961547315986983,9ae3723006d3085161882feb4d0d87a23e8b8c736d0bdce1e1d4b0e18749c78b,terang,True,91.93479241966921,178.81127789279964
poco,Q_2000_terang_blur_R02,2000,terang,blur,2,480,312,0.9,52,16,428,296,376,280,239.3544832826748,9.377062016047043,f9d41e625682783136b2b2e5e3a15268c9ab0390733405d27e209fc78880ff44,terang,True,91.93479241966921,178.81127789279964
poco,Q_2000_terang_blur_R03,2000,terang,blur,3,480,312,0.9,52,16,428,296,376,280,233.9748005319149,8.591783749223097,9c8b4e8ef7880a2856b1969bf88c33d94557faacabfffb6031494db59d1301d0,terang,True,91.93479241966921,178.81127789279964
poco,Q_2000_terang_blur_R04,2000,terang,blur,4,480,312,0.9,52,16,428,296,376,280,233.17549392097263,9.284247639737767,f2b97e238c23b27c692245c7c123cd7e62bcbe9dc8696405935d77beb5f3c5f8,terang,True,91.93479241966921,178.81127789279964
poco,Q_2000_terang_blur_R05,2000,terang,blur,5,480,312,0.9,52,16,428,296,376,280,236.9304141337386,7.000432782099079,56d6f231519c627dad417f6aafa32aea23bce8ceefb0d48ed22107d8f565cd77,terang,True,91.93479241966921,178.81127789279964
poco,Q_2000_terang_tajam_R01,2000,terang,tajam,1,480,312,0.9,52,16,428,296,376,280,231.5713905775076,711.4346559877683,ffa98a16662b101dbf4f58c862784f6332a02d1ead4fa6cd2156b77aefd4a510,terang,True,91.93479241966921,178.81127789279964
poco,Q_2000_terang_tajam_R02,2000,terang,tajam,2,480,312,0.9,52,16,428,296,376,280,234.89136588145897,779.2292625081459,1f638f2cf3720a681ac92321a0f7764527e749ef1bbbe7fb607aebcce3d0c3ba,terang,True,91.93479241966921,178.81127789279964
poco,Q_2000_terang_tajam_R03,2000,terang,tajam,3,480,312,0.9,52,16,428,296,376,280,231.53139247720364,816.928622823806,e2e4da7c388a7b04061e8aa03d71b0249a44685839502ac1a69a3e143ee1fdc1,terang,True,91.93479241966921,178.81127789279964
poco,Q_2000_terang_tajam_R04,2000,terang,tajam,4,480,312,0.9,52,16,428,296,376,280,226.93729103343463,1186.1036327269558,db4239824ed9d4dae8a84d780c133fb2a79f86084b64cec501b57748d70efe64,terang,True,91.93479241966921,178.81127789279964
poco,Q_2000_terang_tajam_R05,2000,terang,tajam,5,480,312,0.9,52,16,428,296,376,280,227.3664893617021,997.1490791016836,1b7473d5ba740f0c53156b4c058f445ac458359ffab35712920363631b199b5b,terang,True,91.93479241966921,178.81127789279964
poco,Q_5000_normal_blur_R01,5000,normal,blur,1,480,312,0.9,52,16,428,296,376,280,141.0270231762918,32.057640174388474,8f09fd0aee8821a6c73573fdf2e65baf10534302665c8eacfb80e54f667bf408,normal,True,91.93479241966921,178.81127789279964
poco,Q_5000_normal_blur_R02,5000,normal,blur,2,480,312,0.9,52,16,428,296,376,280,149.8716565349544,19.00434721734334,6f89234777324c10cc90c8b5b05b119268b800c1f53e002f906ff1c5d6c47b48,normal,True,91.93479241966921,178.81127789279964
poco,Q_5000_normal_blur_R03,5000,normal,blur,3,480,312,0.9,52,16,428,296,376,280,148.67666223404257,16.50736300336159,d059a9b7c295aaf53962e2214a05d699b4955a24efc0a391de57b68acaef7d4d,normal,True,91.93479241966921,178.81127789279964
poco,Q_5000_normal_blur_R04,5000,normal,blur,4,480,312,0.9,52,16,428,296,376,280,146.93891527355623,16.892418276940546,3d54c9759c86f766894b7323409b1ca832f2eeb9219358d1fffff53e2275d62e,normal,True,91.93479241966921,178.81127789279964
poco,Q_5000_normal_blur_R05,5000,normal,blur,5,480,312,0.9,52,16,428,296,376,280,145.89078647416414,16.12697585760407,87825e26dc879d299065ef297c6a9fff1eb01d34103c1ccc6820cf1bd776d848,normal,True,91.93479241966921,178.81127789279964
poco,Q_5000_terang_blur_R01,5000,terang,blur,1,480,312,0.9,52,16,428,296,376,280,239.61374430091183,14.668616274777104,8b0c045713dc0a75c71dd1df25d19f111bc079882e6d41c38ef85ce45368b349,terang,True,91.93479241966921,178.81127789279964
poco,Q_5000_terang_blur_R02,5000,terang,blur,2,480,312,0.9,52,16,428,296,376,280,236.00472074468084,13.251426334490922,801af9bdbeefc532663436e358de12e81195c757434e2b71ab1cdc54bfd545a0,terang,True,91.93479241966921,178.81127789279964
poco,Q_5000_terang_blur_R03,5000,terang,blur,3,480,312,0.9,52,16,428,296,376,280,239.7717705167173,13.558490710802792,84b85191225c871d288d2806dd07c1b77a1b24ed1d855c655e23b36b1ede444b,terang,True,91.93479241966921,178.81127789279964
poco,Q_5000_terang_blur_R04,5000,terang,blur,4,480,312,0.9,52,16,428,296,376,280,235.67694718844984,15.70682693989882,5c35200e51b93a8113c9e154342f5e4c2fd2f6be317db6fa686019c5d4743236,terang,True,91.93479241966921,178.81127789279964
poco,Q_5000_terang_blur_R05,5000,terang,blur,5,480,312,0.9,52,16,428,296,376,280,234.27840045592703,12.162492494072795,9a0de45f2b88a742117baa8190d16605fe8700adee0447da5bb43b6ef25ad6cf,terang,True,91.93479241966921,178.81127789279964
poco,Q_5000_terang_tajam_R01,5000,terang,tajam,1,480,312,0.9,52,16,428,296,376,280,230.49232522796356,882.9862424473743,585cd85a3d6c394f23f65d00ee4d6f464c33cc4224e9b1ebe9d9c7004fe5a6ca,terang,True,91.93479241966921,178.81127789279964
poco,Q_5000_terang_tajam_R02,5000,terang,tajam,2,480,312,0.9,52,16,428,296,376,280,234.43183890577507,868.5827792607726,6dfa804b8f7b7b26a679866ea939bf32db6abb1c82729c4c908bf86bfb879ee0,terang,True,91.93479241966921,178.81127789279964
poco,Q_5000_terang_tajam_R03,5000,terang,tajam,3,480,312,0.9,52,16,428,296,376,280,234.38896276595744,898.6527334278607,96ee2762397d3d68627134b7297fa762e04561c61d679ea10d38d8df8d40e3ea,terang,True,91.93479241966921,178.81127789279964
poco,Q_5000_terang_tajam_R04,5000,terang,tajam,4,480,312,0.9,52,16,428,296,376,280,234.1270896656535,768.6917824890771,0ab1352786532e58fbf343b69ae925a5d9b822200b95d323babe51255832b0b7,terang,True,91.93479241966921,178.81127789279964
poco,Q_5000_terang_tajam_R05,5000,terang,tajam,5,480,312,0.9,52,16,428,296,376,280,230.6587955927052,851.5597660727395,2c224606184a14e6136c86e86a050ef192dae7eb34d1abed29d1b52da7b23732,terang,True,91.93479241966921,178.81127789279964
poco,Q_10000_redup_blur_R01,10000,redup,blur,1,480,312,0.9,52,16,428,296,376,280,66.9742306231003,12.605390351218515,694caab2ef8f98bf9ae31792748f076b3f1d441e4caddfd43652eb7b561b568b,redup,True,91.93479241966921,178.81127789279964
poco,Q_10000_redup_blur_R02,10000,redup,blur,2,480,312,0.9,52,16,428,296,376,280,54.04506079027355,6.350539845436074,e32c8c88141ccf270eeef0cbf8f7f436c997560cffe9b5972e6bc333086242bc,redup,True,91.93479241966921,178.81127789279964
poco,Q_10000_redup_blur_R03,10000,redup,blur,3,480,312,0.9,52,16,428,296,376,280,67.85272606382979,13.159056547765704,c23d27a7202690eff2270390aa400368b8f02cefdb53b1daab304f373158c7d2,redup,True,91.93479241966921,178.81127789279964
poco,Q_10000_redup_blur_R04,10000,redup,blur,4,480,312,0.9,52,16,428,296,376,280,67.33029065349544,12.268968075739842,c2009f8c0eaa8781afb02bc96c1d93d5f45e87bab5160a18df2a937674e9dfb8,redup,True,91.93479241966921,178.81127789279964
poco,Q_10000_redup_blur_R05,10000,redup,blur,5,480,312,0.9,52,16,428,296,376,280,68.89523176291793,12.801753199154712,0c104a47f459f3d95526ae6e157e965ce365276be412efdb9e0f83c733613a8e,redup,True,91.93479241966921,178.81127789279964
poco,Q_10000_normal_blur_R01,10000,normal,blur,1,480,312,0.9,52,16,428,296,376,280,143.02784954407295,7.877637333187946,da2ba8969bf950c1a88770482f9055d11c26a97f2fa30bf0e9cf70e048e5fc55,normal,True,91.93479241966921,178.81127789279964
poco,Q_10000_normal_blur_R02,10000,normal,blur,2,480,312,0.9,52,16,428,296,376,280,134.18813639817628,11.617328574485226,570680378fe1371c1ce349d97a88d196de35d204b19ab37c95bff9deccded0a4,normal,True,91.93479241966921,178.81127789279964
poco,Q_10000_normal_blur_R03,10000,normal,blur,3,480,312,0.9,52,16,428,296,376,280,139.8877849544073,8.61354883944329,c4d4b184ecb8658e5f4972253d57b8a26b95e86a34226055e24db5f9e4b3d64e,normal,True,91.93479241966921,178.81127789279964
poco,Q_10000_normal_blur_R04,10000,normal,blur,4,480,312,0.9,52,16,428,296,376,280,134.21031534954406,11.864390852315225,38671e8918d89e38675e839c931bc27c0914011dc277a51e255662cd9584cf81,normal,True,91.93479241966921,178.81127789279964
poco,Q_10000_normal_blur_R05,10000,normal,blur,5,480,312,0.9,52,16,428,296,376,280,139.98502089665652,8.432279477419506,595df85b63dfd4c6ccc379d3ed4c7b77ca334fadb5366a30c3a2ed11b394f792,normal,True,91.93479241966921,178.81127789279964
poco,Q_10000_terang_blur_R01,10000,terang,blur,1,480,312,0.9,52,16,428,296,376,280,229.35837765957447,9.661272032995829,dc4eb78a95d65217030131e157766903748d9abbc4652edef05a964a8f2cc42f,terang,True,91.93479241966921,178.81127789279964
poco,Q_10000_terang_blur_R02,10000,terang,blur,2,480,312,0.9,52,16,428,296,376,280,230.8490121580547,9.65471311861203,739184c50f5f50fa1db362c91eaa0c9e944ebf59a7ab68cab1548c8bfb38932c,terang,True,91.93479241966921,178.81127789279964
poco,Q_10000_terang_blur_R03,10000,terang,blur,3,480,312,0.9,52,16,428,296,376,280,226.9675626899696,7.15316120180852,bd84520423f1d382e2e36417265972bde855fd24248eb02cd8635a438f0bef44,terang,True,91.93479241966921,178.81127789279964
poco,Q_10000_terang_blur_R04,10000,terang,blur,4,480,312,0.9,52,16,428,296,376,280,228.0491451367781,9.5971553798782,0dabec6a251c40936752d77badd98a537ff71e157181a62756ee3ce41e15cf06,terang,True,91.93479241966921,178.81127789279964
poco,Q_10000_terang_blur_R05,10000,terang,blur,5,480,312,0.9,52,16,428,296,376,280,226.37530395136775,8.577797738538814,69f1b2d0cdf5c24826c0dc9d0ce036177f7ab4378a529b7bec61865bbe39cc45,terang,True,91.93479241966921,178.81127789279964
poco,Q_10000_terang_tajam_R01,10000,terang,tajam,1,480,312,0.9,52,16,428,296,376,280,223.20617401215804,990.6121567659092,58cd0bbe1307dac5227b294bb559ac2c218f648f12dbd1b477a8f64716a568db,terang,True,91.93479241966921,178.81127789279964
poco,Q_10000_terang_tajam_R02,10000,terang,tajam,2,480,312,0.9,52,16,428,296,376,280,226.54375949848023,699.5559922913468,6480e1c4717384781803c8809db41f825fba363e587ad5195417c57c604a9957,terang,True,91.93479241966921,178.81127789279964
poco,Q_10000_terang_tajam_R03,10000,terang,tajam,3,480,312,0.9,52,16,428,296,376,280,233.5527545592705,787.0338774562449,8eba27a9d82632a5b04bc1bd490b65d0c8145595a48a33d5b2521f2dcf0ef954,terang,True,91.93479241966921,178.81127789279964
poco,Q_10000_terang_tajam_R04,10000,terang,tajam,4,480,312,0.9,52,16,428,296,376,280,232.11627089665652,964.4569372995186,053c0177c7e70873d4acd16bac1b4678f5024b321d99b44b612ecc29c0ce0b8f,terang,True,91.93479241966921,178.81127789279964
poco,Q_10000_terang_tajam_R05,10000,terang,tajam,5,480,312,0.9,52,16,428,296,376,280,230.1636873100304,933.4815909240916,360ab3eec106e7fee2f77c09f8f1fe7db2d8a255156307d684275bdba00956a9,terang,True,91.93479241966921,178.81127789279964
poco,Q_20000_terang_tajam_R01,20000,terang,tajam,1,480,312,0.9,52,16,428,296,376,280,229.768047112462,927.9229019169017,4e673362caa426df83081dd2cbcb6bfef1d5aba11715464c11c74a1159247673,terang,True,91.93479241966921,178.81127789279964
poco,Q_20000_terang_tajam_R02,20000,terang,tajam,2,480,312,0.9,52,16,428,296,376,280,228.74619110942248,838.4418856130152,24193adb58583f2fc71553906d3663606b057c17484227ca1ea61961fc68bb9b,terang,True,91.93479241966921,178.81127789279964
poco,Q_20000_terang_tajam_R03,20000,terang,tajam,3,480,312,0.9,52,16,428,296,376,280,228.2887537993921,976.1580366754528,1cbca6d369b552a9c4a66834bcb0c974ed6ba53b526629b8b01401aa1aa975a8,terang,True,91.93479241966921,178.81127789279964
poco,Q_20000_terang_tajam_R04,20000,terang,tajam,4,480,312,0.9,52,16,428,296,376,280,227.58231382978724,898.4531106904977,0b6248ba9bacce5376f09640aa73eef3369c1d48e7868ec7513184c201d0fb32,terang,True,91.93479241966921,178.81127789279964
poco,Q_20000_terang_tajam_R05,20000,terang,tajam,5,480,312,0.9,52,16,428,296,376,280,228.66596694528877,967.0718743623275,bff9c9eb282068fe899252b8ddcb7e06c2f834c0fcaf2e1150542d946263a980,terang,True,91.93479241966921,178.81127789279964
poco,Q_50000_terang_tajam_R01,50000,terang,tajam,1,480,312,0.9,52,16,428,296,376,280,222.1550626899696,647.4452012538891,1f76358744cabacc717ac8ab8a22beecc7cd91d68f812cd396e309f26099668e,terang,True,91.93479241966921,178.81127789279964
poco,Q_50000_terang_tajam_R02,50000,terang,tajam,2,480,312,0.9,52,16,428,296,376,280,222.37368920972645,663.7228344646098,591c77fe1aedc943782efa05cdf7987d33bdce78a6e1585d1965ad17e4ea0bbc,terang,True,91.93479241966921,178.81127789279964
poco,Q_50000_terang_tajam_R03,50000,terang,tajam,3,480,312,0.9,52,16,428,296,376,280,214.8910809270517,1218.9799398388825,81f5ec8307691539a3351cc0f7a7a50244be96a28f459c3c4574182e18b90c3e,terang,True,91.93479241966921,178.81127789279964
poco,Q_50000_terang_tajam_R04,50000,terang,tajam,4,480,312,0.9,52,16,428,296,376,280,214.61783814589663,1187.893475841884,7a6b8d64b7c4e82312f0be82f45a82bc24e31f1dbe29630ec47d5df708cda2a8,terang,True,91.93479241966921,178.81127789279964
poco,Q_50000_terang_tajam_R05,50000,terang,tajam,5,480,312,0.9,52,16,428,296,376,280,213.9561550151976,1232.678613290659,b15c9abc5c901e985f2de0b64ce0cbe499123ba0f3b3c116ac9eb466f7d5282a,terang,True,91.93479241966921,178.81127789279964
poco,Q_100000_terang_tajam_R01,100000,terang,tajam,1,480,312,0.9,52,16,428,296,376,280,220.57522796352583,749.410183242291,4cff0432f6e7a2626fa315d558ddb054639c63b61e890b6dff4133a51a3af88f,terang,True,91.93479241966921,178.81127789279964
poco,Q_100000_terang_tajam_R02,100000,terang,tajam,2,480,312,0.9,52,16,428,296,376,280,223.0526880699088,827.0717073781946,e71fbdf247da250311ee7625e759e2a799ce45263632a0f0485c849fa5801a32,terang,True,91.93479241966921,178.81127789279964
poco,Q_100000_terang_tajam_R03,100000,terang,tajam,3,480,312,0.9,52,16,428,296,376,280,221.973670212766,683.9293977328724,c6784b34126425a87e5223c5887a0473e4f0a34b5326673d62307392eff44561,terang,True,91.93479241966921,178.81127789279964
poco,Q_100000_terang_tajam_R04,100000,terang,tajam,4,480,312,0.9,52,16,428,296,376,280,231.30410334346504,652.1122002317109,58cd8c3c7c0ce0c04119f12a83f1e1881b1b3aac00dc221f80c2f86b7573827e,terang,True,91.93479241966921,178.81127789279964
poco,Q_100000_terang_tajam_R05,100000,terang,tajam,5,480,312,0.9,52,16,428,296,376,280,231.4603818389058,647.3998765919719,6a72c34283e8e61ac6b455de390dcba3036cd1de9231b9887943d3a00642ff41,terang,True,91.93479241966921,178.81127789279964
poco,Q_100000_terang_blur_R01,100000,terang,blur,1,480,312,0.9,52,16,428,296,376,280,237.07605433130695,9.480902831736708,408960dcdd88a81f660c457d6a9ed46617506ebdc7a00510b5ecb7cb0d1c9acf,terang,True,91.93479241966921,178.81127789279964
poco,Q_100000_terang_blur_R02,100000,terang,blur,2,480,312,0.9,52,16,428,296,376,280,236.4652070668693,7.179950405795324,ff932423dcbe6ec73ed5a9bc37dd2ec36bd48b57335207b3f81539bcf36eb55d,terang,True,91.93479241966921,178.81127789279964
poco,Q_100000_terang_blur_R03,100000,terang,blur,3,480,312,0.9,52,16,428,296,376,280,226.7175436930091,9.099612849402591,e2f9282074c225a8f6033bbb48836d86c4036b022e047aeabd4648b4e6aaaad6,terang,True,91.93479241966921,178.81127789279964
poco,Q_100000_terang_blur_R04,100000,terang,blur,4,480,312,0.9,52,16,428,296,376,280,227.5702222644377,12.747469004203476,b88df1bedc63c09d436ac698d29e3fc25669d6551b4bdbf99a224adc7b2e3817,terang,True,91.93479241966921,178.81127789279964
poco,Q_100000_terang_blur_R05,100000,terang,blur,5,480,312,0.9,52,16,428,296,376,280,236.98137348024315,10.079938270415616,0f605d6aec7b9dd3c56fe9a1eea8da39b062551ef120765753490a50985baa46,terang,True,91.93479241966921,178.81127789279964
poco,Q_50000_terang_blur_R01,50000,terang,blur,1,480,312,0.9,52,16,428,296,376,280,226.51580547112465,9.798108437946151,7fd2d28f839fb6a9687b947ca040842dddd674cecd63b9b2f849fff9aaa687d1,terang,True,91.93479241966921,178.81127789279964
poco,Q_50000_terang_blur_R02,50000,terang,blur,2,480,312,0.9,52,16,428,296,376,280,226.0689494680851,11.431830562004247,ad53da94b3159a5d693d422dc1713947c31c4f83b5ae0c12053d6d3265b9662b,terang,True,91.93479241966921,178.81127789279964
poco,Q_50000_terang_blur_R03,50000,terang,blur,3,480,312,0.9,52,16,428,296,376,280,218.31845554711245,14.370725397287824,e93289e62f80174ece5ffbac9363a08836ae195b97b4f43f54a53a354db08f55,terang,True,91.93479241966921,178.81127789279964
poco,Q_50000_terang_blur_R04,50000,terang,blur,4,480,312,0.9,52,16,428,296,376,280,218.34943958966565,9.603821927284406,595eed855204ddf746a8a39cd7377e0ac3ccba6bdaa99f3e1f1018f54fe5b75f,terang,True,91.93479241966921,178.81127789279964
poco,Q_50000_terang_blur_R05,50000,terang,blur,5,480,312,0.9,52,16,428,296,376,280,225.6555661094225,10.138671944220077,29d800e5db3821b9183da809d5fb1f14a6bb7e2ea4b5d4adb509f5639e08abe4,terang,True,91.93479241966921,178.81127789279964
poco,Q_20000_terang_blur_R01,20000,terang,blur,1,480,312,0.9,52,16,428,296,376,280,232.58999810030397,9.10520915408926,7bfc08942fd4ea77a7b00bf5bec6615865b31014d6599f3d3f24f72caa9d1a68,terang,True,91.93479241966921,178.81127789279964
poco,Q_20000_terang_blur_R02,20000,terang,blur,2,480,312,0.9,52,16,428,296,376,280,231.6828362462006,12.143500134178748,1da121a69577175ef00b18db22a0970e1aa3b51e96b2b935ff5b79357ee13edf,terang,True,91.93479241966921,178.81127789279964
poco,Q_20000_terang_blur_R03,20000,terang,blur,3,480,312,0.9,52,16,428,296,376,280,232.95530965045592,7.57411570522934,aeda430b06ccd72a5c05f94f11841a5317bd5608bf2d5f1cf78c2e743eb5c487,terang,True,91.93479241966921,178.81127789279964
poco,Q_20000_terang_blur_R04,20000,terang,blur,4,480,312,0.9,52,16,428,296,376,280,234.46308890577507,7.489468317560864,1fd5164a2d3610924cce9cbafab4daea9099686fe1d4838b6f0f7e0af9c0a4f5,terang,True,91.93479241966921,178.81127789279964
poco,Q_20000_terang_blur_R05,20000,terang,blur,5,480,312,0.9,52,16,428,296,376,280,233.0149886018237,5.23307224759998,0bb956d3f9b327c80992634521761ae766f42fa252085fbe30459708edebd3b2,terang,True,91.93479241966921,178.81127789279964
poco,Q_20000_normal_blur_R01,20000,normal,blur,1,480,312,0.9,52,16,428,296,376,280,160.51655585106383,5.244382758930467,ec638514913095eebb7a5a671b1cf3e31ef8021993bdae5a6def4b2a5f9b3397,normal,True,91.93479241966921,178.81127789279964
poco,Q_20000_normal_blur_R02,20000,normal,blur,2,480,312,0.9,52,16,428,296,376,280,154.5644376899696,7.17223594296402,3a6da84e40ec52cb5e7250bbf89d138ef2210b61dfc4f42b7a8bc8b67f7465aa,normal,True,91.93479241966921,178.81127789279964
poco,Q_20000_normal_blur_R03,20000,normal,blur,3,480,312,0.9,52,16,428,296,376,280,153.76079977203648,7.312730408720391,6415fde90e442b5f5da94834164fc8608f3f48a2b62c46afd20d26b0ae622614,normal,True,91.93479241966921,178.81127789279964
poco,Q_20000_normal_blur_R04,20000,normal,blur,4,480,312,0.9,52,16,428,296,376,280,160.14822378419453,5.207139242192064,182d6d98dff939aa490b59ea3dc93f2676a599ca3eff4bffb84a78f9b2adf773,normal,True,91.93479241966921,178.81127789279964
poco,Q_20000_normal_blur_R05,20000,normal,blur,5,480,312,0.9,52,16,428,296,376,280,154.4543598024316,7.385873057152402,94a544b2154777a316e9a1c95be4131e6ea52cf921cedda81f2b2d48414fd60e,normal,True,91.93479241966921,178.81127789279964
poco,Q_50000_normal_blur_R01,50000,normal,blur,1,480,312,0.9,52,16,428,296,376,280,148.86085676291793,5.224828455219831,3275a9bc0cee8b24370b555acda21412ca28476ab361282d25ebc24d45ae4b88,normal,True,91.93479241966921,178.81127789279964
poco,Q_50000_normal_blur_R02,50000,normal,blur,2,480,312,0.9,52,16,428,296,376,280,144.61621390577508,6.6379289083603945,8b6bfbc8587b0d63031a9998003b548c304a722f19b4c5e342a6e195c8153066,normal,True,91.93479241966921,178.81127789279964
poco,Q_50000_normal_blur_R03,50000,normal,blur,3,480,312,0.9,52,16,428,296,376,280,150.28364361702128,5.914652781130688,2449c29582158c2ff2bee967890e50c666fdc15401155e6d2c0ff67a4a2ae284,normal,True,91.93479241966921,178.81127789279964
poco,Q_50000_normal_blur_R04,50000,normal,blur,4,480,312,0.9,52,16,428,296,376,280,146.56671732522796,6.0862719826543765,2b4d248820789146f4e0f53074e87fbf5d3ec342969391d01cf9b9c7ccd2f543,normal,True,91.93479241966921,178.81127789279964
poco,Q_50000_normal_blur_R05,50000,normal,blur,5,480,312,0.9,52,16,428,296,376,280,146.45470174772038,5.384311233295368,70b3cf08849b2283819ebce2e647de1077f512983bfa5d4950b71428a9f37049,normal,True,91.93479241966921,178.81127789279964
poco,Q_100000_normal_blur_R01,100000,normal,blur,1,480,312,0.9,52,16,428,296,376,280,150.06088525835867,5.3298387657524176,cf2687bf2913c57407e28725b2a2d0c6cdf92784332f66cf98bd3d5a39c9c7fb,normal,True,91.93479241966921,178.81127789279964
poco,Q_100000_normal_blur_R02,100000,normal,blur,2,480,312,0.9,52,16,428,296,376,280,150.84510828267477,5.907551498928383,5631158e9773f1247bbe5ddc497aa6c2e18dc5451c35b10ef253968877348908,normal,True,91.93479241966921,178.81127789279964
poco,Q_100000_normal_blur_R03,100000,normal,blur,3,480,312,0.9,52,16,428,296,376,280,175.99609612462007,7.102232810996738,54b90c8adc4b4d4894f5daea0f24ecbd6ac7c95439f37dce3ac18a1f8f5d2bfa,normal,True,91.93479241966921,178.81127789279964
poco,Q_100000_normal_blur_R04,100000,normal,blur,4,480,312,0.9,52,16,428,296,376,280,175.30728533434652,6.88353445996707,3549c169785675dbacbd07ca579fcf1d00f026a510193fda9893a502f3e6f6a8,normal,True,91.93479241966921,178.81127789279964
poco,Q_100000_normal_blur_R05,100000,normal,blur,5,480,312,0.9,52,16,428,296,376,280,176.78667363221885,7.478316706406973,7ccea4bc3114fa732abab767ec063436f4e47e1fbf67c811a3dd9f3dcdeb92da,normal,True,91.93479241966921,178.81127789279964
poco,Q_100000_redup_blur_R01,100000,redup,blur,1,480,312,0.9,52,16,428,296,376,280,71.13532484802431,4.021234235534403,114221875aef08ec163f3da4064541ac322a5a88fc15a93ce666651e6492e2d7,redup,True,91.93479241966921,178.81127789279964
poco,Q_100000_redup_blur_R02,100000,redup,blur,2,480,312,0.9,52,16,428,296,376,280,61.043778495440726,3.752788262264556,33f9683ead4a253a68fce763c7efe4ef095c9ef5ffbba2663c7b80d063b9c0cc,redup,True,91.93479241966921,178.81127789279964
poco,Q_100000_redup_blur_R03,100000,redup,blur,3,480,312,0.9,52,16,428,296,376,280,61.85530015197568,3.734924824426442,049c706f6c5d2216bf57d9240ee64c54cb5c1fc74d5a73cbc3e407283d8b31d2,redup,True,91.93479241966921,178.81127789279964
poco,Q_100000_redup_blur_R04,100000,redup,blur,4,480,312,0.9,52,16,428,296,376,280,62.92259688449848,3.770822291854945,278a2b9accf690a36fedef19a0df499a786d7f0ea547fbcfee6b67249bc049ae,redup,True,91.93479241966921,178.81127789279964
poco,Q_100000_redup_blur_R05,100000,redup,blur,5,480,312,0.9,52,16,428,296,376,280,67.64678001519756,3.6940424225165938,71dd073eb3caca027e5420da0d81cfab1a72337a74dea76f79adc6a2eb024d67,redup,True,91.93479241966921,178.81127789279964
poco,Q_50000_redup_blur_R01,50000,redup,blur,1,480,312,0.9,52,16,428,296,376,280,61.41722074468085,3.6501364682955217,6dfcac893c87ad4bb1b8f188605786a23353d233eefc84e7e85617119b2ba268,redup,True,91.93479241966921,178.81127789279964
poco,Q_50000_redup_blur_R02,50000,redup,blur,2,480,312,0.9,52,16,428,296,376,280,59.30938449848024,3.751942550933217,c7b83ec65ea3bced54631b3af848df2ce307c288ede0bd8c4955501a80e99e36,redup,True,91.93479241966921,178.81127789279964
poco,Q_50000_redup_blur_R03,50000,redup,blur,3,480,312,0.9,52,16,428,296,376,280,59.42134308510639,4.028026770519464,6188fcb25e0876b6e89f1f2c4fd0c254e9eb19dc20a3a0129321a579e0635469,redup,True,91.93479241966921,178.81127789279964
poco,Q_50000_redup_blur_R04,50000,redup,blur,4,480,312,0.9,52,16,428,296,376,280,59.7637537993921,3.88895797090232,038eafca3e11a4d08a6609c3e9e6020dca9695e9f5855ccf34ea715ff17a32e7,redup,True,91.93479241966921,178.81127789279964
poco,Q_50000_redup_blur_R05,50000,redup,blur,5,480,312,0.9,52,16,428,296,376,280,62.8567344224924,3.635689694008616,47027b1101eba3f43b454260e76ad79ba420acfe92357e0d08d33c949c4fdb12,redup,True,91.93479241966921,178.81127789279964
poco,Q_20000_redup_blur_R01,20000,redup,blur,1,480,312,0.9,52,16,428,296,376,280,65.55936550151975,4.023914348873797,a01b3c9c0daf84ac98326cb8d7fb42ec88f431bd218f907067dff69c1e9a95d3,redup,True,91.93479241966921,178.81127789279964
poco,Q_20000_redup_blur_R02,20000,redup,blur,2,480,312,0.9,52,16,428,296,376,280,60.945801671732525,3.91882531150658,b768afe3717697932e697793d49d81cd4e0374f7d2bc634e3166290f653a4b0c,redup,True,91.93479241966921,178.81127789279964
poco,Q_20000_redup_blur_R03,20000,redup,blur,3,480,312,0.9,52,16,428,296,376,280,65.09865121580548,4.103921632499363,fde9c77420417b8f54e3a086d42e343e0163015b90fee27d900f2d546dffbdb1,redup,True,91.93479241966921,178.81127789279964
poco,Q_20000_redup_blur_R04,20000,redup,blur,4,480,312,0.9,52,16,428,296,376,280,65.89953457446809,4.133176496903439,a9782ca94accd3918dd558ca2515ec8d7ef28f26598c575e5ccd74622731e8f1,redup,True,91.93479241966921,178.81127789279964
poco,Q_20000_redup_blur_R05,20000,redup,blur,5,480,312,0.9,52,16,428,296,376,280,66.13752849544073,4.289366367498251,9b373bdcbb1419ce5a03f46a835d011b29a6ddf1cff2aa2e6562d5377afab1f9,redup,True,91.93479241966921,178.81127789279964
poco,Q_nonuang_normal_blur_R01,nonuang,normal,blur,1,480,312,0.9,52,16,428,296,376,280,100.01689779635258,6.2079249144497615,758d208ecb4fc6196f824e2c3fbb78b5b899c7f71c663d8f253b376c87c6dd32,normal,True,91.93479241966921,178.81127789279964
poco,Q_nonuang_normal_blur_R02,nonuang,normal,blur,2,480,312,0.9,52,16,428,296,376,280,142.92786854103343,8.392256653774256,60e931f50d711e587091a0c2106f1c2e3efcd57de277a0845da11341b8c2b56a,normal,True,91.93479241966921,178.81127789279964
poco,Q_nonuang_terang_blur_R01,nonuang,terang,blur,1,480,312,0.9,52,16,428,296,376,280,233.9702507598784,6.738368459229445,dc59b5a0a1ca7ce826f5541571c2efd5f0de61e79ea0d289177a2148e25a4b77,terang,True,91.93479241966921,178.81127789279964
poco,Q_nonuang_terang_tajam_R01,nonuang,terang,tajam,1,480,312,0.9,52,16,428,296,376,280,227.14038753799392,225.12992723727504,beecbc6f86ea26f9980fb3e3326c3822b7e87abcecd516027ac62a036c4b316e,terang,True,91.93479241966921,178.81127789279964
poco,Q_nonuang_terang_tajam_R02,nonuang,terang,tajam,2,480,312,0.9,52,16,428,296,376,280,254.08781344984803,0.5505535298746322,4acc4e343c72f22b0ac94a11209ea20fa9fa20938a25e9016f9c481cbeda5bd3,terang,True,91.93479241966921,178.81127789279964
poco,Q_nonuang_terang_blur_R02,nonuang,terang,blur,2,480,312,0.9,52,16,428,296,376,280,254.1104958206687,0.1926751886317717,bae506518ffd957098e8c0c256cc6cdca94ff7d3b6aefb037beff77919e90e7b,terang,True,91.93479241966921,178.81127789279964
poco,Q_nonuang_normal_blur_R03,nonuang,normal,blur,3,480,312,0.9,52,16,428,296,376,280,254.13593275075988,0.1860088818321771,66b62eb27863c16407fb8f1a12474950c6ce6120188a951ec112f2b36f36e19c,terang,False,91.93479241966921,178.81127789279964
poco,Q_nonuang_normal_blur_R04,nonuang,normal,blur,4,480,312,0.9,52,16,428,296,376,280,132.93827887537995,19.57559679664162,58ba3460c0c51a2a5fc8da8c781c96e407f6b823d6787b5ea3f53855a0c9e00c,normal,True,91.93479241966921,178.81127789279964
poco,Q_nonuang_normal_blur_R05,nonuang,normal,blur,5,480,312,0.9,52,16,428,296,376,280,78.55110182370821,5.331275994052235,955cce2408073b239109360e77ea706f6268ebfc7b3d7e094dcc5d48829b83b2,redup,False,91.93479241966921,178.81127789279964
poco,Q_nonuang_terang_blur_R03,nonuang,terang,blur,3,480,312,0.9,52,16,428,296,376,280,162.11380129179332,8.415741711241195,f5d637143614d194affe129d8b8433e68c213106e572a3228b5df710bc6f7a3d,normal,False,91.93479241966921,178.81127789279964
poco,Q_nonuang_terang_blur_R04,nonuang,terang,blur,4,480,312,0.9,52,16,428,296,376,280,189.9696238601824,5.6723625488491365,45148d2ec28ceb120c469306ae13c8d8fc74c3c06619820b427ee99b34226640,terang,True,91.93479241966921,178.81127789279964
poco,Q_nonuang_terang_blur_R05,nonuang,terang,blur,5,480,312,0.9,52,16,428,296,376,280,238.54302811550156,12.228948269159035,d84f140df4ab7cb49680fea1469504d34e3c86b7295caa9f168e27c8129d74bf,terang,True,91.93479241966921,178.81127789279964
poco,Q_nonuang_terang_tajam_R03,nonuang,terang,tajam,3,480,312,0.9,52,16,428,296,376,280,234.11202507598784,1317.6472963592378,7f0e92d6d88b68f51e500290f4d7b24b8fba6ef07cef7c9bde61511fe12627b2,terang,True,91.93479241966921,178.81127789279964
poco,Q_nonuang_terang_tajam_R04,nonuang,terang,tajam,4,480,312,0.9,52,16,428,296,376,280,159.76720174772038,152.2214473117168,b5b9fa545379ee0fdc0884e964581c904014ce436d274464c44200b87d1a6ab8,normal,False,91.93479241966921,178.81127789279964
poco,Q_nonuang_terang_tajam_R05,nonuang,terang,tajam,5,480,312,0.9,52,16,428,296,376,280,144.52168503039513,2473.385275917519,a08e374035ad3824732cb4e52f3658d40d0b640ffaf4c0a584dad13d3ed53c99,normal,False,91.93479241966921,178.81127789279964
redmi,Q_1000_normal_tajam_R01,1000,normal,tajam,1,480,452,0.9,24,65,456,387,432,322,150.5515369795261,710.1731082671375,0e0d48081bda6ce8ac7e227aaa79798fa8802399ccc2d64d69e53474c34fc075,normal,True,91.93479241966921,178.81127789279964
redmi,Q_1000_normal_tajam_R02,1000,normal,tajam,2,480,452,0.9,24,65,456,387,432,322,164.63755894870025,578.6815297212493,e3952532af8cb58b4aa9b619bc8760b4dd5ce7fd4c7faa56999c42517bb76920,normal,True,91.93479241966921,178.81127789279964
redmi,Q_1000_normal_tajam_R03,1000,normal,tajam,3,480,452,0.9,24,65,456,387,432,322,150.68841298596735,626.6952671266034,ecb41750ed8ec6808a707ee40d618a32d25fbfce1674fe6cfdef00026e785177,normal,True,91.93479241966921,178.81127789279964
redmi,Q_1000_normal_tajam_R04,1000,normal,tajam,4,480,452,0.9,24,65,456,387,432,322,150.5452826662066,661.1483124628177,e98c6989b166d07b24c8d6af6a7aa85ecedbf76bb125f728bcc760526a4d5690,normal,True,91.93479241966921,178.81127789279964
redmi,Q_1000_normal_tajam_R05,1000,normal,tajam,5,480,452,0.9,24,65,456,387,432,322,151.74172561536693,688.8089593867779,1cb86f947d875b999e6efa57911d04ab0ca4028b791db1b8c3f44a1c40f1d8f8,normal,True,91.93479241966921,178.81127789279964
redmi,Q_2000_normal_tajam_R01,2000,normal,tajam,1,480,452,0.9,24,65,456,387,432,322,153.9230144352427,928.5068670095638,ab7672fd752d5d29e48a11a7309ee0aa11a2d038231c808abe7323ce6dd60c4a,normal,True,91.93479241966921,178.81127789279964
redmi,Q_2000_normal_tajam_R02,2000,normal,tajam,2,480,452,0.9,24,65,456,387,432,322,156.3616287094548,1034.9547593753698,66d587677a55491cf1b407358793ab15150bb3e8a6d6e12567636ecf8648a618,normal,True,91.93479241966921,178.81127789279964
redmi,Q_2000_normal_tajam_R03,2000,normal,tajam,3,480,452,0.9,24,65,456,387,432,322,156.1804405337014,706.8052738777718,2f03afefaac4711ddebe8040a8868221cefe4ab77d403b877d4eeb9d4cf1f7c4,normal,True,91.93479241966921,178.81127789279964
redmi,Q_2000_normal_tajam_R04,2000,normal,tajam,4,480,452,0.9,24,65,456,387,432,322,156.4362419484702,762.8838998465704,d5405b9c7e4940bb4840d2bf739dc0f8763aa2ba7fd5202c059600bea6a367df,normal,True,91.93479241966921,178.81127789279964
redmi,Q_2000_normal_tajam_R05,2000,normal,tajam,5,480,452,0.9,24,65,456,387,432,322,155.31600097768575,903.164016803794,b0385b4f2ae5c6dc1bebbab90fa0d4bbcac2ce346e4ea89444a52e0b015ee5e2,normal,True,91.93479241966921,178.81127789279964
redmi,Q_5000_normal_tajam_R01,5000,normal,tajam,1,480,452,0.9,24,65,456,387,432,322,161.15548798021624,796.1601437128178,4dbb1c76218f66cc51fcc763ed1da260fee13b1cfad987c56433bb5bae4fd166,normal,True,91.93479241966921,178.81127789279964
redmi,Q_5000_normal_tajam_R02,5000,normal,tajam,2,480,452,0.9,24,65,456,387,432,322,159.99417701863354,696.1245734780624,f45108c3d23357adaa8f7e34281347ae4f90746ae797c178dae19cd651c286fd,normal,True,91.93479241966921,178.81127789279964
redmi,Q_5000_normal_tajam_R03,5000,normal,tajam,3,480,452,0.9,24,65,456,387,432,322,160.4187442489073,744.024228195773,c67a64b35e1d1f1532c1db86de37077304341b26955321a2f8efd2ccf613cb36,normal,True,91.93479241966921,178.81127789279964
redmi,Q_5000_normal_tajam_R04,5000,normal,tajam,4,480,452,0.9,24,65,456,387,432,322,159.99787928456408,689.4157680196644,20878e0dfd78b0636ea59698f63e80681d093c5c6a68376034a7e09ba54a7e98,normal,True,91.93479241966921,178.81127789279964
redmi,Q_5000_normal_tajam_R05,5000,normal,tajam,5,480,452,0.9,24,65,456,387,432,322,159.5702136530941,670.6088490941049,89555f672e89371283939e4269b856b2cf748d4d47574970246fed80ae8dd4b9,normal,True,91.93479241966921,178.81127789279964
redmi,Q_10000_normal_tajam_R01,10000,normal,tajam,1,480,452,0.9,24,65,456,387,432,322,161.82275132275132,682.1008045944916,a29a2bd9dfbb89b47e75c3493475b1e5d4a7aac5c54ebee6f06a5f9124d1293b,normal,True,91.93479241966921,178.81127789279964
redmi,Q_10000_normal_tajam_R02,10000,normal,tajam,2,480,452,0.9,24,65,456,387,432,322,158.0539524384633,694.5674629883869,fe56999eb5aa6fb798cbfae85f930522f456254ae5631a25ea164b600aa5a8fb,normal,True,91.93479241966921,178.81127789279964
redmi,Q_10000_normal_tajam_R03,10000,normal,tajam,3,480,452,0.9,24,65,456,387,432,322,156.80783442604096,813.1880225451257,3576809604c164807ebe604cd50ae6a05fd5d0ae204d0d5b129ac9be22e19180,normal,True,91.93479241966921,178.81127789279964
redmi,Q_10000_normal_tajam_R04,10000,normal,tajam,4,480,452,0.9,24,65,456,387,432,322,154.8754816540143,780.9431452579414,a271131c377c02c54517fbe7d954bed656931a9c64f733ac25a0f872af85f3d7,normal,True,91.93479241966921,178.81127789279964
redmi,Q_10000_normal_tajam_R05,10000,normal,tajam,5,480,452,0.9,24,65,456,387,432,322,156.00861945019554,740.529976189357,bf606130a442d83cd4150772944fc76897657d450a2ac11abe0360a5276b0a2a,normal,True,91.93479241966921,178.81127789279964
redmi,Q_20000_normal_tajam_R01,20000,normal,tajam,1,480,452,0.9,24,65,456,387,432,322,155.83104727398205,924.0768889188412,9ae834e1c508a81f4e8a95e12e0f962ea615149b2c0a63f004739bdbe469cd5e,normal,True,91.93479241966921,178.81127789279964
redmi,Q_20000_normal_tajam_R02,20000,normal,tajam,2,480,452,0.9,24,65,456,387,432,322,158.0519611226133,658.4345482617293,fdb7e100177f3dd49b2effb9efb85fd91a3c4015fa1b1d5c46572d327849f0ac,normal,True,91.93479241966921,178.81127789279964
redmi,Q_20000_normal_tajam_R03,20000,normal,tajam,3,480,452,0.9,24,65,456,387,432,322,157.59860967333793,500.9513557893942,d35e10ec07d7f9a79d46e131b11bdc23ac08e7b2a3131a1022cb1712064178ea,normal,True,91.93479241966921,178.81127789279964
redmi,Q_20000_normal_tajam_R04,20000,normal,tajam,4,480,452,0.9,24,65,456,387,432,322,155.37786835748793,971.9651853831464,809f164f321f4586288b57cf2a48a2ba98cbc3c51786765a77de7238ee876120,normal,True,91.93479241966921,178.81127789279964
redmi,Q_20000_normal_tajam_R05,20000,normal,tajam,5,480,452,0.9,24,65,456,387,432,322,156.4417198642742,705.9789295944915,1a6bdd34ba40cbf7fde57f7504dce555cc640383d07fa59c1fd9e51ff07b5e85,normal,True,91.93479241966921,178.81127789279964
redmi,Q_50000_normal_tajam_R01,50000,normal,tajam,1,480,452,0.9,24,65,456,387,432,322,141.63769553715207,514.8080954229904,eb466079e71394509c74bee39eb33c1047a44d9a06255fda359b667949351992,normal,True,91.93479241966921,178.81127789279964
redmi,Q_50000_normal_tajam_R02,50000,normal,tajam,2,480,452,0.9,24,65,456,387,432,322,141.10742322291236,538.6377835451596,a7097a3b0a4e40b4ebe9d44cb8648ea2ca920102e73c6ceaac3d79a28aa0edf1,normal,True,91.93479241966921,178.81127789279964
redmi,Q_50000_normal_tajam_R03,50000,normal,tajam,3,480,452,0.9,24,65,456,387,432,322,149.54395272601795,556.9757865725032,9cf34bd0adc08945b70a74a330349c17b90a36de7534bdbb39ad506693078e7e,normal,True,91.93479241966921,178.81127789279964
redmi,Q_50000_normal_tajam_R04,50000,normal,tajam,4,480,452,0.9,24,65,456,387,432,322,150.18143259719346,565.3582538761979,dd9aea9cf330d85ae1cbd37df9cbe63fc2d2a6e6fca8bb0e8941a2dc53df30e0,normal,True,91.93479241966921,178.81127789279964
redmi,Q_50000_normal_tajam_R05,50000,normal,tajam,5,480,452,0.9,24,65,456,387,432,322,142.91636473429952,459.955070019056,1eb850353ebcb498106d83d2b75c3c8a5b1fd4f867854c83c822e4cda4e7a259,normal,True,91.93479241966921,178.81127789279964
redmi,Q_100000_normal_tajam_R01,100000,normal,tajam,1,480,452,0.9,24,65,456,387,432,322,160.16699735449737,573.7130384768266,60b195d86d7bb12617d98cd9651b83d3c0ab4f6d0d9014588fbe7c2af34d9df3,normal,True,91.93479241966921,178.81127789279964
redmi,Q_100000_normal_tajam_R02,100000,normal,tajam,2,480,452,0.9,24,65,456,387,432,322,151.16555239245457,360.8090498284017,3944fed740a908596ce542bbf81dd66e45bede1117a1ab645399beeaad67cc64,normal,True,91.93479241966921,178.81127789279964
redmi,Q_100000_normal_tajam_R03,100000,normal,tajam,3,480,452,0.9,24,65,456,387,432,322,149.94605475040257,476.7543222809944,13676c01a04f31b2b1d27fe4242110c70de3bbefd5a1ef86ef5614fb4d799a72,normal,True,91.93479241966921,178.81127789279964
redmi,Q_100000_normal_tajam_R04,100000,normal,tajam,4,480,452,0.9,24,65,456,387,432,322,159.56609443294226,624.2270594502096,f1da711fe870e864796e6003d4ba9422103a6325f222156147e90027442f7e0e,normal,True,91.93479241966921,178.81127789279964
redmi,Q_100000_normal_tajam_R05,100000,normal,tajam,5,480,452,0.9,24,65,456,387,432,322,159.67062773176903,617.6839879307649,2f57728598fd423af550ad51715122103484ed0c4fb9448057cfdbb56bde5596,normal,True,91.93479241966921,178.81127789279964
redmi,Q_nonuang_normal_tajam_R01,nonuang,normal,tajam,1,480,452,0.9,24,65,456,387,432,322,60.35574821716126,411.7898977215302,b656bc1abb02e20654f53d4a33d97829ff0068e2dd3daf8637316ee2f1767d77,redup,False,91.93479241966921,178.81127789279964
redmi,Q_nonuang_normal_tajam_R02,nonuang,normal,tajam,2,480,452,0.9,24,65,456,387,432,322,160.57328329882677,315.08596530087,21a44386d0e9cff8b9d295fc413e04855eb8e63b32156ab25953a62c7f16b43b,normal,True,91.93479241966921,178.81127789279964
redmi,Q_nonuang_normal_tajam_R03,nonuang,normal,tajam,3,480,452,0.9,24,65,456,387,432,322,167.59042155509547,2298.1407425347634,13655a5ad04b1b69b4fa31074e434a3beb2a69fee692afd33a72525c7369406e,normal,True,91.93479241966921,178.81127789279964
redmi,Q_nonuang_normal_tajam_R04,nonuang,normal,tajam,4,480,452,0.9,24,65,456,387,432,322,97.9329997699563,71.80982360392231,7e7014f5343aa6f172da06f386147029fbcba1bb75962c461654d1481592d318,normal,True,91.93479241966921,178.81127789279964
redmi,Q_nonuang_normal_tajam_R05,nonuang,normal,tajam,5,480,452,0.9,24,65,456,387,432,322,178.4878723832528,8.105252749585924,b656b8c1c09e56b91a08470b95de8e643f6489c02e88ab0e8358395ff81c9c33,normal,True,91.93479241966921,178.81127789279964
redmi,Q_nonuang_normal_blur_R01,nonuang,normal,blur,1,480,452,0.9,24,65,456,387,432,322,70.9202251552795,8.308145701857423,9d49573903b9584282e32fb587823e978945d193794f1937ceb18c822709e224,redup,False,91.93479241966921,178.81127789279964
redmi,Q_nonuang_normal_blur_R02,nonuang,normal,blur,2,480,452,0.9,24,65,456,387,432,322,164.09032809983896,18.595853417387776,6cca28e82ec4808670fd99ead51e3f7f9a567b7d0501e069ca01222b057496ba,normal,True,91.93479241966921,178.81127789279964
redmi,Q_nonuang_normal_blur_R03,nonuang,normal,blur,3,480,452,0.9,24,65,456,387,432,322,174.26056044398436,37.35940364196018,1a9f156b7d2280d1e6044c73a97ec5f2cce790b6d2886083a53bf14dbc2fc61c,normal,True,91.93479241966921,178.81127789279964
redmi,Q_nonuang_normal_blur_R04,nonuang,normal,blur,4,480,452,0.9,24,65,456,387,432,322,106.55670577409708,7.31110464588122,b53048cb97607a461b19d554dccdeb11afd0f7ac2b17cfe1e72015ae663a9809,normal,True,91.93479241966921,178.81127789279964
redmi,Q_nonuang_normal_blur_R05,nonuang,normal,blur,5,480,452,0.9,24,65,456,387,432,322,186.7559523809524,3.339253775478299,99046bc9fa5d461e654f40667296f24d3faa75b32e97368112a790dd86eb0cc5,terang,False,91.93479241966921,178.81127789279964
redmi,Q_100000_normal_blur_R01,100000,normal,blur,1,480,452,0.9,24,65,456,387,432,322,164.87111801242236,14.498749726203352,730974eb8afb9c88362abbad004cbc258f92fffe3eec7bca31fb592dcefec845,normal,True,91.93479241966921,178.81127789279964
redmi,Q_100000_normal_blur_R02,100000,normal,blur,2,480,452,0.9,24,65,456,387,432,322,166.72713940648725,12.936492833119251,151e01710512d1a184dfaaf19d7899730a9cf1e1cb517cdd237de65a279ce93a,normal,True,91.93479241966921,178.81127789279964
redmi,Q_100000_normal_blur_R03,100000,normal,blur,3,480,452,0.9,24,65,456,387,432,322,155.56178830227742,12.671879097178795,7cff9b37852eb867e2b578ecf452610292288f7e155ecb4a3f9079977da12fcc,normal,True,91.93479241966921,178.81127789279964
redmi,Q_100000_normal_blur_R04,100000,normal,blur,4,480,452,0.9,24,65,456,387,432,322,155.22071256038646,14.30465541334632,b22ea5ad0e607ec0cd10baf716e3b604f655c361cb42bcfe6ec94d3804fb7065,normal,True,91.93479241966921,178.81127789279964
redmi,Q_100000_normal_blur_R05,100000,normal,blur,5,480,452,0.9,24,65,456,387,432,322,154.898593857833,14.205848937770416,25d664ccec79211ea3ff09158fcba792399982e9e6ffaadc59587ff8d751fa41,normal,True,91.93479241966921,178.81127789279964
redmi,Q_50000_normal_blur_R01,50000,normal,blur,1,480,452,0.9,24,65,456,387,432,322,146.70107976765584,18.4887318396346,81263533a89d6a92c9bf3a214a9e59d61e21df14dbb11fbe4e9c8498125e7be3,normal,True,91.93479241966921,178.81127789279964
redmi,Q_50000_normal_blur_R02,50000,normal,blur,2,480,452,0.9,24,65,456,387,432,322,154.00667126754084,18.026358884817384,d7f6b044b7174fe266b5fbeb856f9028756dcef549c195e047b42c9b34e06d1b,normal,True,91.93479241966921,178.81127789279964
redmi,Q_50000_normal_blur_R03,50000,normal,blur,3,480,452,0.9,24,65,456,387,432,322,154.97434293765815,17.659574807328287,0c234ec1dfd348e86eaa11ad2876d8792d7893e3e9bea0aa0b13af88e2023f81,normal,True,91.93479241966921,178.81127789279964
redmi,Q_50000_normal_blur_R04,50000,normal,blur,4,480,452,0.9,24,65,456,387,432,322,147.43795289855072,17.202512161134397,1c7e64dcf0658f7824ae1fc63b51644832deb2ad1383e3eda38525bac9b61b39,normal,True,91.93479241966921,178.81127789279964
redmi,Q_50000_normal_blur_R05,50000,normal,blur,5,480,452,0.9,24,65,456,387,432,322,147.00935271451576,16.850992258854024,aae508cb33f293c3e7daf3120deef0da9c01c01d54c96a7651d2734d2f7d3430,normal,True,91.93479241966921,178.81127789279964
redmi,Q_20000_normal_blur_R01,20000,normal,blur,1,480,452,0.9,24,65,456,387,432,322,161.43511329652634,17.86034420970795,5c31bab436bcfcb55566618a4e9cb217865692c643e4225f24f77bfc54c67664,normal,True,91.93479241966921,178.81127789279964
redmi,Q_20000_normal_blur_R02,20000,normal,blur,2,480,452,0.9,24,65,456,387,432,322,161.2061191626409,16.90662144043233,8ed27a3bc1ca2f8824b80dd2b0e2cbb4f568ed7940c0065d4d3badd165964c0c,normal,True,91.93479241966921,178.81127789279964
redmi,Q_20000_normal_blur_R03,20000,normal,blur,3,480,452,0.9,24,65,456,387,432,322,162.11123332183115,16.118859695644183,12e6bc696e56c3ff27c62607c48f7bfb9a6bb4eff52b8702d6c12fffe7fa33bd,normal,True,91.93479241966921,178.81127789279964
redmi,Q_20000_normal_blur_R04,20000,normal,blur,4,480,452,0.9,24,65,456,387,432,322,162.3808445479641,16.44952560796165,c816758709cac46413b8e89448138037880b63ea958fc5e9df7c871d1857f435,normal,True,91.93479241966921,178.81127789279964
redmi,Q_20000_normal_blur_R05,20000,normal,blur,5,480,452,0.9,24,65,456,387,432,322,162.1058776167472,16.456820800464357,496cd209a64ab5536da9a1cd04082f7bc922f325f2ee4e492b837e2e6874d6ac,normal,True,91.93479241966921,178.81127789279964
redmi,Q_10000_normal_blur_R01,10000,normal,blur,1,480,452,0.9,24,65,456,387,432,322,162.83213279273062,16.694144796120792,1cb38ce5ffb8773c8cedb60976bc3ff96f75f14b8c7d5d01df628146057bfba5,normal,True,91.93479241966921,178.81127789279964
redmi,Q_10000_normal_blur_R02,10000,normal,blur,2,480,452,0.9,24,65,456,387,432,322,163.01201259489304,16.686092787433665,0c3c0c22445b337c0d5cf03968f5b0fb750678443e8e2abdd6bbe13aa0f306f6,normal,True,91.93479241966921,178.81127789279964
redmi,Q_10000_normal_blur_R03,10000,normal,blur,3,480,452,0.9,24,65,456,387,432,322,163.77435587761676,16.125656803033312,f0a27b1e3aa4784fbb76a30dbbbe9d0121c9f16309a317258bb40678fb70edf8,normal,True,91.93479241966921,178.81127789279964
redmi,Q_10000_normal_blur_R04,10000,normal,blur,4,480,452,0.9,24,65,456,387,432,322,163.1752429836669,14.859660015548949,d88e5ef238af03b07d8135d43819d06c1b626ea45fca65a4766db8c6c1e9c4db,normal,True,91.93479241966921,178.81127789279964
redmi,Q_10000_normal_blur_R05,10000,normal,blur,5,480,452,0.9,24,65,456,387,432,322,162.52314095928227,17.500235414360382,2071b557ea83dc6c1efa8f87a49ee69a139d778bcdad7dee16c777b0ee804436,normal,True,91.93479241966921,178.81127789279964
redmi,Q_5000_normal_blur_R01,5000,normal,blur,1,480,452,0.9,24,65,456,387,432,322,166.550048884288,14.845345895585451,3ddd4289ce93009251cadf3c75ed997843f8bb98bf60e437f2d38417343fc145,normal,True,91.93479241966921,178.81127789279964
redmi,Q_5000_normal_blur_R02,5000,normal,blur,2,480,452,0.9,24,65,456,387,432,322,165.1524902231424,14.22200790709294,b8f5eae006c0993df241baa2c5e9e7de02b5efe791fdfee18b7ffec8bf38bb6d,normal,True,91.93479241966921,178.81127789279964
redmi,Q_5000_normal_blur_R03,5000,normal,blur,3,480,452,0.9,24,65,456,387,432,322,165.99703818725558,12.768500161404813,2b377284aa964e3c4f7e8714ac762f322595592e795a0f083e12c738c1996e40,normal,True,91.93479241966921,178.81127789279964
redmi,Q_5000_normal_blur_R04,5000,normal,blur,4,480,452,0.9,24,65,456,387,432,322,166.1214702668507,12.657320440102758,3dceeb2899e82388cd8bf19b08015f1c304a8de6e30ee0de4f9c8b1995a587a4,normal,True,91.93479241966921,178.81127789279964
redmi,Q_5000_normal_blur_R05,5000,normal,blur,5,480,452,0.9,24,65,456,387,432,322,164.5146652864044,15.281905267574956,69bd8782cf634c41464eadb153f4749b410f5ce719144a5364c2e3719eb0af45,normal,True,91.93479241966921,178.81127789279964
redmi,Q_2000_normal_blur_R01,2000,normal,blur,1,480,452,0.9,24,65,456,387,432,322,163.4171195652174,16.902540810700042,b203a4ff4ecb97e5a5d7cab89397915955303bc80807b193b77ad22b414410da,normal,True,91.93479241966921,178.81127789279964
redmi,Q_2000_normal_blur_R02,2000,normal,blur,2,480,452,0.9,24,65,456,387,432,322,162.0662597768576,18.57710436194396,5f5c5f7e5434c7c4639d773b530d4909c7a7e137835c54d1598c2c3ee62dab06,normal,True,91.93479241966921,178.81127789279964
redmi,Q_2000_normal_blur_R03,2000,normal,blur,3,480,452,0.9,24,65,456,387,432,322,163.06875431331954,16.303505640242616,aa84f712308b66f13df3453fe1046b8a86345c7f3ee953a8eea78e04100bb6b5,normal,True,91.93479241966921,178.81127789279964
redmi,Q_2000_normal_blur_R04,2000,normal,blur,4,480,452,0.9,24,65,456,387,432,322,166.12332499424892,16.31200224361141,ffb7b0642142e763c32cf667258b4efe1daaa8d98e56f0383d3627c829c49435,normal,True,91.93479241966921,178.81127789279964
redmi,Q_2000_normal_blur_R05,2000,normal,blur,5,480,452,0.9,24,65,456,387,432,322,166.20808891189327,18.245883882335047,c85d12e223b720563ebc87cf20e49d2071a1907bd36c5493f2afee727c60c3df,normal,True,91.93479241966921,178.81127789279964
redmi,Q_1000_normal_blur_R01,1000,normal,blur,1,480,452,0.9,24,65,456,387,432,322,156.34312456866806,14.54191686336998,040967e326ac4505246147afe948ad91aacf75a302c1c584b42ee2fdbb58cff8,normal,True,91.93479241966921,178.81127789279964
redmi,Q_1000_normal_blur_R02,1000,normal,blur,2,480,452,0.9,24,65,456,387,432,322,149.79006354957443,16.99048647896667,9b7d2795d11ae6ab9e1fce448057e1034bd9f45d0d10c8f29ada3abed9aae0c5,normal,True,91.93479241966921,178.81127789279964
redmi,Q_1000_normal_blur_R03,1000,normal,blur,3,480,452,0.9,24,65,456,387,432,322,149.77663474810214,16.394127007789262,bc86315dc21191c9e875844742d8de25505e9d583e2115477c00c59ea820d543,normal,True,91.93479241966921,178.81127789279964
redmi,Q_1000_normal_blur_R04,1000,normal,blur,4,480,452,0.9,24,65,456,387,432,322,154.49319214400737,14.230186409830903,65817d3b80be4a14b36da91ec70dae9d5c95b13c2f9edb0c8f1ab265f6f9cecf,normal,True,91.93479241966921,178.81127789279964
redmi,Q_1000_normal_blur_R05,1000,normal,blur,5,480,452,0.9,24,65,456,387,432,322,154.69967793880838,14.853616913650535,355642d146d1721e128cf28ddba6d8f484893dee85e0642b3089e23088835a34,normal,True,91.93479241966921,178.81127789279964
redmi,Q_1000_terang_tajam_R01,1000,terang,tajam,1,480,452,0.9,24,65,456,387,432,322,239.14100960432484,506.7262208945292,b35199922cc053c9712892a8f92016bc7aead7caf6221f409525e77548846b71,terang,True,91.93479241966921,178.81127789279964
redmi,Q_1000_terang_tajam_R02,1000,terang,tajam,2,480,452,0.9,24,65,456,387,432,322,235.2774399010812,547.2450357097058,b1be42c33bccb8ec447064ba4d8182cfd97b1ee998832893573082b2d8b9ab36,terang,True,91.93479241966921,178.81127789279964
redmi,Q_1000_terang_tajam_R03,1000,terang,tajam,3,480,452,0.9,24,65,456,387,432,322,222.59076662065792,554.4001816796558,b83ea598c6bcead8a88a9698176ed6303a90cadc9c5f81ef22e382eee88c4b89,terang,True,91.93479241966921,178.81127789279964
redmi,Q_1000_terang_tajam_R04,1000,terang,tajam,4,480,452,0.9,24,65,456,387,432,322,233.1837330342765,678.0138153684741,e7a878cc9658f50fe04792d92e7ac20cd4c3c857bddd6155564e3a66181a8334,terang,True,91.93479241966921,178.81127789279964
redmi,Q_1000_terang_tajam_R05,1000,terang,tajam,5,480,452,0.9,24,65,456,387,432,322,239.0932827237175,495.1606182309272,12e2298f568d8f06484d5565fa3bd92e10cedc2b8250593d75dce1366b9bc503,terang,True,91.93479241966921,178.81127789279964
redmi,Q_2000_terang_tajam_R01,2000,terang,tajam,1,480,452,0.9,24,65,456,387,432,322,243.2500934552565,480.0063589393232,88fb672b75b230b98d4451033d0972e7c90266a21214a3d2f537f870f425ec71,terang,True,91.93479241966921,178.81127789279964
redmi,Q_2000_terang_tajam_R02,2000,terang,tajam,2,480,452,0.9,24,65,456,387,432,322,241.90678197607545,570.2904941175974,2fe3397cb0971f824cfc43bdcc1be3f128e47a17665ad2946fcfae8c0c6ee5d7,terang,True,91.93479241966921,178.81127789279964
redmi,Q_2000_terang_tajam_R03,2000,terang,tajam,3,480,452,0.9,24,65,456,387,432,322,241.26238641591905,741.6013803272039,88d7f5e45acd605e7c1eaa5056c6d691274c868df03bce7a7468e8e2ac482c77,terang,True,91.93479241966921,178.81127789279964
redmi,Q_2000_terang_tajam_R04,2000,terang,tajam,4,480,452,0.9,24,65,456,387,432,322,242.01851132965265,570.8800652903069,6af4f0262f51595377115978fc84b4c94843182df0a45d0582f983d250e5c6e1,terang,True,91.93479241966921,178.81127789279964
redmi,Q_2000_terang_tajam_R05,2000,terang,tajam,5,480,452,0.9,24,65,456,387,432,322,243.03418305728087,524.8584156366195,b925a9958f30541b1e26439e2277bbcfe0676dea0e71bfb9e96d8e65180ef4ae,terang,True,91.93479241966921,178.81127789279964
redmi,Q_5000_terang_tajam_R01,5000,terang,tajam,1,480,452,0.9,24,65,456,387,432,322,250.4284564067173,171.1887863308186,211a0d3a4090f21c28769df6e831a52d8f710ce1b961bd66257014d75377c67b,terang,True,91.93479241966921,178.81127789279964
redmi,Q_5000_terang_tajam_R02,5000,terang,tajam,2,480,452,0.9,24,65,456,387,432,322,246.1966442374051,405.8981394873496,336321291120d78d89ff402589345c44606d421da509df8621b57a57e8240131,terang,True,91.93479241966921,178.81127789279964
redmi,Q_5000_terang_tajam_R03,5000,terang,tajam,3,480,452,0.9,24,65,456,387,432,322,242.5854899930987,412.6590986943956,f3e7c944a1cf88f2181b8e73c45557189dbc25130866e622a8a349f242889f00,terang,True,91.93479241966921,178.81127789279964
redmi,Q_5000_terang_tajam_R04,5000,terang,tajam,4,480,452,0.9,24,65,456,387,432,322,243.05818668046928,325.5941060982605,4d8230db96914ffa2e58268421ba2f6fa3c7ebee47c4e7d100ca516b8873f65d,terang,True,91.93479241966921,178.81127789279964
redmi,Q_5000_terang_tajam_R05,5000,terang,tajam,5,480,452,0.9,24,65,456,387,432,322,240.28880549804464,332.3361044610262,be7e289632d443820c7d927077da667b8dda4915edc011de1b2a20efc5bcf3ed,terang,True,91.93479241966921,178.81127789279964
redmi,Q_10000_terang_tajam_R01,10000,terang,tajam,1,480,452,0.9,24,65,456,387,432,322,227.3825698757764,607.649251453013,af5161771775b653452157d9e1f60688a6b86e8dc08913037f4f89e6cdfe7d3a,terang,True,91.93479241966921,178.81127789279964
redmi,Q_10000_terang_tajam_R02,10000,terang,tajam,2,480,452,0.9,24,65,456,387,432,322,226.47338681849556,521.3989534628092,3c791bd615fc6e7d26c23b9bcefe642b4083b609669e76c676b06e6e202550f9,terang,True,91.93479241966921,178.81127789279964
redmi,Q_10000_terang_tajam_R03,10000,terang,tajam,3,480,452,0.9,24,65,456,387,432,322,223.0767698987808,691.491773254969,2d1884ce87b862690736ad3d36c9d236ce5d66f49092311f6b022d7c9e1c2bd3,terang,True,91.93479241966921,178.81127789279964
redmi,Q_10000_terang_tajam_R04,10000,terang,tajam,4,480,452,0.9,24,65,456,387,432,322,223.3476966873706,569.6987353888504,db9e595174334639d5c6f5fc8307f689e74c13042959bc467a0af9b6f9528ab4,terang,True,91.93479241966921,178.81127789279964
redmi,Q_10000_terang_tajam_R05,10000,terang,tajam,5,480,452,0.9,24,65,456,387,432,322,222.62572607545437,569.9640114502349,fafdd82e3685093ecdc483bb50921919e569e13aae889aa85ea8306c004e9c4a,terang,True,91.93479241966921,178.81127789279964
redmi,Q_20000_terang_tajam_R01,20000,terang,tajam,1,480,452,0.9,24,65,456,387,432,322,216.8288331032896,581.2500503650622,d2ccb126e5aad7ab44b089dda16ff6febe52ac7d44ee4fbcea27c7ba84b3ccc4,terang,True,91.93479241966921,178.81127789279964
redmi,Q_20000_terang_tajam_R02,20000,terang,tajam,2,480,452,0.9,24,65,456,387,432,322,216.11318869335173,518.2730740632077,76e6a5609d7b59e2dabaa18537cb2f998b98037b6c45821045aeeb496d726039,terang,True,91.93479241966921,178.81127789279964
redmi,Q_20000_terang_tajam_R03,20000,terang,tajam,3,480,452,0.9,24,65,456,387,432,322,213.38622181964573,671.6782539019719,d7fa6c23d64c510494dfefa93e5f23eb7788205665ad232e7b4237b91aa993d7,terang,True,91.93479241966921,178.81127789279964
redmi,Q_20000_terang_tajam_R04,20000,terang,tajam,4,480,452,0.9,24,65,456,387,432,322,211.3899672187716,825.2725190545882,e5e73edd37fccd3a06040424e1e442df660009d5484eca9c9c6f7d84d7f709da,terang,True,91.93479241966921,178.81127789279964
redmi,Q_20000_terang_tajam_R05,20000,terang,tajam,5,480,452,0.9,24,65,456,387,432,322,209.95540746491832,578.3633043460993,320c86378403ea8d7a4c6dedf846a93ca0de702af26857dabf893c48d97b2698,terang,True,91.93479241966921,178.81127789279964
redmi,Q_50000_terang_tajam_R01,50000,terang,tajam,1,480,452,0.9,24,65,456,387,432,322,201.97723286174372,552.1964167940757,7ee0f5ce75a15cf48a00fc0e11ce7c7adcc3faed9af109e1598a90bcdae74ac1,terang,True,91.93479241966921,178.81127789279964
redmi,Q_50000_terang_tajam_R02,50000,terang,tajam,2,480,452,0.9,24,65,456,387,432,322,201.11165746491832,633.9303169853215,6f5bf787635683c7114a19a81551d4ab808a6b9e1ee09b1abc95b0ee64e67cb5,terang,True,91.93479241966921,178.81127789279964
redmi,Q_50000_terang_tajam_R03,50000,terang,tajam,3,480,452,0.9,24,65,456,387,432,322,206.779754715896,577.9120779171174,b6c1259ad3def2739e7cd960676c0605712fbca1edd41416757870dbb2099788,terang,True,91.93479241966921,178.81127789279964
redmi,Q_50000_terang_tajam_R04,50000,terang,tajam,4,480,452,0.9,24,65,456,387,432,322,207.31614475500345,552.4323763465366,354970b11d0b9b6b4d051f2b94478b6d4ed52aaadad4432b7efadf97e7a67636,terang,True,91.93479241966921,178.81127789279964
redmi,Q_50000_terang_tajam_R05,50000,terang,tajam,5,480,452,0.9,24,65,456,387,432,322,198.22881441223836,638.0082332383531,e933fec46845fc3487e3bfc9562399b10710302c9a878af794b72c3ead730021,terang,True,91.93479241966921,178.81127789279964
redmi,Q_100000_terang_tajam_R01,100000,terang,tajam,1,480,452,0.9,24,65,456,387,432,322,200.62409420289856,416.4072746974188,7b44c673d9096418d51bb27897f7d9b94195acc90e4ecc957b302fdce566b551,terang,True,91.93479241966921,178.81127789279964
redmi,Q_100000_terang_tajam_R02,100000,terang,tajam,2,480,452,0.9,24,65,456,387,432,322,199.8700971934668,344.69313106319083,974b123ce54e259a01a3cb5bdd68d355b131ed0af1ee8722e539a09d78d06ab0,terang,True,91.93479241966921,178.81127789279964
redmi,Q_100000_terang_tajam_R03,100000,terang,tajam,3,480,452,0.9,24,65,456,387,432,322,205.1449131585001,445.9020041191501,f2a711b3c8c7c9f96efd1b6e10c69e1f7e9207bb06458b6d466d2fb6a18c60ab,terang,True,91.93479241966921,178.81127789279964
redmi,Q_100000_terang_tajam_R04,100000,terang,tajam,4,480,452,0.9,24,65,456,387,432,322,205.21753508166552,368.3632194678184,9fa98e29272d371d587c31d19d6908e5750ec15df4dce960bcad1e3def27694b,terang,True,91.93479241966921,178.81127789279964
redmi,Q_100000_terang_tajam_R05,100000,terang,tajam,5,480,452,0.9,24,65,456,387,432,322,203.56253594432945,457.3354497952863,1352708d4c334e7ce76d3bdc857cde51f1be2efb6b661d1a07be3013747afc2e,terang,True,91.93479241966921,178.81127789279964
redmi,Q_nonuang_terang_tajam_R01,nonuang,terang,tajam,1,480,452,0.9,24,65,456,387,432,322,72.93468196457327,3052.051892361528,09a47e5822b050b83842e31eac8045f8bed5d6698138c6fb01b0f29c64552e40,redup,False,91.93479241966921,178.81127789279964
redmi,Q_nonuang_terang_tajam_R02,nonuang,terang,tajam,2,480,452,0.9,24,65,456,387,432,322,185.434265010352,316.4428705127244,5d31b58124f2e97ae42c2a2a4c325eefb87be4ff7529e887efe03dca69acc7ab,terang,True,91.93479241966921,178.81127789279964
redmi,Q_nonuang_terang_tajam_R03,nonuang,terang,tajam,3,480,452,0.9,24,65,456,387,432,322,193.49579451345755,1035.8680464925617,cc52012df3e027b2e3fa9c5421956e75b3c1f06ba48b7ebd0d5a091569e69ca0,terang,True,91.93479241966921,178.81127789279964
redmi,Q_nonuang_terang_tajam_R04,nonuang,terang,tajam,4,480,452,0.9,24,65,456,387,432,322,141.52420491143317,151.78462307407509,cdae280b65b55948cc4f3b5f3a3879c7f57dbd03bc14ce1a17bddb878b23c9c1,normal,False,91.93479241966921,178.81127789279964
redmi,Q_nonuang_terang_tajam_R05,nonuang,terang,tajam,5,480,452,0.9,24,65,456,387,432,322,196.79236398665748,1.0784519080731985,57b048a5fae3e1662b93bbe7ef77218dafd8e2950c1948fdb1d2fc3613283a4a,terang,True,91.93479241966921,178.81127789279964
redmi,Q_nonuang_terang_blur_R01,nonuang,terang,blur,1,480,452,0.9,24,65,456,387,432,322,93.09048625488845,22.098612124585923,4dcf6cf883425bfbdf3114211857102a848722b151e28d808ebf44c02fdf092b,normal,False,91.93479241966921,178.81127789279964
redmi,Q_nonuang_terang_blur_R02,nonuang,terang,blur,2,480,452,0.9,24,65,456,387,432,322,181.34894036116864,22.46456369469139,2907cfd3a573701e8ca053ba59eecd5e62f208526e804b09fe1f33a3707d7053,terang,True,91.93479241966921,178.81127789279964
redmi,Q_nonuang_terang_blur_R03,nonuang,terang,blur,3,480,452,0.9,24,65,456,387,432,322,185.07605101219232,11.14732379326663,b47839e1bd749857420033d2bb9fe2ccde2d685fa7b07774162880f4ac95d1ea,terang,True,91.93479241966921,178.81127789279964
redmi,Q_nonuang_terang_blur_R04,nonuang,terang,blur,4,480,452,0.9,24,65,456,387,432,322,129.55148665746492,6.181562477553323,f539438ebaf054c8a9ac028496c771ded633a1b34f2a6dfac9752a41e897b2ac,normal,False,91.93479241966921,178.81127789279964
redmi,Q_nonuang_terang_blur_R05,nonuang,terang,blur,5,480,452,0.9,24,65,456,387,432,322,186.22033873936047,1.0217876975307598,87a38415db4c6c6c860d4aab3a7ed261f8f75632f1fe4f5d46b2bdfb7f68d81b,terang,True,91.93479241966921,178.81127789279964
redmi,Q_100000_terang_blur_R01,100000,terang,blur,1,480,452,0.9,24,65,456,387,432,322,179.13468340234644,12.271976578555975,9f3f57b7e04214f6897eca5c0fc0ad5221ca1d9c4c385d6a4b8ee440b853e7b4,terang,True,91.93479241966921,178.81127789279964
redmi,Q_100000_terang_blur_R02,100000,terang,blur,2,480,452,0.9,24,65,456,387,432,322,171.94179175293306,11.420770287782249,4829a7276ff9a96626e7728856441f190e39a5a53317fa48303513677ad836b9,normal,False,91.93479241966921,178.81127789279964
redmi,Q_100000_terang_blur_R03,100000,terang,blur,3,480,452,0.9,24,65,456,387,432,322,169.81308229813664,11.032415144958,d5a8a614c9edef8dbe0c055f3a3ed86e94651cfa66bdde6b5d0584c60dbddcd4,normal,False,91.93479241966921,178.81127789279964
redmi,Q_100000_terang_blur_R04,100000,terang,blur,4,480,452,0.9,24,65,456,387,432,322,167.12919829767657,10.180486781230988,941672396ac5537b88701a8c4e91a92d491e6a536985c42331d798b006717995,normal,False,91.93479241966921,178.81127789279964
redmi,Q_100000_terang_blur_R05,100000,terang,blur,5,480,452,0.9,24,65,456,387,432,322,166.53766246836898,9.942986500251402,4929cc5cc06537164ba7bfc62146af2e7bea6ffabd7d5cbabcffd4dedc9e6dc5,normal,False,91.93479241966921,178.81127789279964
redmi,Q_50000_terang_blur_R01,50000,terang,blur,1,480,452,0.9,24,65,456,387,432,322,160.0949145962733,12.744803772679068,80b823129a4385bc6720235d2690ae5eb28c0edd6aa419e45dd0c4ac4da02700,normal,False,91.93479241966921,178.81127789279964
redmi,Q_50000_terang_blur_R02,50000,terang,blur,2,480,452,0.9,24,65,456,387,432,322,139.46720439383483,12.121293601270956,f9111d1726e506cb5fadceceeabdbbf9e1b259ce29d039107121371accc03624,normal,False,91.93479241966921,178.81127789279964
redmi,Q_50000_terang_blur_R03,50000,terang,blur,3,480,452,0.9,24,65,456,387,432,322,138.6830429031516,10.786075578015142,7c517f579fecc6c5cb011ce72169085febe2d12283b3f4510a2dfb60669ef111,normal,False,91.93479241966921,178.81127789279964
redmi,Q_50000_terang_blur_R04,50000,terang,blur,4,480,452,0.9,24,65,456,387,432,322,137.92416465378423,9.59063226696652,603077c67b21fde68a77a48eb532cce3ad813cbb3edd77688a14da6371f032e3,normal,False,91.93479241966921,178.81127789279964
redmi,Q_50000_terang_blur_R05,50000,terang,blur,5,480,452,0.9,24,65,456,387,432,322,137.5690921900161,8.584934588745183,38129a38eacf559036a10d763530c2d61fe05b9d8f356e56ecc784c3ec696e65,normal,False,91.93479241966921,178.81127789279964
redmi,Q_20000_terang_blur_R01,20000,terang,blur,1,480,452,0.9,24,65,456,387,432,322,141.00102800782147,5.033893867409326,064b0919846a5bc24e0cadca42e4d869340837a63b3d510372ec24ec3f5ad3e9,normal,False,91.93479241966921,178.81127789279964
redmi,Q_20000_terang_blur_R02,20000,terang,blur,2,480,452,0.9,24,65,456,387,432,322,140.55922906602254,7.105363368712818,227e0239d87c6b228943c8f479146dd003c21d8d4195f384e38fbe8bd5de8a0a,normal,False,91.93479241966921,178.81127789279964
redmi,Q_20000_terang_blur_R03,20000,terang,blur,3,480,452,0.9,24,65,456,387,432,322,138.21026713825626,5.274811038906166,5f1454f40d0dcee872207c7a8fe90bc697e3fea268c37da2cddd0af13c1d95b8,normal,False,91.93479241966921,178.81127789279964
redmi,Q_20000_terang_blur_R04,20000,terang,blur,4,480,452,0.9,24,65,456,387,432,322,137.17679577869797,5.299178755778039,89554518481cae6f233fb7c777dd82df18aeb52e6a5e616ded787962517b2732,normal,False,91.93479241966921,178.81127789279964
redmi,Q_20000_terang_blur_R05,20000,terang,blur,5,480,452,0.9,24,65,456,387,432,322,136.1210029905682,5.323037669010276,27de616f3d1853dec10f8b651ef357bcf0c7a97d03422f6bf23d4830ac07fa7f,normal,False,91.93479241966921,178.81127789279964
redmi,Q_10000_terang_blur_R01,10000,terang,blur,1,480,452,0.9,24,65,456,387,432,322,136.50744047619048,5.330951908073198,e7f6c1b14f6d620b122e72fefea632900f35b70db0e719750c99b18aa9ee81e9,normal,False,91.93479241966921,178.81127789279964
redmi,Q_10000_terang_blur_R02,10000,terang,blur,2,480,452,0.9,24,65,456,387,432,322,135.85157867494823,5.282819446111073,fe7f628051b3c76dffea3ad62f1e241df3ced5318cab34b96c9d749579a9d002,normal,False,91.93479241966921,178.81127789279964
redmi,Q_10000_terang_blur_R03,10000,terang,blur,3,480,452,0.9,24,65,456,387,432,322,135.67307913503566,5.901126053726254,fa7763ae3d3b3944628336484696faedb5b170a4222b26ce87c3527fa54f181b,normal,False,91.93479241966921,178.81127789279964
redmi,Q_10000_terang_blur_R04,10000,terang,blur,4,480,452,0.9,24,65,456,387,432,322,130.42739964343224,6.134817796306703,db50dea29eb0b1112d6d8b22a987a058970be65300bc2071948846de290bd174,normal,False,91.93479241966921,178.81127789279964
redmi,Q_10000_terang_blur_R05,10000,terang,blur,5,480,452,0.9,24,65,456,387,432,322,130.93833390844262,5.731380597620335,7e8c6472f1278a412062e7e2b825d39f97dedffbc7c7bfc0321589a97b7377b3,normal,False,91.93479241966921,178.81127789279964
redmi,Q_5000_terang_blur_R01,5000,terang,blur,1,480,452,0.9,24,65,456,387,432,322,128.643798884288,6.165283117088207,e6ef4a9b719b41c39dffa54ec1cdfbd2bdb030610d1f32a88c3fedefae67889d,normal,False,91.93479241966921,178.81127789279964
redmi,Q_5000_terang_blur_R02,5000,terang,blur,2,480,452,0.9,24,65,456,387,432,322,126.06439786059352,5.343001281890127,dad022c8f07a7010096302fd9485bde6ec3065f18d00884f7e5689442c9176f8,normal,False,91.93479241966921,178.81127789279964
redmi,Q_5000_terang_blur_R03,5000,terang,blur,3,480,452,0.9,24,65,456,387,432,322,125.59975270301358,4.8880521092482425,9a9a8af3c14021edac38a175e3d1e1928b822fa612946beb2b3a30c90e423d40,normal,False,91.93479241966921,178.81127789279964
redmi,Q_5000_terang_blur_R04,5000,terang,blur,4,480,452,0.9,24,65,456,387,432,322,123.422496836899,4.730043299587615,a9283b4246228358ac6261d6466b86c8176a9d03a24ea0891344543935d5f25c,normal,False,91.93479241966921,178.81127789279964
redmi,Q_5000_terang_blur_R05,5000,terang,blur,5,480,452,0.9,24,65,456,387,432,322,123.59545376121464,4.914963491192452,6844a9fde86db6ee4357fc21ce463255d33e5a9a37e4998a8343db4cac49b039,normal,False,91.93479241966921,178.81127789279964
redmi,Q_2000_terang_blur_R01,2000,terang,blur,1,480,452,0.9,24,65,456,387,432,322,113.59062284334024,5.5968384257009705,3704ebabe25ddf69f59d7f7b4b5580b9f57ad991bb55b13b98d843dcfcaec645,normal,False,91.93479241966921,178.81127789279964
redmi,Q_2000_terang_blur_R02,2000,terang,blur,2,480,452,0.9,24,65,456,387,432,322,104.66031889809064,5.689345853966671,99e8795c1d53e300df06bae7a11779b4a0ac3ee6055977e887292dcb789dfad2,normal,False,91.93479241966921,178.81127789279964
redmi,Q_2000_terang_blur_R03,2000,terang,blur,3,480,452,0.9,24,65,456,387,432,322,104.2571960547504,5.379113142027785,1338f0c71eb6115a1410e8702590026307f93e322fb4795f85b5138dedb146c7,normal,False,91.93479241966921,178.81127789279964
redmi,Q_2000_terang_blur_R04,2000,terang,blur,4,480,452,0.9,24,65,456,387,432,322,103.37152777777776,4.286707768504512,49d1b0f2b7711d402351ccb9e3947097bd790880cee12dc20d8d469b81436b4f,normal,False,91.93479241966921,178.81127789279964
redmi,Q_2000_terang_blur_R05,2000,terang,blur,5,480,452,0.9,24,65,456,387,432,322,102.91407867494824,4.016220882698418,90eb2c5ab09720fc7d98e1a445a78002fe754326413c5a7c4027b91d0c586a77,normal,False,91.93479241966921,178.81127789279964
redmi,Q_1000_terang_blur_R01,1000,terang,blur,1,480,452,0.9,24,65,456,387,432,322,96.6725543478261,3.4572453580799585,2f2331985cfcc2a6ba359004790c52c889f9304d37877d3ac4948c1e7383708d,normal,False,91.93479241966921,178.81127789279964
redmi,Q_1000_terang_blur_R02,1000,terang,blur,2,480,452,0.9,24,65,456,387,432,322,96.29143662295836,3.6802105043583526,39b9fdc24353da477673b897250297b831cee98299d7b4d8beae780c56775142,normal,False,91.93479241966921,178.81127789279964
redmi,Q_1000_terang_blur_R03,1000,terang,blur,3,480,452,0.9,24,65,456,387,432,322,101.82152202668507,2.8636845355069465,76faf0fe124b19447bd0867e0944e660b01eaea0a3eb2e37f5459968cbd685c4,normal,False,91.93479241966921,178.81127789279964
redmi,Q_1000_terang_blur_R04,1000,terang,blur,4,480,452,0.9,24,65,456,387,432,322,100.85988900391074,2.8806540594155625,758df1b5c7a9dbd9d9b714f03017fa25baf8e6ec1274e2c672640885b9904a44,normal,False,91.93479241966921,178.81127789279964
redmi,Q_1000_terang_blur_R05,1000,terang,blur,5,480,452,0.9,24,65,456,387,432,322,96.91736398665746,4.608698979547644,a5c02098a9fe4b301534e0495cf3aa5e654def1bc9689b63670c10c7445fe1f8,normal,False,91.93479241966921,178.81127789279964
redmi,Q_1000_redup_tajam_R01,1000,redup,tajam,1,480,452,0.9,24,65,456,387,432,322,39.383777605244994,58.804273078141904,3d86cf9036bbf3bf79ee04cb597194ad486bbe75f3081a81d1a241330ef7fbfa,redup,True,91.93479241966921,178.81127789279964
redmi,Q_1000_redup_tajam_R02,1000,redup,tajam,2,480,452,0.9,24,65,456,387,432,322,40.53530452035887,63.1648400552241,469daff9228b04923f0e5b8a17afeaa0a4d744a195e3cb283ef28daf6b71723e,redup,True,91.93479241966921,178.81127789279964
redmi,Q_1000_redup_tajam_R03,1000,redup,tajam,3,480,452,0.9,24,65,456,387,432,322,38.78201201978376,61.25547228606468,82b06c3a762393f396912ecb2f42995edc668482f566d98a560f3d202a8cf6ed,redup,True,91.93479241966921,178.81127789279964
redmi,Q_1000_redup_tajam_R04,1000,redup,tajam,4,480,452,0.9,24,65,456,387,432,322,39.376682194616976,54.68819040269867,0a070a5e460d6f53b0271fe67203473c47193708a65521ab7ddcc8fc84904b03,redup,True,91.93479241966921,178.81127789279964
redmi,Q_1000_redup_tajam_R05,1000,redup,tajam,5,480,452,0.9,24,65,456,387,432,322,40.261358408097536,54.82898979764188,9aba51e6cd3a736a5af4b46372a8f2235ee8af4c17f984e3746df42f80fba1fb,redup,True,91.93479241966921,178.81127789279964
redmi,Q_2000_redup_tajam_R01,2000,redup,tajam,1,480,452,0.9,24,65,456,387,432,322,37.64373418449505,80.40292877901695,82fa6f806ba239319831b7109dec29cef554ff65cc0e1df6c17bc89db7181e24,redup,True,91.93479241966921,178.81127789279964
redmi,Q_2000_redup_tajam_R02,2000,redup,tajam,2,480,452,0.9,24,65,456,387,432,322,38.03596589602024,83.44947666792015,e160891f253c4b889c1583ff2ec83ca56f2f10dd1f593403e612d2c08df26fbe,redup,True,91.93479241966921,178.81127789279964
redmi,Q_2000_redup_tajam_R03,2000,redup,tajam,3,480,452,0.9,24,65,456,387,432,322,36.22348027375201,83.96683134126555,955af28de197082ba744a1aef1c32a389704be85cdfc7235d44a22db8d2f9fc8,redup,True,91.93479241966921,178.81127789279964
redmi,Q_2000_redup_tajam_R04,2000,redup,tajam,4,480,452,0.9,24,65,456,387,432,322,35.78514636530941,90.2589244183934,d1f595b98e92107f8a6c6ec662f933da1677257bcef46466a90ac421f292bc23,redup,True,91.93479241966921,178.81127789279964
redmi,Q_2000_redup_tajam_R05,2000,redup,tajam,5,480,452,0.9,24,65,456,387,432,322,38.09533873936048,75.2629651109975,63631bf7b66c9552072bea116ea4ec4f5a6ae84a009ab372026da4de770097fa,redup,True,91.93479241966921,178.81127789279964
redmi,Q_5000_redup_tajam_R01,5000,redup,tajam,1,480,452,0.9,24,65,456,387,432,322,38.19908845180584,53.47273234180638,ed7175ff913a094aae2ca845f411f81704c3803395fcdf20c16fca08923b9e4d,redup,True,91.93479241966921,178.81127789279964
redmi,Q_5000_redup_tajam_R02,5000,redup,tajam,2,480,452,0.9,24,65,456,387,432,322,35.35417385553255,51.879244131963226,ac6e217a2511f3a1ed994893edca3336c3524a0ecc54d3da27ff53083095f290,redup,True,91.93479241966921,178.81127789279964
redmi,Q_5000_redup_tajam_R03,5000,redup,tajam,3,480,452,0.9,24,65,456,387,432,322,35.084339774557165,48.59021074942326,e10351bf0cb7d461393144f8a0a2b986e2ae27b6a3410fc66a8e8db8f11ffffd,redup,True,91.93479241966921,178.81127789279964
redmi,Q_5000_redup_tajam_R04,5000,redup,tajam,4,480,452,0.9,24,65,456,387,432,322,35.12931331953071,56.72005082767501,08e44a6ff9d52d96af43cf5db9e523146e7c545a4ecec25ec8efd7316742add1,redup,True,91.93479241966921,178.81127789279964
redmi,Q_5000_redup_tajam_R05,5000,redup,tajam,5,480,452,0.9,24,65,456,387,432,322,35.13536634460547,53.76680934156765,8420b5bf08e5c39d0cb5c7631bab0353b4a3024f66da4e3bd21b5fd99165d4e6,redup,True,91.93479241966921,178.81127789279964
redmi,Q_10000_redup_tajam_R01,10000,redup,tajam,1,480,452,0.9,24,65,456,387,432,322,33.16491977225673,59.13147521839296,3df63c0a628f930a82fde4706e5ff3f958649274d99bf1d05cb9b3c756a10d84,redup,True,91.93479241966921,178.81127789279964
redmi,Q_10000_redup_tajam_R02,10000,redup,tajam,2,480,452,0.9,24,65,456,387,432,322,33.14221014492754,42.8505813108437,a9a26fce4da16a75e2b800f51b8b714224e6187e85b6557fa6b91f765921a60a,redup,True,91.93479241966921,178.81127789279964
redmi,Q_10000_redup_tajam_R03,10000,redup,tajam,3,480,452,0.9,24,65,456,387,432,322,34.03934466298597,51.13074106273661,957ed2ced12386a5a6a58bbddaba3d61aac0d38053fd524790d47bc1b32c256a,redup,True,91.93479241966921,178.81127789279964
redmi,Q_10000_redup_tajam_R04,10000,redup,tajam,4,480,452,0.9,24,65,456,387,432,322,33.68592563837129,43.29819039805089,4deaed5d279b590f3f1a4f42d630375e4e6b1f4118af962634d375a860dcadcb,redup,True,91.93479241966921,178.81127789279964
redmi,Q_10000_redup_tajam_R05,10000,redup,tajam,5,480,452,0.9,24,65,456,387,432,322,33.196054750402574,62.93135171862324,f03f3b3cb2df2213f8feba7e43b9cbc3dee7c53d23e171ce35d87f956db82028,redup,True,91.93479241966921,178.81127789279964
redmi,Q_20000_redup_tajam_R01,20000,redup,tajam,1,480,452,0.9,24,65,456,387,432,322,32.46522745571659,53.016380806348025,3d4967dfeafb88d15457a9ad97b6ac88c251427aba39405d12c8bc1dfde45bf4,redup,True,91.93479241966921,178.81127789279964
redmi,Q_20000_redup_tajam_R02,20000,redup,tajam,2,480,452,0.9,24,65,456,387,432,322,32.01866229583621,65.98026149586771,5676d9a3dac1774cd22acff56a846f0134551b5022de21d4fb048759d93bd9b6,redup,True,91.93479241966921,178.81127789279964
redmi,Q_20000_redup_tajam_R03,20000,redup,tajam,3,480,452,0.9,24,65,456,387,432,322,33.236161433172306,46.50755086570232,0e1251a6ab2fc41443bfd73b449db1725aec3dfdc92c0b03fdc2fc2721b5dbca,redup,True,91.93479241966921,178.81127789279964
redmi,Q_20000_redup_tajam_R04,20000,redup,tajam,4,480,452,0.9,24,65,456,387,432,322,33.113533758914194,48.64859011289886,8ecd99d51822142cee7d18659637b447b787ff38f4e387a7f75c89f8893247e9,redup,True,91.93479241966921,178.81127789279964
redmi,Q_20000_redup_tajam_R05,20000,redup,tajam,5,480,452,0.9,24,65,456,387,432,322,32.93194300667127,51.18583555928669,dcf8b9c21205f794298c269341fa39b384364b7984ef86f500d6c4f85faf2023,redup,True,91.93479241966921,178.81127789279964
redmi,Q_50000_redup_tajam_R01,50000,redup,tajam,1,480,452,0.9,24,65,456,387,432,322,28.456981826547043,30.526591560841585,f38b0ff0b706791160f3c7895f1a9e29377efc453fcdd15a2de1593255f00e98,redup,True,91.93479241966921,178.81127789279964
redmi,Q_50000_redup_tajam_R02,50000,redup,tajam,2,480,452,0.9,24,65,456,387,432,322,28.106165171382564,31.21807335463215,5c1ac574d4405d73cf931e6f0aa34dbabb3575947bef64887cf59399a87f6ddf,redup,True,91.93479241966921,178.81127789279964
redmi,Q_50000_redup_tajam_R03,50000,redup,tajam,3,480,452,0.9,24,65,456,387,432,322,28.186486369910284,32.049178779016955,8b8e2bfa1d2cdc263929fe02bd00249010dde4bd630d91f86dd061cde56860de,redup,True,91.93479241966921,178.81127789279964
redmi,Q_50000_redup_tajam_R04,50000,redup,tajam,4,480,452,0.9,24,65,456,387,432,322,29.578574304117783,30.690501388789126,2c8f1f99f80e8e5ac2f646e2932681b284868cc3cef2ab2894fd8399deea8117,redup,True,91.93479241966921,178.81127789279964
redmi,Q_50000_redup_tajam_R05,50000,redup,tajam,5,480,452,0.9,24,65,456,387,432,322,29.277281746031747,32.92216564359113,528db22668dc6ef2902cf78db593d0b0865ee85caf27025f28a44e413cda1f30,redup,True,91.93479241966921,178.81127789279964
redmi,Q_100000_redup_tajam_R01,100000,redup,tajam,1,480,452,0.9,24,65,456,387,432,322,34.145833333333336,47.08591568732253,93bdfa6d1c96285dced335e876a3c9e43930e9a7c4ff6dcb23bb3136061f9b5e,redup,True,91.93479241966921,178.81127789279964
redmi,Q_100000_redup_tajam_R02,100000,redup,tajam,2,480,452,0.9,24,65,456,387,432,322,33.95865683229814,40.919386837268455,c696262710ce64632012d648146cc61ce317f7d0c135ccf03e779d5855408354,redup,True,91.93479241966921,178.81127789279964
redmi,Q_100000_redup_tajam_R03,100000,redup,tajam,3,480,452,0.9,24,65,456,387,432,322,30.98364533011272,35.31693240412892,136edf96f0325cee2b959174693bb0fd2809b592f947c3bcc82f3a5e2cedd2bd,redup,True,91.93479241966921,178.81127789279964
redmi,Q_100000_redup_tajam_R04,100000,redup,tajam,4,480,452,0.9,24,65,456,387,432,322,31.029014262709914,39.27315392695376,df6133f0111994bfd9e9d1d473574b7f3b68de507693f357cbf126fd9b00fdc5,redup,True,91.93479241966921,178.81127789279964
redmi,Q_100000_redup_tajam_R05,100000,redup,tajam,5,480,452,0.9,24,65,456,387,432,322,30.28741804692892,32.656086815297115,4ce80008217971719ee271d44cd57c7e4ceabeda38a67b97d80218362bf1e3b8,redup,True,91.93479241966921,178.81127789279964
redmi,Q_nonuang_redup_tajam_R01,nonuang,redup,tajam,1,480,452,0.9,24,65,456,387,432,322,10.17601219231654,21.61515970604888,dfefa0916c06caebad28a5eec77f359e011218ea7289a0bd9cca99342a0bdd19,redup,True,91.93479241966921,178.81127789279964
redmi,Q_nonuang_redup_tajam_R02,nonuang,redup,tajam,2,480,452,0.9,24,65,456,387,432,322,34.72923136645963,36.2743894991803,b91b34afc066553aaca70c9b2e8e515215316ad0dd7c371aab7070ab223b1b10,redup,True,91.93479241966921,178.81127789279964
redmi,Q_nonuang_redup_tajam_R03,nonuang,redup,tajam,3,480,452,0.9,24,65,456,387,432,322,39.28900678628939,259.3766997783853,7ee0f6fc640b740962a6ebc81588e0f3d60aabe49991c704aec448bdbb73c57c,redup,True,91.93479241966921,178.81127789279964
redmi,Q_nonuang_redup_tajam_R04,nonuang,redup,tajam,4,480,452,0.9,24,65,456,387,432,322,16.105266563146998,4.148321049331987,5b758c9082e339c4d47d5f047e7cd9dfdf62e93d15d419186cdedfc1b70327e7,redup,True,91.93479241966921,178.81127789279964
redmi,Q_nonuang_redup_tajam_R05,nonuang,redup,tajam,5,480,452,0.9,24,65,456,387,432,322,41.814735737290086,3.0781104480039887,e59caa21674096aa5644aab84d4f0c5f4de3004a130eba2bf65fc8382db4825b,redup,True,91.93479241966921,178.81127789279964
redmi,Q_1000_redup_blur_R01,1000,redup,blur,1,480,452,0.9,24,65,456,387,432,322,45.38098113641592,3.976555054886087,dfabf80ffad9598fd07b0cbbedb98fa6499c6baceabd91fb208625cadbc17522,redup,True,91.93479241966921,178.81127789279964
redmi,Q_1000_redup_blur_R02,1000,redup,blur,2,480,452,0.9,24,65,456,387,432,322,43.35449016563147,4.17154794182455,a051de00f05210c4f7f7e47c7bcd172667713663ffbf4c2ed47e292bd354d793,redup,True,91.93479241966921,178.81127789279964
redmi,Q_1000_redup_blur_R03,1000,redup,blur,3,480,452,0.9,24,65,456,387,432,322,42.15936996779388,4.121646641713004,dcdbbe6a15daf3430dfaed8705b18edc401ddffa0b8fe5c0cbd1bd1996ef8231,redup,True,91.93479241966921,178.81127789279964
redmi,Q_1000_redup_blur_R04,1000,redup,blur,4,480,452,0.9,24,65,456,387,432,322,45.41865079365079,3.913996999856341,dba03789f0a8e82712feb2c58309243f463afdd86eefdc00dca0bf1a3e460ee3,redup,True,91.93479241966921,178.81127789279964
redmi,Q_1000_redup_blur_R05,1000,redup,blur,5,480,452,0.9,24,65,456,387,432,322,45.62019064872326,3.820523230251149,89e9fde7f88312fbf1d40fc7fa8dac94c4fe970f78a5f4bcd31dd8342b975406,redup,True,91.93479241966921,178.81127789279964
redmi,Q_2000_redup_blur_R01,2000,redup,blur,1,480,452,0.9,24,65,456,387,432,322,43.85487836438924,3.7381682666306113,a037cac5b59005a0dacc96c6673f5cf8c5737bd951c678d2b99920805bbbeb36,redup,True,91.93479241966921,178.81127789279964
redmi,Q_2000_redup_blur_R02,2000,redup,blur,2,480,452,0.9,24,65,456,387,432,322,40.945910973084885,3.498495627651349,cbe85d590799bdc89d3e587f61ad5eee3e58c2c8f7ad989ed0f596f6615bb186,redup,True,91.93479241966921,178.81127789279964
redmi,Q_2000_redup_blur_R03,2000,redup,blur,3,480,452,0.9,24,65,456,387,432,322,47.88484874626179,4.053204908850645,da16dfe61f38c83aceff982265bcd2da7ad8b752619d43bb2371bc394d9fa571,redup,True,91.93479241966921,178.81127789279964
redmi,Q_2000_redup_blur_R04,2000,redup,blur,4,480,452,0.9,24,65,456,387,432,322,48.0,3.989004309709218,b18b25f9708d1ca93e5b9b2c7af0a6f398d8c29c84fbc3db67f17a7cfaab4b50,redup,True,91.93479241966921,178.81127789279964
redmi,Q_2000_redup_blur_R05,2000,redup,blur,5,480,452,0.9,24,65,456,387,432,322,47.70650017253279,4.051148113000271,67b78e1ebb0a2502741345a51cab545ebc85b5b4ddd1907dc4f410b70fc6482e,redup,True,91.93479241966921,178.81127789279964
redmi,Q_5000_redup_blur_R01,5000,redup,blur,1,480,452,0.9,24,65,456,387,432,322,51.43361082355648,3.8785653972058376,d28a6de3d1e6241e6de5d50f750f942b37094ced46262fb7b0d4ffdad5fbbbc5,redup,True,91.93479241966921,178.81127789279964
redmi,Q_5000_redup_blur_R02,5000,redup,blur,2,480,452,0.9,24,65,456,387,432,322,51.27841039797561,3.792020348837209,e3d973e01e87b9135baeb02084a1755950b607969d39d7037c677b13fdb7b200,redup,True,91.93479241966921,178.81127789279964
redmi,Q_5000_redup_blur_R03,5000,redup,blur,3,480,452,0.9,24,65,456,387,432,322,50.52253709454797,3.929491278224716,952f1749fe7b91253e9d5b3169d813fd5406bcfadb8727b30b38e042975c8ffc,redup,True,91.93479241966921,178.81127789279964
redmi,Q_5000_redup_blur_R04,5000,redup,blur,4,480,452,0.9,24,65,456,387,432,322,50.75350816655165,3.990436025385344,a4912ad04883bf4672bfb3458ecdf397bdaf38609597ba928bec6099393aaaf9,redup,True,91.93479241966921,178.81127789279964
redmi,Q_5000_redup_blur_R05,5000,redup,blur,5,480,452,0.9,24,65,456,387,432,322,51.25593081435473,3.831053763806027,2be60b1a437023b1e8995def7b4a0438d934f2c918ae91120e10ef574f8857ba,redup,True,91.93479241966921,178.81127789279964
redmi,Q_10000_redup_blur_R01,10000,redup,blur,1,480,452,0.9,24,65,456,387,432,322,48.68354612376351,3.941124842609181,31bff2e80ca11680d0e3aa986dd1776699c46f04e76047f5c7065a104c99e82b,redup,True,91.93479241966921,178.81127789279964
redmi,Q_10000_redup_blur_R02,10000,redup,blur,2,480,452,0.9,24,65,456,387,432,322,49.109306705774095,4.154114058221928,2fb1db62251edbf550bdd1d830cb06b17fb9a3415cf4a770c35be3445ce39c70,redup,True,91.93479241966921,178.81127789279964
redmi,Q_10000_redup_blur_R03,10000,redup,blur,3,480,452,0.9,24,65,456,387,432,322,49.52994162640902,4.018129340131068,5e4f5eb27abbcc36841c190da851e82050b73aa9f47e9cfa0a7f6e4fd52f7fc8,redup,True,91.93479241966921,178.81127789279964
redmi,Q_10000_redup_blur_R04,10000,redup,blur,4,480,452,0.9,24,65,456,387,432,322,49.20563031976076,3.886218466062737,10951042ec870064381bdf151fced28c868655b23d405a5300ed7d6e6472137e,redup,True,91.93479241966921,178.81127789279964
redmi,Q_10000_redup_blur_R05,10000,redup,blur,5,480,452,0.9,24,65,456,387,432,322,49.52981941568898,3.981380285796377,2a256e0f9e6dc64316f7e2c7aa87ac512a4d1b1c2659c3ea1cf21127084e6b23,redup,True,91.93479241966921,178.81127789279964
redmi,Q_20000_redup_blur_R01,20000,redup,blur,1,480,452,0.9,24,65,456,387,432,322,49.16243961352657,4.124668368829012,cc207cbf1e7a2d6fe1705be52bfe10df7edfd4c12b60bdd23a30c0428215e310,redup,True,91.93479241966921,178.81127789279964
redmi,Q_20000_redup_blur_R02,20000,redup,blur,2,480,452,0.9,24,65,456,387,432,322,48.54762623648493,3.988451721739369,aba4a612939795b032093841efe0076984975d94193bdbb06f942a03f171bdf2,redup,True,91.93479241966921,178.81127789279964
redmi,Q_20000_redup_blur_R03,20000,redup,blur,3,480,452,0.9,24,65,456,387,432,322,46.73073383942949,4.058138816114707,2f2cbdbd5b878414b6aa9ee9c12a2f25e00351bdf0e94ce13a9595a5f7209fa6,redup,True,91.93479241966921,178.81127789279964
redmi,Q_20000_redup_blur_R04,20000,redup,blur,4,480,452,0.9,24,65,456,387,432,322,47.348350874166094,3.987470169686317,6351fcd026a608ae0fa0d9e16a9ac268625d452e89f462739ee31079c1fcae3b,redup,True,91.93479241966921,178.81127789279964
redmi,Q_20000_redup_blur_R05,20000,redup,blur,5,480,452,0.9,24,65,456,387,432,322,47.1236988152749,3.950761296435573,f60e31c520dada9d5fcd983b6c1d247292e056eded102419cbc9c1a3bcfc9fee,redup,True,91.93479241966921,178.81127789279964
redmi,Q_50000_redup_blur_R01,50000,redup,blur,1,480,452,0.9,24,65,456,387,432,322,43.278201920864966,3.612351243704367,e608cb86ea3584130a4f21dbef3394476bfa4de023aa2d28b34f293767193910,redup,True,91.93479241966921,178.81127789279964
redmi,Q_50000_redup_blur_R02,50000,redup,blur,2,480,452,0.9,24,65,456,387,432,322,43.11899729698643,3.7713444259882873,4c4cf55607eb7447be79e8a77e3e21e01176d9708aef9bccf0b4b81d527fff02,redup,True,91.93479241966921,178.81127789279964
redmi,Q_50000_redup_blur_R03,50000,redup,blur,3,480,452,0.9,24,65,456,387,432,322,40.07416034046469,3.621289007096319,1ea7a39761b83228105808abdb60093c3e0728c4d4ff97f221401823bbc46fbf,redup,True,91.93479241966921,178.81127789279964
redmi,Q_50000_redup_blur_R04,50000,redup,blur,4,480,452,0.9,24,65,456,387,432,322,39.6777518978606,3.554423245620521,aa0e7eb7408bd009a16a51706e17fe5f3e6d1c7b506efca87cb2db77daf6214e,redup,True,91.93479241966921,178.81127789279964
redmi,Q_50000_redup_blur_R05,50000,redup,blur,5,480,452,0.9,24,65,456,387,432,322,43.92011013342536,3.595572643996755,d85cd5aea7093383be2dc6dcddbe124b58a69851f144a2607e7d816cac6ffda0,redup,True,91.93479241966921,178.81127789279964
redmi,Q_100000_redup_blur_R01,100000,redup,blur,1,480,452,0.9,24,65,456,387,432,322,51.48690188635841,3.7327827072382873,6af24c143fbcd84bcf24be59ffa0330562b7979c7e7fb04b89cb946faf455677,redup,True,91.93479241966921,178.81127789279964
redmi,Q_100000_redup_blur_R02,100000,redup,blur,2,480,452,0.9,24,65,456,387,432,322,50.907925005751096,3.98462739313269,6aae5016cb1ae76080fc970cb380f33960f3517dfa169296d42b79191c90c643,redup,True,91.93479241966921,178.81127789279964
redmi,Q_100000_redup_blur_R03,100000,redup,blur,3,480,452,0.9,24,65,456,387,432,322,46.4959167241776,3.862118299587615,70cf7624d6e65145beae13eeac39825105e459b1f167d44a5c616a07fff5fb65,redup,True,91.93479241966921,178.81127789279964
redmi,Q_100000_redup_blur_R04,100000,redup,blur,4,480,452,0.9,24,65,456,387,432,322,46.79332729468599,3.661351277506422,cd464400fc2a7c0751c89eda69f50e48fcf78b57a3da4d4e7482bb8ece900ee1,redup,True,91.93479241966921,178.81127789279964
redmi,Q_100000_redup_blur_R05,100000,redup,blur,5,480,452,0.9,24,65,456,387,432,322,52.36977369450196,4.015480848970305,484a4bda43d9b1217c747ad7c256011f64462010557cb3b604c5098ecf081f73,redup,True,91.93479241966921,178.81127789279964
redmi,Q_nonuang_redup_blur_R01,nonuang,redup,blur,1,480,452,0.9,24,65,456,387,432,322,17.87915516448125,2.5029859273065678,ca271eae6c00ccd935bb6829a2b2a4cdfd6e5d66381bdcc25fce82ac2f6fd49f,redup,True,91.93479241966921,178.81127789279964
redmi,Q_nonuang_redup_blur_R02,nonuang,redup,blur,2,480,452,0.9,24,65,456,387,432,322,58.98614705544053,9.054522593293672,db8b78dc5271b6b612b8b742cecbf3f8dd41c6d19bb11339e2ba921f309ff1fb,redup,True,91.93479241966921,178.81127789279964
redmi,Q_nonuang_redup_blur_R03,nonuang,redup,blur,3,480,452,0.9,24,65,456,387,432,322,51.25823125143777,4.132543597045701,c8250433ec9fbb6c7509111b8694506d499f194baf60866f0e60d408d8ad947d,redup,True,91.93479241966921,178.81127789279964
redmi,Q_nonuang_redup_blur_R04,nonuang,redup,blur,4,480,452,0.9,24,65,456,387,432,322,28.5523780768346,2.789017203080635,7ac8220bb5086554b67fa115542113170d68203754ca93b5eee8e02f637868bc,redup,True,91.93479241966921,178.81127789279964
redmi,Q_nonuang_redup_blur_R05,nonuang,redup,blur,5,480,452,0.9,24,65,456,387,432,322,66.94353864734299,3.1095051275605057,6e763049040ee8d781360762c2d065e59bb68b1918d6e240c737d3ce91607a7b,redup,True,91.93479241966921,178.81127789279964
