sample_id,keep_sample_id,label,source_id,sha256
ds1_img000218_ann000218,ds1_img000088_ann000088,1000,ds1,01de74491f7bc58d91a16f793643f3990615c06a71e8521723b6eea1e0acafc9
ds1_img000266_ann000266,ds1_img000173_ann000173,1000,ds1,aa43d671264053413ded9d8687c5f0cbbcbd66bebcea2d7a01f7d07ca03b2b80
ds1_img000291_ann000291,ds1_img000026_ann000026,1000,ds1,a1c131003e0028fa3756dfa836ecb080f0fa3e0e6a999f14ba8fd4457392d772
ds1_img000401_ann000401,ds1_img000173_ann000173,1000,ds1,aa43d671264053413ded9d8687c5f0cbbcbd66bebcea2d7a01f7d07ca03b2b80
ds1_img000430_ann000430,ds1_img000170_ann000170,1000,ds1,e077d80ff501445c4b2006ab43d5ff9fc0cfc34fdc03677ce576a4c23aa78782
ds1_img000440_ann000440,ds1_img000001_ann000001,1000,ds1,d8e1d2f5dfd4ae1abde3e9ec094afaebef3a46a3b45e65ea9ff179b23977d2b1
ds1_img000472_ann000472,ds1_img000406_ann000406,1000,ds1,b5d25342d630ab3887de616dbcb5616addf8bcc6c50156c73718067f42ff4138
ds1_img000531_ann000531,ds1_img000185_ann000185,1000,ds1,85008f1023acd5dafe33862a88741caa85fef18f11cd92a2d0981a15ae943bab
ds1_img000627_ann000627,ds1_img000015_ann000015,1000,ds1,fc5568dec461eaf345b6fbd036a9a2e5f299c5308af4878cffc0daf6e5421dcf
ds1_img000716_ann000716,ds1_img000578_ann000578,1000,ds1,cb6d44e9483eeed34f6e0661cdb7a811b59f58c20d2f77d68ddca4d93ec3aa37
ds1_img000736_ann000736,ds1_img000575_ann000575,1000,ds1,fa9fb8a06557e187a8117d022f7ae7be084aebab3efd859c1a9faeda79f0e3f0
ds1_img000740_ann000740,ds1_img000255_ann000255,1000,ds1,d606d0fc36e436f36bf0262ca5f89395486efe4973495d724b8ca0a7b06dddc9
ds1_img000752_ann000752,ds1_img000265_ann000265,1000,ds1,0e81f4e0c462e3ac672963d9be48e6d2c0c32fd75079b31580c0ec62de57fe8f
ds1_img000796_ann000796,ds1_img000068_ann000068,1000,ds1,7e08e1605122ab398a2a7be8816e36dc518ca4470a7a7d421e08665f188c51fe
ds1_img000814_ann000814,ds1_img000350_ann000350,1000,ds1,cdb191091661cd6bf6bd9bac6957118d973602beebd4fa7eb01524267b2fb884
ds1_img000830_ann000830,ds1_img000327_ann000327,1000,ds1,57a618a38be1e41eada1dd529a561e0d1b6f91b231ad252705a82674138e9723
ds1_img000859_ann000859,ds1_img000194_ann000194,1000,ds1,b2703c0a5a80ae9b8327482f759425438b0891b1ebc957011341b3eb61285517
ds1_img000877_ann000877,ds1_img000532_ann000532,1000,ds1,b7129951570189d23c7858bc16cbcf75818c460b9c665205f3a8e9d1fc179845
ds1_img000879_ann000879,ds1_img000512_ann000512,1000,ds1,0d698c419951fec5b6949679a384e98efa15d50aae6539adf3cc8e9e2b40920a
ds1_img000927_ann000927,ds1_img000887_ann000887,1000,ds1,1943ce92a355a2c827710757b4608b4011de1c12b06c6c15e847f8462aa01bff
ds1_img000946_ann000946,ds1_img000210_ann000210,1000,ds1,c5ee9ce2f1a69cbb133f0321a986d1cbf8a47f742046c16fd75e3eef99e06000
ds1_img000954_ann000954,ds1_img000620_ann000620,1000,ds1,40f9e69628903204b0f376242f5745a76df07e9104fbbfe1b6ae21e4668a29f9
ds1_img000970_ann000970,ds1_img000216_ann000216,1000,ds1,10422add672dfa185319423240f6ba79059dc688bf5172e68fe6f2f82b00f430
ds1_img000983_ann000983,ds1_img000042_ann000042,1000,ds1,a0429351a51c33744dd53e93209211ca67a4544cf4373e520dcb8e217486e1c5
ds1_img001019_ann001019,ds1_img000369_ann000369,1000,ds1,6fe1b12910417b371b13efe30ae4a91dff5329b2254eb898615d5e926a33852b
ds1_img001022_ann001022,ds1_img000428_ann000428,1000,ds1,d5240a54fb3bf6ce37aac7b57ca11df858c582fd36db40f02b1e94e9afbd367d
ds1_img001036_ann001036,ds1_img000646_ann000646,1000,ds1,33ef7cd40db624563db0038b0663574fc0a9587a07b67f494db04b39039eb6f7
ds1_img001066_ann001066,ds1_img000318_ann000318,1000,ds1,c9c1a3be3ce6d2ff1722e03bc33f56f36586ebbc7abef97bf9bce908d4fec7d9
ds1_img001089_ann001089,ds1_img000536_ann000536,1000,ds1,c5a132e7d1cd0ef2e9fac118d76b4bed42de246a1614694bd6daee0a768e0dc3
ds1_img001091_ann001091,ds1_img000074_ann000074,1000,ds1,db058e6e210831d34b976f3417418824c23ebc2fe107b25608e8502d4356b166
ds1_img001094_ann001094,ds1_img000231_ann000231,1000,ds1,095c9cbaf3d5619476d6a99fa610c8d7a01b679622fd30f7f9d0efcf7b218c62
ds1_img001162_ann001162,ds1_img000639_ann000639,1000,ds1,54ea82115355c72c8d92769b632aabd4cece37da7d0c941972a2e0244575727f
ds1_img001172_ann001172,ds1_img000543_ann000543,1000,ds1,acb3394dc87759b8044c30bff51dd4114f4c7a189be2f24a45c8f1024480f321
ds1_img001181_ann001181,ds1_img000382_ann000382,1000,ds1,1e93928e8220c58075512431a3d546c0e797b9eba224e7c5fe552a90072e46f7
ds1_img001209_ann001209,ds1_img001164_ann001164,1000,ds1,c9e3ddd770216623ea47458e5edc95bf5b5b49df0f929ae6fe46545e0b1c5965
ds1_img001230_ann001230,ds1_img000173_ann000173,1000,ds1,aa43d671264053413ded9d8687c5f0cbbcbd66bebcea2d7a01f7d07ca03b2b80
ds1_img001282_ann001282,ds1_img000651_ann000651,1000,ds1,ff54d2d8c0972196360437d9603e74a0d4d7a3e6b125aa40fc7c8d051398d0b8
ds1_img001311_ann001311,ds1_img001038_ann001038,1000,ds1,7f3edf690587e09986cc2297d035d78125195faa62ebe71a3dce5a3e4625bc7b
ds1_img001312_ann001312,ds1_img000552_ann000552,1000,ds1,b814f0932f11f3dc2c4d9c5a12985570819e8fdd4f76517025f4391311aee55e
ds1_img001313_ann001313,ds1_img000819_ann000819,1000,ds1,0222f8d8df342518fbd47341c6b58ed9154858f4f92b11a48ff3eb182eccc66f
ds1_img001317_ann001317,ds1_img000228_ann000228,1000,ds1,5d1a8fe2efcf45cc0036064cd6370e37f5b9bbf9e0b098dc5bd29ae0b1ba579e
ds1_img001321_ann001321,ds1_img000151_ann000151,1000,ds1,378c6dd5dccc0d1b3a53a9c77b0e6d7962432fa7a100885af0b25b9d94ac5e85
ds1_img001352_ann001352,ds1_img001023_ann001023,1000,ds1,2a8cf61940cbf6c07c2631bee793c394134f4c7cac2a2b92798357fd80311499
ds1_img001358_ann001358,ds1_img000601_ann000601,1000,ds1,d64c64bf371f3c41a28a919bd45c15c88b0ea89b7a5e7e9087f7e7473326de8e
ds1_img001367_ann001367,ds1_img000923_ann000923,1000,ds1,0faef8117c6af4ba5adc4f85074a8f993bd96388faab58a2ca97611bc044c0d2
ds1_img001379_ann001379,ds1_img000367_ann000367,1000,ds1,ef5be550cc92e35a51bf6160d68249a2d683b9a720bf84ebd62c6e57c12fdb59
ds1_img001380_ann001380,ds1_img000229_ann000229,1000,ds1,09bce00f41af48ed316c5eb2c2cfaa4460b4282aa27896607445604547898f06
ds1_img001390_ann001390,ds1_img000100_ann000100,1000,ds1,2abf097350661523a1a21c9bf966d4f5d9892f4bff3fa1f393251abf91602476
ds1_img001400_ann001400,ds1_img000920_ann000920,1000,ds1,2337c0315b53933e6ee67feaca4ab983f9bbd979acf4c006a9061df8e05ea18d
ds1_img001409_ann001409,ds1_img000979_ann000979,1000,ds1,4ad2a81152645490487c8b3d0906c4c6ddf47ce745c4736c28dbd8ae29492462
ds1_img001432_ann001432,ds1_img000490_ann000490,1000,ds1,b31612fbeab41a83c70c5cbcb3f01ace19690ea1629a11cfea62e4075ca3fdef
ds1_img001438_ann001438,ds1_img000882_ann000882,1000,ds1,8b2a5cd9942788b32d9100fd79f166045ead9fca3278a93f2cf4ddd3caa377e5
ds1_img001456_ann001456,ds1_img000998_ann000998,1000,ds1,9e5f0649d175245e6993fe23b001f92c3aafb1110f74d07af632d12245a62905
ds1_img001460_ann001460,ds1_img000536_ann000536,1000,ds1,c5a132e7d1cd0ef2e9fac118d76b4bed42de246a1614694bd6daee0a768e0dc3
ds1_img001461_ann001461,ds1_img000471_ann000471,1000,ds1,085e11fc0f5b103c0b6d9b3e7c39f22739503e6fcbc65ea12c53c11e12322932
ds1_img001467_ann001467,ds1_img000038_ann000038,1000,ds1,f888613493ec74e6af57d4dc255cf6ba708a7f91bd995fcff209d95cd5cb1981
ds1_img001480_ann001480,ds1_img000871_ann000871,1000,ds1,28fbcc821d62d7d2195d632a756cde089b58d3a3e5cedae8f9b45beaa98299c6
ds1_img001492_ann001492,ds1_img000359_ann000359,1000,ds1,498605a25572eba41d2d4ddf378fc0b6d8b38af3564807bbd9cb00ff6f6ec217
ds1_img001507_ann001507,ds1_img000841_ann000841,1000,ds1,20e13bb44a49db7282c77ae750c59735289d6c7ea636c44eaa63d1ebbe8caa1e
ds1_img001524_ann001524,ds1_img001472_ann001472,1000,ds1,0c4c125fe359f9b139755e83229d78ae2e745710d35bd230e142f53670386e1f
ds1_img001534_ann001534,ds1_img000704_ann000704,1000,ds1,d05cb1682553ad589ebfebad3381308ffeeeadd76c3d738aa3f6c5657297412c
ds1_img001540_ann001540,ds1_img000801_ann000801,1000,ds1,f1950c8710f3c74cef93654b9c13309370e6bdb5146c862b38518f5babdeba7e
ds1_img001622_ann001622,ds1_img000257_ann000257,1000,ds1,1798109e43c95ff72301456c733c6d589433f7b2779cffbb058e7d962dcca457
ds1_img001655_ann001655,ds1_img000204_ann000204,1000,ds1,f67b315edb12864550668b769f6dd975c91abfd43f7b79bc5f176e314810b258
ds1_img001657_ann001657,ds1_img000659_ann000659,1000,ds1,bf09ece9c7a1608c7accf5807105a5c6fe9bc2b0ed470ab19917168dab806007
ds1_img001665_ann001665,ds1_img000496_ann000496,1000,ds1,4473b38fe49b515fb9eecc47a599179e9944cf2db801b35ea5e5d758a3204a80
ds1_img001667_ann001667,ds1_img001577_ann001577,1000,ds1,5f825486eba5b2686df485029c442d0cae9caee4f1da02e1d926db206e9e1492
ds1_img001671_ann001671,ds1_img001444_ann001444,1000,ds1,4be70b2118d9f1fcdebdf475d07ddbef482b8e1f8a304c18501f11a92ac39583
ds1_img001673_ann001673,ds1_img000700_ann000700,1000,ds1,6b76c3e06f6f22768829bb8d544185e297928bd1d78cefacb957d4ef90b857b7
ds1_img001692_ann001692,ds1_img000419_ann000419,1000,ds1,85dee47f34579fe8dd7d5b8e6542c3e50e7077f069cd67ef3d635d1df9dc9815
ds1_img001701_ann001701,ds1_img000308_ann000308,1000,ds1,7f5b39c935da8496143e0240ef683374e8061bce0732ac1bcc9eef3d7eb6d598
ds1_img001708_ann001708,ds1_img001529_ann001529,1000,ds1,2e0a64e280a6e71ec9518ba599046892cb901d9a382e70003a102d6c23da63d7
ds1_img001711_ann001711,ds1_img000174_ann000174,1000,ds1,b9d6c4d3b81efae9b24a805b72b738ad9dd274afe4b93f8ae762026ef37c1488
ds1_img001722_ann001722,ds1_img000130_ann000130,1000,ds1,8a51b1d5905ced8cd5aedc70344c6e00b796cbb9bdf22ef6249876742b16caf0
ds1_img001751_ann001751,ds1_img000374_ann000374,1000,ds1,9c5b46c06804d14b1d6119efc36259668b730b4db67a51090a5625d6181015e4
ds1_img001752_ann001752,ds1_img001471_ann001471,1000,ds1,d83f8050035949a1e37090126af0a291271b78ca05d0ca90514502fc5c38e239
ds1_img001762_ann001762,ds1_img001642_ann001642,1000,ds1,7f908ba8d803c7bcf5f9c0f0a19dddde79ee03cec18e39f4d0f1b96135c325f7
ds1_img001764_ann001764,ds1_img001378_ann001378,1000,ds1,7b164760a583234f6ed88bb5f3c61f6e0e023e5b6e77c6115bf5601a271227f7
ds1_img001767_ann001767,ds1_img000589_ann000589,1000,ds1,cd8f406a9876cec036966baa14fdf4ac21853fe55baa65ddb194a813a76509ad
ds1_img001779_ann001779,ds1_img000300_ann000300,1000,ds1,4446367dad4e58917f7d597f3c57e4db8f44f8e3add6b9f0ae10834eb7de5505
ds1_img001783_ann001783,ds1_img000310_ann000310,1000,ds1,b3051ca8842fdcc3dd5d3379c3370dae47ed24c5906489d5e26bb313c39f37a5
ds1_img001796_ann001796,ds1_img001328_ann001328,1000,ds1,cf902cf1fd45310ab6dcbb7324a3ed0a963b6f673ff601137d468b0407bb045e
ds1_img001803_ann001803,ds1_img000857_ann000857,1000,ds1,b9238b0bacc2b8b8d875c2732345953aae50ec9a25dfad1698df2f880a87b7e8
ds1_img001808_ann001808,ds1_img000965_ann000965,1000,ds1,ad9bc2d3274a6f7c70f3e2c85ee59e83474b2b4c3554cefb3aa9bc94d9375406
ds1_img001822_ann001822,ds1_img000121_ann000121,1000,ds1,52ba1cf90942f8cff3061b3b7496043b7e89bbb73919bbdc4c766275866661f4
ds1_img001831_ann001831,ds1_img000950_ann000950,1000,ds1,59351fb554bb246fbfe7538fc7e512c8e3a16f20ebe81de65f8b3e2b4b69b64d
ds1_img001843_ann001843,ds1_img000362_ann000362,1000,ds1,b9b395dda255e66fead54b1c669e255d4551a44690dd85f4de92905beee8f6a7
ds1_img001845_ann001845,ds1_img000576_ann000576,1000,ds1,85c9dcbfd8e63652680d58a61fb01bf17342618bf8881a9e4db0201a8f7b2879
ds1_img001861_ann001861,ds1_img001745_ann001745,1000,ds1,2fe547f6b5c01cf3c569355512f65cf8c5c412508c04a443a41d7ee76123d0fd
ds1_img001873_ann001873,ds1_img001475_ann001475,1000,ds1,14f57afee8cea368271097dc9ed92ff2ec7159271799a45adae31ad5b6614661
ds1_img001888_ann001888,ds1_img001815_ann001815,1000,ds1,d83b645cf849fe8f017464cdb397b32b8e2b4a48a5d2b19613088626feee0aa4
ds1_img001899_ann001899,ds1_img000459_ann000459,1000,ds1,b2290ab20f70576aecb42f9c0e019becd92659f4ed919a8ce1886a055f0c55bb
ds1_img001900_ann001900,ds1_img001126_ann001126,1000,ds1,c67a46c0d0c15a1905a545138fc5e952943f68ddd915621f251e29c063f3eb85
ds1_img001916_ann001916,ds1_img000631_ann000631,1000,ds1,f152f6a90be9afc1fb0cf1c7c0acd52baad75eebc47aff529c666b9cda7e27f3
ds1_img001918_ann001918,ds1_img001631_ann001631,1000,ds1,a60ab80d75227d94c6a771fb8283f423498ca7b2dac098d296b27c0dc525d1ce
ds1_img001935_ann001935,ds1_img000072_ann000072,1000,ds1,c53ede30e91a1d8b8ccefcb6d5a59e13faeba174a334b50ef141fa40dc79264e
ds1_img001950_ann001950,ds1_img001635_ann001635,1000,ds1,0ed2c5a1901e2987b5331c6a9e0931db52e38fbfd4aa730aa527f714172d822f
ds1_img001952_ann001952,ds1_img000996_ann000996,1000,ds1,a79754b22f754332c4936e2d3272470c69db8677b3ed744ecf94542f44dd1479
ds1_img001955_ann001955,ds1_img001276_ann001276,1000,ds1,856eabf1067fe5b21f54a7bdda4171ea18f374543fa58f3865090c6be293b42e
ds1_img001969_ann001969,ds1_img000216_ann000216,1000,ds1,10422add672dfa185319423240f6ba79059dc688bf5172e68fe6f2f82b00f430
ds1_img001975_ann001975,ds1_img000896_ann000896,1000,ds1,49c764f847033d1cc158c53d91bf2e8f883cddfedb4b1e50c284aeff3e7d7129
ds1_img001980_ann001980,ds1_img001776_ann001776,1000,ds1,0eefceff1e19489bbc7661d41d68e1095aeee6a9072a9b84b928f17aa2dbe8cb
ds1_img002004_ann002004,ds1_img000414_ann000414,1000,ds1,8791bd41925c47e8ab66cfd98fc31bff8b4d91f90e35296ab22c7a37825a40ef
ds1_img002005_ann002005,ds1_img001485_ann001485,1000,ds1,2eee42fc6449fa7c72b8b75255180f67aa73dac8544d1db3f1350c07008497f1
ds1_img002034_ann002034,ds1_img000301_ann000301,1000,ds1,a8499bbec1fe201331170d0cef3693caad47b1ba3f9f165cb6cd4ca54a552edd
ds1_img002048_ann002048,ds1_img000358_ann000358,1000,ds1,5270e7858afe2d6e4d9dee1f4124ee844c312018f7ab556f92b78902a8f4d5e1
ds1_img002067_ann002067,ds1_img000536_ann000536,1000,ds1,c5a132e7d1cd0ef2e9fac118d76b4bed42de246a1614694bd6daee0a768e0dc3
ds1_img002075_ann002075,ds1_img000016_ann000016,1000,ds1,deab3519b9f84e631835f27b307695455aa68e313e535eec384cf71edd7fa5b6
ds1_img002088_ann002088,ds1_img000815_ann000815,1000,ds1,d3d3e7a31f18fa7a0343aaad500c9d09b10b1a0fa823bee5d94ae0000d87e12b
ds1_img002091_ann002091,ds1_img001018_ann001018,1000,ds1,faaa790e0321d1fd0b9f0b64dc1941d1543abe15696aed606c717f0d0865bb57
ds1_img002104_ann002104,ds1_img001559_ann001559,1000,ds1,067270a767236df16c248c9a1185f0fdc38a28bc78059a0f57fd6ccfc250c894
ds1_img002121_ann002121,ds1_img001439_ann001439,1000,ds1,fb4a5995235162df23bf003a1f23ace173fda33900b8cebba186b2a23393ab2a
ds1_img002126_ann002126,ds1_img002125_ann002125,1000,ds1,8f36ac1bf08fa00e44d73f1ebf4e369d7186e43bc58f5c8298c3c1257f61ad29
ds1_img002129_ann002129,ds1_img000033_ann000033,1000,ds1,872acd2156b8719f6a8fa900ec51e791a4ae264c5008424f9fd944cbf67a0e54
ds1_img002154_ann002154,ds1_img000211_ann000211,1000,ds1,a9e28c8e801e03004a82702ce5c1eed557e1ec326efaf9301cf4aa2d4b29400b
ds6_img023732_ann024824,ds6_img023088_ann024180,1000,ds6,0c60fda00700fc6b9b14fba6b164a6548d226defc9390d3fad2a0728aede9e8d
ds6_img024038_ann025130,ds6_img022916_ann024008,1000,ds6,c5299f8a0b222fb7d9603b15a9a6a8d6a1735989981d4d9859751138111b3ca2
ds6_img025032_ann026124,ds6_img024967_ann026059,1000,ds6,b63182b43cb7f0e6893bf6cde211ab82a8ccb5d953e9e31ee84c943a87d75744
ds6_img025237_ann026329,ds6_img024518_ann025610,1000,ds6,5597e035b9c635362f5062cd0005aa82fc8d5ae70341c97b8ca0e0a145712f86
ds6_img025728_ann026826,ds6_img024617_ann025709,1000,ds6,ab76c2630caf9b7d2c2b2b74899fbc0dcd3a90d3424c16bb05034aee6a1bb4db
ds8_img028701_ann029799,ds8_img028117_ann029215,1000,ds8,7f1d4b77e7a9efabc20002aeda202ae7f36cc3556966855894be92ea76763e52
ds8_img028745_ann029843,ds8_img028131_ann029229,1000,ds8,732597527eadbcdc4a1a68a4fb8e3b6e8748cbcbb5c7ef57478db0c96c690435
ds8_img028835_ann029933,ds8_img028200_ann029298,1000,ds8,e8687c3c0757d0c9a91f7c3cc84670838e2b8c8864fdede4e25852d644e9ba7f
ds8_img028870_ann029968,ds8_img028334_ann029432,1000,ds8,5181ad042dae75eb4eb5811d43c2555d0b8400a6dffc9bc41e1bae796ea39d95
ds8_img028893_ann029991,ds8_img028511_ann029609,1000,ds8,87d798017de5aea2cc3bfa51cbb37db0a230a2e336fbb378a94c098f0fc68861
ds8_img028958_ann030056,ds8_img028325_ann029423,1000,ds8,d510a1f1e1a30c01fb9dffdf32074b8a1f6ae33539b41d71885f2af10d827d1e
ds8_img028995_ann030093,ds8_img028087_ann029185,1000,ds8,be8a01399efe28b7bf8978a86bda879eb5954a1e5b12999c256e696774c49942
ds8_img029006_ann030104,ds8_img028713_ann029811,1000,ds8,a824605bc2f20400be1a847073924696e50ae9b49b0dedbdd31a36dd84390ef3
ds8_img029007_ann030105,ds8_img028641_ann029739,1000,ds8,186398e8894a4acd5ff0213a0fef62e8fcdc38c3af07523152e363f49d3bf1a8
ds8_img029008_ann030106,ds8_img028386_ann029484,1000,ds8,dadc668f667039a240f3f655a0e08c16a4fb49aac77aa09be3c7d7fd793e41c6
ds8_img029010_ann030108,ds8_img028676_ann029774,1000,ds8,9c1babf2005465f5aae8402e75a95e081cc7f193ebcea419d5cb0ee36ad54d70
ds8_img029071_ann030169,ds8_img028069_ann029167,1000,ds8,3bfd93275df3cc331ec654fa0f1b9f83fbae3715e592e41ead8f84348da9b5c5
ds8_img029136_ann030234,ds8_img028158_ann029256,1000,ds8,0cb83004cdbaded56236da82c86d61a99dff388190079dd64d88de9df044aa41
ds8_img029139_ann030237,ds8_img028206_ann029304,1000,ds8,dac86b9e4daac71b7ae671ab46889fcdf09b95d430ccb8b6b2f8d178fbf97046
ds8_img029164_ann030262,ds8_img029016_ann030114,1000,ds8,95bda254a4fd0e7ccffc7245e81dbe4ac4bfb95baba12e49497120f8fb8e4c68
ds8_img029214_ann030312,ds8_img028908_ann030006,1000,ds8,fb2a11e30584e9045d793ab12e259923c1189f626c1b72ecd036ceb1b3ac03e9
ds8_img029215_ann030313,ds8_img028906_ann030004,1000,ds8,557608e742f1f10b0bc726632fc837560cfddfa655ccae8cde3285f33195c23c
ds8_img029350_ann030448,ds8_img028131_ann029229,1000,ds8,732597527eadbcdc4a1a68a4fb8e3b6e8748cbcbb5c7ef57478db0c96c690435
ds8_img029353_ann030451,ds8_img028352_ann029450,1000,ds8,6e5d269513f0111c757fb8ba9ac8afddef66a820757e82cf85908cdab92707ea
ds8_img029356_ann030454,ds8_img028126_ann029224,1000,ds8,e145f81d63fcf8d372e4271fc848d704bd192137c1100465a38775284e992a2b
ds8_img029361_ann030459,ds8_img028180_ann029278,1000,ds8,b714b73ca8ea063e112c950f5cbfa57558ca7e58d890b8a7c2b7cdb91688a776
ds8_img029371_ann030469,ds8_img028027_ann029125,1000,ds8,d0d1b3f419423faaaf730199e3ec567c9e536030a6be4761181c7e60f91a830d
ds8_img029373_ann030471,ds8_img027984_ann029082,1000,ds8,31aa590d9c67fddfde59d4b7324e80ad0c72f2aa59acd8cf0d3746a129834fce
ds8_img029464_ann030562,ds8_img029074_ann030172,1000,ds8,5d2fc1d79111f8822e345c2ec290bd4c42501fd8618adc2eed0fd2c2056d9acb
ds8_img029544_ann030642,ds8_img028309_ann029407,1000,ds8,62e2f08ac8627050390d50c9fef4c2b56de0e0e9fc1d36dcd30594631ef1d20e
ds8_img029545_ann030643,ds8_img028720_ann029818,1000,ds8,7624990f5c93143f44fce9d0894c7d8af7b48de90c0c6da3edbac6de7cc806c7
ds8_img029547_ann030645,ds8_img028458_ann029556,1000,ds8,74a4c422adcbacd8f48fe778b5319a18c93e2094bcc14ac629afaa95516c6824
ds8_img029548_ann030646,ds8_img028362_ann029460,1000,ds8,ebef63237450dfde1c46438bfd2d7cb886c815e6942fdc3a5de6c9ac9d0f3284
ds8_img029643_ann030741,ds8_img029050_ann030148,1000,ds8,4d3c1bb10e7d59b2f4e203be65f1b7dc88fece11649dc6d59d44fbf7004c304e
ds8_img029645_ann030743,ds8_img027964_ann029062,1000,ds8,6c4aa535340d0419275ac554e49eabda92fc64074e4f1feb77c41ce4da4f60e9
ds8_img029730_ann030828,ds8_img028902_ann030000,1000,ds8,cb8ecd21a52e0fad456bdd05d40d69ed273dc2d41c67b43ac3f1d3c22bb9b899
ds8_img029771_ann030869,ds8_img028458_ann029556,1000,ds8,74a4c422adcbacd8f48fe778b5319a18c93e2094bcc14ac629afaa95516c6824
ds8_img029772_ann030870,ds8_img028362_ann029460,1000,ds8,ebef63237450dfde1c46438bfd2d7cb886c815e6942fdc3a5de6c9ac9d0f3284
ds8_img029826_ann030924,ds8_img029122_ann030220,1000,ds8,5acbb15721844105e086a1c46ce67569f8299d1516fb89ffd2653d24d1215545
ds8_img029827_ann030925,ds8_img028321_ann029419,1000,ds8,a0d0e2f9cd967c7eda60aad3fe1ed0a3a7c2111e5adfad68e77c3ef13377ed97
ds8_img029840_ann030938,ds8_img029039_ann030137,1000,ds8,e1ebb94cf3d27a882a2bbaa836424a0b8217e61cf30cc4570abe9704cbb3dbc9
ds8_img029842_ann030940,ds8_img028418_ann029516,1000,ds8,a3e8fa0b367015e3744efa297e57c55185469f68aeba7c3f63e7d3c947085d89
ds8_img029843_ann030941,ds8_img028288_ann029386,1000,ds8,ead5fb0ecd25e76c2e63dd35f4670fa7f8b1fd59c61955850b4e713116ee65ce
ds8_img029844_ann030942,ds8_img028429_ann029527,1000,ds8,c467404abbbc501bb46b319ca12beb821778b4738671a071d99081e5d0ca1e10
ds8_img029889_ann030987,ds8_img027912_ann029010,1000,ds8,f6e484f909fdbfaaa6fa5869245e2667130b40d7e1c0e147bde7958741f23b7a
ds8_img029890_ann030988,ds8_img028011_ann029109,1000,ds8,17fb9e86ee0a73f6553914585c90716fd4920c3308187daa6fd600b8fcb536bb
ds8_img029893_ann030991,ds8_img028899_ann029997,1000,ds8,b0e8302e3122accd4848bb1d1704d1446ad5411798c56ce62ad025b9a934fc91
ds8_img029896_ann030994,ds8_img027887_ann028985,1000,ds8,7787eafe23e63d1ab0b2337f1ead7a8d2c7894a67d2c29436529e4638fcbc7d7
ds8_img029898_ann030996,ds8_img028341_ann029439,1000,ds8,cc074f1a768f7c0499c9012f9b092a3cec0a191239bf08ee6c2d58adf59adcfd
ds8_img029899_ann030997,ds8_img028342_ann029440,1000,ds8,75165d4149e267599466c34a0cb3f6b6c8f09dc6eb8e2cdb0951d0c6ea2acdc0
ds8_img029900_ann030998,ds8_img028217_ann029315,1000,ds8,19f1ae99780ffd9b01298bbff9056da34562125204918bce90283736576e28b4
ds8_img029933_ann031031,ds8_img028060_ann029158,1000,ds8,c95f264d5c9f2dd3972312897f34b9ee32231ac97ab6153f34c0187d5a949955
ds8_img029973_ann031071,ds8_img027886_ann028984,1000,ds8,5d1c25d1204a2bd24f993b7b0787ef3f1bfbb1bc016f89030763c93192a90c4b
ds8_img029993_ann031091,ds8_img029124_ann030222,1000,ds8,f54e24ca4fbef296e11dff6cd2a4712a06cede70766041fc9195f5c8d003d6c9
ds8_img029995_ann031093,ds8_img029839_ann030937,1000,ds8,a112678c58bb6e0cb160185cb200d7afc35dcdef3ac8943f62cdb503e7f82605
ds8_img029997_ann031095,ds8_img029891_ann030989,1000,ds8,488fb7df1faaca6a2115e7858bb8dbcf248b4f147dae6f1eb92bdd27c82b8b37
ds8_img029999_ann031097,ds8_img029977_ann031075,1000,ds8,358a0e533c45aa42d90e99d6f688897a9dcdbe9a1b0885b5d932e5fb8f3ed241
ds8_img030005_ann031103,ds8_img029976_ann031074,1000,ds8,a0a70d48646e5065ffa7a14f8494f5c73a6cd009ad84f499e10500af9fa7c27d
ds8_img030039_ann031137,ds8_img028087_ann029185,1000,ds8,be8a01399efe28b7bf8978a86bda879eb5954a1e5b12999c256e696774c49942
ds8_img030044_ann031142,ds8_img028054_ann029152,1000,ds8,bde2d67bf7148580aed952fde8bcf7ae4e9e8bcd17860505ce27e2c6410cdb6d
ds8_img030048_ann031146,ds8_img028924_ann030022,1000,ds8,a2ab6d4100ebdb2e8a044801b36e5f1b34de0aefcbdc1684f94e232127778b93
ds8_img030051_ann031149,ds8_img028847_ann029945,1000,ds8,1153eae1aa2013ba32f085ad04a047fe351a1aec9aa5eb5d44e77d43ad986c31
ds8_img030052_ann031150,ds8_img028545_ann029643,1000,ds8,b00c9f8ecb4712d034e280ddd495185c89b1d6bcfd87c143924cdac1edd26a4f
ds8_img030053_ann031151,ds8_img027973_ann029071,1000,ds8,8527ca16dbca8c0b7d922f08eccc26fa83c0e935c56dd3f34c92d9bac82cfab3
ds8_img030054_ann031152,ds8_img029159_ann030257,1000,ds8,09a0785474c706d34be69423630d859dea3ad27f2f48146df0f86d488aad8075
ds8_img030081_ann031179,ds8_img028790_ann029888,1000,ds8,19ff6ef68ee49b9c872fe410a17010f786e93dd6b20b0dbb91967264561bb41d
ds8_img030082_ann031180,ds8_img028403_ann029501,1000,ds8,a1960156310ef414406932894f8479b60511fce5d281aa87a2d6c9236c600801
ds8_img030083_ann031181,ds8_img029177_ann030275,1000,ds8,89af2b835ff924618c29ee6f84ad2f77e15a279636696b207ec598c18312a7d7
ds8_img030089_ann031187,ds8_img028586_ann029684,1000,ds8,0cfa5dd276fdae5513e32374a2caeafea22cd0c3b39f6855d5c4b0e94440c8f3
ds8_img030091_ann031189,ds8_img029015_ann030113,1000,ds8,c5d26f8057a4a43521ec3b5fd76d800f3fb0362d09d4800e892c7a71e9e60063
ds8_img030098_ann031196,ds8_img029433_ann030531,1000,ds8,0d5850007f10c23ae62c13d8c87d4d4233506f1f7e600006c6b84337540c684e
ds8_img030101_ann031199,ds8_img028739_ann029837,1000,ds8,4c9a4f394c094871c80896b6b4281f4303015743dcdab05f80228d2eb41f7142
ds8_img030104_ann031202,ds8_img028800_ann029898,1000,ds8,785c60cd49a343e81dfa4225c966d52e19a02c01b454128d2e9ad3f604d95fd6
ds8_img030105_ann031203,ds8_img028586_ann029684,1000,ds8,0cfa5dd276fdae5513e32374a2caeafea22cd0c3b39f6855d5c4b0e94440c8f3
ds8_img030106_ann031204,ds8_img028620_ann029718,1000,ds8,db76a7878bdbcbe708420fedaa01f158882a26323767b4be34b9fbb3d5963b8d
ds8_img030108_ann031206,ds8_img029264_ann030362,1000,ds8,a46d72a9e898f49a32011fff1d9bfa71cdc58a5e152d86655dc0b95edebe1f5e
ds8_img030112_ann031210,ds8_img028608_ann029706,1000,ds8,c7d2029793f4d008f7453699891ba6a0c87a04a5e4f7f6f8c2a64a5d4aac1705
ds8_img030113_ann031211,ds8_img028849_ann029947,1000,ds8,6fe20c4d8fbf024e2d9c5b36ccfec29137d6723ae7927c4ade2b1cca55e7a33a
ds8_img030116_ann031214,ds8_img027924_ann029022,1000,ds8,c25059f76a9f20e032e2cfa59be6d89574b32dded7f630d8f6aa8d8db821e801
ds8_img030120_ann031218,ds8_img030118_ann031216,1000,ds8,4b6962f6f8034b91ba3bcf54b2c0ea6d4957a02f0cdca79cf1cfd348172bf80c
ds8_img030121_ann031219,ds8_img028849_ann029947,1000,ds8,6fe20c4d8fbf024e2d9c5b36ccfec29137d6723ae7927c4ade2b1cca55e7a33a
ds8_img030145_ann031243,ds8_img029259_ann030357,1000,ds8,513caf6cefd55fc57a755ac1433010d5b4cfc38e4482176fbf487b8ee0fe41f9
ds8_img030154_ann031252,ds8_img027973_ann029071,1000,ds8,8527ca16dbca8c0b7d922f08eccc26fa83c0e935c56dd3f34c92d9bac82cfab3
ds8_img030168_ann031266,ds8_img028058_ann029156,1000,ds8,77ec3a421d1671d5d356141b9583047c5c86a3ce605e11dd54ad7f830ea8ee05
ds9_img033319_ann034028,ds9_img033014_ann033764,1000,ds9,b306073a11646b99c1634b8bda5229938b953d87c890ce663f41ca8561d5f349
ds9_img035586_ann035944,ds9_img035551_ann035913,1000,ds9,9258aa27075046cf315ffed8d420a498d6cb2f6960f6c7cbf148298da502a0d1
ds9_img038678_ann038611,ds9_img036004_ann036304,1000,ds9,a79728362e807c5a716e864abeab4a921e270ab73ae4315616cd09eec1c968da
ds1_img000014_ann000014,ds1_img000005_ann000005,10000,ds1,2c70f2e69a2d23c9ad68f2efdd578fe49c8ba18174b87901e8fc75eeaa65cb3b
ds1_img000147_ann000147,ds1_img000073_ann000073,10000,ds1,2e6dfe2427fa7205a88c6e7237e96acdd60a755c3ed0ac24c74189662b41c127
ds1_img000238_ann000238,ds1_img000169_ann000169,10000,ds1,5a1f6abce73bb287db0026d0f385db2441031fa1297f93305986b6f8b397c3df
ds1_img000252_ann000252,ds1_img000235_ann000235,10000,ds1,59ba3d4188993b2354baaeacac84cc4763fb8be3fcd5b9c2e034193d58d09f6c
ds1_img000409_ann000409,ds1_img000094_ann000094,10000,ds1,c9fe449e5409ecd7b854b8b37dd6e821ec427d456e7536954b441bc3a6f62540
ds1_img000452_ann000452,ds1_img000188_ann000188,10000,ds1,7544c743fb1fd656975141b34d2f42d3335a9ec286ddb9d48828cb3d2b479a1a
ds1_img000493_ann000493,ds1_img000235_ann000235,10000,ds1,59ba3d4188993b2354baaeacac84cc4763fb8be3fcd5b9c2e034193d58d09f6c
ds1_img000553_ann000553,ds1_img000407_ann000407,10000,ds1,312ffd24d5689502a0a47ffd3069f4e53b9412232a2a9c0a66f2e34cdfe46f98
ds1_img000634_ann000634,ds1_img000186_ann000186,10000,ds1,7dbcde51d9fd02dd9a4f3cb13721589327a87a0e9c0b5612b252e55416302ed9
ds1_img000649_ann000649,ds1_img000422_ann000422,10000,ds1,c1304a27092e6d1b7751add15636858497b7fdbfee5ae02458be11c18a13d95a
ds1_img000650_ann000650,ds1_img000065_ann000065,10000,ds1,7b3f2762fde19f42653ba6054f65c79f4b8df127d3c5d57e11f0625d69f14ea8
ds1_img000669_ann000669,ds1_img000345_ann000345,10000,ds1,e28f568c8e8a17ab1108e53f0234e9644cc263036cec76109fb7b55a44c9f418
ds1_img000676_ann000676,ds1_img000149_ann000149,10000,ds1,994b5136c1c3f3c539e6820ce0a5bff895f82f90f13ef04912f4b529ce352364
ds1_img000692_ann000692,ds1_img000544_ann000544,10000,ds1,acfb4dbdee66d6a4bdbf5543f1e28124466c6482318c53078747158f059ed29d
ds1_img000734_ann000734,ds1_img000054_ann000054,10000,ds1,2bf2dc3f085d4299fa9c78a51446dcbe9912ccc409810e5edcca200c69b66376
ds1_img000746_ann000746,ds1_img000583_ann000583,10000,ds1,046885c7213c5828035542acc9f105c965e27743664b0a08e24ff20a38028b21
ds1_img000747_ann000747,ds1_img000373_ann000373,10000,ds1,b5aa02b1b7fe0f21d2edd96c26961bb0268609af8f7bcab81df4bfa421c10aa7
ds1_img000778_ann000778,ds1_img000181_ann000181,10000,ds1,f7ea25ea8d38c5e97c4c2742e019317b54965a307645ecd47decd9581df29a12
ds1_img000789_ann000789,ds1_img000398_ann000398,10000,ds1,d9f4cb40aaa8989d9d85b248392faed69f6c4179b06bb3043591918c9d74bd88
ds1_img000846_ann000846,ds1_img000657_ann000657,10000,ds1,ac076162cc5f73f793fafbbdc06e8d75cccf052d8248ae289f36c3531b745746
ds1_img000873_ann000873,ds1_img000161_ann000161,10000,ds1,541dc95248f6687a6be79eab8d4dd837c74fa5b46a1ccea1da16ebb415dbf54c
ds1_img000949_ann000949,ds1_img000380_ann000380,10000,ds1,9438945222a17a9ea5f5c832d4734a0bc0e18da51c5311c420c640df79197463
ds1_img001006_ann001006,ds1_img000901_ann000901,10000,ds1,c9b0de1cec552dfa467c4789a68da8280eca65cb6a220fc2d5a35917abd6608c
ds1_img001007_ann001007,ds1_img000797_ann000797,10000,ds1,7e3860d2aa016c83ce75d8e342cfec3ee1dbaa33d418f4fc568d9b23728d5d87
ds1_img001021_ann001021,ds1_img000167_ann000167,10000,ds1,e40e1486f7fa9086c74abf4f7e2e0bcb8c360a314f8c617307029ae1fc1b56bd
ds1_img001032_ann001032,ds1_img000340_ann000340,10000,ds1,fc72346b3907d27c3b1315f69347ecd1c7f802c36115cac8e18b6bb2ddc26fc0
ds1_img001037_ann001037,ds1_img000963_ann000963,10000,ds1,1cbe14856e3b5e9bd513f37ad472bf252d43a822da480a2b0283cd75d3adb033
ds1_img001043_ann001043,ds1_img000041_ann000041,10000,ds1,8a4ad63578eb0ace345200a013da5df3222d08409cf11fdc7d52162e5a6ce067
ds1_img001070_ann001070,ds1_img000047_ann000047,10000,ds1,9224015ddb3299170fa8b8cc95a9bcde1fa1f8e739fc31a9f68f4eae39776630
ds1_img001072_ann001072,ds1_img000555_ann000555,10000,ds1,5ad72f30fa3b45e294d36239e9e70a3de4a3a87526747da689dfe39966b1ce80
ds1_img001105_ann001105,ds1_img001051_ann001051,10000,ds1,1fc7b5ea4c1890ecbe62d03531ed81a4bc538e8499811bb4b2e432242a7b44a6
ds1_img001117_ann001117,ds1_img000080_ann000080,10000,ds1,5baebe13b05d4f21829ba83b0c8cbe61c444797e5b1f83ea39a086b3ad4dbf3a
ds1_img001153_ann001153,ds1_img000590_ann000590,10000,ds1,11780101662642d49a053c74b5e4f99f46a1b433f06941465b714d19e00e78d2
ds1_img001200_ann001200,ds1_img000454_ann000454,10000,ds1,9a2de9c0e3913a521983fd7ab3510fa9f5937e25f330ff557b9d3a2501d55145
ds1_img001207_ann001207,ds1_img001187_ann001187,10000,ds1,6b329dc1ace850cbac7c8ae60738ba80363064487ccc68ffb9ef80baca9d1273
ds1_img001225_ann001225,ds1_img000096_ann000096,10000,ds1,5b7b2cd632ada73a47c386fac1827d317a3c1355e945c09fafd1fd14e468079a
ds1_img001234_ann001234,ds1_img000884_ann000884,10000,ds1,c59b3e74b29abcbb23afee84912884dd5367ccd48427646a52beafa411a7cac9
ds1_img001261_ann001261,ds1_img000507_ann000507,10000,ds1,7880ec571c9ce04a09eeb7efe0f26ca89b2cc78712d8c09ef1372acc5b38974d
ds1_img001281_ann001281,ds1_img000470_ann000470,10000,ds1,f4819498f81763696b8f6cd7392eee7aef4bba4bd405ce4c8befa0611612db41
ds1_img001302_ann001302,ds1_img000332_ann000332,10000,ds1,9c39f8321bffa028045682cee9542371383b655bc74174f01b370e09784043bd
ds1_img001306_ann001306,ds1_img000558_ann000558,10000,ds1,249d132094ff0bfcb9c818ec0637e3efbdb9678c115b475c5fc89eaefcb66c96
ds1_img001324_ann001324,ds1_img001229_ann001229,10000,ds1,6b67c7b58eefd1353be1567aecc56296dbc36b89a1b6b474ef7442df1b1543cf
ds1_img001330_ann001330,ds1_img000049_ann000049,10000,ds1,6bf45665f45cdcf7c078231424bce32c642d5bbff25f94c1dccc7d359c60c6da
ds1_img001369_ann001369,ds1_img000431_ann000431,10000,ds1,47ed8e02d1696e4217d9d0f91f7b003d53927fcfe30e92038e5f0077426f0e5a
ds1_img001396_ann001396,ds1_img000005_ann000005,10000,ds1,2c70f2e69a2d23c9ad68f2efdd578fe49c8ba18174b87901e8fc75eeaa65cb3b
ds1_img001401_ann001401,ds1_img001041_ann001041,10000,ds1,8a4089430f51024d962ce35bd11fe74f4790e9effde659d2975591357a18c1e3
ds1_img001402_ann001402,ds1_img001024_ann001024,10000,ds1,9de67887e3a53cc282fae444b6a007f84593327778692f02f30d566ed362f40c
ds1_img001437_ann001437,ds1_img000924_ann000924,10000,ds1,3a355ed24db4c5d95f1adf274595a66b28931662dd847fdef6a20229343b9f82
ds1_img001469_ann001469,ds1_img000724_ann000724,10000,ds1,d40bba6d8451ab465ed206c9463ebeefabf948bf3d66c4780ae0562d28f7a031
ds1_img001479_ann001479,ds1_img001342_ann001342,10000,ds1,18bb6dea5919ff63d520aa1e79906aec52e5464749ca1f2a01bdd8c848d06d8d
ds1_img001494_ann001494,ds1_img001484_ann001484,10000,ds1,8bdef0a58cde8c70a75f66051de60c4ac40f1f10bdc1815e17e3e0492a2a2207
ds1_img001495_ann001495,ds1_img000818_ann000818,10000,ds1,94264e48697dcd21c74317066757a3ff4a2acc0a50602fc74cdc4ea60f51ca1f
ds1_img001503_ann001503,ds1_img000400_ann000400,10000,ds1,b39a3c92a24111e2a44e997231e00ba33a3f2bc5c57348f3ab33c02f10c23df6
ds1_img001504_ann001504,ds1_img000080_ann000080,10000,ds1,5baebe13b05d4f21829ba83b0c8cbe61c444797e5b1f83ea39a086b3ad4dbf3a
ds1_img001526_ann001526,ds1_img000295_ann000295,10000,ds1,bc41019ffc3d1c5e64b208537ccad76ec26a41349740eba2212025bd67da22c8
ds1_img001541_ann001541,ds1_img000453_ann000453,10000,ds1,a17ccdefa0b177454de72bd06e1e25e3ff08beea8a4478aa0860bdf6ecfd2ceb
ds1_img001556_ann001556,ds1_img001033_ann001033,10000,ds1,20b9ee8eec4dcc755d7cd3565f6331b70f38c5e4eb8af58e75dfdfc42483a49c
ds1_img001568_ann001568,ds1_img000005_ann000005,10000,ds1,2c70f2e69a2d23c9ad68f2efdd578fe49c8ba18174b87901e8fc75eeaa65cb3b
ds1_img001571_ann001571,ds1_img000847_ann000847,10000,ds1,61ccfd8353899db38bdeac961ac5bfb2f60931c9fb6c09130466267929257468
ds1_img001574_ann001574,ds1_img000995_ann000995,10000,ds1,e4a2018455a0a1680376edeb8529a8e7876c587f9f65b81cd6b10948707439d4
ds1_img001581_ann001581,ds1_img001515_ann001515,10000,ds1,b2a65a25127a67cff33ddbfaa1e4ca9979d284c3cdc3716915c8548fae168af8
ds1_img001588_ann001588,ds1_img000022_ann000022,10000,ds1,4c05b41dcb901ae1e847a46c6ce03cbd5cb9c5911faa2d9286e5955136b45399
ds1_img001616_ann001616,ds1_img000379_ann000379,10000,ds1,7f7b7e4646f646023750557bf32c9b092856218bf68f5e8bb9024ed5209fe007
ds1_img001621_ann001621,ds1_img000278_ann000278,10000,ds1,93a1077089494635f7ff344b846eb3f2e72d5088442649db8caeb47b19e0c841
ds1_img001628_ann001628,ds1_img000975_ann000975,10000,ds1,50fe64c1e763b1a7a79b4e1cef8867b059e6a76e686b1467ca80a571fd4caa33
ds1_img001637_ann001637,ds1_img000240_ann000240,10000,ds1,519fd33225f86e0cd959294e244b553bae913494f8f25e82d57bc5eb61b01556
ds1_img001639_ann001639,ds1_img000749_ann000749,10000,ds1,fd2ec895d931ee23d31d905d4f7615d43739a4d199eecb767c5e47cf876fbd1b
ds1_img001674_ann001674,ds1_img001520_ann001520,10000,ds1,2aaae55b0ba371ca46d02791c363d5c0440b1067018f10533e52feca2cb88da7
ds1_img001684_ann001684,ds1_img001236_ann001236,10000,ds1,d5bf98fadd8cb34cf658a0dd40bb54bc77e93c72304952b018adaf6decc69171
ds1_img001694_ann001694,ds1_img000860_ann000860,10000,ds1,66feae95f523aff1a35e79d5c960805468cc8aba7fd2bb3c166f8bcc9b0fed5b
ds1_img001698_ann001698,ds1_img001287_ann001287,10000,ds1,459506222a4621adc17ff85432f7ffded1027b4cc64563a1a072ca42c1f6850c
ds1_img001704_ann001704,ds1_img000267_ann000267,10000,ds1,4a3bd9eb7bdf732b3eadf2d69b087ee872c2845efbd22ce34172d993c1838975
ds1_img001715_ann001715,ds1_img000108_ann000108,10000,ds1,91116234cbe34c3c6a328a91272331e19e0a2d31bf1fb1f3aef825c4cbb8ff61
ds1_img001716_ann001716,ds1_img000559_ann000559,10000,ds1,96534ccfa15e96b19b10d60f219b0a8ed2ed46ad8ecc9bd89088f1040a938742
ds1_img001744_ann001744,ds1_img001410_ann001410,10000,ds1,0b2cd186fe26a1329287ce2dda82e510ac7abf942d080bf144bfdefe9414a168
ds1_img001761_ann001761,ds1_img001139_ann001139,10000,ds1,80288f89346b406d47890e96b1aa02e6cae6a0f95adf2ba4c3fb899ce749036c
ds1_img001773_ann001773,ds1_img001697_ann001697,10000,ds1,7ee8ce4035a0adcf65ff8a0d463c0959adf1c05904d1d5e70f12eda10ec58f1a
ds1_img001774_ann001774,ds1_img000080_ann000080,10000,ds1,5baebe13b05d4f21829ba83b0c8cbe61c444797e5b1f83ea39a086b3ad4dbf3a
ds1_img001777_ann001777,ds1_img000348_ann000348,10000,ds1,d74ce34889e57c2b0411da8d98ca34ca7e559f3eaf914011bacbd9b86acfa973
ds1_img001782_ann001782,ds1_img000505_ann000505,10000,ds1,ec0c3b5fc21a9409d51ed1e0a92ba5b3a5d114144e9915a588b5c477da3a8924
ds1_img001804_ann001804,ds1_img000156_ann000156,10000,ds1,cd598e66401b3c7a5837f967112c5539a6b070605a35e0a79d86a68f8e255c5a
ds1_img001810_ann001810,ds1_img001466_ann001466,10000,ds1,858f2b6eea8b5c2d1098a9feb80327bddaca0b53da9f51ace9a8e2cf9e32128d
ds1_img001814_ann001814,ds1_img000202_ann000202,10000,ds1,4f92e17647cb927b6ef326656b7a4e090c22392ef9d888fbcecc3f3cf5914055
ds1_img001825_ann001825,ds1_img000678_ann000678,10000,ds1,6b17d204f203a8fddb43d3c0445f8bb4171550a5f8b7c9856fc662647b68b4eb
ds1_img001829_ann001829,ds1_img001737_ann001737,10000,ds1,15e3890047c4b4b265bf61506b066fa17e35107c02d15ee2a4143cf1898a66ae
ds1_img001835_ann001835,ds1_img000903_ann000903,10000,ds1,483206515cd76ad56d12e85ec8ca15520d361648072dc858097b3735a378dbdf
ds1_img001864_ann001864,ds1_img001291_ann001291,10000,ds1,460296d6fb0c2edb4e96296acde8cceb72d8d8e918738b43bb448e2d31f25e0b
ds1_img001865_ann001865,ds1_img000469_ann000469,10000,ds1,a706036c2c86974cf475104a122de4b608ccee138f8a6fe7308a1d725050cc82
ds1_img001879_ann001879,ds1_img001366_ann001366,10000,ds1,fd2c60d4a4c0faeab9326e8b63b66f9523d8ba78d02f72d7a4d64e0df3ac7839
ds1_img001905_ann001905,ds1_img000009_ann000009,10000,ds1,f394e281e541873225400b5918ec330ced37cf63e9bb719505d6fbf11fb7205d
ds1_img001920_ann001920,ds1_img001727_ann001727,10000,ds1,d7ae3783a0a7ec5822ef69c2fb0efb47e3344a67e25fa289cdc79c99c0dd10f5
ds1_img001925_ann001925,ds1_img001903_ann001903,10000,ds1,297f18cf2a0fb0ebcf24baa8d5855dcf7c7c0edd1fb4c8c125aa3fab2698c79f
ds1_img001931_ann001931,ds1_img000388_ann000388,10000,ds1,5f4d9e5751a9cb1d3018312645c41164339ecd61bc16f3ba18b400c0ce158f5e
ds1_img001944_ann001944,ds1_img000133_ann000133,10000,ds1,b434aee9d68a371d75abe79b684867da96f1669440e0d37815ddac663e236a1a
ds1_img001948_ann001948,ds1_img000189_ann000189,10000,ds1,a93f420d346d585b408625678127e06b49ece28dd9fa0f5ba19dbca4a9eaafc0
ds1_img001964_ann001964,ds1_img000667_ann000667,10000,ds1,9fe97a1c2fcc152b1ef9d14e7820eb27aea4dde20a62e6a3843b215b2bce206a
ds1_img001971_ann001971,ds1_img000235_ann000235,10000,ds1,59ba3d4188993b2354baaeacac84cc4763fb8be3fcd5b9c2e034193d58d09f6c
ds1_img001977_ann001977,ds1_img001960_ann001960,10000,ds1,c9d972bca28d4561b87ff10dc562803ee790b4fc0154ec8a59b37134220d59c9
ds1_img001981_ann001981,ds1_img000303_ann000303,10000,ds1,841d3f9b2e9a46bec1a8e9ea4518fd248efcc90ec467d861ff4d507457368d86
ds1_img001985_ann001985,ds1_img001260_ann001260,10000,ds1,a0a8591475da313314761d92b4e67f5851a7c268d51d38bb68ffe941fa547a4a
ds1_img001995_ann001995,ds1_img001717_ann001717,10000,ds1,d9f056842bdda7662f7685ae040d984731dc1cdbcd1c12ca6f7b0924cf4fabf1
ds1_img001998_ann001998,ds1_img000816_ann000816,10000,ds1,797934d705f70d3c5f18bb5386690405a534d3a530b35fafffd7bff469664ebc
ds1_img002003_ann002003,ds1_img000808_ann000808,10000,ds1,a07de6c734f04aa55d0f772623a99159db152c6b411e15ac57130c38de7ee65e
ds1_img002022_ann002022,ds1_img001788_ann001788,10000,ds1,e988cf8ea6293908f952ac88ae05bf5d591783755bdc4e67364149d281edd62d
ds1_img002023_ann002023,ds1_img001064_ann001064,10000,ds1,bc78fde997df3e60f369c8b28cd9f4a314b87e5ecc97a1d23de841497840b972
ds1_img002027_ann002027,ds1_img000876_ann000876,10000,ds1,b03fca442e82c4d49d9007a7da18112e521d6b979abda0b138593f2f02b9f917
ds1_img002035_ann002035,ds1_img001337_ann001337,10000,ds1,8f2768cae5dd7bb92612ac346af7bd303103efd43641d8ce72ff81b943010475
ds1_img002046_ann002046,ds1_img001626_ann001626,10000,ds1,cfa6b0abb13c7f6449b92e58b182d2b5553e4cf67c279440de5f48015fffb12a
ds1_img002053_ann002053,ds1_img001878_ann001878,10000,ds1,5ff0c07262e1c49f02d62f398a6256657b45da5a189951a33e8b0cc4d287b64a
ds1_img002069_ann002069,ds1_img001314_ann001314,10000,ds1,cc8807a61fd31263fc2f87045ed437cbcead3920aecfbb0b0370c770f3c40c6f
ds1_img002074_ann002074,ds1_img002000_ann002000,10000,ds1,6b356ec9e2c9e58c43e5fc28a8af22678c7cbc0338a76798256fac9a6d3c5b50
ds1_img002080_ann002080,ds1_img000150_ann000150,10000,ds1,93ce2f8654fa79988179c3602c32a37e9ad06200765d93946f0827ad90b8e62a
ds1_img002105_ann002105,ds1_img001088_ann001088,10000,ds1,598878e4d1a811fc86eb3f35e264471d87dfea4714bd6ed78ad2d38d8ae0e317
ds1_img002120_ann002120,ds1_img000187_ann000187,10000,ds1,458c47575f167748fbdb35c524c2c7ba2c8c11b31f255f7edd0b2953ab0d61dc
ds1_img002131_ann002131,ds1_img000997_ann000997,10000,ds1,654580bd13fa9dd3270506a8e1b56b387265ebdbc341bbcead902dca6f69e729
ds1_img002135_ann002135,ds1_img001451_ann001451,10000,ds1,a5f2d3fe11320a1d4c6d8d219fddb523ea77d9e3da701730d12fcfe2625c913f
ds1_img002137_ann002137,ds1_img000111_ann000111,10000,ds1,cfa094ff109c3a3fe82dff957b147cab64136875cf4af956fe1a2ae9cd6bbdfe
ds1_img002140_ann002140,ds1_img000628_ann000628,10000,ds1,3ec80e32ab6758a390e2b334b76a2df98cd71efe7fd9621412ff1c4a78ef8a0f
ds1_img002141_ann002141,ds1_img001116_ann001116,10000,ds1,30d95d2c17d0bedbc89eac6a2e961d554027c208ddef62a15feb2a3d876e322f
ds1_img002143_ann002143,ds1_img000208_ann000208,10000,ds1,4d81768ed6f75763632f97edb6b63f0c54b00477ab824b83620c704922d7304a
ds1_img002151_ann002151,ds1_img000423_ann000423,10000,ds1,6c8687c2f0b5c73c5ef4c0348d99d478008aaf0f50263055eaa82df2aedba399
ds6_img023538_ann024630,ds6_img022959_ann024051,10000,ds6,3e325bdaf80004fe4b7abda80300c076f01407810c85e5e71b2d9269b22e4692
ds6_img023556_ann024648,ds6_img023543_ann024635,10000,ds6,4c0c77ed6b71e8db1761b166ef52c0b543e5d234c82f2df38706aa6612ef6265
ds6_img024127_ann025219,ds6_img023974_ann025066,10000,ds6,0cef02ff8edb747223b2b389dd809768b736ce3a7154e0512395349d9edc5002
ds6_img024847_ann025939,ds6_img023431_ann024523,10000,ds6,c2ea3fc2815a47872b64e152ea9d9b78f4193d54f161c2754a7133274024dd84
ds6_img025024_ann026116,ds6_img024992_ann026084,10000,ds6,b06541ea6fdf631fcf01aa45f31f7ffe83207d574d6882d1bed59166f3437a82
ds6_img025409_ann026504,ds6_img022976_ann024068,10000,ds6,1ed38908d4b9c6abf568b6961fa78580720170279288c3268e40f12d470187ce
ds6_img025540_ann026638,ds6_img025539_ann026637,10000,ds6,c7efe5a84c22656b13804cf4a2827cf56c2c00842d15b4e490d2acf18af6a446
ds6_img025708_ann026806,ds6_img025707_ann026805,10000,ds6,5765028c27e9348015f3ecebbac627a3ad9fa9bd08a2d60aa6274deb1bddfcaf
ds8_img027965_ann029063,ds8_img027961_ann029059,10000,ds8,57110ff39282e4dd0c865b70f9b8410a519f42a7e1e48b71d7e12ef0339f8d64
ds8_img028067_ann029165,ds8_img027988_ann029086,10000,ds8,589bd67dc18aa073ea0ab2edaa152f401fa82f1965e5efa07d98b2eb1a73e3a7
ds8_img028119_ann029217,ds8_img028032_ann029130,10000,ds8,e7960e3fae1d344ab75fe353511af2e081923ddb2f86be810b695df3c19b38fa
ds8_img028141_ann029239,ds8_img028092_ann029190,10000,ds8,5f310903ad406efd723f612132279cb18436537694f7390901ca67af6d0984fc
ds8_img028142_ann029240,ds8_img028121_ann029219,10000,ds8,dcd6e7b4717e71ea62cd6eae9fac08761cf5b262602fa22969d04b602d080313
ds8_img028481_ann029579,ds8_img028455_ann029553,10000,ds8,56d405082e51453c08b8ab5b2534395c916699a21db13bcd5de6b20057f7411a
ds8_img028513_ann029611,ds8_img028506_ann029604,10000,ds8,efa24a496969dc645bd3930cdeb055f1ef80552e417eb42c50d3cc7f9fdc6e46
ds8_img028524_ann029622,ds8_img028519_ann029617,10000,ds8,b4fd648071509662086480ad026003b11175a9d3e4859c8932d55eef84af7939
ds8_img028585_ann029683,ds8_img028373_ann029471,10000,ds8,bf3227f56aaf4ac705aa0a574aae56b723e6e4b6b9581b7ccd54c141a9d73718
ds8_img028600_ann029698,ds8_img027916_ann029014,10000,ds8,a1bc8710f710ed24b6c2c952c16f273a948567c7066c3bcda0e8902e6eec1961
ds8_img028611_ann029709,ds8_img028038_ann029136,10000,ds8,a2c5babba44442aa646c096996ac01173883126fe060ff372024e08bfd02ee78
ds8_img028659_ann029757,ds8_img028579_ann029677,10000,ds8,26858606c1069f39db19c0273b2d8a7d78a989dd70f250e3ee1197f719e13fb4
ds8_img028784_ann029882,ds8_img028769_ann029867,10000,ds8,b0c7661a6c12d52ef97d5879f606fcfe880b0c78e3d8f80872cc10f2fe9e1523
ds8_img028878_ann029976,ds8_img028674_ann029772,10000,ds8,7aca44455dca6ebb929ab89b1ac83cdbe7742aa785005a3ddc206a15f3d1ba54
ds8_img028978_ann030076,ds8_img028066_ann029164,10000,ds8,cff006ed40cec83f6ae9ff21829f7774a5ee4196538d1b2b8366c1cd5ad84526
ds8_img028979_ann030077,ds8_img028823_ann029921,10000,ds8,e9457f766562c2b0fd45d6991407c505531b6e42e22348385968848f4e899335
ds8_img028987_ann030085,ds8_img028986_ann030084,10000,ds8,58c93018098ccdeccbdc8b0747b24998e4e92e1e59e53ff109dd56a995cd7e6b
ds8_img029021_ann030119,ds8_img028644_ann029742,10000,ds8,0958bf4eac5c62a440cee4b3b3466a85b2a258849bb8ff3269d8cf604db15a98
ds8_img029062_ann030160,ds8_img028278_ann029376,10000,ds8,c7ae7c412ec6cf2d2b3315e9821ab2f582e1c8ea05610de230a5a00700a2bfc8
ds8_img029093_ann030191,ds8_img028423_ann029521,10000,ds8,cbe8c4bfbdfb0639a1947a97b38bf497402b9f62c0f4dd4f7d25fb17631e7d64
ds8_img029094_ann030192,ds8_img028674_ann029772,10000,ds8,7aca44455dca6ebb929ab89b1ac83cdbe7742aa785005a3ddc206a15f3d1ba54
ds8_img029103_ann030201,ds8_img028982_ann030080,10000,ds8,352124de7be2a80d887dbfab99b1ca63a96cebccdf564948f3ca9e99ee61c211
ds8_img029104_ann030202,ds8_img029019_ann030117,10000,ds8,1f50adce2d505c79c44eb64b1f1eaaacc95b84bc858ef297c185b35d85a62895
ds8_img029105_ann030203,ds8_img028114_ann029212,10000,ds8,ce549a7c389cd1eae6ca29cacdf0fa966b86abef14b2c0c326c32f7dff0f0804
ds8_img029110_ann030208,ds8_img028042_ann029140,10000,ds8,a3afcffbcaa869f6f94140b622953c32fcc363f295572efebd6bdb202a393191
ds8_img029153_ann030251,ds8_img029025_ann030123,10000,ds8,bde473466f5e93fb6a1db16ea330022e6a968340971b717b319ff713a78ed010
ds8_img029179_ann030277,ds8_img028387_ann029485,10000,ds8,6edc1f568e3fdaecedb6240363c201f9b657f19b291b84f37d7e7323051f79aa
ds8_img029182_ann030280,ds8_img028941_ann030039,10000,ds8,9bb7bd52b0ea1fb2c409af6d615c17f91792713298f82ddd12cb5e38baf579b2
ds8_img029184_ann030282,ds8_img028940_ann030038,10000,ds8,40e1240fd998d011ca4b82adc690c650d8e93efc2f990ef189c220517e01b8e9
ds8_img029185_ann030283,ds8_img029027_ann030125,10000,ds8,6df56b621891e80f588072fd15317f05e6aac30540b4679c75b13cc9a69b73cd
ds8_img029186_ann030284,ds8_img028884_ann029982,10000,ds8,bc540001aaa10dd6bd2cfdac1689aa753ed6d9297d2a45124ceae83256bb6fa7
ds8_img029187_ann030285,ds8_img028877_ann029975,10000,ds8,b69841159040dcaabe0b7e072ea1a1db739a3e59be11037605ba2360aa92da28
ds8_img029190_ann030288,ds8_img029028_ann030126,10000,ds8,241f6dfe1224031b57a80387515b6d10229ab6e2a195e5faca02a97709d262c1
ds8_img029195_ann030293,ds8_img028989_ann030087,10000,ds8,f0ea5b5931d38dfba1f216918add617b3908fced970c238d5ba8afe8a97baead
ds8_img029249_ann030347,ds8_img029028_ann030126,10000,ds8,241f6dfe1224031b57a80387515b6d10229ab6e2a195e5faca02a97709d262c1
ds8_img029250_ann030348,ds8_img029058_ann030156,10000,ds8,5b3a1d758df2f524246a71575bff84c018e86813fad1e6d4d9a7af3ed001b5be
ds8_img029251_ann030349,ds8_img029191_ann030289,10000,ds8,8d56ed2344359ee7eb66d8147dad16997dfb1302ef753bbec8bcdbd677002dfe
ds8_img029287_ann030385,ds8_img028813_ann029911,10000,ds8,de0101288fc6086ef6e1dc329683b636fb079a4f8d93ada91a9c84ce8f6002d1
ds8_img029312_ann030410,ds8_img029064_ann030162,10000,ds8,7c8467c6693e1e3c4a39465d7b31c0d40282ac66cb5322021fec3934b4335d2c
ds8_img029314_ann030412,ds8_img028982_ann030080,10000,ds8,352124de7be2a80d887dbfab99b1ca63a96cebccdf564948f3ca9e99ee61c211
ds8_img029404_ann030502,ds8_img029244_ann030342,10000,ds8,ddc4471812094f1d4d812787ed29467040e76d7be913011ba23512de0c599728
ds8_img029473_ann030571,ds8_img029395_ann030493,10000,ds8,09146825ef6bdfeefef033491eb1f7152bc969c3f2e5cfdd7fe99f66afc1bb44
ds8_img029476_ann030574,ds8_img029400_ann030498,10000,ds8,3c3a980594858f47c6bd763c06805a857bffeef6450aba22ebd92befaa2c22ae
ds8_img029602_ann030700,ds8_img028174_ann029272,10000,ds8,a8aed1304d477abb85c57e830c617a979c9804249d265f97cc57cf2cbdf3b963
ds8_img029605_ann030703,ds8_img029454_ann030552,10000,ds8,b1e6897a58dc70b09df0b98e37fe9abf72dc134e9a948035cb1a14f0b81e12d7
ds8_img029607_ann030705,ds8_img029304_ann030402,10000,ds8,46d5e6f96852c5825e14284e25014ad5eea13377ea69ce119e78fa2035b297a5
ds8_img029611_ann030709,ds8_img029155_ann030253,10000,ds8,82119c71972256c10411117b69469aad5a073a3cc4ee4710872796da600765b0
ds8_img029612_ann030710,ds8_img029157_ann030255,10000,ds8,89db4602f67319c6a0528302961e0b23c03bcfd9ee06fee8fd0db8781dd2a7d8
ds8_img029615_ann030713,ds8_img029574_ann030672,10000,ds8,97a188bbf966aaf70b9d95908467b8e9093bf6a3c46e56935a6513ed01a9f69e
ds8_img029618_ann030716,ds8_img028391_ann029489,10000,ds8,b380a3be83dba6ac140e9f2f5fb764f1bb24594676dc35e329f315fca9af3865
ds8_img029676_ann030774,ds8_img028076_ann029174,10000,ds8,350c00ace65962192ecf5e2e64719d1753601d17f57688da27b524ee066b96ce
ds8_img029677_ann030775,ds8_img028482_ann029580,10000,ds8,2b7e5e9944593bee9c3ab4cbef529ae149a8c52a2057727464c02ca31ab6971c
ds8_img029678_ann030776,ds8_img029472_ann030570,10000,ds8,4d7f83115579c391473e3a260decce14d79ee0409a14c50000b2c453589d1632
ds8_img029682_ann030780,ds8_img029061_ann030159,10000,ds8,ec349c97075cc39ad938ec71a85b5cf3ccb93cdd0b520ff3c84f3c070fe18109
ds8_img029747_ann030845,ds8_img029309_ann030407,10000,ds8,6cacde00be90cac1ca48fc9f673bb50d33e5911593a459dcf5ddda700b6a8c74
ds8_img029757_ann030855,ds8_img028805_ann029903,10000,ds8,44f343c196a286fbae0a1ac7ff0c5cdfb3272ffd65a3ba790ef14754524119a8
ds8_img029758_ann030856,ds8_img028744_ann029842,10000,ds8,4ab663c62e1426dc6ddbcbdb3816827a6269f1e6b625a195548ae70d53234f7c
ds8_img029762_ann030860,ds8_img029027_ann030125,10000,ds8,6df56b621891e80f588072fd15317f05e6aac30540b4679c75b13cc9a69b73cd
ds8_img029787_ann030885,ds8_img028506_ann029604,10000,ds8,efa24a496969dc645bd3930cdeb055f1ef80552e417eb42c50d3cc7f9fdc6e46
ds8_img029788_ann030886,ds8_img028444_ann029542,10000,ds8,51e4c6d81e193495a5c6f7ad6daded80f0303ac05f012711041ac7108884f05d
ds8_img029789_ann030887,ds8_img028232_ann029330,10000,ds8,5e1451c3e18a67837d6b89a08f4be80285c0b5b401c1c3ff9f00e653270fe93d
ds8_img029791_ann030889,ds8_img028744_ann029842,10000,ds8,4ab663c62e1426dc6ddbcbdb3816827a6269f1e6b625a195548ae70d53234f7c
ds8_img029803_ann030901,ds8_img028679_ann029777,10000,ds8,834939dfdb019934c5037cb909182bb9f27aa7ebbf8ee19010e8ed753b19bbac
ds8_img029804_ann030902,ds8_img029608_ann030706,10000,ds8,4ebbc367fa3d6a2b589f29da88293880325b0cff8b70f60ebf49c3a2117b7882
ds8_img029811_ann030909,ds8_img027934_ann029032,10000,ds8,f48f1472bcac8d69dadcce0b0f24eb378ff1b64f008a2a490aae3c3dff51112a
ds8_img029819_ann030917,ds8_img029680_ann030778,10000,ds8,66374a96217644c78ab7b0f02f74c7f025b87ad31520bd0487eeda196088c299
ds8_img029833_ann030931,ds8_img029452_ann030550,10000,ds8,eff0af0663f71dbe055650c8c32f33eb80bf47fcdb6a15e37a5d764043dfe1b6
ds8_img029865_ann030963,ds8_img028715_ann029813,10000,ds8,f1df79784d33a65bc50d3fcc6178c38a8136b44e4323d510bfd3e90d7b9735e1
ds8_img029866_ann030964,ds8_img028877_ann029975,10000,ds8,b69841159040dcaabe0b7e072ea1a1db739a3e59be11037605ba2360aa92da28
ds8_img029868_ann030966,ds8_img028423_ann029521,10000,ds8,cbe8c4bfbdfb0639a1947a97b38bf497402b9f62c0f4dd4f7d25fb17631e7d64
ds8_img029870_ann030968,ds8_img029108_ann030206,10000,ds8,82f2ba780e1f64be4b1a0d28da0bd537b4862499ba4904f9cf73e184d7d98825
ds8_img029872_ann030970,ds8_img028941_ann030039,10000,ds8,9bb7bd52b0ea1fb2c409af6d615c17f91792713298f82ddd12cb5e38baf579b2
ds8_img029924_ann031022,ds8_img029622_ann030720,10000,ds8,e93ff18efae0c5fa974e370b67d0eeab66900ca1f2deac14a437a498762c68c1
ds8_img029925_ann031023,ds8_img029157_ann030255,10000,ds8,89db4602f67319c6a0528302961e0b23c03bcfd9ee06fee8fd0db8781dd2a7d8
ds8_img029926_ann031024,ds8_img029763_ann030861,10000,ds8,78b706e3d3e727d3e41491e896e9863bfe769beaafd2721e05f003e2f52d91ff
ds8_img029929_ann031027,ds8_img029240_ann030338,10000,ds8,a629032981af0aafe405618d8e773b767a84231fa59b4efc6cb2fffdc4790d91
ds8_img029930_ann031028,ds8_img029854_ann030952,10000,ds8,9916fc9de851ccbf5f5c75ea90235b1513b07dee29eb21c8d683d6a8ee387cd5
ds8_img030017_ann031115,ds8_img028679_ann029777,10000,ds8,834939dfdb019934c5037cb909182bb9f27aa7ebbf8ee19010e8ed753b19bbac
ds8_img030018_ann031116,ds8_img029783_ann030881,10000,ds8,3dd696757c265d108657b683831c98d27cab3094ed63358ed41f2dca9e0efcb5
ds8_img030019_ann031117,ds8_img029856_ann030954,10000,ds8,cd779c962a490837552443d86cf745dcfe3e6076bf3ed5a21ddfefcd0e8d7ef4
ds8_img030021_ann031119,ds8_img029571_ann030669,10000,ds8,5afcdecbf6df69528bec5f5b75a76292291d45ceaea809597c69ef5c4b1c1905
ds8_img030022_ann031120,ds8_img029396_ann030494,10000,ds8,f3cafed0c3cbad8f443f99d07d90c80812ad8f6c5e6baeca8f9361b0cb42cddd
ds8_img030023_ann031121,ds8_img029619_ann030717,10000,ds8,c74a834e3673865bf032992bdd46cc2295892b00edc54360dfbad6175f1cbe12
ds8_img030025_ann031123,ds8_img028019_ann029117,10000,ds8,e1996442a74642ad1d4fec9f6d7f6764a227630edac2f0f24e7e6adca1dfe214
ds8_img030027_ann031125,ds8_img029155_ann030253,10000,ds8,82119c71972256c10411117b69469aad5a073a3cc4ee4710872796da600765b0
ds8_img030028_ann031126,ds8_img029625_ann030723,10000,ds8,7dacc985f5d412506c99918f81fd56756a376a16895361d44d39405fd172a872
ds8_img030033_ann031131,ds8_img029306_ann030404,10000,ds8,afbcc07d9a152751cf94d86af525573d4bedf000899fd75d45a25b6c4206f119
ds8_img030034_ann031132,ds8_img028918_ann030016,10000,ds8,e3d88ef3f00edac8562fd9d30863fd4be3af120dd960bc27d9d1b76c419a12a6
ds8_img030075_ann031173,ds8_img028037_ann029135,10000,ds8,c05ffd3756e441f485dcb02c8398edeae403e2c4a4c727ce5be1817fb07dd924
ds8_img030078_ann031176,ds8_img029247_ann030345,10000,ds8,584b98c47b667187b49b26c7e05b58a66d166ad088e5a83f53d274f7063e4cb3
ds8_img030115_ann031213,ds8_img029684_ann030782,10000,ds8,5af38f08124893ad3b2f0f6cf900af0fde5100072882603696f1b330fd60b0cf
ds8_img030174_ann031272,ds8_img029244_ann030342,10000,ds8,ddc4471812094f1d4d812787ed29467040e76d7be913011ba23512de0c599728
ds9_img036025_ann036321,ds9_img032216_ann033067,10000,ds9,4b68aa1f79074782a0c11a91722b07f90c26a7d41d5cab0a6ce31a840e05ddbf
ds9_img036385_ann036644,ds9_img030907_ann031954,10000,ds9,5eaf9b6aea006cf20d5a80afee72eecd08dcd371fd036df0a48bdce94fa0a6c4
ds1_img000268_ann000268,ds1_img000157_ann000157,100000,ds1,3042b0d80eae1ff649a906b05412e87adeb9b0d59efc3dd5bcc692d1684eb233
ds1_img000424_ann000424,ds1_img000019_ann000019,100000,ds1,231e71349744cceab5b694d6916dd46beae6af86009141d4da903f4b3408e640
ds1_img000484_ann000484,ds1_img000448_ann000448,100000,ds1,ce6247535258cc567a472ef944396128888a826f4ec4a98af78888817d7e00fc
ds1_img000504_ann000504,ds1_img000468_ann000468,100000,ds1,6d6b210fee7ee245935d824a4923c7efe822e9936f7655733edec428d4c28517
ds1_img000528_ann000528,ds1_img000381_ann000381,100000,ds1,fb67be5d4f3ecaea889ac84fe1bf18c99bf393ae87c448878b3ea3f185261f08
ds1_img000547_ann000547,ds1_img000500_ann000500,100000,ds1,3205e1031f6776315aa0f4f9fff170221fa1d40c807d3aa54a91da40cdd39799
ds1_img000567_ann000567,ds1_img000154_ann000154,100000,ds1,2eb3900b5e39dc1c42f37c752a093fb2c9b1edd5e9b25d72e7aecbf40395cefc
ds1_img000630_ann000630,ds1_img000013_ann000013,100000,ds1,f87792fbb8b228a5de9babd0aac4d276a11eaa2405fc4c3b10e79ea862338d46
ds1_img000677_ann000677,ds1_img000665_ann000665,100000,ds1,f1b37a41cbe886c8a941a5e4295dbd3a60cd4513b285ec8d57f909c6034b8561
ds1_img000685_ann000685,ds1_img000535_ann000535,100000,ds1,b923b791cc29f542ab2fcb45bf74357bb919ed4e61c70be5779d4b4a6d145055
ds1_img000686_ann000686,ds1_img000439_ann000439,100000,ds1,1b82c88d8f8b319129d8d4bed46f2434952b476fb8fc53e986ee482c7df5c131
ds1_img000717_ann000717,ds1_img000236_ann000236,100000,ds1,27b5970ea8cce4a3517b3ddb567b1a6fd7d10d07133f2493b654c77a75ca22e3
ds1_img000722_ann000722,ds1_img000258_ann000258,100000,ds1,55e1c084820f3dfe80fe87fcf877057ce41c963920c6cb1fc4451cb21241dea6
ds1_img000795_ann000795,ds1_img000299_ann000299,100000,ds1,cec9a22e51dd7e2f6928bbb274300a0404a3ff3563b20a6abdedb6638e01222c
ds1_img000807_ann000807,ds1_img000023_ann000023,100000,ds1,a09d4c33e81e5fc58cf71c18ec1032ed43fae13120d77390c5365be2bd874855
ds1_img000886_ann000886,ds1_img000825_ann000825,100000,ds1,5bb0a233b8c0910fa35a1be3a04a08b953944394d800d7060f29833fc277178c
ds1_img000908_ann000908,ds1_img000480_ann000480,100000,ds1,394ff28f02cb95959ffa168175662063ba9395be535a1eedeb6723cca52e24ca
ds1_img000932_ann000932,ds1_img000758_ann000758,100000,ds1,8a76f6d33ca7a2d287325a838dd39c119305345a1b9dcd261aeda9b01d59b450
ds1_img000956_ann000956,ds1_img000426_ann000426,100000,ds1,0cd21e9259e9c47e7877a1fa4f02ef53e9d7d0ac81f6749eeb3f7bf5d813e3ae
ds1_img000957_ann000957,ds1_img000097_ann000097,100000,ds1,2371b5e669dc4a4ff96571af404ed6509b9adae3849189d3a87eaa65db05afa2
ds1_img000977_ann000977,ds1_img000003_ann000003,100000,ds1,dfe54838bceead50abb0af91fd6c37b661d566237887db30b3a3ae395a3f057e
ds1_img001001_ann001001,ds1_img000306_ann000306,100000,ds1,9145aeb4554f55cee62f057c1e79d6cc2dbabafd16c7a8457de6984b9070c0e7
ds1_img001013_ann001013,ds1_img000842_ann000842,100000,ds1,c09e29314c3b9c15208eb1e67c0f63339b002d591453a310b45e6a3535292145
ds1_img001028_ann001028,ds1_img000621_ann000621,100000,ds1,0335c23fe228d829b6e6b23dc87c4039bc3f0340d2d10065d45eea5513e2a507
ds1_img001063_ann001063,ds1_img000489_ann000489,100000,ds1,87797690cd72c103d71d2fd4822010cf8e7f6ede2d935693c7dec902c2bf2f4f
ds1_img001106_ann001106,ds1_img000840_ann000840,100000,ds1,0e84a715a1654cf26343ef254a488d3e69a0699908916a5b22c2e61c51276f7b
ds1_img001120_ann001120,ds1_img000992_ann000992,100000,ds1,cef8c7e36e0c23c6acd9f338c6c9518b75c0c4085fc8f8ebd6f32b95bdae26c6
ds1_img001125_ann001125,ds1_img000502_ann000502,100000,ds1,0893b4003e358d6c5e856ca6a6f600c1c49e72fda92714b5665dfb1a610bacca
ds1_img001130_ann001130,ds1_img001081_ann001081,100000,ds1,8845df335a31f2c8a2eaa2656b749c3ead8d387e03e33fc81701c5fea6105b5e
ds1_img001134_ann001134,ds1_img000420_ann000420,100000,ds1,ad970161553a561702d7f6df8a6539d370680347dd34ca11d81c41259902fd05
ds1_img001138_ann001138,ds1_img000845_ann000845,100000,ds1,36b390ec594c83b0db55a3dbcbdd3ff54abaa78de47e2d5dc09be066910c9fea
ds1_img001154_ann001154,ds1_img000464_ann000464,100000,ds1,d53f45b6cc079bac9cd7aae5c9bc74d20ae5ae10a1b57d74bee459cdbff1d651
ds1_img001170_ann001170,ds1_img000554_ann000554,100000,ds1,a237d549ae36bad9d952fe6a8fa906f6a06cffa183e94a0266ab6abad5e122b9
ds1_img001171_ann001171,ds1_img000328_ann000328,100000,ds1,1812243048df4d4e960115902297138cd357394e7e941d840d8a783a3dcaeb4e
ds1_img001182_ann001182,ds1_img000891_ann000891,100000,ds1,704b0ab1a843787c73e7cdf511e328bcbb7b52e260ede90aa4c21501cb866d19
ds1_img001184_ann001184,ds1_img000781_ann000781,100000,ds1,7ef4d96e1f0299c22b22934a1e292480076fa58a9f14f7d57b8ac35a64411822
ds1_img001185_ann001185,ds1_img000843_ann000843,100000,ds1,c9f0713c7537060829180411eb2e1143638235ec6bb67a9304c69a6e75f451bc
ds1_img001215_ann001215,ds1_img000793_ann000793,100000,ds1,c8a6177b26e8985347f498de244dcd562b7bcb00ac4d8234657dbb100c474e49
ds1_img001227_ann001227,ds1_img000145_ann000145,100000,ds1,749c303e28e35efef7f4af25e83be5ac5111013c830e4d5dc782e519b7c20eb0
ds1_img001231_ann001231,ds1_img000947_ann000947,100000,ds1,d9584e31326fff886f568a40b2d326fbafce3f350f6c548cd1c5ac25932b20e7
ds1_img001244_ann001244,ds1_img001002_ann001002,100000,ds1,280e605e4862d0f36a68235a06f18f790bcc5232b536c9f75eb6ee260196609e
ds1_img001279_ann001279,ds1_img000280_ann000280,100000,ds1,ae084fead25caeeb9afd9aebca08a399094bb8901809f998dd703e00262e7b29
ds1_img001292_ann001292,ds1_img000053_ann000053,100000,ds1,38b5d63ad561b2a49ad940c46b1c5bbd83e264682baaacd42953a2a2a272b47b
ds1_img001309_ann001309,ds1_img000264_ann000264,100000,ds1,0576366744013b3ea1f30de8876d05d717818a20c66aaaa9944dc0364acca1c0
ds1_img001336_ann001336,ds1_img000611_ann000611,100000,ds1,bbec4bb018df3259d89c1a0d0be3035e6900d820b299f7c4e52e857504d112d7
ds1_img001344_ann001344,ds1_img000438_ann000438,100000,ds1,17070688b4197c2d6f5ce14aaf08c74c8629ceb4cd79fc674e8fb01ff9c635b5
ds1_img001374_ann001374,ds1_img000554_ann000554,100000,ds1,a237d549ae36bad9d952fe6a8fa906f6a06cffa183e94a0266ab6abad5e122b9
ds1_img001376_ann001376,ds1_img000934_ann000934,100000,ds1,bae70888025fa10d160969a98ced38b91fd9bb785433b6574647cd1cb474a1ce
ds1_img001393_ann001393,ds1_img001115_ann001115,100000,ds1,952e19cfbbee7d316aad1710a9030310fda3396d8d276102a2da685ff7eee1ee
ds1_img001429_ann001429,ds1_img000798_ann000798,100000,ds1,d18c2ce9115066ebb473b30d60a3a6189a80590e0fccbffcc79c02bf13957f13
ds1_img001450_ann001450,ds1_img001195_ann001195,100000,ds1,cc71484404ace0b940f083e8fd03001b44fd86e646df6054cf57d9815328bbad
ds1_img001454_ann001454,ds1_img000658_ann000658,100000,ds1,accd1c6a547cfdd0db202d8585378fb961a76b7a31ede69afe762c51c6699db4
ds1_img001470_ann001470,ds1_img000061_ann000061,100000,ds1,3497ff394359ac338e46eb4f229c39c5ca45e42365ffc827bf43c334187d132e
ds1_img001478_ann001478,ds1_img001333_ann001333,100000,ds1,f2e059b12547f365e07999b9d7df9b8a3aa6397dd05034a2f70b1864334763af
ds1_img001488_ann001488,ds1_img001168_ann001168,100000,ds1,304e5b05ce7787bc13be509485f63be3716a66feb986d27f286f04a4dd47f309
ds1_img001517_ann001517,ds1_img001249_ann001249,100000,ds1,95cef907ca3bfa3fcaf43793ff1ac721c9b4f4b65edf1395606f5c53b0b9a3c6
ds1_img001530_ann001530,ds1_img000199_ann000199,100000,ds1,a42bc21d03a5e6af710791310d118b2f19eec3bace239054a9de27160a4736da
ds1_img001553_ann001553,ds1_img000720_ann000720,100000,ds1,b3b43905fb17ba0e0ac3e4e7c5f9e178cc1357ea3572ef0de567b07784642024
ds1_img001591_ann001591,ds1_img001548_ann001548,100000,ds1,78df3f4b9f342b78a7d13dda181f95710ba3c9f36199e4bd89a7a520830cda09
ds1_img001632_ann001632,ds1_img000344_ann000344,100000,ds1,b6790df1d81086977ffd6d1d4598203b758b03673875e63b5b256958163d9766
ds1_img001644_ann001644,ds1_img000827_ann000827,100000,ds1,cab5dec57f2a41f6414b01a5eeb6e0946e1e5ace0412bcc024a24c525406d718
ds1_img001647_ann001647,ds1_img001129_ann001129,100000,ds1,6653a44b42211c3377d901fb890ae22d49b5c6dee683b19b8cff84cc367c540c
ds1_img001656_ann001656,ds1_img001161_ann001161,100000,ds1,aded932a4ef2dccdaff08de4713bbe34204b4da769882c4add6b7cd0c73147da
ds1_img001659_ann001659,ds1_img000132_ann000132,100000,ds1,52214d8af431bfc1753c4fe72bcc912df80c6b3cbec85e6f7c1476fd3be5d429
ds1_img001668_ann001668,ds1_img000067_ann000067,100000,ds1,cedbe19e97ed2fbce1d507277bd4ddf2284b51c75dd147ea9c909193c1495f3a
ds1_img001675_ann001675,ds1_img001573_ann001573,100000,ds1,a38540c9e1776a64f7dbcb9d314ad336359b394d7a743beca7c8993018547330
ds1_img001693_ann001693,ds1_img000691_ann000691,100000,ds1,c7cecffe0e09546e23681e7b45ce8bf180e69de7e2075e63f22c4436cd4b3639
ds1_img001707_ann001707,ds1_img001614_ann001614,100000,ds1,5d4cb8c36db8b9d7174c1b0b8425cdf3a961a17fc20c6005bb183a1e7b420cb6
ds1_img001709_ann001709,ds1_img000190_ann000190,100000,ds1,4a659f805a82442d677d9bfb16029ead776278cd05cbe36f7d1ab2c77f881003
ds1_img001724_ann001724,ds1_img001307_ann001307,100000,ds1,6169adf3803a4bddedadbfa218ad44e263861ab712c0d4012790db7cc7848585
ds1_img001739_ann001739,ds1_img000326_ann000326,100000,ds1,c85ea8d38a9d0ba7c0751065992d69fd32d7d23642937f1b632e8672c4b58041
ds1_img001753_ann001753,ds1_img000483_ann000483,100000,ds1,d148383287b1b1581b50c8843181484e5699fcb4472852a9f78eaa11f016cc8e
ds1_img001754_ann001754,ds1_img000883_ann000883,100000,ds1,c6704ee65aba39a5aa61c5b2adadeabb3fab5d6194478f4d549c55bcb38cd86d
ds1_img001765_ann001765,ds1_img001192_ann001192,100000,ds1,7b9825911beb415a59e31bc4e45537e565256284714b37f700e21c0972eda5de
ds1_img001799_ann001799,ds1_img001331_ann001331,100000,ds1,f4b9a96d67918e4b859b0d91778e0666cd3ec54b9d1f33bac460b133e72eefc8
ds1_img001809_ann001809,ds1_img001682_ann001682,100000,ds1,226f90f54a4697544927c2033e67087c666eca2e3d9b6d6c3601dc8967fbec25
ds1_img001821_ann001821,ds1_img001216_ann001216,100000,ds1,466f5ca74cf6b4bcabda3ad57f20bb7b950d1d16c859ca0edbafc26589103101
ds1_img001826_ann001826,ds1_img001299_ann001299,100000,ds1,9b17111206fcea960e2cb96156369fa1ec81d659af41e143355c5d6678db9c55
ds1_img001841_ann001841,ds1_img001050_ann001050,100000,ds1,3c969fde56ac2b4f254bdb04c23ddf455ff75a89586a822cb32f879845af537a
ds1_img001853_ann001853,ds1_img001044_ann001044,100000,ds1,145a25a4afc1b1d93861e69e383ae0205333ba34d26caac2bcab38c33111192f
ds1_img001862_ann001862,ds1_img000880_ann000880,100000,ds1,caed63c37bfff75feca53b85951ebf2ca94aff91fe3303c9c676ab15857ccec4
ds1_img001871_ann001871,ds1_img000554_ann000554,100000,ds1,a237d549ae36bad9d952fe6a8fa906f6a06cffa183e94a0266ab6abad5e122b9
ds1_img001872_ann001872,ds1_img000203_ann000203,100000,ds1,ee132506d5cdff73850be9a719815e8a139b765f2a0370c2acda8a0e0c4145e7
ds1_img001897_ann001897,ds1_img000526_ann000526,100000,ds1,062b97554e0fdb65fa57825158052b81225acde7e6dcfe12dfba4db22729beb7
ds1_img001909_ann001909,ds1_img001714_ann001714,100000,ds1,8fe24c8ddac08a3fa7175aeecebca580b0fd88af542d644425508363f9cd7afd
ds1_img001924_ann001924,ds1_img000336_ann000336,100000,ds1,53482409dcd15de1d232acd9fcc08622e98b41bdd230e4a2461be69fe4fff4f1
ds1_img001926_ann001926,ds1_img001726_ann001726,100000,ds1,f6b2261a4db02474c91492b51560cb522399e94cac27477d6202580f4d0f60ca
ds1_img001938_ann001938,ds1_img000030_ann000030,100000,ds1,4938e1ce2fed0f0615a40122c7557625843190a5c9da9405b2ca3232c16d494e
ds1_img001945_ann001945,ds1_img001370_ann001370,100000,ds1,b2867ea71640121a4c2ea60dab7d657743a9c887a312360ea3132919d47cd870
ds1_img001946_ann001946,ds1_img000321_ann000321,100000,ds1,7911f2d0ef5425a5a6458ef9b476c10c3ee687fb6052104a81f4714df3b2b6a7
ds1_img001953_ann001953,ds1_img000163_ann000163,100000,ds1,572a182b1e26be2b8d89f707ff066f828a8ef91d2d312800e8cd43c71b9655ef
ds1_img001961_ann001961,ds1_img001434_ann001434,100000,ds1,752ddece843dab0b3ecc95939cb55ccfd3abd1c9acce8f39936dbc27bba80952
ds1_img001978_ann001978,ds1_img001906_ann001906,100000,ds1,0fa232cbb31642e89ef58762ba602a6fa3fa1b05c9ff8c582af576533ad8eef9
ds1_img001994_ann001994,ds1_img001145_ann001145,100000,ds1,92638c6cd5dce80cf67b58771fcf1276e758f6084ebef328057505542eda45eb
ds1_img002009_ann002009,ds1_img000296_ann000296,100000,ds1,464c8a32578aacf460c564c06f58dbf9962e46d14b071c8dd5fedefce0ff76fe
ds1_img002029_ann002029,ds1_img001316_ann001316,100000,ds1,100c77e5bb9eea1ae1da813e975f44b6004c822580a505a22dd13ad4c29ddfbe
ds1_img002032_ann002032,ds1_img001869_ann001869,100000,ds1,484515d46db571f3ec9fbbf161a02830e4512aad08f7cc37ee649d88af4a8d83
ds1_img002045_ann002045,ds1_img000099_ann000099,100000,ds1,d172a63b8def6f2c92fc86c3f121a41413772928453f5264944e4c5efb2fb6f8
ds1_img002059_ann002059,ds1_img000584_ann000584,100000,ds1,dde36e1fba7098b7cc2d5f588da95235c3f108bae52afa27c2893400e9956842
ds1_img002062_ann002062,ds1_img001394_ann001394,100000,ds1,1950b1659629087d369071d8e3849a951b435efffdbc649d41671f8c226950fa
ds1_img002064_ann002064,ds1_img000200_ann000200,100000,ds1,df234c11559c851cf2bc7c3c01dbb4b85ef8d7dd1e3bcfa67ac654f1c23efe64
ds1_img002065_ann002065,ds1_img000514_ann000514,100000,ds1,a6bf900b20c53aca1a67fca7d629fcb082947bcdeb4ee2c35ec2468d3a966647
ds1_img002078_ann002078,ds1_img001046_ann001046,100000,ds1,30f3fe25ed843094cd4a67d1183feaa4a09ea727c3504116ba73dfbe68219b48
ds1_img002081_ann002081,ds1_img001104_ann001104,100000,ds1,cc204208c9ba30b16280dec68c6a053f2b6695d3c7757d93a6b1d2ce1f058d4e
ds1_img002082_ann002082,ds1_img000246_ann000246,100000,ds1,ac217fe14834a9d8516ede4f9688b6fb2ec589da763e55935cc7833946d98097
ds1_img002127_ann002127,ds1_img000862_ann000862,100000,ds1,f455398786af6d7f875ad8b5d2298f6639123a131eb3b15f850679c0ab26dce8
ds1_img002128_ann002128,ds1_img001688_ann001688,100000,ds1,15c5030fda7ea499affc3b9368ea3c0faf755ab3a28d397d49eb617f7b5cea87
ds1_img002142_ann002142,ds1_img000987_ann000987,100000,ds1,9473083dd95039369c485a976576ce46f9adf59c9228a1c4334c79a1ae94ad1b
ds1_img002147_ann002147,ds1_img000040_ann000040,100000,ds1,852ef5b3b51294a15742aaf17ca6d2f5f9b64602a390ccecf3775a5395b33cf9
ds1_img002148_ann002148,ds1_img000735_ann000735,100000,ds1,576b96acbe998a7c0c896ad64ee2db5628e90a18c4950ce578bd7957b1d0af6d
ds1_img002153_ann002153,ds1_img001913_ann001913,100000,ds1,7d82deffd767c5094205b48a14562968ec6b8632952d627996ab58f815e9f5ab
ds1_img002155_ann002155,ds1_img001713_ann001713,100000,ds1,dbd10bd8ace2e3865f6f79eafd7b85605940c8e9fff6526a871e5ba0187ac1f2
ds6_img023983_ann025075,ds6_img023755_ann024847,100000,ds6,863134d8f21e19ac76672b632503863706950d8900a14825106ac00084091b2d
ds8_img028086_ann029184,ds8_img027938_ann029036,100000,ds8,edbc35eb6af1296e74d0d7572cd9ce0d243efaf02befe48a5ceef07dc2e951bd
ds8_img028139_ann029237,ds8_img027879_ann028977,100000,ds8,b49beaf68a71f006efa33cd792eadee6c868370073c0fcfb026c5a32a86c7c78
ds8_img028228_ann029326,ds8_img027857_ann028955,100000,ds8,adaf781fc8e1bf78aec6ddd933a4f8268b5323bf0ba4bf7616dfbd426cff7530
ds8_img028304_ann029402,ds8_img028145_ann029243,100000,ds8,c3cc3030c87b6f716878c1eafc42791c690eb695e768f2455c0ed8fbbc8bd74e
ds8_img028357_ann029455,ds8_img028346_ann029444,100000,ds8,1cb22bc1e0853048ee091f1a507a9278c53a6f05037e5a0d83ccb1ed512f2353
ds8_img028406_ann029504,ds8_img028331_ann029429,100000,ds8,10fb3d9465adaace549cf6eced23889e7c3c7e73596bb4325bdaf4969bfeaf51
ds8_img028436_ann029534,ds8_img028173_ann029271,100000,ds8,06b5734584313ab0d50e10963bcb927b790929a30f9245ca1f28cc162b93744e
ds8_img028441_ann029539,ds8_img027880_ann028978,100000,ds8,342971230c13ce70040b1e251d744400aedf8e3df251c2a3f09458c4bc72e796
ds8_img028451_ann029549,ds8_img028056_ann029154,100000,ds8,3673b219dfa9de402d35eb36b02cc8eea90d7a34be9253c08d8e79c3ca59c387
ds8_img028539_ann029637,ds8_img028447_ann029545,100000,ds8,de224045d10987fb66e3721e9b3c4c579156c5a0e8f25f9399dbe27318d928b7
ds8_img028569_ann029667,ds8_img028015_ann029113,100000,ds8,a76f5a2a2701356d8987048df1a9e6bb0aa27d95bcfa9d7bc04717748428efde
ds8_img028668_ann029766,ds8_img028363_ann029461,100000,ds8,49270b205b2c9c28d521d578a14c2058d44e9270f54fbfd5ac298f6fecdc8e7e
ds8_img028777_ann029875,ds8_img028661_ann029759,100000,ds8,ead0da2ad6d774f18db382148dd2af15f1e169ed898b4a7206c076c7abbdcf5f
ds8_img028842_ann029940,ds8_img028660_ann029758,100000,ds8,59c1dc09bbf1ebfbd24f657e6e9898e16149048dd828258cd0f8031bec0e14b6
ds8_img028864_ann029962,ds8_img028756_ann029854,100000,ds8,02bb4b6f86505fef131a8267ae90ef0968ff1b83a4fe5eabc2d2603eade13d00
ds8_img028868_ann029966,ds8_img027938_ann029036,100000,ds8,edbc35eb6af1296e74d0d7572cd9ce0d243efaf02befe48a5ceef07dc2e951bd
ds8_img028873_ann029971,ds8_img028583_ann029681,100000,ds8,3424f7a0030fe37e1b939cbde44bc25a7d649f966353f57301ffb72b21f3970d
ds8_img028875_ann029973,ds8_img027985_ann029083,100000,ds8,ab34e173919d16c58407d31b505bc51cc66c07d6db68d4dcb7a57a753cd8618f
ds8_img028915_ann030013,ds8_img028733_ann029831,100000,ds8,f97ac790678fbd084542cf94ff7f2bdf94ac02d433ba19169dd95cc5b25780ca
ds8_img029004_ann030102,ds8_img028231_ann029329,100000,ds8,82b0df68a67c7fa0b54fb7c2ea6d5af576d1a5ca2676ca4921457f884d0d07ec
ds8_img029005_ann030103,ds8_img028349_ann029447,100000,ds8,3d1b83582e4f1eae6750495c7f9ab73fab8cac1db394b428393629a9a9c19c4e
ds8_img029011_ann030109,ds8_img028512_ann029610,100000,ds8,10e0ba5120f9808d205482ad9b8b12ec53fd819421507a13542cd2c2bd4afb34
ds8_img029081_ann030179,ds8_img028708_ann029806,100000,ds8,a31a65a50664ee4da1e18a0f78afaa6387047171bf1e13fccda10e29c78ec180
ds8_img029083_ann030181,ds8_img028543_ann029641,100000,ds8,4599d01aef3fadf4d08b80990659715b9f71f42925ecbb00565339b7bf513e36
ds8_img029148_ann030246,ds8_img028818_ann029916,100000,ds8,4ffc51e8443ba71a1e624c496810cec628b86d4a86f8e29c70016817a57b03b5
ds8_img029169_ann030267,ds8_img028165_ann029263,100000,ds8,004c357aeb8fb0af8e591bfb7232f95db38afdbde77bb5015c877be03b91d949
ds8_img029170_ann030268,ds8_img028598_ann029696,100000,ds8,2e544784e6111218be9f9cf2f7010b34279ff27e2b5f6b6e2008c6c2c57e75fb
ds8_img029173_ann030271,ds8_img028843_ann029941,100000,ds8,38fdcdff6688c2b849854144047941f1921af8f35cefefc10ce5a74cb7c39221
ds8_img029227_ann030325,ds8_img029002_ann030100,100000,ds8,2ed0d41cd0b71154369b135ac8163110f7b802e9d66d13bd73c0036068255956
ds8_img029229_ann030327,ds8_img028156_ann029254,100000,ds8,66d34614ebe3ec3ddddbe510a5ac7511c30ff21554d092f24507783d23725467
ds8_img029235_ann030333,ds8_img028757_ann029855,100000,ds8,9fca0cbd85da9897e4d6a973d1e61ac17ae343e749b77712bb33a585b3f9bae8
ds8_img029238_ann030336,ds8_img028672_ann029770,100000,ds8,8676b19f5cbc49398b36da69a3c2ca9d6b1c4810a041c4ceca62d00b3ffac69d
ds8_img029269_ann030367,ds8_img028466_ann029564,100000,ds8,ddf7215f826d734ee3ca767f677e41789340aa6820a95f6aaf084265094710cb
ds8_img029270_ann030368,ds8_img028157_ann029255,100000,ds8,9382786c2e0433d0f0d87cb616e8cb0666f11ecb135d621958b83bd6b8011015
ds8_img029277_ann030375,ds8_img028695_ann029793,100000,ds8,30bcbd8d61c7b4243561b59057f39b90830ab8ed1d6c6e2582e337dbf1866b0b
ds8_img029281_ann030379,ds8_img028480_ann029578,100000,ds8,2a7de23d1ece5b0257c5dd468eec07d632661ab18838976de655a48603ebcbed
ds8_img029284_ann030382,ds8_img028572_ann029670,100000,ds8,a3219ad60d9a8138e0ceb0014517d0b0a03f9ae10353bff083bdf03b94335281
ds8_img029296_ann030394,ds8_img028774_ann029872,100000,ds8,126365b76e72b26e3b774508c85c0d0d61b4b2d7fb2dcbb394cd4468377e4303
ds8_img029299_ann030397,ds8_img027903_ann029001,100000,ds8,c72878cecffd62601d24ed782c764e355ee0046779d5780d9cbb87dea7b8972d
ds8_img029349_ann030447,ds8_img028592_ann029690,100000,ds8,d21e39ab029b905512c40bc14f5eb617eb89f200e089ede70d6d8f6f01bda665
ds8_img029377_ann030475,ds8_img028464_ann029562,100000,ds8,971b94b3374610a4077898db68559c8b354a1320316b08dc36be4c0ff267892e
ds8_img029378_ann030476,ds8_img029000_ann030098,100000,ds8,174853946676125b68e19e78e0c3ace650bfe761b4596b538b734ec2ba057e8f
ds8_img029380_ann030478,ds8_img028147_ann029245,100000,ds8,ea096964bdccca7c370c7f18553ccf77138b9d4c4701497b4b4fcb90a63f0926
ds8_img029385_ann030483,ds8_img029370_ann030468,100000,ds8,23be09109f96c2470d72793836c083b0e6ece427c6b75c398a77cba69f88168d
ds8_img029390_ann030488,ds8_img029297_ann030395,100000,ds8,0d305b8b55d08cfe598c8803c17a31e3d1da7f9c583b88ea97c58a5477288d17
ds8_img029402_ann030500,ds8_img028240_ann029338,100000,ds8,c0b2e14581b7b0a181ca174df636e0b99c51b85ea422675d05883f59a110beda
ds8_img029403_ann030501,ds8_img029172_ann030270,100000,ds8,42bd3537ef8e8b8a33c57db7c6a8786069b0216a0387b38f1d36e43bb4984216
ds8_img029405_ann030503,ds8_img028437_ann029535,100000,ds8,72b2075ce3ce894545256e59a03d2ba3cbc795211d999be5518cbe1f22bfa762
ds8_img029406_ann030504,ds8_img028209_ann029307,100000,ds8,9d3fc4a52b5720efff4738814a62123a1c64802615187d3b6fe138856fce7cf3
ds8_img029416_ann030514,ds8_img028102_ann029200,100000,ds8,2fea683ebbf457d6b8dfc679b9103033fa63e8925e802e1ab592dc363254a66c
ds8_img029431_ann030529,ds8_img028440_ann029538,100000,ds8,a7ea994528f87084f516af5428feec953521147660a1b1e804e2e0e7f9ef7e78
ds8_img029437_ann030535,ds8_img029272_ann030370,100000,ds8,c21e318fd86243beebd9b88fcd763ef88df05b896e2651d8243b4c869381752c
ds8_img029448_ann030546,ds8_img029063_ann030161,100000,ds8,37479b2437f5ee5ceab76d4e3ff164bffc20803867c82d34658480aaccf3b2d7
ds8_img029463_ann030561,ds8_img028489_ann029587,100000,ds8,e9aa301d3ca4f45d9751d71f96f3a807120d78b8e87122c3f2198abc60e2f954
ds8_img029466_ann030564,ds8_img028804_ann029902,100000,ds8,edc34cc1d30e8b17c02c46a145ef653b4c01310ab71d0c3cb93c2c9081e3a995
ds8_img029468_ann030566,ds8_img029401_ann030499,100000,ds8,4f6eddf69eddd249637f5978e3b64e294d7bd5135fab07115e3a41f95eaa579d
ds8_img029474_ann030572,ds8_img028190_ann029288,100000,ds8,0c78f4e601469201e95c304b0082e000d3b1c74796611698b7ba89b3f5dbf9d3
ds8_img029532_ann030630,ds8_img028728_ann029826,100000,ds8,81df23b8d4816b331f23d23822b9db8de7b11924ceb1c977836abcc08183eeba
ds8_img029533_ann030631,ds8_img028912_ann030010,100000,ds8,99d4d25454f3d09766b3845d7657489fb2ef1a20f327b130746cac01df80c29d
ds8_img029537_ann030635,ds8_img029392_ann030490,100000,ds8,a34926ff8488450bb9d3b254d9160a36e13d38d44dc3a3e97261e6597e25787a
ds8_img029569_ann030667,ds8_img027864_ann028962,100000,ds8,d121491890fc2b1a0cce528f458fd88528604b78add69a21e581bb73da08493e
ds8_img029576_ann030674,ds8_img029566_ann030664,100000,ds8,f2e6695ba7ae8e9fadac34a43ce52880420fa30763a5eefeda0e844d05133974
ds8_img029598_ann030696,ds8_img029440_ann030538,100000,ds8,4974c54114f613bd454dfd1f170bbf55b83df23f0ff6f7029d12bbdb5294824a
ds8_img029600_ann030698,ds8_img028845_ann029943,100000,ds8,a8ddf2e40fdecc6a24d77f53aee484549cc1b2107ad477e3096b47c342b1f29d
ds8_img029603_ann030701,ds8_img029573_ann030671,100000,ds8,9939295cf11dc86127959a95d12f3b94909393423720d6453457485e1afbaa9b
ds8_img029648_ann030746,ds8_img029382_ann030480,100000,ds8,7b07dd36311526952348bd8a451326dbab5f65254bea446470202c339d756a4d
ds8_img029664_ann030762,ds8_img027852_ann028950,100000,ds8,109929806b0bd13160e5e832bc243ec503f66ea8310a8841d598922514fc71d9
ds8_img029701_ann030799,ds8_img029459_ann030557,100000,ds8,e98e135def43fc0ad3dcb581ac7f90116f9b79e56f3c9de965cd2a3f0727a860
ds8_img029710_ann030808,ds8_img028245_ann029343,100000,ds8,263ea2b046db8b711854f3b70c8ca6df2bad14fb0eb71854f6d4920db6576160
ds8_img029712_ann030810,ds8_img028928_ann030026,100000,ds8,1e8ff2fffee9d4d6a1a889567d476f0d10871a5358fa4012e5dcb43ce6893d05
ds8_img029736_ann030834,ds8_img029394_ann030492,100000,ds8,bf0a40fda30603bd32e7ae24d144eda8dce7049ba5a12f6248f0d1f63362b4b7
ds8_img029749_ann030847,ds8_img028157_ann029255,100000,ds8,9382786c2e0433d0f0d87cb616e8cb0666f11ecb135d621958b83bd6b8011015
ds8_img029750_ann030848,ds8_img029419_ann030517,100000,ds8,a8cb0b5e6660bd0a170114b5a17097c553fe26d50f876149c624f6f87dcb53a6
ds8_img029753_ann030851,ds8_img027948_ann029046,100000,ds8,01d174ccea774cf9cdb233a3ae1f6c565966db68d994a51df9e40198a677d1d4
ds8_img029820_ann030918,ds8_img027940_ann029038,100000,ds8,e0563b42149938c5dfa23e694a43f844013ef82a6cc7a875d5c2ba509283954b
ds8_img029821_ann030919,ds8_img029415_ann030513,100000,ds8,01537856968a099431e8c3087f7f25959f0716904865e37ebba654e346677e6c
ds8_img029845_ann030943,ds8_img029694_ann030792,100000,ds8,b723589ea8693c75646d72816b3dbd23d6679d2b242e983a4681eb4544ff9b18
ds8_img029906_ann031004,ds8_img028172_ann029270,100000,ds8,1554db73bdc7804747dc8648f9d3d2d9de1c31e5b33316639b48babef38a71cf
ds8_img029916_ann031014,ds8_img029457_ann030555,100000,ds8,bc1a70384fc94932f52ba66d858bde80247479fc28422714376da201cbc42543
ds8_img029936_ann031034,ds8_img028389_ann029487,100000,ds8,e3b056a1817587f20075c99d50ca91a09d44c9f8ec05ae595575ed06aa614198
ds8_img029937_ann031035,ds8_img029412_ann030510,100000,ds8,1ab9dc0919c617b10ab6cd869d8b571f68a540db7ae9b1f97c8f71fec11c0f6d
ds8_img029983_ann031081,ds8_img028082_ann029180,100000,ds8,daf7134c88c291ed93175708c84acefb8d71f84dbfc41fcf7fadc22b865a0139
ds8_img030010_ann031108,ds8_img028804_ann029902,100000,ds8,edc34cc1d30e8b17c02c46a145ef653b4c01310ab71d0c3cb93c2c9081e3a995
ds8_img030011_ann031109,ds8_img028214_ann029312,100000,ds8,235a72b83419f27532c8f0cdf734800f63784808014152b34bb7fd57d9d9d5bd
ds8_img030024_ann031122,ds8_img028295_ann029393,100000,ds8,79d1cf6a41ca219fd2cf71e8eb135c5268c7c2961a7cb565c12af476589a6a99
ds8_img030035_ann031133,ds8_img028188_ann029286,100000,ds8,3fa6a920ac3806d1d1868df19056273223e46e90b8019ec69bc1144cb9e44fba
ds1_img000136_ann000136,ds1_img000105_ann000105,2000,ds1,0707e4bb40bbb24aa19e8a77f342f469d1dbef821725947c077e6049ca7210b0
ds1_img000277_ann000277,ds1_img000034_ann000034,2000,ds1,0727c5dbb4aaf95b023c1e570239ba8a17b0f6b54b31e78166829e37a83c5aa4
ds1_img000370_ann000370,ds1_img000125_ann000125,2000,ds1,92564b8bb2f7a4c73376f60cb0e06808d013724ce1b6c30b77912b5d225b8374
ds1_img000385_ann000385,ds1_img000259_ann000259,2000,ds1,37a93820bec00eb263811782dd2006fb1038c4c0935c5506c946608b760e459f
ds1_img000396_ann000396,ds1_img000046_ann000046,2000,ds1,c56fc77a6b6557093ff72ced024a136e5d234d57a0109118c478136eaed248a4
ds1_img000473_ann000473,ds1_img000355_ann000355,2000,ds1,e8f502fcfb57e75ddec3a9a9951df4f5ab15c61fb19f7094f76804b4d8a52221
ds1_img000488_ann000488,ds1_img000206_ann000206,2000,ds1,d74b398002cc9326e09f66202e8b9fd07841f8b38c08c58063da6d70113c664e
ds1_img000499_ann000499,ds1_img000477_ann000477,2000,ds1,b185e9f831a89cd8dde350f41fb1b9ea6742e85156ae13bbfe41bae0a1e88b24
ds1_img000539_ann000539,ds1_img000371_ann000371,2000,ds1,3d2269a385f1f9acc2b809325113b697f950a8354fde5e824d4f7f969037647b
ds1_img000550_ann000550,ds1_img000368_ann000368,2000,ds1,734429f78ea11994031f58302782c52169a83748c8eea2695032eab4b7a64baf
ds1_img000572_ann000572,ds1_img000126_ann000126,2000,ds1,750794fb74914c8b8284068449e42c320f02531afdab83f97c21257106fb652f
ds1_img000598_ann000598,ds1_img000365_ann000365,2000,ds1,583489bb5cfb421aaee1f6f6a549a49060fa975822c6975084fd88761f90c24c
ds1_img000600_ann000600,ds1_img000353_ann000353,2000,ds1,116bf030638776226cbea7e91b4c17a1b3045a1b0ac8ee8cb6ba75fc4950409f
ds1_img000602_ann000602,ds1_img000153_ann000153,2000,ds1,e40844d4de7897e0f2182fa645c4780dd43ca57b9365b0fd2080ea78fd1018e2
ds1_img000622_ann000622,ds1_img000577_ann000577,2000,ds1,e663ffba29223d7ae0b8db20d054fe0922588bab362db43788716f695ff991ea
ds1_img000668_ann000668,ds1_img000081_ann000081,2000,ds1,1c501abd3f02aa637576130bd5c70f332d0727c9d7261d9e0219e553f38409c6
ds1_img000689_ann000689,ds1_img000290_ann000290,2000,ds1,fd956e78d3cf591fcb293e25fa7926ee23a7d988e3e3b1395f21fc79a0530524
ds1_img000751_ann000751,ds1_img000596_ann000596,2000,ds1,475be4cf01428503cf5371216df27ef088b96119e2ea3d683cc1b97f102be079
ds1_img000783_ann000783,ds1_img000079_ann000079,2000,ds1,cad7b50700b9c4770f0278c36e9e07d49ae950e47c07471e7ec066dac235f070
ds1_img000854_ann000854,ds1_img000114_ann000114,2000,ds1,1fc8ab05d0f6fafce6050d52c5bfb60f853013fd59e8d9a4911233c489d5cd61
ds1_img000917_ann000917,ds1_img000714_ann000714,2000,ds1,5bb41c69fb6d2d3e8e51d4e44c3b2a0b5c8e1b2407a1fc36ad2df14007db40f1
ds1_img000938_ann000938,ds1_img000418_ann000418,2000,ds1,9c6fd6d4f44392cb902bd5bf49226ec0e58af51f0ced0a05b8165bcfbb69554b
ds1_img000951_ann000951,ds1_img000164_ann000164,2000,ds1,0cc599dd15c1d6f8b86ec400e104d3cd8fca8b845667b8e023d719f7dd192e73
ds1_img000961_ann000961,ds1_img000404_ann000404,2000,ds1,8b46f8f027dceb7984e3fdbc48235457bb7c1a7cda451f21ff997c0cebe8d526
ds1_img000962_ann000962,ds1_img000339_ann000339,2000,ds1,bacacee9964422509afdae2f6cdb8b83037f9e0d5b31cea84527452d0d12ebf7
ds1_img000972_ann000972,ds1_img000596_ann000596,2000,ds1,475be4cf01428503cf5371216df27ef088b96119e2ea3d683cc1b97f102be079
ds1_img000989_ann000989,ds1_img000767_ann000767,2000,ds1,9df53cec3ee302c202d557f03a2a760edef7ca8c29ffbf7c271d418f62f76c3f
ds1_img000994_ann000994,ds1_img000755_ann000755,2000,ds1,59305ce9f886803e09146bd47064ca4c1c8c204563e3d5d35099c50deb35347c
ds1_img001009_ann001009,ds1_img000991_ann000991,2000,ds1,6a9a4da649c94e63f78a1d9bbfe61aa44d98e96508b7c65c73f030f327b42057
ds1_img001016_ann001016,ds1_img000305_ann000305,2000,ds1,c307ce641181bb691661a41f1b0c915e35061bb18f1e57bab6c0573e782d87a9
ds1_img001026_ann001026,ds1_img000329_ann000329,2000,ds1,7560ee2a20742cc751ea87de217e7d52b9d14720d23ca098532a9ab4116af72a
ds1_img001042_ann001042,ds1_img000095_ann000095,2000,ds1,7dbcb936189da90f8222758e77eb877feb55d8b6de289f9f7b1651dc23ac5271
ds1_img001052_ann001052,ds1_img000794_ann000794,2000,ds1,71b0f97e977a2c07c8dece6fd6cc6db4b273e51d0636f2729f59f9cf67d09617
ds1_img001057_ann001057,ds1_img000352_ann000352,2000,ds1,fc318f94c609bf87e0fa98b2804e4cd1e6e8c02fcf9cab833d3b242d46d0dc4b
ds1_img001079_ann001079,ds1_img000207_ann000207,2000,ds1,900bfae0b97a7e4978a396c64089a6518111cebec6bd69ef7ce5f67e839e6339
ds1_img001085_ann001085,ds1_img000836_ann000836,2000,ds1,115798333e9749fa1886bee296743b5dd951c61a5225c09f2e59b00425461672
ds1_img001100_ann001100,ds1_img000305_ann000305,2000,ds1,c307ce641181bb691661a41f1b0c915e35061bb18f1e57bab6c0573e782d87a9
ds1_img001111_ann001111,ds1_img000574_ann000574,2000,ds1,2d2a797591232609312a6de69d1575ea13ef06f54e72cebdda145344fd0b21ba
ds1_img001133_ann001133,ds1_img000782_ann000782,2000,ds1,bdcc947f59bdf4b2b4ad7666178407b31de586f71d62a789be8e210546c0d9b2
ds1_img001140_ann001140,ds1_img000118_ann000118,2000,ds1,69e48bbd8e2748a51ce16ef36693830c242fef40c6541dc53daae09f2fb57ed7
ds1_img001141_ann001141,ds1_img000675_ann000675,2000,ds1,af498a35e381a79d52f469e9b1a6a07d50e110e9ce6f04fa229f934db04e9303
ds1_img001149_ann001149,ds1_img000307_ann000307,2000,ds1,ed6a341993fb87df24b3ee042f0b904c2900b513a423c0a0f706d407d87fe2d5
ds1_img001177_ann001177,ds1_img001151_ann001151,2000,ds1,de5fabe1411b803faaedd3acbbb8d4b83fda070161fe6158fe8d2e18543eb1dd
ds1_img001183_ann001183,ds1_img001165_ann001165,2000,ds1,43eea1f089f0c1aa3e3d221799dada976961e6efb395af8e9a47f1fd4a9fdf5d
ds1_img001210_ann001210,ds1_img000070_ann000070,2000,ds1,e9dbb8cef74b050eaddf28b4cb100830a22e073c62bd2270ef50df5c1704f00d
ds1_img001212_ann001212,ds1_img000243_ann000243,2000,ds1,2ffd43edc352c533f4004aafec65d299bf26fddb41eca16f8620c3ac1f4f66fc
ds1_img001286_ann001286,ds1_img000617_ann000617,2000,ds1,c596350e4d5527aae07ae650ddcfa48700063102e34aed647b10c6cfe2930bc5
ds1_img001310_ann001310,ds1_img000276_ann000276,2000,ds1,6d8e8757d18ddfdb92e92d7014b2d18dbd05865b58705dfd9271185f1f319c65
ds1_img001323_ann001323,ds1_img001211_ann001211,2000,ds1,eaf1544f7636420a75da860d39e013310883297c49098ee1cb1fc66149c22e06
ds1_img001332_ann001332,ds1_img000826_ann000826,2000,ds1,5ddc63ad3a4fb5fc1c1ff78ffbd4a0abd42ab5e4b1a3dd9f58105f7a72000143
ds1_img001356_ann001356,ds1_img000787_ann000787,2000,ds1,0a04dde58a8c8f243d9f8a3bccf9df860df8b334c72a967466f80d1e06dc789a
ds1_img001364_ann001364,ds1_img000785_ann000785,2000,ds1,24ed23451315645880b16e7bcd7a839cb205527e388e98381b8783d5ba42ef37
ds1_img001384_ann001384,ds1_img001015_ann001015,2000,ds1,8c9a24f5c47e7c68558985ce69b4466dae7594b75521639d1b0939cbdbe6dc10
ds1_img001385_ann001385,ds1_img000366_ann000366,2000,ds1,b8ae67425eff54c305b9241001b9f5622493bb5eac871bb316f4a2fc94abde20
ds1_img001389_ann001389,ds1_img000684_ann000684,2000,ds1,e8f3dd3a89ee1c2063a212c2b8e8442a8a425c0188a758ca319c106a89303b42
ds1_img001404_ann001404,ds1_img001258_ann001258,2000,ds1,c8d9ddff9098e30e14266e4010f52be716ee7bab2c2dbd060dc7518420dcf2b0
ds1_img001422_ann001422,ds1_img000540_ann000540,2000,ds1,4188af5ab997c6936aef472dde5c4211c2f00d1f58aea3cc6491b25448d10179
ds1_img001433_ann001433,ds1_img000697_ann000697,2000,ds1,89232e4ee14c10e915723bdf543b908abb585213a784d6d1b79287c10e493d5a
ds1_img001441_ann001441,ds1_img000290_ann000290,2000,ds1,fd956e78d3cf591fcb293e25fa7926ee23a7d988e3e3b1395f21fc79a0530524
ds1_img001462_ann001462,ds1_img000984_ann000984,2000,ds1,46fdfb6317ea4037749b07adeb40b292154f01aa19ce34459c1b534ba33aaccc
ds1_img001463_ann001463,ds1_img000690_ann000690,2000,ds1,14eeb660204d5f059b04f59dd6bfc6c4ffba05a85ad285c1469fe84a975a253c
ds1_img001482_ann001482,ds1_img000614_ann000614,2000,ds1,60119730f41550966343cb6e052df96c0bb17b04c3b719fd47162ad55fc0813c
ds1_img001486_ann001486,ds1_img000791_ann000791,2000,ds1,9545ce61c7fd88409745d3c0becea91cfc552d8377ac9032d8a0079ceaea573e
ds1_img001493_ann001493,ds1_img001280_ann001280,2000,ds1,721f6527eea6fdbdcac89cdd35e6ed9894b2fb58455eb36920141a99b7d42dee
ds1_img001500_ann001500,ds1_img001241_ann001241,2000,ds1,bc33f2b163b9435d69f666018290bedb28e811ad5e2f1bf96ad7dfac3c6d8f18
ds1_img001542_ann001542,ds1_img001273_ann001273,2000,ds1,44b5d7bfe53bfc0d701f571402f49f477d3d53ea9a061c49cfeb667158ced941
ds1_img001545_ann001545,ds1_img001325_ann001325,2000,ds1,b244a2406e09d67dbbd5878eafeb2408399c3e2514c6f9ce5e31b45e9df869c0
ds1_img001549_ann001549,ds1_img000341_ann000341,2000,ds1,c40638d3ff9e2460e9d6c5bbc7f67f9d8ee7575f3eb4846f6678deeba332b3b4
ds1_img001570_ann001570,ds1_img001135_ann001135,2000,ds1,8fbfa6798ac328ac4ee9a2ee69738a75cb3cfa2eedd433e5af1bbc8e4f914ab8
ds1_img001600_ann001600,ds1_img000637_ann000637,2000,ds1,111b6068ed023c7a7e40c38f5807b3c6704eb34edf8f7df1c0b27c68ac1e2841
ds1_img001601_ann001601,ds1_img000302_ann000302,2000,ds1,e94394589503ae14e9f7f7f2f9ea2d07218e2aa7133eb9bd9a19192e16230a37
ds1_img001617_ann001617,ds1_img000527_ann000527,2000,ds1,3a07b69bdcf5c3cdc9fa175e581e9d662eb4b84b1a327925a77239672bc64c78
ds1_img001623_ann001623,ds1_img001301_ann001301,2000,ds1,f7c325bc76817560146c12bf7bacb72eb5c81be9f78714fb401114be60c0f28a
ds1_img001648_ann001648,ds1_img000290_ann000290,2000,ds1,fd956e78d3cf591fcb293e25fa7926ee23a7d988e3e3b1395f21fc79a0530524
ds1_img001653_ann001653,ds1_img001109_ann001109,2000,ds1,1e242ee65db6da5bedcc3dbe28b00feb93e867872e7e1f11f86a3992296269f4
ds1_img001662_ann001662,ds1_img000330_ann000330,2000,ds1,0568644c49627799843150ae2e648cf49e4c7b4e899cb27f16e6cc604b2aa8cd
ds1_img001695_ann001695,ds1_img001262_ann001262,2000,ds1,109c3974c3f17fd7ff31fcd75e5d1b6f20fd801628ef154869a80819a9fa0e6f
ds1_img001706_ann001706,ds1_img001606_ann001606,2000,ds1,d8fbe24f56f06d47ca46113ae60cc721c1fc3da1b6b7677d740901aa249aea6c
ds1_img001712_ann001712,ds1_img000129_ann000129,2000,ds1,c54a6883a5d275e54ed82d5cdc69f2a7944a85137e181cab3165c6f7b17391f4
ds1_img001720_ann001720,ds1_img001189_ann001189,2000,ds1,cee87f6a89419a6bfa25d487d3d2a377475bce233f8786c98687c150710ef3bc
ds1_img001732_ann001732,ds1_img000455_ann000455,2000,ds1,2750f1085456c35deebf513c9b8464af4c3a5ff54c44e0c7a14be6497f158d2f
ds1_img001763_ann001763,ds1_img001758_ann001758,2000,ds1,8792d8393c587eb5409e917498fdbea41fe316f9d533bd9ed814848fd6dd083d
ds1_img001771_ann001771,ds1_img000273_ann000273,2000,ds1,9e3981d8e3a54ac3066cc09bb25d30af5757882a8a690d0081a44f0d1f56fbbf
ds1_img001784_ann001784,ds1_img000477_ann000477,2000,ds1,b185e9f831a89cd8dde350f41fb1b9ea6742e85156ae13bbfe41bae0a1e88b24
ds1_img001793_ann001793,ds1_img000293_ann000293,2000,ds1,7e3a126248a00663dfee7b82f586de164ab5c44ae7d366a7985adf6dc6488216
ds1_img001801_ann001801,ds1_img000768_ann000768,2000,ds1,5d7beca7fb050d684321d5ecfb68fe4625235c155298a3b3ebac308355f176c1
ds1_img001802_ann001802,ds1_img001768_ann001768,2000,ds1,9c99f7abd451e89ed946105c8539fbc74e50f327af113e9890a9689c8faa0df5
ds1_img001811_ann001811,ds1_img001278_ann001278,2000,ds1,6d79997258d2360703de316eff2a78aa222402acb4c1c508bac45c256c0d6418
ds1_img001846_ann001846,ds1_img000596_ann000596,2000,ds1,475be4cf01428503cf5371216df27ef088b96119e2ea3d683cc1b97f102be079
ds1_img001847_ann001847,ds1_img001031_ann001031,2000,ds1,c5f366494fcc8832ae1ceb0127946694bf0ef94bf361701382e57babcf1adc87
ds1_img001859_ann001859,ds1_img000011_ann000011,2000,ds1,e2d4e3b0a2a0a1de91a8c5c8eb1ebeac5aa6efa14eee4a3e04139e601b33f3e5
ds1_img001860_ann001860,ds1_img001386_ann001386,2000,ds1,0540d4c920f2ca453ee0a68b9afdfe693091337ce80f673fa86724ac2163a4c3
ds1_img001870_ann001870,ds1_img001004_ann001004,2000,ds1,564ee23eb5c5f61f9697a1ea1a66584d3627146cc3440e221ba8e4a1113899c5
ds1_img001880_ann001880,ds1_img001489_ann001489,2000,ds1,07ef979569bcca6934f63702d536750e31ebcd61b7d18505c3b4100c6f7d2b4f
ds1_img001898_ann001898,ds1_img000763_ann000763,2000,ds1,e935fe76eeb5f946241c1ffc0e43f95bd4e5c5894d9a8b21ef8722324fdfd7f7
ds1_img001914_ann001914,ds1_img000069_ann000069,2000,ds1,d51587651cb76681943a555402c5e1b505a2d124d4af0097dbcfbbb66a34ff0b
ds1_img001919_ann001919,ds1_img001166_ann001166,2000,ds1,52b6e256e3f7f1927624a37ebf27de7a975da35dc5a61d21505238d1f746c6f1
ds1_img001934_ann001934,ds1_img000436_ann000436,2000,ds1,311ad9ddd7de023ddc955b659e7fca0c58ea1275043a87660d3a7349f2051bea
ds1_img001937_ann001937,ds1_img000103_ann000103,2000,ds1,cca7d80d1348621d47adb5f8e44cb840e1616683b71105a135472ae06d7bb0a5
ds1_img001947_ann001947,ds1_img001645_ann001645,2000,ds1,aeadcbae0e1df38edaebb1ea18c4daf618d9ca90b1434c608dcd3fccd864e0df
ds1_img001949_ann001949,ds1_img000645_ann000645,2000,ds1,955dfd8f2f919b8a4e2591a886bfad65f3a6d2c4960854bea3ae6dc062062b19
ds1_img001965_ann001965,ds1_img001114_ann001114,2000,ds1,586957f29cd91db9f1ab1af93654a0a35b085a88920e3d3c2fdce0cb1c90b186
ds1_img001970_ann001970,ds1_img000655_ann000655,2000,ds1,3824626dbbd10fedbac05cbfc4e8a7eb56a7cbc2c4a1d0704ccfbd761e8d9ff6
ds1_img001982_ann001982,ds1_img000635_ann000635,2000,ds1,d4d1eaa0f945383a115e864cad8bcea210ffd4cf03f913dff19d9a554fdd2d57
ds1_img001988_ann001988,ds1_img000305_ann000305,2000,ds1,c307ce641181bb691661a41f1b0c915e35061bb18f1e57bab6c0573e782d87a9
ds1_img002002_ann002002,ds1_img001335_ann001335,2000,ds1,2a8e292fb16acb10b236829c63578becbd2c4ca2b6e6e739a4bb93e65a5dd2e6
ds1_img002040_ann002040,ds1_img000712_ann000712,2000,ds1,9c1eda21d52d60f950318ec64bcb30954235c8f4422492b5a4a92a33d4c90428
ds1_img002044_ann002044,ds1_img000753_ann000753,2000,ds1,a9d6a5dda00cd843a008a340b803712d4d87e1b82823460704f220c5312a15bf
ds1_img002051_ann002051,ds1_img000043_ann000043,2000,ds1,6dcf4c297e671c117a4cca91ef39c39e2545309343e930b45ed02cd774d80307
ds1_img002055_ann002055,ds1_img000064_ann000064,2000,ds1,3b4d232d2f208c8c9b8d708887650219322fc8eadeed7b103ece29474c4f1d24
ds1_img002056_ann002056,ds1_img001163_ann001163,2000,ds1,e402b0f792c47e70fb7aa4cdea02335b70a8825e46e98faa160e5fecc3e00d4a
ds1_img002071_ann002071,ds1_img000853_ann000853,2000,ds1,10d41d781d349b88015aba7dcf3cd14888655f9a369d41ae80bd8d5e7f7f3f43
ds1_img002086_ann002086,ds1_img001546_ann001546,2000,ds1,cee7038be5877240e0f66a8af921af9111a0e552c2dd9795954f537a8db95ff0
ds1_img002090_ann002090,ds1_img001509_ann001509,2000,ds1,8f88aa50b3be00d1ccf253e690e86d072c1fbd872d6b04131c49f11707d16be4
ds1_img002093_ann002093,ds1_img001555_ann001555,2000,ds1,b8003d98202d7151cc2815f396a764e5d732dd62596fd0429258a2fc37a597da
ds1_img002103_ann002103,ds1_img001411_ann001411,2000,ds1,74b32e447c658de53c7ceba1d53a083c53444ed954737d75daf0a1b1ad5718a3
ds1_img002118_ann002118,ds1_img001615_ann001615,2000,ds1,29b477df5b02d7ba4430a38a400d8cef6f351738d088f8b5623e0f6aad90463b
ds1_img002122_ann002122,ds1_img001491_ann001491,2000,ds1,37fc4bb0d81c88aad9784347172929984765936d0b3aefa6f170fade91a8361c
ds1_img002145_ann002145,ds1_img001226_ann001226,2000,ds1,d1bc491632668fc9a66bc799e056b2744f7f06d957f2e75c83eb53e9c58439b0
ds1_img002150_ann002150,ds1_img001565_ann001565,2000,ds1,03325effee0f15272b94b9fe1ae7d120d71d8ecc1b8175b5525e3bb27cb28b7a
ds6_img022676_ann023765,ds6_img022636_ann023725,2000,ds6,0924b139fcc91fa431a0206af0770be486537156bd119e8f865a955bbb219136
ds6_img025222_ann026314,ds6_img022694_ann023783,2000,ds6,b7711211b81f03c45a4debb5e0503e62d83375db0932af84a3e8016c624c2fb2
ds8_img027981_ann029079,ds8_img027858_ann028956,2000,ds8,ff4726c81cfde60c52d4031b88d27f2f844d974b3b18e9257fa46b3544abe900
ds8_img028460_ann029558,ds8_img027858_ann028956,2000,ds8,ff4726c81cfde60c52d4031b88d27f2f844d974b3b18e9257fa46b3544abe900
ds8_img028632_ann029730,ds8_img028330_ann029428,2000,ds8,e9e9080406d88aa405f4ad19ab5335405d9455e8fe20e18fb46121c5fa5c075a
ds8_img028889_ann029987,ds8_img028224_ann029322,2000,ds8,c752aefca80ed99f6c54ea6a8bd1a734678d4c8c8ac8dd66415a9274b3d53316
ds8_img029032_ann030130,ds8_img028253_ann029351,2000,ds8,630080f628bd0f4fcbba443a6dc1f54f2abb023a089e31ef0cec8552a8f15a9c
ds8_img029068_ann030166,ds8_img028888_ann029986,2000,ds8,c48e01fb4c59695744d6447a4711399aacf3d5854c31591fac76fd74441cb1d1
ds8_img029115_ann030213,ds8_img027943_ann029041,2000,ds8,d8fd85752a961d266d4a7946236f9ef1583d28dfad07bb0aee3aaa012f5f6b5b
ds8_img029512_ann030610,ds8_img027871_ann028969,2000,ds8,841d31d01330ab670d320e7884742e1a5bfb4818910531280ab0caefe93ea5cd
ds8_img029514_ann030612,ds8_img027898_ann028996,2000,ds8,c03a7f6b3ff6b6512be2f19d7928807cfe1e9a5bcea1cad62c347191cf3d7e31
ds8_img029516_ann030614,ds8_img027849_ann028947,2000,ds8,7e4296a15c1397b49dbb48c768dc7276041910f0becbba99b52174aef232a579
ds8_img029639_ann030737,ds8_img027960_ann029058,2000,ds8,3e6a7509bfa39b89f6b87d1da0a9483c909b62faf4680573f5af8e4c5ee84f63
ds8_img029642_ann030740,ds8_img027870_ann028968,2000,ds8,db330db0ecfad4a6a495170549c7626a3fff9c75979c0f16c37253b5b6d26eaa
ds8_img029690_ann030788,ds8_img027897_ann028995,2000,ds8,1a96d2ba0a6eeebac464b8cf2ed03406a6821590d73985738fe211ed39effed6
ds8_img029879_ann030977,ds8_img028208_ann029306,2000,ds8,d071ce8e37d2b8235fecf883b3e7ffd0da50e82a00a9d6809510a495033003bc
ds8_img030123_ann031221,ds8_img027882_ann028980,2000,ds8,b11b0c51ed45108e708c4bc6f9f30473fee4b8d6c9a4265510b486141e5cb2f1
ds8_img030124_ann031222,ds8_img028517_ann029615,2000,ds8,6324b3a281ee5a6f93851daaddc43b9b43deab51c9e25846df8bf91a260d89a2
ds8_img030126_ann031224,ds8_img027873_ann028971,2000,ds8,afe39297171fb96b7da0c985859ebb5a7be5ac0f4db4e29250e286cb92152984
ds8_img030131_ann031229,ds8_img028211_ann029309,2000,ds8,68dec3cc557a7a1618cde04bce57bd57eb073e59a88282f0bec34b26642c985d
ds8_img030132_ann031230,ds8_img029517_ann030615,2000,ds8,19da6f4b737da9c921ac49e4605e4a05b0d70920f17e61288b536cadd6a1f7ee
ds8_img030147_ann031245,ds8_img028208_ann029306,2000,ds8,d071ce8e37d2b8235fecf883b3e7ffd0da50e82a00a9d6809510a495033003bc
ds8_img030167_ann031265,ds8_img029199_ann030297,2000,ds8,6472b9d1c486963e18b0300d2059de6c3e1f5f59e3e4cbac99e5b369b3d05a78
ds8_img030173_ann031271,ds8_img028717_ann029815,2000,ds8,e5db17831133c8a2b9e8d38aae6ad3dd8c873238a9eb1506441c6621edb5374a
ds8_img030191_ann031289,ds8_img028148_ann029246,2000,ds8,091f6c2e86035a50224cfc3e79a97b1d31b94bfa5363a9871a9afe0c630bf6a0
ds9_img036820_ann037020,ds9_img032500_ann033317,2000,ds9,6ecd12ec6b1c29362711ee3822c17448f0e94b18785138bc2ab8786d64635f90
ds1_img000077_ann000077,ds1_img000028_ann000028,20000,ds1,7822fa826a429996ed27cdf02b7cdda9f24414303e2847fc5a13c3a21622e1b3
ds1_img000165_ann000165,ds1_img000160_ann000160,20000,ds1,d8499d8cf3e0c1f154cc5db6fd40bec3df8e652dd350aabbd8014809b29a8c53
ds1_img000201_ann000201,ds1_img000027_ann000027,20000,ds1,ece4667361ff7368718ee0b07f7f49f9dafae18090eb127fd2a0634586c75aad
ds1_img000346_ann000346,ds1_img000101_ann000101,20000,ds1,77898655c5c4b3d8d3cf86734d0fee73499243014c89f6eb190c59b4707e8af5
ds1_img000357_ann000357,ds1_img000179_ann000179,20000,ds1,4f4695fd0a1ad7ffbafd0b1796e9fb9c43b35a831e71865854d7abe1c178ae03
ds1_img000511_ann000511,ds1_img000399_ann000399,20000,ds1,15786ce06dda3a0a9e2cbde87e0448f31f233faadcb335d112e7682effbaa1ab
ds1_img000557_ann000557,ds1_img000458_ann000458,20000,ds1,e07b85e44211ae1834e805aa6792ee9e8e5001bc57974aa1d840ad2c784b7e28
ds1_img000625_ann000625,ds1_img000549_ann000549,20000,ds1,9d9616e12976646ea83ffa13d727c266458ff8d7a9dd058ee8e5d7403d22ee2e
ds1_img000629_ann000629,ds1_img000347_ann000347,20000,ds1,859d674196c01abe415edab1db4bed3bc41b7b885f1fec1745c4bfdda609b9ec
ds1_img000698_ann000698,ds1_img000451_ann000451,20000,ds1,c93f2bc3ebc3b0c82cf14bda0e17624fd7f74915d2999ba48a797f7bdf5c5c4d
ds1_img000705_ann000705,ds1_img000090_ann000090,20000,ds1,9816aed1c712243dc115ce662da9d9c4db2be44091d696528c656077a6a8dbef
ds1_img000715_ann000715,ds1_img000112_ann000112,20000,ds1,d8cfb3cae169a75472c399a74a7c7fa49d7aa10a5ff9b876d7ffa404797b8261
ds1_img000766_ann000766,ds1_img000661_ann000661,20000,ds1,392a4e7b9f319d44602607b2c4706110f1f38fe38b16b8dc9e8244ab742f0114
ds1_img000780_ann000780,ds1_img000397_ann000397,20000,ds1,81d3d84c0336cde527adcfa55be07408072929bfe592fe0e32135396b006228b
ds1_img000802_ann000802,ds1_img000098_ann000098,20000,ds1,d5feebd22abb2eb9a44b4cc3e5da3a60a2111f977d3af39efaef3fa8e6b44396
ds1_img000831_ann000831,ds1_img000270_ann000270,20000,ds1,b6b43eebcada9ef42c0dfacb40b97c765ecbc7a638e8a0fcf510a56039725358
ds1_img000851_ann000851,ds1_img000297_ann000297,20000,ds1,1abfe1bbae107955be1bf1664e52b3b2169ac62eb850d50bb90482c4183d1cb1
ds1_img000856_ann000856,ds1_img000824_ann000824,20000,ds1,c5891e0dfa24b19226fa34e838b7f48ee993ba8701a3dbdc6ce295d8b4e64053
ds1_img000869_ann000869,ds1_img000395_ann000395,20000,ds1,64d5f26dbea2fc70ca02bce139978584daf80cfbd1f013b819fbf290586e90d8
ds1_img000944_ann000944,ds1_img000193_ann000193,20000,ds1,a0cf3cd71f2e14e2bbe092db23adaa15662f77f1271dbe03c46356ccbb84507f
ds1_img000969_ann000969,ds1_img000730_ann000730,20000,ds1,f953503edb79ef81b90b37e58d0a9cd9da832233a2e1caa93ee5c21f426720be
ds1_img001040_ann001040,ds1_img000804_ann000804,20000,ds1,b6380a1e9d35ae02419465cfad6abb309dde64a88ab2984d31769fa1133940b4
ds1_img001092_ann001092,ds1_img000279_ann000279,20000,ds1,4f502fac7f6cb4ec1d6e06234d8ea616d0ece64ad9326ae384426f823b8f306f
ds1_img001101_ann001101,ds1_img000416_ann000416,20000,ds1,98d4e929bccd19c78d15ce1cbe0e3b81bd42573fe21781cee6e564e559f45c47
ds1_img001167_ann001167,ds1_img001128_ann001128,20000,ds1,bf12eb65cc251788f98fd9f9da1d06ae7aeb844ec23850d76e3da4a56fd4e474
ds1_img001218_ann001218,ds1_img000411_ann000411,20000,ds1,9878607076fd8c8f7cf8f9bbfb4a48eb9dca65b00dcaade21f044629ed81fafe
ds1_img001219_ann001219,ds1_img001110_ann001110,20000,ds1,88bb454c30fa7883c11c772a85bbc87edfeec2e682c3faf876dac09ef1e0f79a
ds1_img001242_ann001242,ds1_img000788_ann000788,20000,ds1,6724f69fef58b98d62be61b05bd43f415c090a6f5a44c5f08a67ef36bec0da10
ds1_img001250_ann001250,ds1_img000004_ann000004,20000,ds1,7c3f44c2b12e37a995ae4d05aa5700ebdb2894813daa28022494d89da0653378
ds1_img001334_ann001334,ds1_img000354_ann000354,20000,ds1,314b50bf89c7fb83e3174930579546a800dcfb2988922bf3366697931dfc55d8
ds1_img001387_ann001387,ds1_img000272_ann000272,20000,ds1,26013355eb31266fd18b29e9817f4b66eba3556ac0d28f213641c58381758536
ds1_img001403_ann001403,ds1_img000152_ann000152,20000,ds1,2f079df306bfd9664a60e280e0e021a6435636a0b518b988f2733932302ad0ea
ds1_img001414_ann001414,ds1_img000056_ann000056,20000,ds1,e1641929b2ef2ba7503efecd9a42c73bb1f068e0df75235110eb3709e8d15c77
ds1_img001423_ann001423,ds1_img001217_ann001217,20000,ds1,ae8ffe4e67e335bc16867c895b83668c9e1a7bf8c397d58a367d50bf5ef252f6
ds1_img001436_ann001436,ds1_img000012_ann000012,20000,ds1,412711fa152e625a8899a698a8fb4fe74005cf8c344f1ec2ea8884c6f1817042
ds1_img001443_ann001443,ds1_img000607_ann000607,20000,ds1,0717d9dac444b018987dd279ef6270cab72f6844daedb7a382c0f9054e2c3ea2
ds1_img001449_ann001449,ds1_img000177_ann000177,20000,ds1,cd5c00cf15a2101e58e332c405ce1f6449bf327a449ec9282df222260176abc3
ds1_img001477_ann001477,ds1_img000152_ann000152,20000,ds1,2f079df306bfd9664a60e280e0e021a6435636a0b518b988f2733932302ad0ea
ds1_img001496_ann001496,ds1_img001098_ann001098,20000,ds1,458973da4d8932390b9fedc3213123a9923ab47383dabfc7dce3d9f412677039
ds1_img001505_ann001505,ds1_img001255_ann001255,20000,ds1,69ff38e4747f4ebff5e7711dff2951b2c3939fda157252a1006fded5a0643dd1
ds1_img001516_ann001516,ds1_img000213_ann000213,20000,ds1,9c5421db869f0c302a4a45e83de412ce5af1f1a983e8d78fa1b27103354a00f8
ds1_img001521_ann001521,ds1_img000152_ann000152,20000,ds1,2f079df306bfd9664a60e280e0e021a6435636a0b518b988f2733932302ad0ea
ds1_img001527_ann001527,ds1_img000262_ann000262,20000,ds1,b953a41415550bebfb1fa4995a2aaf9d2f2d425d53a1ce7ee027802312dae441
ds1_img001567_ann001567,ds1_img000784_ann000784,20000,ds1,edd1af2a7ee54be3356f2efff92fcf8901172c1acfa1bf99405691441ac8790a
ds1_img001569_ann001569,ds1_img001345_ann001345,20000,ds1,c1f3b280815af2dcc8cc8f0243020be610b47225097da195448cc2f8cf6364f9
ds1_img001580_ann001580,ds1_img000573_ann000573,20000,ds1,f280c9ec0b27af11d41377e590095a76621707910124629ff8cec0d2e510bde8
ds1_img001594_ann001594,ds1_img000008_ann000008,20000,ds1,a654ee242cfc0a92d16b969526edc4ea809280572fbe1899ac80f728a98f91bb
ds1_img001608_ann001608,ds1_img001413_ann001413,20000,ds1,5ec610972b1d929299fe45f1df5378dd111714392a64feab8806d72877ea426d
ds1_img001669_ann001669,ds1_img001398_ann001398,20000,ds1,84cba15cf7b8f0ab308146ce6a6723ce443ab03699cd623410aca18c9cc3e614
ds1_img001677_ann001677,ds1_img000237_ann000237,20000,ds1,f9ecb2ad307f158f3c4701c365b68f4fe01a5f6dda64002ca73edf57b19b3d8b
ds1_img001687_ann001687,ds1_img000271_ann000271,20000,ds1,fb2f8e8e4ae69883815ae92af7ce9dc5b63e08d05723e9cb8c095cbadcb2cccb
ds1_img001689_ann001689,ds1_img001220_ann001220,20000,ds1,a333b93254c9363402ff5260558d5ccc2b7de53a54c83814d49cd1d0201a8ec3
ds1_img001700_ann001700,ds1_img000964_ann000964,20000,ds1,d85604d868c05336fb2a9eb62c4cdf0678cd2e57ff16ae832007ffd5b88ec5d3
ds1_img001733_ann001733,ds1_img001649_ann001649,20000,ds1,b7527bd2e2d90a2ed1514deddc45a1d5cb30bf6c0c34ee2a80a64cd0ed0e94fc
ds1_img001736_ann001736,ds1_img001522_ann001522,20000,ds1,3ea61c18e4efca9d0d625d50ace807c02649872a40928f74b0c95607c21fe92b
ds1_img001755_ann001755,ds1_img001746_ann001746,20000,ds1,c177d6ce4c4a08d14332b46feb8e3dd3f0461063e5c5f9ac7df8ebfa69751d20
ds1_img001756_ann001756,ds1_img000706_ann000706,20000,ds1,0e01005eb8dd57836035a3b3d154a8b45e2a4d588dab73cf13daa50845af0f0a
ds1_img001778_ann001778,ds1_img001445_ann001445,20000,ds1,8878d991c2b616dcd7ac72df722da654cdb76744a39de6f6f4e9af76cc938d58
ds1_img001790_ann001790,ds1_img001132_ann001132,20000,ds1,94bb59bebbf80a4c2a0571805c9ea3670dafd11ae3a8906f24e3fa421ab1bf10
ds1_img001834_ann001834,ds1_img000498_ann000498,20000,ds1,911f12a72b6c204cd59e7c42f7d90c83a3b2a6131e15487ee57d89c3e10b601c
ds1_img001836_ann001836,ds1_img000075_ann000075,20000,ds1,2b86b2d80fd01bbd602de184f6da7564f78912e2ebd817c4f01a90a5bd51a710
ds1_img001838_ann001838,ds1_img001483_ann001483,20000,ds1,1d8dc83a21cd479f6619c31ba7ad5732af59014829c584fcc39d844cc09cfcec
ds1_img001848_ann001848,ds1_img001575_ann001575,20000,ds1,4c89aa667296d7fa49a7aa24a22786d7801e9eae9092c7d24efb1f96159adfc2
ds1_img001849_ann001849,ds1_img001560_ann001560,20000,ds1,7d4179842275d13c50ef71e3d7c720902499271d7d7caeff13acec4d0f9b725c
ds1_img001863_ann001863,ds1_img001196_ann001196,20000,ds1,d0d7b8f4a9434b7355d0e18d257fc5caae1e257ef4a85afda394437d94a554a1
ds1_img001877_ann001877,ds1_img001837_ann001837,20000,ds1,f39e0d006a66cd1c6468505abe55daec7d6bf30031b017d1ebf158a3fe4beafe
ds1_img001884_ann001884,ds1_img000933_ann000933,20000,ds1,54a0bf12b5764faf29d78a83a5c411fb59c1713b09a1036f5dad22349278f612
ds1_img001890_ann001890,ds1_img000849_ann000849,20000,ds1,e97d6e157c7cba3a3fc34b75b9304dda78bdb269103628f28f20205960dbdfc6
ds1_img001896_ann001896,ds1_img001522_ann001522,20000,ds1,3ea61c18e4efca9d0d625d50ace807c02649872a40928f74b0c95607c21fe92b
ds1_img001908_ann001908,ds1_img000461_ann000461,20000,ds1,c6bbec9a27954ef86b6caa230ed5954752f222e84bfdf5f2e4492ac449d0994b
ds1_img001915_ann001915,ds1_img000437_ann000437,20000,ds1,20cbba273f15f6ed04b0265a2aeff642526ab638257ae27a9dbcef634de23bd1
ds1_img001921_ann001921,ds1_img001775_ann001775,20000,ds1,fec9961702f26b6cbec1f51b19f69ddc546598c52c20bb2ad4c3d3b7a9922951
ds1_img001923_ann001923,ds1_img001431_ann001431,20000,ds1,fd4b258d5b79a0fbd615cd0e03a2730919bcd45ed7f291fdb957cc8ccedbdce4
ds1_img001933_ann001933,ds1_img000390_ann000390,20000,ds1,41021ccc7eb5c0ef7d19280e4580237f00b83b74e3c5ad7fc6102566a8a057d6
ds1_img001939_ann001939,ds1_img000342_ann000342,20000,ds1,e97a9d78e3555d006ddb3eb672290ce0304e8e2c51c34c8681f5f369a896ef73
ds1_img001951_ann001951,ds1_img001699_ann001699,20000,ds1,b166b48d810e64bdd3a3cb6d366fe10cb0ad873cdfd1aebf5c7749d61ef0b704
ds1_img001954_ann001954,ds1_img001391_ann001391,20000,ds1,3ef9c3efe1d72750c66e2c24f5196d751ca7a4a50ba6402daf66380b1eb5e2b5
ds1_img001967_ann001967,ds1_img001769_ann001769,20000,ds1,1a49fc40cc803e1fd25c4df3f960e649a7a15f484668a2753d9cca9c1e9751e8
ds1_img001989_ann001989,ds1_img001833_ann001833,20000,ds1,ff99396b620e0a30a0902e919a583d43367d5fea2b4eb24aa022b48322032c87
ds1_img002010_ann002010,ds1_img001605_ann001605,20000,ds1,6f71109ca91a66e0884c31e719c6095c8aadd3e953f60288f865a930422dd7c7
ds1_img002012_ann002012,ds1_img001990_ann001990,20000,ds1,31c17af2827b0aad4416b2b7a8ee42a1343f94118117ee57722ed03a28e476f1
ds1_img002019_ann002019,ds1_img001490_ann001490,20000,ds1,2a0e275c157c418012cbc4591165263828a5bca22cdf640a7acd7d5eb8aa0409
ds1_img002037_ann002037,ds1_img000260_ann000260,20000,ds1,e528e86aa87a0a3c4be68ef108ef48781c3480e5315d663153315807d4a8ad41
ds1_img002038_ann002038,ds1_img000128_ann000128,20000,ds1,4a1e062fdce5048c41daf2c819a4c757c67ae0a258646b729d07f88d19af5ca0
ds1_img002047_ann002047,ds1_img001911_ann001911,20000,ds1,7390d9600b41a01b5363c2452c0c656fa35b93e55ecaafdc3b5f6080de483a7a
ds1_img002079_ann002079,ds1_img001868_ann001868,20000,ds1,4db922172f14b5fcb9c802214b789c8eb735e89033f78480929bfc7ee44cb213
ds1_img002098_ann002098,ds1_img000605_ann000605,20000,ds1,35b2f2194978fa3cb59ad9e14033af49c28ecdce811555543dbe6127454ad779
ds1_img002101_ann002101,ds1_img000060_ann000060,20000,ds1,2de5a0eb6d60206b5ffd3a63e6978fd46c7674182eab1b1823abd181984abf35
ds1_img002106_ann002106,ds1_img002095_ann002095,20000,ds1,2861530424c87a52a1b01b7f5834d2b0a2ca8f4b315abc43c4ba46f9410e18b1
ds1_img002107_ann002107,ds1_img000597_ann000597,20000,ds1,d5ccebbac1697712d3920daea122b5ed0c74aef2727aeeb17d00bef13150ffdb
ds1_img002132_ann002132,ds1_img001854_ann001854,20000,ds1,8c4454eab302e2c687e9d581ba1c0530238b7fc5b5db2a582e4238f6979eaf14
ds1_img002146_ann002146,ds1_img000603_ann000603,20000,ds1,0e4eb52060a825230feb3b8629922ed50fe2697ad875801891d487e151932a7d
ds1_img002156_ann002156,ds1_img000274_ann000274,20000,ds1,84357f9ec8dae3cfcaaa226f1e90892f5e1831ed8e01bd179d71a4323b8c6f60
ds6_img024762_ann025854,ds6_img022831_ann023923,20000,ds6,0fd65aa74b64b5138e112a0458dfd033f7900cd7238022cb2a4de5b36be026dd
ds8_img028071_ann029169,ds8_img028068_ann029166,20000,ds8,bf87a8301ae217b19fdad85e2ea297a69487418b3841e0d431e38d18a573ae5a
ds8_img028091_ann029189,ds8_img027929_ann029027,20000,ds8,333dc00357e4efcdd8c29861728bf26d60af6958b6f9e48c25b6eceb7d68e8b7
ds8_img028113_ann029211,ds8_img027902_ann029000,20000,ds8,22ffd4d52b41834b2a0162261d12a60515c7692bcb2a994fe0c880b0f643a8c7
ds8_img028225_ann029323,ds8_img028116_ann029214,20000,ds8,d26205824fd7a48a5b2dd8e283b3673389572fa3e1a62073050210ca822b38c3
ds8_img028303_ann029401,ds8_img027889_ann028987,20000,ds8,91924eae51e882d1a62d93daf271674b75d10b34a03d0b37d074e7bdf15b5480
ds8_img028322_ann029420,ds8_img027976_ann029074,20000,ds8,af9710a17a914961b5ea8eb40f3799c45843f6725b34660ccb40dc6d06093a38
ds8_img028329_ann029427,ds8_img027989_ann029087,20000,ds8,5171fedc70d5c54cc842d8b17feecfc18e9af129b2993a52261f6e92c8f7e39b
ds8_img028399_ann029497,ds8_img028199_ann029297,20000,ds8,2e35e4b898b483365d9b9612e15bf6bcaca3de5681f7d45a47ab5951f0212204
ds8_img028413_ann029511,ds8_img028411_ann029509,20000,ds8,907078fdf01784534fd06d3ebc84300bbea2e27946d3a029745fb374c703ab05
ds8_img028424_ann029522,ds8_img027989_ann029087,20000,ds8,5171fedc70d5c54cc842d8b17feecfc18e9af129b2993a52261f6e92c8f7e39b
ds8_img028427_ann029525,ds8_img028345_ann029443,20000,ds8,f7af88ae526104ec2db1fa071e8d606861dcad09c16722700916aebac422a0a4
ds8_img028431_ann029529,ds8_img027987_ann029085,20000,ds8,2a7aa5c1f4dfe7898250e03cb0c305913407cb44eae435851140a41c77f0a038
ds8_img028438_ann029536,ds8_img028417_ann029515,20000,ds8,e956b6dfcd70919fc4ba293463b83e0bfb0bab48edd2f10fff208c7824c6d175
ds8_img028492_ann029590,ds8_img028462_ann029560,20000,ds8,85074daeb0e45e455dd1a01705a8a6a55fdfbfdc963852875ab15b050a03f043
ds8_img028527_ann029625,ds8_img027982_ann029080,20000,ds8,2e470bb8fd6e819d056229c4e8cd45d86e094a92400d5719e4582958de62972d
ds8_img028566_ann029664,ds8_img027971_ann029069,20000,ds8,45a0748111c14a1f68754f4ded26d72b51c31573450224211760fed7f8f92afe
ds8_img028567_ann029665,ds8_img028422_ann029520,20000,ds8,86cc70d7dd992f4266323914c7e7a9f1639c0b343f2ab7f28a69fb3a8de7e3e3
ds8_img028568_ann029666,ds8_img028012_ann029110,20000,ds8,0e12c26d329204586e870ca6c1719ca246a49708f9f1a4d3f2a9563495618e28
ds8_img028584_ann029682,ds8_img027927_ann029025,20000,ds8,93403f04f88d96470eceff03cba5da484295e5811d66af79ba76ddbfeefba88f
ds8_img028606_ann029704,ds8_img027911_ann029009,20000,ds8,7c33ff35decd215899dc16b4685cf1018880c22033f99c31990859615e69916b
ds8_img028621_ann029719,ds8_img028577_ann029675,20000,ds8,dd426cdefea45faa55af62cd3847ba3545b6e91fdd501cbc7ab2c212de0005d1
ds8_img028625_ann029723,ds8_img027997_ann029095,20000,ds8,5a8e02ffd5fee3746978f99b70b21ccfc0bc32b64961fcf4a608b1ff86b7c8ea
ds8_img028812_ann029910,ds8_img028135_ann029233,20000,ds8,d02432097d4c29834c06ee06652f2ca301b4c2607fe51999b608344d9f2ea85a
ds8_img028858_ann029956,ds8_img028153_ann029251,20000,ds8,50e95961dc6fb83bbdd81da9b0f904c12248e14f0acbbc3a114b506955bcbe4c
ds8_img028862_ann029960,ds8_img028470_ann029568,20000,ds8,3a29b8e314a3ca8ea4243a5d3c4988df66658c5469476a13ed78a984d5c78797
ds8_img028920_ann030018,ds8_img028497_ann029595,20000,ds8,a5b907dac5511e90500551e1d67b17c61d7c3e23f1e1d0a208eac3dc867ee796
ds8_img028961_ann030059,ds8_img028521_ann029619,20000,ds8,9bc8453bcfe1d9c571957380f742d4c8d570a8e562c9bdcc625899e6f60de894
ds8_img028969_ann030067,ds8_img028057_ann029155,20000,ds8,bc75e51b62989311c3a467c7f1110f5c79dc29be7e8e02ac880a1c586b61d1c6
ds8_img029070_ann030168,ds8_img028415_ann029513,20000,ds8,04bc4718a945a8755fabc1097d15a9dfe86bb8ee28808a1601dacf6527b9663f
ds8_img029147_ann030245,ds8_img028108_ann029206,20000,ds8,d76f7578018dd53d9ce734d90e4bbff6f67f4485d433b8a8a0fdcbb60a3b8925
ds8_img029151_ann030249,ds8_img028136_ann029234,20000,ds8,18fc9c1555a4665e9b1e76ed6734b0a1ebab07f6bc02f70934e933690ae0390b
ds8_img029161_ann030259,ds8_img029143_ann030241,20000,ds8,59ba1393f40b7a650dd2fa0a86ec768f96519ab3758afc8b44ad80740749e65f
ds8_img029163_ann030261,ds8_img028502_ann029600,20000,ds8,ea8da4c5ce04053039b18c6aa9696d7e216122f7e06a45701fb9c8629b7b0506
ds8_img029219_ann030317,ds8_img028108_ann029206,20000,ds8,d76f7578018dd53d9ce734d90e4bbff6f67f4485d433b8a8a0fdcbb60a3b8925
ds8_img029225_ann030323,ds8_img028177_ann029275,20000,ds8,3d37c63737a85fcd24fd08318d2283732f0339f68f44147ba88637d4175af9f5
ds8_img029230_ann030328,ds8_img028177_ann029275,20000,ds8,3d37c63737a85fcd24fd08318d2283732f0339f68f44147ba88637d4175af9f5
ds8_img029329_ann030427,ds8_img029072_ann030170,20000,ds8,eb6fd1bf9fbef2e5ad8f5d22a83b1c2da1af3340b253a9f80113f938ad17c2cd
ds8_img029333_ann030431,ds8_img028284_ann029382,20000,ds8,9f9150003390e9cddb21440b19d74499956276dddc14b081790dcfe8c4d5025e
ds8_img029509_ann030607,ds8_img028276_ann029374,20000,ds8,6b923a210e026eebc79ed6862503e1d6587afb13c2633a63dd2d3f632ecc4ec3
ds8_img029524_ann030622,ds8_img027997_ann029095,20000,ds8,5a8e02ffd5fee3746978f99b70b21ccfc0bc32b64961fcf4a608b1ff86b7c8ea
ds8_img029589_ann030687,ds8_img027843_ann028941,20000,ds8,b081634b94656e20035f5e9bf9e503fcea33e40ceb16c2e4634ff18ed04bb229
ds8_img029659_ann030757,ds8_img029132_ann030230,20000,ds8,cdb2fbe4fd2d6c2a19587f408ddb2dda723ecd2e6fdf9383fcf2490d6b108095
ds8_img029660_ann030758,ds8_img029218_ann030316,20000,ds8,c1dfeedbff7be176cbfcb2c2525dfc96370405249b54fae57f82916a3ba06e5b
ds8_img029709_ann030807,ds8_img027950_ann029048,20000,ds8,1fa514f737d85a34726b04b29ba553d00d5ecdfc1dda6f2b23df46e0a3c7fe4e
ds8_img029731_ann030829,ds8_img029073_ann030171,20000,ds8,84e206077d89a403eaa60b57fcb8f2a1ade83d216ad59bd3bbb538ba3f71c59a
ds8_img029741_ann030839,ds8_img028691_ann029789,20000,ds8,804a0c861fa1b1edffaa86d890cecf547f84fc30b0ffdef51e8f3aa5796d46fb
ds8_img029742_ann030840,ds8_img028577_ann029675,20000,ds8,dd426cdefea45faa55af62cd3847ba3545b6e91fdd501cbc7ab2c212de0005d1
ds8_img029743_ann030841,ds8_img028049_ann029147,20000,ds8,1558b4608ceeb8b89a423366391b5f624438263dcb437cfab35eb75b1290e9cc
ds8_img029769_ann030867,ds8_img028590_ann029688,20000,ds8,a032f97e1ec35a201977213bda1a99712ad5ea88c13e9d084e5af5853309803a
ds8_img029770_ann030868,ds8_img027958_ann029056,20000,ds8,73d3d89fa85ad59a699ad1936af64ca39399c7492f9b1ea2525ac4b09192c96a
ds8_img029777_ann030875,ds8_img028374_ann029472,20000,ds8,66f4e36e5c6b37e36885de738fbbe0805467b7ee450cbee351c161b5618ef87e
ds8_img029778_ann030876,ds8_img028538_ann029636,20000,ds8,bd59b1cc7f08a76dfc7d9e3e17c8dc45b2492f682a6ae7c04c465fb4add0f310
ds8_img029780_ann030878,ds8_img028690_ann029788,20000,ds8,620c6d68b9a1c5eab0558fadda2a73c4bad07f290704278bd6a1b341aa752ca5
ds8_img029795_ann030893,ds8_img028502_ann029600,20000,ds8,ea8da4c5ce04053039b18c6aa9696d7e216122f7e06a45701fb9c8629b7b0506
ds8_img029829_ann030927,ds8_img029774_ann030872,20000,ds8,6fca20393dccf44a339cef5cbbd3fb61bcd52f784039f198a46aaa091f4729cc
ds8_img029831_ann030929,ds8_img028855_ann029953,20000,ds8,f6e3ff090e40e59b5b831cdfee9b4b31eb53f6e72b1783a703ddfdcfc6a0f20a
ds8_img029841_ann030939,ds8_img029698_ann030796,20000,ds8,6030ce1779a6e933a38f8221c1eb9a28280cdb0929775c6bbd6af916be7fe5e0
ds8_img029846_ann030944,ds8_img028497_ann029595,20000,ds8,a5b907dac5511e90500551e1d67b17c61d7c3e23f1e1d0a208eac3dc867ee796
ds8_img029850_ann030948,ds8_img029267_ann030365,20000,ds8,f77c6649da4a15648371cdcb2a935a8492f90aad4ea8efbb1a2056fadde44f7f
ds8_img029858_ann030956,ds8_img028678_ann029776,20000,ds8,d88708cd18acbd0777648ac53a1276dd648601dec2b65904b98a4a40d1aa065d
ds8_img029883_ann030981,ds8_img028191_ann029289,20000,ds8,63efab2bd874ce5c37b02a2808a31ae9ca7e42428cfd77229b9e97327e1b21f5
ds8_img029907_ann031005,ds8_img029142_ann030240,20000,ds8,157524d40ba5a300f9de3b7bc274c42345f3c2f5112eab7f4aa67f5af4ed5400
ds8_img029908_ann031006,ds8_img029255_ann030353,20000,ds8,e2f71821fe23d8aeba5c0206554ad5635589d6037e7a88623c0f598d84bca81c
ds8_img029912_ann031010,ds8_img028996_ann030094,20000,ds8,2968f13ceb239c7dbce5d19b118ee773c5faa884903689ef40bd9d119d71656f
ds8_img029913_ann031011,ds8_img028666_ann029764,20000,ds8,c8a7c0d463ff064ea13d504130ddf2d3b1c60b1f4e712249120b7b104affc6be
ds8_img029914_ann031012,ds8_img029655_ann030753,20000,ds8,d54daf7b428b34ad04ccfbaf3ef427201c50801f75a89fa9af44ce9b6914f43f
ds8_img029917_ann031015,ds8_img029076_ann030174,20000,ds8,aa48381a9b01ad25823b3e021d5adf714cba4f14f592e187ffefb6f0a2c6f75b
ds8_img029934_ann031032,ds8_img028856_ann029954,20000,ds8,0d57550f9a41237aec76a99bb89e0154b5a56def39f4b4485133b67a18016120
ds8_img029935_ann031033,ds8_img027842_ann028940,20000,ds8,257a0096e60d6ba760ebffe04e30942098be3e7ebadd74c5d24b2304e5428973
ds8_img029966_ann031064,ds8_img028434_ann029532,20000,ds8,efdcfcfabe255f3b279e63d00554b9a4d26119124490ba323c0ea8a2a4c1b204
ds8_img029967_ann031065,ds8_img027869_ann028967,20000,ds8,4c8e4f394949c37b7d42c10092bb79bfcc64a3c6098981575cdb843cd003efaa
ds8_img029968_ann031066,ds8_img028282_ann029380,20000,ds8,4cdb2d0a1fb5dc6927721800f57e0fc3ba24d56a145a9a26c608d129bc1051f4
ds8_img030041_ann031139,ds8_img028991_ann030089,20000,ds8,5ead02db8fbda33e11ac9cab4211d85bb21968d445a17745dd655b94bfadf41b
ds8_img030045_ann031143,ds8_img028810_ann029908,20000,ds8,9f1b14df0bb45ed01191c7fc9fa2c54c8cd96fb11df99b5bf67786040da3b456
ds8_img030046_ann031144,ds8_img028034_ann029132,20000,ds8,8d332b795240eea322a8a7876ca2194ba65f9ed5654bc1d5a56e671d920e27e7
ds8_img030049_ann031147,ds8_img028773_ann029871,20000,ds8,32b4cbcfb04cde062d69628c907e9b7895191e170187b76047ab2fd9bd4e0bfc
ds8_img030176_ann031274,ds8_img029411_ann030509,20000,ds8,7c2375933581445242533297ff85ee8ba7fcd4d1099ee0aada95ba8821628ed9
ds8_img030202_ann031300,ds8_img027851_ann028949,20000,ds8,765f8c8f31376d34f74104553ce715f475018d672b781d8da99e80199478ffd8
ds9_img038668_ann038601,ds9_img031738_ann032662,20000,ds9,48d56968a312446dec60cda6dcd9e371d83cae854da8f46ca01d8b0a6d06dec5
ds9_img038890_ann038805,ds9_img031245_ann032255,20000,ds9,3b585ab0d43bb3e6a023b29c65d3720cd6a87f0fabdbf247fd7ad24bc00a542a
ds1_img000460_ann000460,ds1_img000007_ann000007,5000,ds1,aa9d5e46df6cb3063f0b68e2add5a31458ced8aa4de8df525968881b7c790ad9
ds1_img000487_ann000487,ds1_img000446_ann000446,5000,ds1,cf504190fa28103bd8d8a86170db7fb1ababc18cbb79a3d5cd40cd01766bd2a2
ds1_img000501_ann000501,ds1_img000032_ann000032,5000,ds1,bcaecdcf807859f611c79454e33e2fa77de09bb660e00584bed52e3cc79fb476
ds1_img000508_ann000508,ds1_img000476_ann000476,5000,ds1,18e47e34ac0ba9b294a9fd8ebdcf8d602f302a4a7b02c561fc10952cf6c48b39
ds1_img000529_ann000529,ds1_img000443_ann000443,5000,ds1,0c8d01016a1b81dbf03d9418e1c9a86cad74b82f5e98be2550ce235da540fc12
ds1_img000537_ann000537,ds1_img000522_ann000522,5000,ds1,856075e4ab1d6b0586173a3eafb562837889188433ad082a5f2f5983d9afe1e5
ds1_img000644_ann000644,ds1_img000113_ann000113,5000,ds1,c9749cdf2c9aca2166713bd0d61ea7dca6981565f38a8e764d44b8cc8f87ea76
ds1_img000662_ann000662,ds1_img000481_ann000481,5000,ds1,92ff76f43157625b43992ff5c3de0efa82d42f96b22046425ad52e50dd708706
ds1_img000664_ann000664,ds1_img000457_ann000457,5000,ds1,c3d3e0ad17e044b4f27b2efe5e0f3bbefc70b96bfdcd83418d37c64757824e80
ds1_img000672_ann000672,ds1_img000158_ann000158,5000,ds1,5e7431ce3688e3126100f7296660de6d166788c8745a09812ca94c3ea1d9674b
ds1_img000687_ann000687,ds1_img000083_ann000083,5000,ds1,b3a3cca4ed446e1b5a9218553e98a0ebb11cea8531fe579b15572e9e279e9d69
ds1_img000718_ann000718,ds1_img000119_ann000119,5000,ds1,79f4808486f99a3b3773a75555f2cec2ad430496c9e546cf774e84e81f1e45f0
ds1_img000723_ann000723,ds1_img000083_ann000083,5000,ds1,b3a3cca4ed446e1b5a9218553e98a0ebb11cea8531fe579b15572e9e279e9d69
ds1_img000743_ann000743,ds1_img000191_ann000191,5000,ds1,be9e1ac6a5b0f9ee74f80fed4071913b57b5fa4b4d6bb7358c7cf434e1391e5c
ds1_img000744_ann000744,ds1_img000324_ann000324,5000,ds1,2de25fa77f0a6d2e98ea7d97de7800bf87a50d38b7c551c410951add1ad73534
ds1_img000790_ann000790,ds1_img000433_ann000433,5000,ds1,bbb686c48fc05920d88239cd36787adda28ac6265a8e81a2db7ff436524b75e8
ds1_img000811_ann000811,ds1_img000520_ann000520,5000,ds1,aba0cc60beff035a2d10b103915353b8210d5d17a56f9dbbc49a979bd7be78d4
ds1_img000906_ann000906,ds1_img000878_ann000878,5000,ds1,a5b321e7a1e680fbbfe7fa4ef284e8e01c4041576017511da15a1d9d875761e8
ds1_img000907_ann000907,ds1_img000085_ann000085,5000,ds1,9b2e03939afe4cc3afed179e02230c274811c112f1a63913d418d999d2fdceed
ds1_img000915_ann000915,ds1_img000899_ann000899,5000,ds1,557321904aef8dde236cd3f9269a90d631b8a8b0ee72f20f15901bf1a68fbfc3
ds1_img000928_ann000928,ds1_img000415_ann000415,5000,ds1,a0659f4cd0a206cfd9b310458a789801e6864c49fd51598ee906b96dd8da1ba3
ds1_img000930_ann000930,ds1_img000217_ann000217,5000,ds1,166bfa59f4b3fc5c9835f936a5cb9f03477621c8b614af22c9f3d37b22f08af3
ds1_img000941_ann000941,ds1_img000435_ann000435,5000,ds1,99b3b19c5e71f408dc87ff0d44ec7c21736b03a3ab7cc1af9a87731ba9c0ece9
ds1_img000986_ann000986,ds1_img000725_ann000725,5000,ds1,ef5d32bb2498173d709f271284a6cdf3346a27837617499f3ca602bc6bd342d5
ds1_img000993_ann000993,ds1_img000940_ann000940,5000,ds1,8006bf82c3fd8f5be680351923adc947dae17fc7b4eb1fa42befae1789d5a1d5
ds1_img001034_ann001034,ds1_img000425_ann000425,5000,ds1,743da38520503e09b2c1827fc85b16855af7f97eddb5e60cc5fe6092b3151756
ds1_img001045_ann001045,ds1_img000701_ann000701,5000,ds1,7690c32408ffd3ff96adfb4de519ad3ff3e397a42cd55a8bca4e9428ad457f69
ds1_img001049_ann001049,ds1_img000020_ann000020,5000,ds1,0ce17f10f6c51062fc7221f06578ca9fc3ce76cc9e7b41577f4629cf28e519bc
ds1_img001067_ann001067,ds1_img000725_ann000725,5000,ds1,ef5d32bb2498173d709f271284a6cdf3346a27837617499f3ca602bc6bd342d5
ds1_img001083_ann001083,ds1_img000757_ann000757,5000,ds1,73cd5aac5d756201372e8792f33338bcc7b1da53d2702e1e8258b3c0a48186da
ds1_img001118_ann001118,ds1_img000728_ann000728,5000,ds1,7d50384daee28b0c9f5a2c70b769bf6a71becd2a7992d05183f0af9a141cd612
ds1_img001121_ann001121,ds1_img001014_ann001014,5000,ds1,6dd25d0286ad69273236d53a6762b26c90e4540c891ba7a117f6793beaa62d89
ds1_img001150_ann001150,ds1_img000410_ann000410,5000,ds1,3bb5d33f7b2846aa64022f112970a1d893cd534b0f78fcc67d6797cbf41959f5
ds1_img001155_ann001155,ds1_img001097_ann001097,5000,ds1,330b2999a9a6c06c1860a1a516e1122f18cdd2023ef7be8285b23703a1153101
ds1_img001157_ann001157,ds1_img000087_ann000087,5000,ds1,2baa703b41abaccdc47a22737a675705720563a16bc00619f9843a4855ccbb1f
ds1_img001193_ann001193,ds1_img000900_ann000900,5000,ds1,c6f5bc2919f85f7bf736cb7e18b8d8ea6de9a62e148528b7f34bdfb58135dfda
ds1_img001201_ann001201,ds1_img000538_ann000538,5000,ds1,adcdc576c2f0b30bfcc32a116351ebbf77567664fb1e9b6cf41af0ed70e682a0
ds1_img001208_ann001208,ds1_img000284_ann000284,5000,ds1,b53c0cd3f53f8d35ae58d8e58f9d60498320fee224831bf68f63369083034a17
ds1_img001239_ann001239,ds1_img000334_ann000334,5000,ds1,afe3c53797003fb0ea09a4dd1abc53e9a4ea22b52876a7f98811b3354b2f412d
ds1_img001240_ann001240,ds1_img000673_ann000673,5000,ds1,a8c6a3d7bd62f9b214d07bcddc580e69f472cda83ca6f7fddbe5cadb2bb2c055
ds1_img001252_ann001252,ds1_img001097_ann001097,5000,ds1,330b2999a9a6c06c1860a1a516e1122f18cdd2023ef7be8285b23703a1153101
ds1_img001263_ann001263,ds1_img000833_ann000833,5000,ds1,a7b739ac035763a70b8c7b89ce004ffb597437fbf73092f7460c80a9ca3705a3
ds1_img001271_ann001271,ds1_img000417_ann000417,5000,ds1,466637e8fb98b183de784e8caff17f6178ad474a13948b8082c57d93ec28756c
ds1_img001277_ann001277,ds1_img001224_ann001224,5000,ds1,1a7880fbc903cd498764bd5e9e3a58ef780476f54cf7ea72261e2d7c626a9e51
ds1_img001283_ann001283,ds1_img000292_ann000292,5000,ds1,16d9f1b6e8bc156a576f31855581c6fa201317d4f1a1412ebf3b5a8b93653b8d
ds1_img001288_ann001288,ds1_img001266_ann001266,5000,ds1,cd12a1d313aac83d771716735e59b17c8bf4986789d0574d9a2541c6753e164f
ds1_img001296_ann001296,ds1_img001238_ann001238,5000,ds1,69171b209022fdf8cae743526acedb27eac2a65a35da9566b2002f9eaec87d11
ds1_img001303_ann001303,ds1_img000642_ann000642,5000,ds1,d2fd7fc22720857bfd2770fe439a639c00e2b550b32b01b0ee6c4b43d1dd059d
ds1_img001315_ann001315,ds1_img000449_ann000449,5000,ds1,ff3397e134988d24fea3bb45d22600c7a2eae0d958aa32b873605dee327454a6
ds1_img001327_ann001327,ds1_img000309_ann000309,5000,ds1,33f5642389e2bbdf5ba20dc885a3cdb88faa341241624050ceab4c9646968d2b
ds1_img001361_ann001361,ds1_img000604_ann000604,5000,ds1,8e6b4d04eb26012879d9f74fcc130285317692d5522880704946440785e8611e
ds1_img001362_ann001362,ds1_img000182_ann000182,5000,ds1,f2dbc58972b37ca935bfbadd901967bb7c395a570b13368b47f369f0d243a497
ds1_img001365_ann001365,ds1_img001284_ann001284,5000,ds1,f550cee8d7117686a22c5feedeca39d91effc2849ef6fbfb09d6eb956a7e2775
ds1_img001383_ann001383,ds1_img000035_ann000035,5000,ds1,6e8b739a0e5b444eff3c3162c7251f1b1321e999857963ba83e51fad9f151a23
ds1_img001397_ann001397,ds1_img001347_ann001347,5000,ds1,c6e8335ff7da72f33f63744a48c51cd19b5a4324b1d328ce1627bdba181d87a0
ds1_img001412_ann001412,ds1_img000881_ann000881,5000,ds1,6ed0c15bc49903d8627fcaf4d2dd26aa410116fe8db033ef26cb0d06d9179217
ds1_img001419_ann001419,ds1_img001233_ann001233,5000,ds1,5754dd7daf362e4295d985cd8f74ed61503309edad5112334964886fd0ef0b1c
ds1_img001424_ann001424,ds1_img001102_ann001102,5000,ds1,a8b24013ac42808303f368bfe4b5eba7b01bbae9f9bfa1fe783fbff122d05b5a
ds1_img001425_ann001425,ds1_img000892_ann000892,5000,ds1,eb363526d60260dd53f5d65d4ca166ef686a9c771c85effd86dea863ecd7e489
ds1_img001426_ann001426,ds1_img001102_ann001102,5000,ds1,a8b24013ac42808303f368bfe4b5eba7b01bbae9f9bfa1fe783fbff122d05b5a
ds1_img001427_ann001427,ds1_img000403_ann000403,5000,ds1,e5d0031c2c6f2a4ce13bab70363266d3c92f2ca94b0afdc10618d10a308f5095
ds1_img001446_ann001446,ds1_img000433_ann000433,5000,ds1,bbb686c48fc05920d88239cd36787adda28ac6265a8e81a2db7ff436524b75e8
ds1_img001448_ann001448,ds1_img000742_ann000742,5000,ds1,2ef0cc3ba233a2c1303adcfea329cba2939fae7bbe586d86074d23a4f3bec3c8
ds1_img001452_ann001452,ds1_img000945_ann000945,5000,ds1,0dc2c63c9bf9b6701111d96006e01bbeb459c4fcccefe94db5a719ba6bc502d5
ds1_img001453_ann001453,ds1_img000916_ann000916,5000,ds1,e19077416581898eeb8b76529384693afaa047c06691e0375f242b98dbe0be5d
ds1_img001498_ann001498,ds1_img000713_ann000713,5000,ds1,446133d88071e93eac4fbfcda70f7bf7c201c8a32aeaec66692f56c812aeb5fb
ds1_img001511_ann001511,ds1_img000091_ann000091,5000,ds1,f3b098fc348bfc95212812f838cede54ce54aaaa6f8552fff9d04dc1a7278bee
ds1_img001523_ann001523,ds1_img001253_ann001253,5000,ds1,e95efce3377c3fe6143205ebdcbb64af5f1853497bc188db36d5947907c40d93
ds1_img001535_ann001535,ds1_img001421_ann001421,5000,ds1,7f5a0dc9bf1a6f3a46dbf13d64903bb46e7afae5fe8b849ef7cfa10e0e6a04fe
ds1_img001538_ann001538,ds1_img000495_ann000495,5000,ds1,2d84f5db4e5a4e076125b60ffcac8c813a7071ac1e8f841ef45d7796263cd202
ds1_img001543_ann001543,ds1_img000192_ann000192,5000,ds1,bdaff62c1834ef8bee4dd228603d6b319fe056e9ab772f8e88ea2305f5ba0872
ds1_img001551_ann001551,ds1_img001476_ann001476,5000,ds1,c0071a5c5335acc8e6cd1d04ecb02994fe099b879eeb100607ea8d1d7727b877
ds1_img001558_ann001558,ds1_img000872_ann000872,5000,ds1,982049334146144691b41b113256564830cd7950326fe79ca321ffbf1b9de99a
ds1_img001576_ann001576,ds1_img000516_ann000516,5000,ds1,f51e42f0099ea8c864f7535bc276cc0fb9ea54a8169bc72691bc377dc4fef9f0
ds1_img001582_ann001582,ds1_img000727_ann000727,5000,ds1,6e04c8d47230816850abbb856b2719a12639b00ef7da6fcdf791673545ad0be2
ds1_img001585_ann001585,ds1_img001295_ann001295,5000,ds1,d62cbc7985ff47f7fa42e656b41d42919d832b6136b790d9f55f742aa046a894
ds1_img001586_ann001586,ds1_img000580_ann000580,5000,ds1,29bf7ce6849d6fa49712d972a650d51f0e4c03fa6ae26e0b936322f1061115e2
ds1_img001589_ann001589,ds1_img000198_ann000198,5000,ds1,6de1c1d18a5f6feab35c7199f9ceb8b3f7333fe822f6aa86403ecb1677df6085
ds1_img001590_ann001590,ds1_img000591_ann000591,5000,ds1,1e5713771f6d1e7a9210dbf200d1b04480ca269dc39da1744f064f415534625f
ds1_img001592_ann001592,ds1_img000037_ann000037,5000,ds1,8fbb531bbbb6814eafdd94ed86f87dbde70d5d8424dab5618152d1a8f56f9696
ds1_img001598_ann001598,ds1_img000623_ann000623,5000,ds1,0b595b2160b3a9d0228e90b656b52e94356a298cab5846366e1f9bbcc39ed2c5
ds1_img001651_ann001651,ds1_img000006_ann000006,5000,ds1,09560893ae1c5ecd5a2cd544f40a301947efd0a01734f67c02f950a60d537edc
ds1_img001670_ann001670,ds1_img000885_ann000885,5000,ds1,ed5e1fb07a6287c4ebcbe079fcc55b9d6ccc998b102b2b19b8b321d1797c4de9
ds1_img001681_ann001681,ds1_img000726_ann000726,5000,ds1,61371d132c2a01e718d84062071325b0c64eb566da8f5d174c8b327f3541a2b2
ds1_img001696_ann001696,ds1_img000725_ann000725,5000,ds1,ef5d32bb2498173d709f271284a6cdf3346a27837617499f3ca602bc6bd342d5
ds1_img001702_ann001702,ds1_img000083_ann000083,5000,ds1,b3a3cca4ed446e1b5a9218553e98a0ebb11cea8531fe579b15572e9e279e9d69
ds1_img001729_ann001729,ds1_img001035_ann001035,5000,ds1,05878d92406ea34aba6dfd772b77880b07610426d4abb524eaa7ccc3fc6f7ebf
ds1_img001735_ann001735,ds1_img000695_ann000695,5000,ds1,69ba2653bdc366873628e92199c0eb46e1e24ffacbafcaf70c18e203f457a54d
ds1_img001747_ann001747,ds1_img000663_ann000663,5000,ds1,4781b751b904052a12de3db352bb2112b5712f63ab89db1ed3a35706bfd5d85e
ds1_img001795_ann001795,ds1_img000123_ann000123,5000,ds1,7833b7e6a7e836faf2652330026494282342e41286f273cb6d615d09f22a1904
ds1_img001800_ann001800,ds1_img000519_ann000519,5000,ds1,0a9ef2984be1211ea2b34a1d8070055ebf02a0f4fc1ad8a0ce8827655a6d93eb
ds1_img001824_ann001824,ds1_img001819_ann001819,5000,ds1,df635985ca5e5dcebb8e83a783ade0dab5a3ff37ee1d3e829b2838aec488591e
ds1_img001828_ann001828,ds1_img000337_ann000337,5000,ds1,4f1ec5de649b32cab2da5b9a3d0a3c6b3a24e2934e88f66e89a189e29cd3aa8a
ds1_img001839_ann001839,ds1_img000051_ann000051,5000,ds1,d4d4d7a58a5828eb2f6932a19582abbba7571f0e900913910b6fa9f8465e07b5
ds1_img001851_ann001851,ds1_img000372_ann000372,5000,ds1,ca12b48faf9ff1a3f078bdef509f9bf38647815a117fca3d9f66e8f6bd34c453
ds1_img001852_ann001852,ds1_img000445_ann000445,5000,ds1,3dda1cfa483fa62739df52bdc14b17c908f7c3b68933ce9413d7bd2877cdf639
ds1_img001855_ann001855,ds1_img001102_ann001102,5000,ds1,a8b24013ac42808303f368bfe4b5eba7b01bbae9f9bfa1fe783fbff122d05b5a
ds1_img001867_ann001867,ds1_img000343_ann000343,5000,ds1,68330781fffd5214d590472e539de7fbf243e33ceb09a46f5a858b6b7415de39
ds1_img001874_ann001874,ds1_img000868_ann000868,5000,ds1,cc65e13c372a8d36dc56754db2128811f6c9ebdedecf8b9486673e682b2d7948
ds1_img001875_ann001875,ds1_img000703_ann000703,5000,ds1,a48d26a24060299ffca5be482c3f0873f8fc1eae152bf27d1f5b1cf52a68eb9d
ds1_img001894_ann001894,ds1_img000921_ann000921,5000,ds1,0d38d4ae320f991231c0731ba84c0d28e288dfb71b8751097270ae7c3a74c158
ds1_img001901_ann001901,ds1_img000286_ann000286,5000,ds1,b8714ed6d5ad4d638dffd82b6b323de8c7513eeb185b43e5cd519d23e2f4555e
ds1_img001902_ann001902,ds1_img001142_ann001142,5000,ds1,f350eba6e5a09ef5588ed513994c226ca18e09d9bbea28145c1a85d51af336d4
ds1_img001910_ann001910,ds1_img001787_ann001787,5000,ds1,1e3561a9a43f6817e005f7621adbf11c1c0edc991c7c4c57b9a1070fbf719659
ds1_img001929_ann001929,ds1_img000110_ann000110,5000,ds1,f8a59538d133308e0e8b74995f8d54c2d4263d9ebe5d009ff26ac61022687457
ds1_img001932_ann001932,ds1_img001179_ann001179,5000,ds1,6bca35c492f2fa5751e2445f3e594f770d8e4e6536e2180a18f18f5a68b15262
ds1_img001957_ann001957,ds1_img000433_ann000433,5000,ds1,bbb686c48fc05920d88239cd36787adda28ac6265a8e81a2db7ff436524b75e8
ds1_img001959_ann001959,ds1_img000143_ann000143,5000,ds1,820626b031c9a84d30a8af5087d1392afa195fd7e391bea2d6f6843bafce8166
ds1_img001992_ann001992,ds1_img001061_ann001061,5000,ds1,1002f40e08dfe569df7071b315b0dd290f67dc7c2d8bc09c94c62a08fb725897
ds1_img001996_ann001996,ds1_img001008_ann001008,5000,ds1,36f708b67b4dbc0e8a1a57e1a36873f08a6b69415baddd616387fcaedff07b4c
ds1_img001997_ann001997,ds1_img001566_ann001566,5000,ds1,4ccc41c078ec2ede19e1c8d07f1cce64296de4eb8045c759b35240064034bb56
ds1_img001999_ann001999,ds1_img000666_ann000666,5000,ds1,bac7428efe32245f9c8d829b81eedb9f804327a49de4b8f38d3845a836c06c31
ds1_img002013_ann002013,ds1_img000699_ann000699,5000,ds1,0948703abb79edf70cfb70fadcb5420f11b7d5fa62436f2f6959ec0eef9e2298
ds1_img002033_ann002033,ds1_img001832_ann001832,5000,ds1,e34ae848babde2fa42aee4ab55c826446228b67e51b0b0c100288ec50273ebc0
ds1_img002039_ann002039,ds1_img002001_ann002001,5000,ds1,0b0614ca3946647f2b6fb662e1b3ef1f8318a711101464f010c9148b17712701
ds1_img002052_ann002052,ds1_img000848_ann000848,5000,ds1,804b74818b6b70ed1993560da20d821a6f0655898edaea2a78cbc6b243cd0389
ds1_img002068_ann002068,ds1_img001519_ann001519,5000,ds1,e9a0036f8ef5a89bc217f58f66540725c54eabcd34007202e6d7df379391f2d5
ds1_img002072_ann002072,ds1_img000184_ann000184,5000,ds1,cc00f87abbaf659c322a1b1e733b3871005c5d34b815445e6840f347d6f2c90c
ds1_img002073_ann002073,ds1_img000971_ann000971,5000,ds1,e531f53e0748effa80c385334984f78ece44da35108109991b5453d11b730b72
ds1_img002076_ann002076,ds1_img000092_ann000092,5000,ds1,3e6c90aa4a3c16b6df8b335e3395321d6973dc5d0ecd8bac86b091f5e32621aa
ds1_img002092_ann002092,ds1_img000494_ann000494,5000,ds1,37c37fa4f1367c56f4337622fbc8ca790e0cdd592d73995fdd2ec1e0a10c5456
ds1_img002102_ann002102,ds1_img001194_ann001194,5000,ds1,eab174c2b2b1ac512ae0d7c4b7d797982f5b8ea9d8ef43aa4361497495458261
ds1_img002115_ann002115,ds1_img000865_ann000865,5000,ds1,eeaf9960c840808617dd13eb854d2ca59fec8eec0daf185c8b0b1a3d122b6eb9
ds1_img002116_ann002116,ds1_img001097_ann001097,5000,ds1,330b2999a9a6c06c1860a1a516e1122f18cdd2023ef7be8285b23703a1153101
ds1_img002123_ann002123,ds1_img001599_ann001599,5000,ds1,58a26acc30f8da462dcfc02530b45c0c9edd799dabf38634ee17fd27ee530e12
ds1_img002130_ann002130,ds1_img000239_ann000239,5000,ds1,46b6654ab583ade99903185f2c2575d0b13c3be3850fa07df57bc8f29a229551
ds1_img002139_ann002139,ds1_img000569_ann000569,5000,ds1,38926bbdb470ef4bd0df7b392baa86b113e8ab4439c9abb294a19d762d9e0ebf
ds1_img002144_ann002144,ds1_img000314_ann000314,5000,ds1,1fa8d20370fefea3382c65e3fe9eb47ff6b9aad2c42ec9828645d19aabec2c83
ds1_img002149_ann002149,ds1_img000719_ann000719,5000,ds1,4f84ce5733ebb440166bf1db5be3f39fef6afdd0724febcfc9dd660a2a6680c4
ds6_img023306_ann024398,ds6_img022689_ann023778,5000,ds6,0d9e28ec89e939f0f1343740685bac22100d4b99105ace5ea780cf1f2b80b68b
ds6_img025035_ann026127,ds6_img024875_ann025967,5000,ds6,c3e740ab8d38b32e574d1db7e06015f7b727e20709761556df48e3c1c4c4a8ab
ds8_img027900_ann028998,ds8_img027868_ann028966,5000,ds8,1ca8376c93e3081a1b84ffdc68efd2aed25fa134c3a049aef5f3b90b9f0d061c
ds8_img028181_ann029279,ds8_img028129_ann029227,5000,ds8,9d004b0d6f31d4899abd42ad33550f7852857863f253bdff5069190dc2a152f2
ds8_img028299_ann029397,ds8_img028077_ann029175,5000,ds8,bb5d70e93a0de3b51060c44ff5d5217a3034249492b6c1c78eb4f4609cb36ef6
ds8_img028311_ann029409,ds8_img027942_ann029040,5000,ds8,513c997d4b099387bf76c23062eef4a6ccbc596b5210872667db4692d3609711
ds8_img028398_ann029496,ds8_img028263_ann029361,5000,ds8,f6cd4cddc19f27b158be68d17f865e7d07722910a25544c01d4e3948201f8970
ds8_img028563_ann029661,ds8_img028294_ann029392,5000,ds8,b05a449285c559f5748b261608616af82d3083d74ce7e23071f676c8367504b7
ds8_img028564_ann029662,ds8_img028405_ann029503,5000,ds8,ec4a5b2eb560397fe086bea4b6c6e47caaa38b02f5bb7205f8163698509853be
ds8_img028565_ann029663,ds8_img028074_ann029172,5000,ds8,be701a524fd7e5b1f0ba2fe209569fa765c190bebbc00df7ec29b18e66d2b411
ds8_img028614_ann029712,ds8_img028242_ann029340,5000,ds8,52373bb3b62a7322cceebee75cbd897001e867dddef6457d975012c15acc9bed
ds8_img028618_ann029716,ds8_img028233_ann029331,5000,ds8,71c81a48a1bf1c34cff0b73bb366b063c067054f556984ebb9d9a35de5245ed3
ds8_img028645_ann029743,ds8_img028144_ann029242,5000,ds8,fbb07987a8a1bf95ff13e74e15ab813f085041c9f6cf415b856371d8d0f0423c
ds8_img028718_ann029816,ds8_img028547_ann029645,5000,ds8,b059411f6590895925dfa734068a152884f69c75ab2ae016dba6c4395c5da52d
ds8_img028719_ann029817,ds8_img028439_ann029537,5000,ds8,71f6f7372c70f01b2ac6d2a212a9e2ac0a2847f2039aff97aff3466b9d50f823
ds8_img028742_ann029840,ds8_img027959_ann029057,5000,ds8,166186fc32f39b4f84cdc7cca8ac577eb28a103c4052f8f0a67a15d0efe7517f
ds8_img028761_ann029859,ds8_img028251_ann029349,5000,ds8,25c8803ff73f8f1dd80cea7b21405d874be983b17fce8fe64c01fdd827619f3c
ds8_img028778_ann029876,ds8_img028350_ann029448,5000,ds8,0d3355c27333b4257417c920fa6846a29015f0bc8228d58668d541a2137580f2
ds8_img028828_ann029926,ds8_img027935_ann029033,5000,ds8,80bfc0e91a7f6f4b1a9ab5d23e332bf1bf442ee0dfce8d00050c23c7d235f03a
ds8_img028947_ann030045,ds8_img028207_ann029305,5000,ds8,52c598bd924429a2b76f02845592ecd69285a8466a25c3d2bb77a763afbc136d
ds8_img028959_ann030057,ds8_img027872_ann028970,5000,ds8,544071fcd94a6a307a5578a5b3cd575cd0984c2b586852f9661f3df0e56f5303
ds8_img028965_ann030063,ds8_img028343_ann029441,5000,ds8,fbeb397ae2d19d7890083cdec0c11258962bd01b4126887e21a4bd4f7abd3a81
ds8_img029035_ann030133,ds8_img028613_ann029711,5000,ds8,a96af9b63db0e7e5ed2b468be9ae424822932c6a31bb6abf3ae3515fcccf0b37
ds8_img029037_ann030135,ds8_img028128_ann029226,5000,ds8,d51b99da67ce24c0062012f92e0505ea21ff001a2d26eddfad44e379da3bf821
ds8_img029042_ann030140,ds8_img028252_ann029350,5000,ds8,6804e6e7ad7f1e719b050971a89e9634e7c341212710c1095fe141ac86dc3108
ds8_img029114_ann030212,ds8_img028013_ann029111,5000,ds8,cdb76b04beedf0a12ae0d92b6e2e5d3d6286175daed5774ddf56b8cc723ce652
ds8_img029116_ann030214,ds8_img028675_ann029773,5000,ds8,1f22f41526004c6237ff418ace681a8500dc37b0001cccad7adce666c30e84a2
ds8_img029125_ann030223,ds8_img027919_ann029017,5000,ds8,dbbe2fade5ff0e018dc6f6a543d97f32973006b81349e0f4b37760a5f4035613
ds8_img029126_ann030224,ds8_img028280_ann029378,5000,ds8,4bbfdc53cd018fe119020175bca4ef3cbc1b8ea07f6aa26f9615e16b2da09de9
ds8_img029201_ann030299,ds8_img028826_ann029924,5000,ds8,b7bc3c11391b305a5fbf22d791bfe85e23e8a3b2a57b273b7b76ae734f02bfe6
ds8_img029203_ann030301,ds8_img029197_ann030295,5000,ds8,79e312e2ee75acbd76561975541879dbff7f246f5a1da4c3cc262ad02dadcd33
ds8_img029204_ann030302,ds8_img028682_ann029780,5000,ds8,5a918f76a074d7cefe801b78e2657e59c180d14a2801c41fbe0ef8caab732250
ds8_img029209_ann030307,ds8_img028425_ann029523,5000,ds8,d56a4df1b8606e84850cc1698a24c56aa838ea80cc9c10f24b14fccb97e28785
ds8_img029212_ann030310,ds8_img028044_ann029142,5000,ds8,1fcf3f053e2b33cb51feee968dc95532156672bc28549e3a7696dc3072cdd91e
ds8_img029316_ann030414,ds8_img028077_ann029175,5000,ds8,bb5d70e93a0de3b51060c44ff5d5217a3034249492b6c1c78eb4f4609cb36ef6
ds8_img029317_ann030415,ds8_img028365_ann029463,5000,ds8,cbb72245c9c19bc83bc9acc35ada717b5a3a3542175dc275e53cafe6209bac38
ds8_img029319_ann030417,ds8_img028698_ann029796,5000,ds8,64e168517040fe332119f2b4188f72a12e360f3fae0d79fab59b6bc3b947bbc3
ds8_img029321_ann030419,ds8_img028886_ann029984,5000,ds8,13e79bad82c71e2c382a0b1394854870d083ab91a1d15bdbecdc06fdce8e909c
ds8_img029322_ann030420,ds8_img028459_ann029557,5000,ds8,05fb14dd26130c23a438b7d0f9bf2a53d7778505e01a411d53f42c08e4786abd
ds8_img029323_ann030421,ds8_img028780_ann029878,5000,ds8,e2bd2324796f4258886bf597dd272ee72fab2034517dcb3a7453e050818b329d
ds8_img029330_ann030428,ds8_img029034_ann030132,5000,ds8,46e3c8fba91dfc9e0c2b23453b3ad006ce7680fe82ef1777e2926f5fbd172e25
ds8_img029331_ann030429,ds8_img029205_ann030303,5000,ds8,0baa46f1ac93db4597d85dd3de0803ab0cfee050e209748506e2e2153dc7419d
ds8_img029335_ann030433,ds8_img028361_ann029459,5000,ds8,21e5a17befc7aa6c755037dc5d9d5c2f6a17c6cc7ca3aa656373011747183f1c
ds8_img029343_ann030441,ds8_img028154_ann029252,5000,ds8,4944b244f43a1c1efb87e4802a818fdb15c94e8304723b89221b2ac84dab51b5
ds8_img029362_ann030460,ds8_img028955_ann030053,5000,ds8,5beb4bd1da1483003672188a1e42bdab1162b834d5273d37efa7aac8c5302d8a
ds8_img029372_ann030470,ds8_img028318_ann029416,5000,ds8,a8578e957a07f385fd830d3f5da8c3a0f09976bd155e7351d6d1bf41e1ddc812
ds8_img029495_ann030593,ds8_img028124_ann029222,5000,ds8,5d49766c0aee4418d0a4cc2ea97805e498ad10ae5029b091a6df8663305d1000
ds8_img029496_ann030594,ds8_img028039_ann029137,5000,ds8,7afacca01343747bf8a2d6a64858d5a876f44c22fc9b6b49e4a94f986542aee1
ds8_img029499_ann030597,ds8_img028262_ann029360,5000,ds8,4b129aa898c46c7baf86c6f1bdfa1528ad8a2e532392ab16b0f51cad47139fb0
ds8_img029501_ann030599,ds8_img027917_ann029015,5000,ds8,e7821b5cbfa0e934fb91047e888e0680e3d780f23d7247826711894b0a3084b8
ds8_img029503_ann030601,ds8_img028603_ann029701,5000,ds8,46f780582a258c3689d16dde04e94cbd6ed8e9af0b9f0420d58cd67fbc899b04
ds8_img029504_ann030602,ds8_img028428_ann029526,5000,ds8,06a4f82635371bca3aa9d7a67ecd33d7c76bd6167d4ec3d361a6c6aa1f577f5a
ds8_img029508_ann030606,ds8_img028795_ann029893,5000,ds8,be8886e6f56f485d2ae1a6712573fa4385c792bcab7de5783f7bdaa5fc5337d1
ds8_img029526_ann030624,ds8_img029347_ann030445,5000,ds8,8ab2153535b2ebf23b360c51c062840a082bf13f2ff7891d701b351fefe8f806
ds8_img029530_ann030628,ds8_img029528_ann030626,5000,ds8,70eefdae1aba8968e32aa69ed96914eef972c5984e073685fab7c13a10fb71ea
ds8_img029534_ann030632,ds8_img029525_ann030623,5000,ds8,dcfb2f4c593dd0765b92cdb905581304e2b9e65a4c9de1329cde31667b3be6ed
ds8_img029541_ann030639,ds8_img028184_ann029282,5000,ds8,e46f1880f1ff79dc447993197bf10fe23638b55d4ce3f53f9e84295286f039b7
ds8_img029542_ann030640,ds8_img029131_ann030229,5000,ds8,50fc78ef7e1de7b1e357865679956d1d172c8f8fd8bddecaa6e36e9c6118090e
ds8_img029546_ann030644,ds8_img028555_ann029653,5000,ds8,922aa9927422bc67a13f4f66b1f8d6fbc074373be64aec67858df5d47a6e9acb
ds8_img029550_ann030648,ds8_img028128_ann029226,5000,ds8,d51b99da67ce24c0062012f92e0505ea21ff001a2d26eddfad44e379da3bf821
ds8_img029551_ann030649,ds8_img028252_ann029350,5000,ds8,6804e6e7ad7f1e719b050971a89e9634e7c341212710c1095fe141ac86dc3108
ds8_img029627_ann030725,ds8_img028144_ann029242,5000,ds8,fbb07987a8a1bf95ff13e74e15ab813f085041c9f6cf415b856371d8d0f0423c
ds8_img029628_ann030726,ds8_img029519_ann030617,5000,ds8,38a6dfd8c0309e759dada9209bf881ffaa875da116b9465d76c3960bfd740b98
ds8_img029631_ann030729,ds8_img028319_ann029417,5000,ds8,810aa42ac38a9c7c86a170da80c91724af702b7aa1b8b775f9e8b67a4cd54638
ds8_img029649_ann030747,ds8_img028646_ann029744,5000,ds8,cce0a775e1d4873236efc1dd4c0799ed835e25348773e11215453cfc27cdc556
ds8_img029651_ann030749,ds8_img027860_ann028958,5000,ds8,4a5a0c900d0d77a2e6f75d816bc601c3a6fa34ee1f14741f033f015d4e62de52
ds8_img029687_ann030785,ds8_img029031_ann030129,5000,ds8,dcb1c9040b6779b20d9f43e5469c8ac7bc9e67eb15808b32fb9b2b3b99e3b92f
ds8_img029693_ann030791,ds8_img029535_ann030633,5000,ds8,ea8613670d8830cdf8803f5821763975a7fe1f89b08ae41f0f1149ffd9f9d7c2
ds8_img029735_ann030833,ds8_img028957_ann030055,5000,ds8,ffaea7704a585c5d9dfdd9e64fc316def534752d672ad96334eaac98457d5a48
ds8_img029792_ann030890,ds8_img029332_ann030430,5000,ds8,8e59310221856561fbf84b79def3fb0c75d5baafb15dac5d2c0b59f8b12019f0
ds8_img029793_ann030891,ds8_img029334_ann030432,5000,ds8,ea53bc54e7e05d11cd431505af971ba8f1cf7b670fd4ce6aa3cb802abf85e38a
ds8_img029797_ann030895,ds8_img028361_ann029459,5000,ds8,21e5a17befc7aa6c755037dc5d9d5c2f6a17c6cc7ca3aa656373011747183f1c
ds8_img029807_ann030905,ds8_img028716_ann029814,5000,ds8,21273d1f8612e849ed374c0e118996311fc4f524154c5340c5466144cb050978
ds8_img029875_ann030973,ds8_img028483_ann029581,5000,ds8,91fcab03f3b6ace07ddf2fc0a200cfc8b0efebfa515f217bd9b765a9a965f6f5
ds8_img029876_ann030974,ds8_img028628_ann029726,5000,ds8,e67d29176d7c1106e7e7212644f34875249ea931fee5c2bfe43d6d435b462289
ds8_img029877_ann030975,ds8_img028297_ann029395,5000,ds8,6f8bca1e5baeb8ad8f06e637270fb86a3ddaee52bba30f6f0301e6fce60dda84
ds8_img029878_ann030976,ds8_img028754_ann029852,5000,ds8,e091a5220076b81f9d19d452e8a067498d03d20ec6593700d088169eff276af7
ds8_img029895_ann030993,ds8_img028212_ann029310,5000,ds8,ad3795b75c811e57b51d01935b7e1a82b285efba6790f0421609f97993690929
ds8_img029953_ann031051,ds8_img028541_ann029639,5000,ds8,da7af262d91f9149650a8a0075c563562098eaf676c0ea480a7c1b483d2c80ba
ds8_img029954_ann031052,ds8_img029112_ann030210,5000,ds8,e18af155c0fa9028e56b3bcc9ec114c0cfc109f5fc23e3a9a6bc2451c99056ac
ds8_img029956_ann031054,ds8_img028151_ann029249,5000,ds8,38718b5fad4f7c8d1f5982b66079fbff5772a8840aaaf9207854631596148623
ds8_img029980_ann031078,ds8_img028501_ann029599,5000,ds8,e1c73ddcf26c475506f70453a9fbe44fd97f2d5feddee165f957208a567a8cf2
ds8_img029991_ann031089,ds8_img029336_ann030434,5000,ds8,a3aa914fc0e81f6a6188d4a1793fbdd47e6a2fd88f44e8ea530c9bf57c212cb7
ds8_img029994_ann031092,ds8_img029129_ann030227,5000,ds8,b4313871b847c9221282ee4c3e1a98894f6e468d2a852b780a314493c1b77cd3
ds8_img029998_ann031096,ds8_img029817_ann030915,5000,ds8,ce29a5d81e7ce28251468d2e7bd6ef7418b48f4605b07bb1217db09297eaf2e3
ds8_img030004_ann031102,ds8_img028950_ann030048,5000,ds8,c3ed66f53e4ee6cb253737e32071f0d36a63c54b0634fde9fb185a4f324e1a50
ds8_img030059_ann031157,ds8_img029506_ann030604,5000,ds8,12ede3ea0f939c13355fd57fc12694ef4b35321443ffd3c961e53e96672e0089
ds8_img030060_ann031158,ds8_img029334_ann030432,5000,ds8,ea53bc54e7e05d11cd431505af971ba8f1cf7b670fd4ce6aa3cb802abf85e38a
ds8_img030063_ann031161,ds8_img028007_ann029105,5000,ds8,11890c89f2b0b4d5427c9b9ff3852d3648d6539a45c18a68041c412bf9e824e2
ds8_img030069_ann031167,ds8_img028125_ann029223,5000,ds8,e33a0904aabbe83e43f34b59d783ae0a12448f6ffe03934a8e3d239ce4ba32f3
ds8_img030087_ann031185,ds8_img029520_ann030618,5000,ds8,47a50a2bb67264ef16a9e7248ba190cfe981e32bff6f8df6154c3e425964299c
ds8_img030117_ann031215,ds8_img028381_ann029479,5000,ds8,4b9426ea8fc31710f7cf82a551c3f3ea6535a37e3611059ac93fa58ddb5aee68
ds8_img030129_ann031227,ds8_img029961_ann031059,5000,ds8,a799a7423799dcd7657b67b459cd00aa4b0c1c95b11ccb521504bd339371b2ba
ds8_img030148_ann031246,ds8_img028319_ann029417,5000,ds8,810aa42ac38a9c7c86a170da80c91724af702b7aa1b8b775f9e8b67a4cd54638
ds8_img030161_ann031259,ds8_img028670_ann029768,5000,ds8,232bbae81df6851f680053c932fca39ac8ba3d1999d348e4d7238e42956a421f
ds8_img030164_ann031262,ds8_img029764_ann030862,5000,ds8,b0c61f85c2f55ac8362c5d979008c268a012c7bd40a7db30a524bff338bd4062
ds8_img030171_ann031269,ds8_img029318_ann030416,5000,ds8,cb1b2390755344704eae5d5aa17320863a0d56d219dc7848fe68e374bc7a641f
ds8_img030188_ann031286,ds8_img029632_ann030730,5000,ds8,feeab07ddd9824332279fe390a753163712bb61e2e43ee5074a1a39653700b74
ds8_img030190_ann031288,ds8_img030065_ann031163,5000,ds8,82680cee30f04c6e4634531a07e9059ab7b20336cb497b9807e525b6ace60dd0
ds8_img030194_ann031292,ds8_img029505_ann030603,5000,ds8,9ff3dc602c118378b4bb6b7f3be61db7d173627a64268b2f8c3dc97f9b8cdc0f
ds8_img030198_ann031296,ds8_img028699_ann029797,5000,ds8,a3b2c49c021a0237b9f9e70e493ff9aaa01b57b8785edcfa5b93c8639dc8e917
ds8_img030212_ann031310,ds8_img028612_ann029710,5000,ds8,b1dea2c6fbc24fdb7c2359aa2ef530a8139e27ce74c87cb107437ec90520f7d6
ds8_img030213_ann031311,ds8_img029630_ann030728,5000,ds8,7732fbed338c1599746392e552092f1f5a1c4bd966a12f0b70ca43d46e60a09d
ds9_img036288_ann036556,ds9_img035692_ann036036,5000,ds9,fcd17e6d0565178de1776b2dafd9a2f4c6f600aec33355dceb26a2f0ea6c2a19
ds1_img000059_ann000059,ds1_img000050_ann000050,50000,ds1,609384813bf6c8793598f32963c58ee9cdee38e33811570206e22e704c9db58b
ds1_img000104_ann000104,ds1_img000058_ann000058,50000,ds1,6799aa658cc52808049c29236452e59402be3c32a388df1535885c2538b3a326
ds1_img000311_ann000311,ds1_img000045_ann000045,50000,ds1,2044603fc3cf269a25fd7a1d0cc444ff2fe3aa4ccacad46d8ed5eb0af4010872
ds1_img000349_ann000349,ds1_img000135_ann000135,50000,ds1,ba9c7fcda69d523193dc1f0565e70bc11298bc225d52e4a7e35eb719e7d8a66a
ds1_img000402_ann000402,ds1_img000084_ann000084,50000,ds1,ba76725b3ade715796b62e1ecff3690798fcea23a8a67c28437e524f8d4de062
ds1_img000447_ann000447,ds1_img000209_ann000209,50000,ds1,63b07f2dd545442deabbe7cc2871551b3447b73a3ba74e805ee3baaf81c6eb2e
ds1_img000510_ann000510,ds1_img000287_ann000287,50000,ds1,64d6454f93f91db5264120c7f4d1d938124b0abfcf367048fbf69141f80530bb
ds1_img000524_ann000524,ds1_img000233_ann000233,50000,ds1,4d5362f4190693d66ffba3c6e8297fd8179686c913ac9035ca548f09507af0a9
ds1_img000545_ann000545,ds1_img000506_ann000506,50000,ds1,f61e39884b29ea5845b0ebf86b4fce1d1dc9117c876c99e07c023f318c528cca
ds1_img000556_ann000556,ds1_img000044_ann000044,50000,ds1,8f2065da49686e3245aff1add08b081902deba7f28341f000d53f0400f8e90ce
ds1_img000560_ann000560,ds1_img000533_ann000533,50000,ds1,6d4312a94350656e84dc1a2272da9a270d0a7e08b539008570773fce202790a6
ds1_img000571_ann000571,ds1_img000463_ann000463,50000,ds1,bcf54ba68b5d64cbac7b768c3584e0ce6cccad37f0d976e3fd02b45e88fac942
ds1_img000586_ann000586,ds1_img000364_ann000364,50000,ds1,5f5548cca2b568a3dc4f0a0470f1926eae39685b1b87534b577701b1173c0e58
ds1_img000609_ann000609,ds1_img000434_ann000434,50000,ds1,f66508f5fbbd17c4f18a73e7bb004ec4725f90f1ba3290e8a1f2e9633d2d8f36
ds1_img000708_ann000708,ds1_img000117_ann000117,50000,ds1,ff54aeccf364f8f08fa5c9d27e99a5c6c701deaef3e935e99a0b55a1585686cf
ds1_img000729_ann000729,ds1_img000144_ann000144,50000,ds1,96351c1fd6d56b456420192eb9e32b7d0831a4f89e004cbae4bc50896ade58fe
ds1_img000810_ann000810,ds1_img000741_ann000741,50000,ds1,8afdca98af4b4d07b4dde9318bedb7b672dc81cf145e8fb303d952e22d72eef5
ds1_img000866_ann000866,ds1_img000820_ann000820,50000,ds1,7e72f613e28272a6be35790ea88fa0ca80598057d40a4901b776c662f8cf46f4
ds1_img000888_ann000888,ds1_img000227_ann000227,50000,ds1,413fc845c53082f110062ed5d0c116cdd896d9cff6a8f3919c51bfb6d1fdf79a
ds1_img000890_ann000890,ds1_img000066_ann000066,50000,ds1,74b9cd1dd805ec87dd17448b0b7eb7657064a8e15724322924d77c377940a111
ds1_img000905_ann000905,ds1_img000721_ann000721,50000,ds1,c729594242e61f2a810659cfd83ec69790ac45767abf884f710446759d7a8c0e
ds1_img000931_ann000931,ds1_img000162_ann000162,50000,ds1,df1667e4d8d71fbfde474a9ba267b91bae6909878a34d06bb3b4fc5528244fa2
ds1_img000937_ann000937,ds1_img000935_ann000935,50000,ds1,221b1848fe6017e48df0b40ee8bc18f2a5756c1f043bcf8ef24f727f3e5bfba5
ds1_img000942_ann000942,ds1_img000594_ann000594,50000,ds1,97bea28791e48a60f08b9887b5ea707bbd0c098e7e28007251c8aee35951a7b7
ds1_img000960_ann000960,ds1_img000515_ann000515,50000,ds1,5e43ccf8a3e975478f7865ae647a3dda012fbf598b323ca36206822a7623a64b
ds1_img000967_ann000967,ds1_img000320_ann000320,50000,ds1,7deeacde3b0d99998ca3bd7574cff7832a264c9b7a189aeb67abaa49868b0484
ds1_img000985_ann000985,ds1_img000777_ann000777,50000,ds1,b54175d60e64badc3a9cc8ba34b2195be685a9f265cf8faccace954b8297f080
ds1_img001017_ann001017,ds1_img000817_ann000817,50000,ds1,635f80b41b01789fb9e6da8349be4fe3de3d858a8919f948c8b9623e32b57a5c
ds1_img001062_ann001062,ds1_img000874_ann000874,50000,ds1,31e7e6469573a10a18a2eba0b41c53a0a97e43aeafa197014cb0cf9c01e58ab6
ds1_img001071_ann001071,ds1_img000486_ann000486,50000,ds1,8f6b4347883535973895dfea2616a782745e23f0db5e5c319b48379e39ae3ecc
ds1_img001099_ann001099,ds1_img000739_ann000739,50000,ds1,a0903d67f7f8a71096258baa7544a48ec606f4f25145bca79240381f22d769d5
ds1_img001113_ann001113,ds1_img000809_ann000809,50000,ds1,807a4b5edabcda027ec5911ede1ab2a8aa9228e7e02d8961943454065fc47e9a
ds1_img001122_ann001122,ds1_img000988_ann000988,50000,ds1,fac317041f5b5e8a41e8c6f483ec13eb3d61699415ef932e2b3254e229e9d2db
ds1_img001191_ann001191,ds1_img000974_ann000974,50000,ds1,b0fe1570700c3e2b84993c4a96d48cee31c259e89af2cc592e5bd140c3592ea4
ds1_img001204_ann001204,ds1_img000288_ann000288,50000,ds1,72f84319f294f5ce8db89ef6138dd8c2774923ce0022fbc6ee51593ea2f4ad32
ds1_img001205_ann001205,ds1_img000178_ann000178,50000,ds1,4e493df560439790aa1dafb3c78f30069ec0b65c3415aaf725ac650401fe8dc7
ds1_img001214_ann001214,ds1_img000870_ann000870,50000,ds1,95b878a422d34386c4b3cc2d8817fbd54d42c46dcce4c536f480b2907b64684f
ds1_img001235_ann001235,ds1_img000582_ann000582,50000,ds1,0df98cd90158eeb1e38218178e139fa89739479fd2d37a4ee23bf3f42de25fab
ds1_img001245_ann001245,ds1_img000429_ann000429,50000,ds1,d512fd8575d113771740ea25702dec7bd0baaa52a17cbd57fe4057e46c7bcd39
ds1_img001246_ann001246,ds1_img000656_ann000656,50000,ds1,90633f4363280618277808dc2b1c64d2c938910bdeb070f8ae9d21b89de1b111
ds1_img001285_ann001285,ds1_img000774_ann000774,50000,ds1,03e59c6e548dba9a055dcca22328fb383c6b506383f94a32618ce02017c88727
ds1_img001293_ann001293,ds1_img000897_ann000897,50000,ds1,7fc6e397143f7081a77c542c77352b899a4dbcdf62eddd4f095a1a344ae9972e
ds1_img001308_ann001308,ds1_img000523_ann000523,50000,ds1,8a6a016183dfc8816047f7fca1c744328083899e6deb8ebb7929430f7bf63ed5
ds1_img001318_ann001318,ds1_img000864_ann000864,50000,ds1,a795f9b18cd19a03a4571131b3202d22e26d0c7b3abc568db198636ca64f7b51
ds1_img001322_ann001322,ds1_img000031_ann000031,50000,ds1,b7a1a0a2bdbc0c1e95fd951bb9af9db829e18ea022a291e3442e2981535718e2
ds1_img001326_ann001326,ds1_img001027_ann001027,50000,ds1,c0d465dea68024ddf14be18c86f69ad3bf408a3f537a73837a6b1bb3b9253601
ds1_img001329_ann001329,ds1_img000844_ann000844,50000,ds1,b71d97046ab790323306f50e54aa066d02532e76e33961ff0babe809cec659ed
ds1_img001338_ann001338,ds1_img000052_ann000052,50000,ds1,408233e32a25019ee77495090714856528c5068b5992d7664cb865fb178e4324
ds1_img001354_ann001354,ds1_img000304_ann000304,50000,ds1,e8cb795d0a221ee8f43d52488739b8f7498fef02a781111b3ddadda70ec5ca16
ds1_img001359_ann001359,ds1_img000976_ann000976,50000,ds1,d5c4cabc5eb80d1ea7fbca183f52314e67448d8cf251744c4510696af229ffe0
ds1_img001388_ann001388,ds1_img000565_ann000565,50000,ds1,2ccd4776661bdbda9fbd0e17c09b30a0cf0242c8064716c1c951f532468e1066
ds1_img001392_ann001392,ds1_img001137_ann001137,50000,ds1,38bff7ffb938a7fa2b231f06e2ce4a87a18b7f407c9d55248be45ba18d54655b
ds1_img001459_ann001459,ds1_img000269_ann000269,50000,ds1,d695fa3e18c8a825057d7592618d4bd2f6482a6b654a03de101632926c81339a
ds1_img001473_ann001473,ds1_img000093_ann000093,50000,ds1,4e996b999a08b13ff0c3f41f26b3a69f466495efdf49f8c9b3bea081ab793dfa
ds1_img001501_ann001501,ds1_img000585_ann000585,50000,ds1,af37bba1662ad152d72f604db0b3e3e6ae52baf12bb966ebdf272cab82f96be6
ds1_img001506_ann001506,ds1_img001373_ann001373,50000,ds1,39a1514bb2f43e6ea3d34b6e941f485ea01154d0eca4bc6707f93369224dbc47
ds1_img001514_ann001514,ds1_img000376_ann000376,50000,ds1,94a162dcef9fb7eadd58bb850801b502861745363393ee3f507d086c03a48456
ds1_img001518_ann001518,ds1_img000509_ann000509,50000,ds1,836b7ec982736e306efb26d7388e30fab2320c7d2c0063b7744fb52de79615cd
ds1_img001525_ann001525,ds1_img000518_ann000518,50000,ds1,063edcc06f6af6d86dae59ad8c2697797d1b66da0c47452ca8e6a3a31f611c28
ds1_img001533_ann001533,ds1_img000183_ann000183,50000,ds1,f65abc40b4f7f911bc1f5ddbd3d254f2204f387404a28f98026ee7b865b86cae
ds1_img001544_ann001544,ds1_img000772_ann000772,50000,ds1,ab8c6b9aeb1dd7bcd5ff0af3815939c0692e8fb6aef38675098bcdacf5d04a02
ds1_img001552_ann001552,ds1_img000010_ann000010,50000,ds1,71868400f21700b4211ce862dd6912b1ab97dbcd9b9a9745b7ace8fa4614776a
ds1_img001554_ann001554,ds1_img001304_ann001304,50000,ds1,a72914f7d18a5b4d26db9ee95d489c3f262c08b45b1013aaff2c14c93a4c50c2
ds1_img001572_ann001572,ds1_img000570_ann000570,50000,ds1,65bfcb10503daa7f15919189075f8f0bc660b7a99c0e1e70534a0784a5e86b1e
ds1_img001584_ann001584,ds1_img000142_ann000142,50000,ds1,88e957ce8a2a3130979801ab59d5729958a52f432cc0bfde3cbc276f63ccaedf
ds1_img001595_ann001595,ds1_img000486_ann000486,50000,ds1,8f6b4347883535973895dfea2616a782745e23f0db5e5c319b48379e39ae3ecc
ds1_img001607_ann001607,ds1_img000551_ann000551,50000,ds1,f78c3c34156e0063be8015f97ff622c49da201222bfd3c92dbf377f1060162c3
ds1_img001611_ann001611,ds1_img001197_ann001197,50000,ds1,e9c078236b7ca77951e0327a7bf9324bbe45362fe44cba82d38d721e937cde76
ds1_img001627_ann001627,ds1_img001579_ann001579,50000,ds1,7fe82f8c9cbd1389df639be98d1cd13b9f45afbd7d75cd97850f04e99e30c7a9
ds1_img001636_ann001636,ds1_img000214_ann000214,50000,ds1,2fd2af4ea4630db833ae5394ad6fa2025b37723d59d44c6dc23f7d688dac7064
ds1_img001646_ann001646,ds1_img000131_ann000131,50000,ds1,a878027a1e099ac86025e41a645f76b377d7fae5beebd264446673de62280031
ds1_img001650_ann001650,ds1_img000643_ann000643,50000,ds1,11a4a29b126aad0619ad1ccbb9b2750ff052f75c5b1b9533191cca040935a7ec
ds1_img001664_ann001664,ds1_img000205_ann000205,50000,ds1,d2035809a4b4293de51bba3beaef7ff4d5cf2580fc725026de70c8afaee2fb8f
ds1_img001680_ann001680,ds1_img001103_ann001103,50000,ds1,e359d1dd17d172f397550f25be73853fbc6643bf2d92a3c2fa1edda18324e068
ds1_img001686_ann001686,ds1_img000245_ann000245,50000,ds1,308299f45d79139f1c86a75409d65a4699bfe77988f26569ba6de4d12126dae2
ds1_img001705_ann001705,ds1_img000579_ann000579,50000,ds1,5d115a46d61bd5f4bca911cf9f5bcd1effec9fc39b7111a4f9c2ce158a9aa4de
ds1_img001710_ann001710,ds1_img000707_ann000707,50000,ds1,486648127e288fa099c28610476fc987294892d61957b5821487ab07513c8882
ds1_img001730_ann001730,ds1_img000159_ann000159,50000,ds1,b3560d258bf0bdadc966df13fb426bc4476bdc58893be2c9672ead98a63de0bb
ds1_img001794_ann001794,ds1_img000176_ann000176,50000,ds1,4759122194f9a034bbe7a9ce773605ba6a4ae6ece75af504860accb9cfbeca8c
ds1_img001806_ann001806,ds1_img000107_ann000107,50000,ds1,007974afcafe906ffc6554552b4ba4c8af406cc64b777f2015cdaf32be172fc2
ds1_img001812_ann001812,ds1_img001305_ann001305,50000,ds1,ccfdbc95e3a9139682a2b214d89d04e4e4791f7f3531156d431709aed14d71b7
ds1_img001820_ann001820,ds1_img000875_ann000875,50000,ds1,c1931a61ab3faac8c890715541776f52a9b8161f37c222788a1b6ce0f7db57a4
ds1_img001823_ann001823,ds1_img000148_ann000148,50000,ds1,692e8e82df0dbe2a41e1ac6f8cf20f330f464949c4f4e55babebdda189315715
ds1_img001830_ann001830,ds1_img001053_ann001053,50000,ds1,564befe00a0cbed9823cede93aff6dc8b62037f14688396313918d04d7b4c7d7
ds1_img001842_ann001842,ds1_img000375_ann000375,50000,ds1,4d1cd91e5f7d03313014d38bba49116bcf8e43751ca7b3f0ef8344ad3305d95b
ds1_img001850_ann001850,ds1_img000681_ann000681,50000,ds1,f6601e950c40b77fc3cea101782cbd44f2397406b20442ba91e9a2ccd867ab75
ds1_img001857_ann001857,ds1_img000029_ann000029,50000,ds1,bd6d85f4437df56ae53b177e764a9284c5cde5c1bbe8fa6a15e565555d6e1ddc
ds1_img001886_ann001886,ds1_img001428_ann001428,50000,ds1,d80f46c0def6ba4ccbf04aecbc634a7beb3c7ce8151ad5f9acf841c0de162422
ds1_img001887_ann001887,ds1_img000764_ann000764,50000,ds1,7cfca14e020d523b0fa66ebe2ddb31177d4bf65259c7f9363023535219c56ba7
ds1_img001889_ann001889,ds1_img001084_ann001084,50000,ds1,733e3a04b61eb3b24fadaeb9b9599b37abf3e22fe3bb637931a1e04986c13a26
ds1_img001892_ann001892,ds1_img000968_ann000968,50000,ds1,df71e2a0e976a6a6cdb4a457bd3b176a149b4a153d2bb5977aab3df05219b9c1
ds1_img001907_ann001907,ds1_img000919_ann000919,50000,ds1,f412b692a59729d44d66defc3be59a7ce54113b81f0869c8596216d08d9034de
ds1_img001917_ann001917,ds1_img000497_ann000497,50000,ds1,4e099efb649402853b8fd535080219c0ddfb5133bd53c02221fa07cfe2670b51
ds1_img001927_ann001927,ds1_img000939_ann000939,50000,ds1,518fb5b60f9879c8d3c44f0b665baefa78bf738d1075782ce284da40eeaa1425
ds1_img001942_ann001942,ds1_img000587_ann000587,50000,ds1,4c49fef50118717ad8a5e0c58756f60e85d2cd15ed556e3e04d2e067026d77a8
ds1_img001968_ann001968,ds1_img001474_ann001474,50000,ds1,559c55e68714e659740e1239c00694edabd64b95e915ed155c24a327559b2b94
ds1_img001974_ann001974,ds1_img001186_ann001186,50000,ds1,7350a7f735cd5b00745e9a6f815b909500d5afbd928768532daa534232b74b0c
ds1_img001986_ann001986,ds1_img001447_ann001447,50000,ds1,4a39baa48eaee39cae81c17d751917e2e2496bc06f9758c3623c0ca9a6d39a0b
ds1_img002021_ann002021,ds1_img000803_ann000803,50000,ds1,369e94211f8bd771bc4155ac3cced54083478371e84c8adbbc2eba7dfbb38121
ds1_img002036_ann002036,ds1_img000682_ann000682,50000,ds1,857f64830a83ff8b8e27a6bf927dd1f911fd64a1d04a4e022b38d4f8fba725c7
ds1_img002049_ann002049,ds1_img001190_ann001190,50000,ds1,3d01cd84fb29752b4f1cd0107928f61af4eee6d7e6d85c69b3e19cf94230d15b
ds1_img002050_ann002050,ds1_img001357_ann001357,50000,ds1,5495e2b0e40a1ca662a42db302126b0b943597756c25e68922004b73c9cda837
ds1_img002060_ann002060,ds1_img000786_ann000786,50000,ds1,091f7d2c162fdeeb99976d24b4fbe1d6329b077e249df1ac912cb7231f3e79df
ds1_img002089_ann002089,ds1_img000057_ann000057,50000,ds1,7ae20d5ebe0218275161fa5f3a0ef4e4eea54064b6b894e1e780e5d2198d67b1
ds1_img002108_ann002108,ds1_img001058_ann001058,50000,ds1,2e3ca694be05de048f80a94d65241322935ffe91869f04158b599cc365d44bb1
ds1_img002113_ann002113,ds1_img001725_ann001725,50000,ds1,ce9f02517a692d52e853f8ada7a677714426e3e5b91b9ff544f18d5a96d1686a
ds1_img002134_ann002134,ds1_img001350_ann001350,50000,ds1,0511bc24d821d669835e3ec59675b7ae884b13469aad3fb0d286ae026e7ff976
ds1_img002157_ann002157,ds1_img001609_ann001609,50000,ds1,469b97f1a419c2971e8b1f11a031ce45d37e6c70ae2c262a910962cf5591720b
ds8_img028072_ann029170,ds8_img027904_ann029002,50000,ds8,3a3e22c27c9a7622ee2755c3fc18e2ee10d0047a924e208abc1d487a5f5f8e08
ds8_img028183_ann029281,ds8_img028171_ann029269,50000,ds8,6fbb3352f312a5584f3e2b19362e01e7daab77113a6a5e4cbbf7c349a9ba8229
ds8_img028204_ann029302,ds8_img028016_ann029114,50000,ds8,a0cce9a7b17d3f0d2073e4a7693fcbc926ae61f6f576598039130816cabc55ff
ds8_img028298_ann029396,ds8_img027978_ann029076,50000,ds8,02eb1222796bf29dd8999409a7e7b6a5e0e2423b580364bda6a2b746202af887
ds8_img028376_ann029474,ds8_img028371_ann029469,50000,ds8,d8cb01a2895c2e1f84a5581a7d9b9032bce784cfb9008f09dc93824ae52612af
ds8_img028382_ann029480,ds8_img028223_ann029321,50000,ds8,5afa254cce2531b2ac540ed30c76b6cb4589d63a257ceab6227b863ab46a69e7
ds8_img028384_ann029482,ds8_img027999_ann029097,50000,ds8,8e5f95aec2020b73f4239d8a5db254d370f3b2903372782763456b5db83b3870
ds8_img028430_ann029528,ds8_img028239_ann029337,50000,ds8,dbbc7b4b3d92a88bbd52c9183d41542ed6469572b12c2bab54f3835058e1e684
ds8_img028475_ann029573,ds8_img027837_ann028935,50000,ds8,acf6d4342adecdd6345b0afae43b1b9abd3c5bcab78cdf3a768a017bc8c04b3a
ds8_img028575_ann029673,ds8_img028236_ann029334,50000,ds8,beea3ffd43cbffe1010c4623c047abe5065e49f3365d1159dee7b54393c73d98
ds8_img028589_ann029687,ds8_img028366_ann029464,50000,ds8,fc76ab77495fa596f0d48209de673e743b500d34b9298a0e7060c01140e612ed
ds8_img028605_ann029703,ds8_img028467_ann029565,50000,ds8,06ba39194a0483bb2d5a54ab120b37e389b8f18d35dd13edbec1f2807422ea44
ds8_img028687_ann029785,ds8_img027994_ann029092,50000,ds8,0b177c88a52fd3cb93fdcf8afbf0dd3dac84d5e6ca7a5ee359a16fffc1fa78ee
ds8_img028703_ann029801,ds8_img028626_ann029724,50000,ds8,56bdb3b57492bebc0ef9ef9ce2800b0aac688aef40c5dc172fb8fb9a74b5c9f8
ds8_img028705_ann029803,ds8_img027969_ann029067,50000,ds8,b9d73a51f2fdf5634949a46b3dffd0d874761c8c9dae890f310afbebe433c3ce
ds8_img028714_ann029812,ds8_img028020_ann029118,50000,ds8,5c67f054d00908475210360451e8d02a143a4cfc0fb7bd2abfade4c42d94c92d
ds8_img028771_ann029869,ds8_img027923_ann029021,50000,ds8,4572c23882e39336c94be01cc6e3beb0dad25ac1f7a2b18913ebe98cad6e41ff
ds8_img028799_ann029897,ds8_img028270_ann029368,50000,ds8,7a0a0df3a50ba344a5cc83f9582a8e67ee52660411ce1fcc85f96236050ae2d9
ds8_img028809_ann029907,ds8_img028629_ann029727,50000,ds8,830f70810afefaf8722ddbdd1a4b68f384bfb7f1b086aafa7d89792977e84f6f
ds8_img028821_ann029919,ds8_img028257_ann029355,50000,ds8,dc0c912c894d00053075c2c0f833d2ad952e102a1d634f4937911b663fe3134f
ds8_img028841_ann029939,ds8_img028291_ann029389,50000,ds8,4d18cc971e24d96e1ef09ee67fe90a389fd4a389b18694acd7ef57d95faf2940
ds8_img028846_ann029944,ds8_img028359_ann029457,50000,ds8,a11854bfd77bcd46fc6a4189935d22b838bf9a8d458ccb328e935c7e0275ee91
ds8_img028865_ann029963,ds8_img028791_ann029889,50000,ds8,fb0ae32f6e02498263faa0d97956844b49c4bb18b6c86be8d54958f0b5d5ecd7
ds8_img028869_ann029967,ds8_img028634_ann029732,50000,ds8,9836a1aaf098ef47c60a296285aa894dcc11dd56a500a320a5d30cd426b1eb3f
ds8_img028872_ann029970,ds8_img027926_ann029024,50000,ds8,3a02e6bbd30b7d229f673590ab53fe03b69b683ef81f60e3440e01408bb78ab9
ds8_img028879_ann029977,ds8_img028819_ann029917,50000,ds8,311574563a3ec1d187552e3cd693b8d6d22b58995e09137eaf91d56cfee78a83
ds8_img028890_ann029988,ds8_img027963_ann029061,50000,ds8,d9493425759755412f48cd657c82fa57311d407024c2e2210e6d90dafa952a68
ds8_img028895_ann029993,ds8_img028772_ann029870,50000,ds8,4bd4b0586ba2be567fa21385f2f856d1840eb059a02ea31aaa06cea87b066b94
ds8_img028938_ann030036,ds8_img027918_ann029016,50000,ds8,c470134274cf917a8f1d42b5bd9a80fd9d36efe6a7a9912226bd6d1e2f44dc81
ds8_img028962_ann030060,ds8_img028412_ann029510,50000,ds8,559151fc2f5424ea5f239c760b26bf5e111ac9d6587026859234d84a80ff0222
ds8_img028963_ann030061,ds8_img028097_ann029195,50000,ds8,436301bc242fdf9159421c905f871537ef2bb629ab4eac09d88195507e5e8585
ds8_img028968_ann030066,ds8_img028597_ann029695,50000,ds8,6ec8ecd40a44162421f626b1eea566e35ad28d4377f0d26c3e2e32b8a30605a4
ds8_img028970_ann030068,ds8_img028817_ann029915,50000,ds8,0b44977ee13977640ab7410dfaeb41ed2424f408afbdb27cacdf6c8f69128c21
ds8_img028976_ann030074,ds8_img028412_ann029510,50000,ds8,559151fc2f5424ea5f239c760b26bf5e111ac9d6587026859234d84a80ff0222
ds8_img029033_ann030131,ds8_img027836_ann028934,50000,ds8,83fd7f72716413ebef4b1cb40f7d3878f864c97eb11831618865bce25c8a62e3
ds8_img029053_ann030151,ds8_img028648_ann029746,50000,ds8,8ec0f8595658780c01a97ad379bbbee6b09d06d498cf47a356ebb29593d03935
ds8_img029054_ann030152,ds8_img028442_ann029540,50000,ds8,e719a6d22e09471859b2d9b5ebcf7feb507fee93fa5342391e1eabd8de870c0f
ds8_img029174_ann030272,ds8_img028316_ann029414,50000,ds8,bd4ef272c6223e810a3e5354001a0bcb1f2fcc66c337a5323cda9ee01ad1b70f
ds8_img029257_ann030355,ds8_img027847_ann028945,50000,ds8,1f4df773d9e8ff75cfeeb404c208e158f5fd6e0487491f8e4c78c8fc01d277ef
ds8_img029261_ann030359,ds8_img027992_ann029090,50000,ds8,bde596a6de592635ed7d95426dd789a19867de11d94de380845c17e730752d0e
ds8_img029262_ann030360,ds8_img028749_ann029847,50000,ds8,9be99fcd44a77c851beddc65ad324f83f31dc7751eb6ddde388acb396439be75
ds8_img029279_ann030377,ds8_img028314_ann029412,50000,ds8,f06138b61164cb34d1adadd380441c8c25f7c708d8b2eb689e769d17607a99e9
ds8_img029280_ann030378,ds8_img028169_ann029267,50000,ds8,913e3a959d2eea41a25dfb24b59dd6e55b986f331ab5effdd28ce66917bec10d
ds8_img029285_ann030383,ds8_img027918_ann029016,50000,ds8,c470134274cf917a8f1d42b5bd9a80fd9d36efe6a7a9912226bd6d1e2f44dc81
ds8_img029307_ann030405,ds8_img028930_ann030028,50000,ds8,4b4a6cf2a0d7d2910d66decd3871ce0307ac5be785a324f2fb8a8590a8bea516
ds8_img029365_ann030463,ds8_img029263_ann030361,50000,ds8,fee77a7cb1c611e7fb2513785d0f7b12cda96fb262c6fa6b81ff0d14673a7f53
ds8_img029389_ann030487,ds8_img028619_ann029717,50000,ds8,79042be925e52d8023e21dbffa77f4ccd16e58e89862b592f78db18e8486bc70
ds8_img029393_ann030491,ds8_img028610_ann029708,50000,ds8,df9a02c981460e96c0e98dea7c21fd4aada7363341df9ac133e2507665477438
ds8_img029417_ann030515,ds8_img028021_ann029119,50000,ds8,73a5a5939d226752c55d5c3f6ee3e25185ccb90a2aa5fbde4c7ae39148bd289d
ds8_img029426_ann030524,ds8_img028766_ann029864,50000,ds8,ff692823645f072f3d93b94e1df1e338a5b84568e46124f0160bfafeda9e6d83
ds8_img029434_ann030532,ds8_img029308_ann030406,50000,ds8,0eb46bd807ca96feddb1b68da17f218e50a42eda3addf65e88dcf1f2b90f5977
ds8_img029436_ann030534,ds8_img028410_ann029508,50000,ds8,6908c71b6f8c75ab3fc7aac10e6d5838e3a4085496f6ac01797cbbd061632f21
ds8_img029438_ann030536,ds8_img028610_ann029708,50000,ds8,df9a02c981460e96c0e98dea7c21fd4aada7363341df9ac133e2507665477438
ds8_img029441_ann030539,ds8_img028050_ann029148,50000,ds8,65dcc8ef29b93c2e07b9e2bfc3defcd72130744a48ad12b459151be06e72c593
ds8_img029475_ann030573,ds8_img028105_ann029203,50000,ds8,4580f5df3857df257e27d69008c0381bef8eb5d0b1892eea596193e81cef8499
ds8_img029565_ann030663,ds8_img028779_ann029877,50000,ds8,0069566b943d7d3c5e315c9d391baa371a4ca18fe311ccc4bf2ffaae287e898d
ds8_img029582_ann030680,ds8_img027986_ann029084,50000,ds8,816e15a182ffef05115a979313a0c5673e51488e7f7b79a429ce15b88412d114
ds8_img029583_ann030681,ds8_img028643_ann029741,50000,ds8,b39eac63903043c60616d17eb3fc914071c11b83e6cc26cb3fdcb91bc48aeb54
ds8_img029584_ann030682,ds8_img029388_ann030486,50000,ds8,80edd627ad8df8d4b01f33c8e7d2ac98973ffb892bf557ca190cf8e514e772e5
ds8_img029591_ann030689,ds8_img028874_ann029972,50000,ds8,4b9048bd618160501a3107ac46f46ec509f13ef9aeb1266ee993690dc1048a5d
ds8_img029592_ann030690,ds8_img028652_ann029750,50000,ds8,5f2bcc671bf45cf715f95f0db913fce07339ac9acc809a8eb63181be6df4ede8
ds8_img029593_ann030691,ds8_img028414_ann029512,50000,ds8,69051f64faaad975fd6efe132967c1a73470ffd593d6e68bf75449c2513ce6dc
ds8_img029594_ann030692,ds8_img028933_ann030031,50000,ds8,2822046bcdc3ebdcd52b35db674acfc5884f6efd8d3df82e85b579fff97c2b8d
ds8_img029637_ann030735,ds8_img027874_ann028972,50000,ds8,4a658abb943da38e7dd030ea9c5d43f4ea81c911fab541e53340d07560b01fad
ds8_img029653_ann030751,ds8_img029146_ann030244,50000,ds8,e0a042eeebc6e21ea4673894b7a34a859e5931022d8150f75e6582aa1a0bfade
ds8_img029665_ann030763,ds8_img029435_ann030533,50000,ds8,66699fdda68d75eba1b662f6c4da1bf34a89726d80fe4e254de65ebb3d95063a
ds8_img029670_ann030768,ds8_img029656_ann030754,50000,ds8,68268ca4ecf3b5f4cd84226d5acdf941ce579900abf4253ffea14849b1ba5cde
ds8_img029739_ann030837,ds8_img028550_ann029648,50000,ds8,ae85a34e8f6a6f9fddbf86c5a693558151c1c8e7d0550dfd0afab4c410dc8e2f
ds8_img029740_ann030838,ds8_img029564_ann030662,50000,ds8,dceb829b80f8095ff81b1b7b4b142e91a9d34fbb55a37548d180a2732dda511f
ds8_img029752_ann030850,ds8_img028820_ann029918,50000,ds8,603d8fc8c7b4fa127e4f6a3642c88059050ea2ffc386f37ced8c2165bad7f188
ds8_img029785_ann030883,ds8_img029009_ann030107,50000,ds8,7b2b346dbae5c93cfad0d3e65d760119c439c0d0c2b82a0ed20283ff3b92edc8
ds8_img029801_ann030899,ds8_img028285_ann029383,50000,ds8,cf20a613e591b7f6a4a54cc8bd98fe0b92de3ae33dfc45fc1819df883fc39c13
ds8_img029862_ann030960,ds8_img028192_ann029290,50000,ds8,4ec368a5c2b31be67b2fbf79f6f9fabb0731c8307ccf5e903eff6cddd19f1caa
ds8_img029863_ann030961,ds8_img028802_ann029900,50000,ds8,17d7c715ca4a714f0e35162df90e400a141db4782bb9cfa52ddd3f6eeb2a39d3
ds8_img029943_ann031041,ds8_img029590_ann030688,50000,ds8,31d3707c658abaf041919c5e3f3068fb7f7179f6cb5d950423b1c111e8095c54
ds8_img029944_ann031042,ds8_img028050_ann029148,50000,ds8,65dcc8ef29b93c2e07b9e2bfc3defcd72130744a48ad12b459151be06e72c593
ds8_img029951_ann031049,ds8_img028226_ann029324,50000,ds8,7476470fd6ea4acd633efc7224418c40a9c58f64cd7d61905dc1bb967fea95ce
ds8_img030097_ann031195,ds8_img027862_ann028960,50000,ds8,b13439e7f7885ee8a8da73368db451e9ff88101280aea9f93d70be75b687ddb1
ds8_img030119_ann031217,ds8_img027874_ann028972,50000,ds8,4a658abb943da38e7dd030ea9c5d43f4ea81c911fab541e53340d07560b01fad
ds9_img038622_ann038561,ds9_img032464_ann033284,50000,ds9,a37263656cc17dc42fc3e520e0a53942a1771142db25d0b77f7b17e839936b2e
