sample_id,label,source_id,file_path,group_id,emission_year,side,condition,object_group,brightness_proxy,orientation_proxy,scale_proxy,luminance_mean,aspect_ratio,relative_area,reviewed
ds1_img000166_ann000166,1000,ds1,02_extracted/uang/1000/ds1_img000166_ann000166.png,ds1_img000166,2016,front,terlipat,not_applicable,medium,horizontal,medium,141.6241912841797,3.77140169332079,0.45492235003757603,True
ds10_img003382_ann003381,1000,ds10,02_extracted/uang/1000/ds10_img003382_ann003381.png,ds10_img003382,2022,back,lusuh,not_applicable,low,vertical,low,111.77197265625,0.567910929130325,0.3701418685121107,True
ds2_img004374_ann004370,1000,ds2,02_extracted/uang/1000/ds2_img004374_ann004370.png,ds2_img004374,2022,front,normal,not_applicable,medium,horizontal,low,141.93336486816406,1.7470238095238095,0.21401041666666668,True
ds4_img010716_ann012057,1000,ds4,02_extracted/uang/1000/ds4_img010716_ann012057.png,ds4_img010716,2016,front,lusuh,not_applicable,low,horizontal,high,100.0295181274414,1.4872914381884523,0.6230490284000318,True
ds5_img020757_ann021846,1000,ds5,02_extracted/uang/1000/ds5_img020757_ann021846.png,ds5_img020757,2022,front,normal,not_applicable,medium,diagonal_or_square,low,124.56889343261719,0.8180776459792389,0.3681931625756836,True
ds6_img024592_ann025684,1000,ds6,02_extracted/uang/1000/ds6_img024592_ann025684.png,ds6_img024592,2022,front,terlipat,not_applicable,high,diagonal_or_square,high,157.65817260742188,0.9448320442937262,0.7937918749999999,True
ds7_img027297_ann028395,1000,ds7,02_extracted/uang/1000/ds7_img027297_ann028395.png,ds7_img027297,unknown,unknown,lusuh,not_applicable,high,diagonal_or_square,high,164.9591522216797,0.9588335650195879,0.9380923320312501,True
ds8_img028348_ann029446,1000,ds8,02_extracted/uang/1000/ds8_img028348_ann029446.png,ds8_img028348,2022,front,normal,not_applicable,high,diagonal_or_square,high,183.26051330566406,0.9595613433858807,0.797890625,True
ds9_img034098_ann034681,1000,ds9,02_extracted/uang/1000/ds9_img034098_ann034681.png,ds9_img034098,2022,front,lusuh,not_applicable,high,horizontal,medium,189.3260955810547,1.7897196261682242,0.450230712890625,True
ds1_img000618_ann000618,1000,ds1,02_extracted/uang/1000/ds1_img000618_ann000618.png,ds1_img000618,2022,back,normal,not_applicable,high,horizontal,medium,154.55694580078125,1.8342105263157895,0.4490492078993056,True
ds10_img002509_ann002509,1000,ds10,02_extracted/uang/1000/ds10_img002509_ann002509.png,ds10_img002509,2022,back,lusuh,not_applicable,medium,vertical,low,121.97566986083984,0.5978847649674356,0.31978485438292964,True
ds2_img003876_ann003872,1000,ds2,02_extracted/uang/1000/ds2_img003876_ann003872.png,ds2_img003876,2022,front,normal,not_applicable,medium,horizontal,low,140.15513610839844,1.8203389830508474,0.17189127604166668,True
ds4_img006037_ann007519,1000,ds4,02_extracted/uang/1000/ds4_img006037_ann007519.png,ds4_img006037,2022,front,lusuh,not_applicable,high,vertical,medium,169.87625122070312,0.6482987705012572,0.6070401409040178,True
ds5_img021306_ann022395,1000,ds5,02_extracted/uang/1000/ds5_img021306_ann022395.png,ds5_img021306,2022,back,lusuh,not_applicable,high,diagonal_or_square,low,157.83975219726562,1.1547750911792516,0.13905783632812502,True
ds6_img024165_ann025257,1000,ds6,02_extracted/uang/1000/ds6_img024165_ann025257.png,ds6_img024165,2022,back,normal,not_applicable,high,vertical,low,178.58802795410156,0.5550708833151581,0.3798445638020833,True
ds7_img027579_ann028677,1000,ds7,02_extracted/uang/1000/ds7_img027579_ann028677.png,ds7_img027579,unknown,unknown,lusuh,not_applicable,low,diagonal_or_square,high,111.97785949707031,1.052956298200514,0.76244,True
ds8_img029964_ann031062,1000,ds8,02_extracted/uang/1000/ds8_img029964_ann031062.png,ds8_img029964,2022,front,normal,not_applicable,high,vertical,medium,161.98092651367188,0.7888680355494455,0.5948079765625,True
ds9_img035303_ann035699,1000,ds9,02_extracted/uang/1000/ds9_img035303_ann035699.png,ds9_img035303,2016,back,lusuh,not_applicable,low,horizontal,low,112.15404510498047,2.096045197740113,0.3607196044921875,True
ds1_img000250_ann000250,1000,ds1,02_extracted/uang/1000/ds1_img000250_ann000250.png,ds1_img000250,2016,back,terlipat,not_applicable,low,horizontal,low,78.3647232055664,4.045234248788368,0.16545996447359432,True
ds10_img003649_ann003645,1000,ds10,02_extracted/uang/1000/ds10_img003649_ann003645.png,ds10_img003649,2022,front,normal,not_applicable,low,horizontal,low,106.2474136352539,1.7376560129527403,0.342536066256568,True
ds2_img004267_ann004262,1000,ds2,02_extracted/uang/1000/ds2_img004267_ann004262.png,ds2_img004267,2022,back,normal,not_applicable,low,horizontal,low,117.13174438476562,1.8390410958904109,0.17014322916666666,True
ds4_img011338_ann012625,1000,ds4,02_extracted/uang/1000/ds4_img011338_ann012625.png,ds4_img011338,2022,back,lusuh,not_applicable,high,horizontal,high,158.9457550048828,1.333695483470433,0.7459051443718113,True
ds5_img019538_ann020627,1000,ds5,02_extracted/uang/1000/ds5_img019538_ann020627.png,ds5_img019538,2022,back,normal,not_applicable,low,diagonal_or_square,medium,99.57850646972656,1.1939359116256163,0.4157543906103516,True
ds6_img025720_ann026818,1000,ds6,02_extracted/uang/1000/ds6_img025720_ann026818.png,ds6_img025720,2022,back,normal,not_applicable,medium,vertical,medium,134.44007873535156,0.600543388249903,0.52710069114375,True
ds7_img026289_ann027387,1000,ds7,02_extracted/uang/1000/ds7_img026289_ann027387.png,ds7_img026289,unknown,unknown,lusuh,not_applicable,high,diagonal_or_square,high,158.82289123535156,1.063745908955668,0.7510259531250001,True
ds8_img028900_ann029998,1000,ds8,02_extracted/uang/1000/ds8_img028900_ann029998.png,ds8_img028900,2022,front,terlipat,not_applicable,medium,vertical,high,138.60618591308594,0.76,0.76,True
ds9_img030876_ann031929,1000,ds9,02_extracted/uang/1000/ds9_img030876_ann031929.png,ds9_img030876,2022,front,lusuh,not_applicable,high,horizontal,medium,184.1265869140625,1.8504672897196262,0.4655126953125,True
ds1_img000308_ann000308,1000,ds1,02_extracted/uang/1000/ds1_img000308_ann000308.png,ds1_img000308,2016,back,terlipat,not_applicable,low,horizontal,low,80.44889831542969,4.047770700636943,0.16915808783637154,True
ds10_img002725_ann002725,1000,ds10,02_extracted/uang/1000/ds10_img002725_ann002725.png,ds10_img002725,2022,front,normal,not_applicable,low,horizontal,low,112.47418975830078,1.8565605714066673,0.3643346757657311,True
ds2_img003889_ann003885,1000,ds2,02_extracted/uang/1000/ds2_img003889_ann003885.png,ds2_img003889,2022,front,normal,not_applicable,medium,horizontal,low,148.80337524414062,2.0911458333333335,0.33458333333333334,True
ds4_img011498_ann012779,1000,ds4,02_extracted/uang/1000/ds4_img011498_ann012779.png,ds4_img011498,2022,front,lusuh,not_applicable,high,horizontal,high,153.2740478515625,1.3566124446636982,0.6416944321189413,True
ds5_img016496_ann017585,1000,ds5,02_extracted/uang/1000/ds5_img016496_ann017585.png,ds5_img016496,2022,back,normal,not_applicable,high,vertical,low,176.88014221191406,0.7322936746090102,0.28973691714843747,True
ds6_img024815_ann025907,1000,ds6,02_extracted/uang/1000/ds6_img024815_ann025907.png,ds6_img024815,2022,front,terlipat,not_applicable,high,diagonal_or_square,high,184.209228515625,0.8026079738667095,0.9328969375,True
ds7_img026170_ann027268,1000,ds7,02_extracted/uang/1000/ds7_img026170_ann027268.png,ds7_img026170,unknown,unknown,lusuh,not_applicable,low,diagonal_or_square,high,60.05571365356445,0.9374495430619693,0.877902353515625,True
ds8_img028054_ann029152,1000,ds8,02_extracted/uang/1000/ds8_img028054_ann029152.png,ds8_img028054,2022,front,terlipat,not_applicable,medium,diagonal_or_square,high,144.9974822998047,1.0,1.0,True
ds9_img038237_ann038221,1000,ds9,02_extracted/uang/1000/ds9_img038237_ann038221.png,ds9_img038237,2022,front,lusuh,not_applicable,high,horizontal,medium,177.84239196777344,1.696629213483146,0.5249609375,True
ds1_img000265_ann000265,1000,ds1,02_extracted/uang/1000/ds1_img000265_ann000265.png,ds1_img000265,2016,back,terlipat,not_applicable,medium,horizontal,medium,146.15077209472656,3.798095238095238,0.44371287027994794,True
ds10_img003555_ann003552,1000,ds10,02_extracted/uang/1000/ds10_img003555_ann003552.png,ds10_img003555,2022,front,terlipat,not_applicable,low,diagonal_or_square,medium,101.9866943359375,1.0371899154222817,0.5072912101114956,True
ds2_img004640_ann004637,1000,ds2,02_extracted/uang/1000/ds2_img004640_ann004637.png,ds2_img004640,2022,front,normal,not_applicable,medium,horizontal,low,140.71951293945312,1.8571428571428572,0.1741796875,True
ds4_img006836_ann008315,1000,ds4,02_extracted/uang/1000/ds4_img006836_ann008315.png,ds4_img006836,2016,front,lusuh,not_applicable,low,vertical,high,112.90650939941406,0.6946068510606401,0.6307536313775509,True
ds5_img016793_ann017882,1000,ds5,02_extracted/uang/1000/ds5_img016793_ann017882.png,ds5_img016793,2022,back,normal,not_applicable,medium,diagonal_or_square,medium,141.9617156982422,0.9306865138715648,0.5851621143896485,True
ds6_img023766_ann024858,1000,ds6,02_extracted/uang/1000/ds6_img023766_ann024858.png,ds6_img023766,2022,front,normal,not_applicable,medium,vertical,low,147.92913818359375,0.5268064930468495,0.33487189296354164,True
ds7_img027120_ann028218,1000,ds7,02_extracted/uang/1000/ds7_img027120_ann028218.png,ds7_img027120,unknown,unknown,lusuh,not_applicable,medium,diagonal_or_square,high,127.92388153076172,0.8363415647062582,0.8003052148437501,True
ds8_img029553_ann030651,1000,ds8,02_extracted/uang/1000/ds8_img029553_ann030651.png,ds8_img029553,2022,front,normal,not_applicable,high,horizontal,high,195.10574340820312,1.353637901861252,0.73875,True
ds9_img036309_ann036577,1000,ds9,02_extracted/uang/1000/ds9_img036309_ann036577.png,ds9_img036309,2016,front,lusuh,not_applicable,low,horizontal,medium,112.77750396728516,2.0367132867132867,0.40672607421875,True
ds1_img000216_ann000216,1000,ds1,02_extracted/uang/1000/ds1_img000216_ann000216.png,ds1_img000216,2022,back,normal,not_applicable,medium,horizontal,high,147.6624298095703,1.8296703296703296,0.924774169921875,True
ds10_img003040_ann003039,1000,ds10,02_extracted/uang/1000/ds10_img003040_ann003039.png,ds10_img003040,2022,unknown,terlipat,not_applicable,high,vertical,low,156.64320373535156,0.6804374240583233,0.31045758041778804,True
ds2_img004518_ann004514,1000,ds2,02_extracted/uang/1000/ds2_img004518_ann004514.png,ds2_img004518,2022,front,normal,not_applicable,medium,horizontal,low,145.6547393798828,1.4038461538461537,0.26361111111111113,True
ds4_img007269_ann008747,1000,ds4,02_extracted/uang/1000/ds4_img007269_ann008747.png,ds4_img007269,2016,front,lusuh,not_applicable,low,horizontal,medium,120.56139373779297,1.8644859813084111,0.42543247767857145,True
ds5_img019446_ann020535,1000,ds5,02_extracted/uang/1000/ds5_img019446_ann020535.png,ds5_img019446,2022,front,normal,not_applicable,low,diagonal_or_square,high,84.72882080078125,1.1359491642538904,0.6173106581933593,True
ds6_img025751_ann026849,1000,ds6,02_extracted/uang/1000/ds6_img025751_ann026849.png,ds6_img025751,2022,front,terlipat,not_applicable,medium,horizontal,high,141.64178466796875,1.2734125,0.955059375,True
ds7_img027093_ann028191,1000,ds7,02_extracted/uang/1000/ds7_img027093_ann028191.png,ds7_img027093,unknown,unknown,lusuh,not_applicable,low,diagonal_or_square,high,120.15483856201172,0.8937524353812184,0.827762796875,True
ds8_img028320_ann029418,1000,ds8,02_extracted/uang/1000/ds8_img028320_ann029418.png,ds8_img028320,2022,back,normal,not_applicable,medium,diagonal_or_square,medium,139.482666015625,0.8505753373313343,0.5912681425781251,True
ds9_img037825_ann037873,1000,ds9,02_extracted/uang/1000/ds9_img037825_ann037873.png,ds9_img037825,2016,front,lusuh,not_applicable,low,horizontal,medium,111.03850555419922,2.037102473498233,0.398314208984375,True
ds1_img000896_ann000896,1000,ds1,02_extracted/uang/1000/ds1_img000896_ann000896.png,ds1_img000896,2022,back,normal,not_applicable,high,horizontal,medium,159.25865173339844,1.8495212038303694,0.48755836026884203,True
ds10_img003648_ann003644,1000,ds10,02_extracted/uang/1000/ds10_img003648_ann003644.png,ds10_img003648,2016,back,lusuh,not_applicable,low,horizontal,low,65.04386901855469,1.765070566354254,0.3826921568627451,True
ds2_img004106_ann004101,1000,ds2,02_extracted/uang/1000/ds2_img004106_ann004101.png,ds2_img004106,2022,back,normal,not_applicable,low,diagonal_or_square,low,121.345947265625,1.2317073170731707,0.323515625,True
ds4_img006974_ann008452,1000,ds4,02_extracted/uang/1000/ds4_img006974_ann008452.png,ds4_img006974,2016,back,lusuh,not_applicable,low,horizontal,medium,110.55425262451172,2.0248756218905473,0.40760024713010207,True
ds5_img017457_ann018546,1000,ds5,02_extracted/uang/1000/ds5_img017457_ann018546.png,ds5_img017457,2022,front,normal,not_applicable,low,horizontal,medium,100.07286071777344,1.6414675746034189,0.6092109375,True
ds6_img023005_ann024097,1000,ds6,02_extracted/uang/1000/ds6_img023005_ann024097.png,ds6_img023005,2022,front,lusuh,not_applicable,medium,horizontal,high,130.28189086914062,1.562210005532385,0.7905044016590118,True
ds7_img027221_ann028319,1000,ds7,02_extracted/uang/1000/ds7_img027221_ann028319.png,ds7_img027221,unknown,unknown,lusuh,not_applicable,high,diagonal_or_square,high,153.77108764648438,1.1999835607430545,0.6937946640625,True
ds8_img028022_ann029120,1000,ds8,02_extracted/uang/1000/ds8_img028022_ann029120.png,ds8_img028022,2022,back,normal,not_applicable,high,horizontal,high,161.72174072265625,1.2770935852372582,0.646051712890625,True
ds9_img032755_ann033544,1000,ds9,02_extracted/uang/1000/ds9_img032755_ann033544.png,ds9_img032755,2022,back,lusuh,not_applicable,medium,horizontal,medium,149.2058868408203,1.7877358490566038,0.44136474609375,True
ds1_img000801_ann000801,1000,ds1,02_extracted/uang/1000/ds1_img000801_ann000801.png,ds1_img000801,2016,back,terlipat,not_applicable,low,horizontal,low,78.34451293945312,4.009677419354839,0.16683552415094993,True
ds10_img002356_ann002356,1000,ds10,02_extracted/uang/1000/ds10_img002356_ann002356.png,ds10_img002356,2022,back,normal,not_applicable,low,horizontal,low,93.69622039794922,1.8192594119617596,0.3511180571575035,True
ds2_img004047_ann004042,1000,ds2,02_extracted/uang/1000/ds2_img004047_ann004042.png,ds2_img004047,2022,front,normal,not_applicable,medium,horizontal,low,146.5577392578125,2.6872037914691944,0.129814453125,True
ds4_img007179_ann008657,1000,ds4,02_extracted/uang/1000/ds4_img007179_ann008657.png,ds4_img007179,2022,front,lusuh,not_applicable,high,vertical,high,167.16583251953125,0.7372893129394682,0.7316322943638393,True
ds5_img014346_ann015435,1000,ds5,02_extracted/uang/1000/ds5_img014346_ann015435.png,ds5_img014346,2022,back,normal,not_applicable,low,diagonal_or_square,medium,110.7260971069336,1.044060307388109,0.40073419419921874,True
ds6_img023473_ann024565,1000,ds6,02_extracted/uang/1000/ds6_img023473_ann024565.png,ds6_img023473,2022,front,lusuh,not_applicable,high,diagonal_or_square,low,156.1640625,1.2245478879092695,0.06654071922634548,True
ds7_img026692_ann027790,1000,ds7,02_extracted/uang/1000/ds7_img026692_ann027790.png,ds7_img026692,unknown,unknown,lusuh,not_applicable,low,vertical,high,62.816524505615234,0.7628241529434033,0.7484937890625,True
ds8_img030040_ann031138,1000,ds8,02_extracted/uang/1000/ds8_img030040_ann031138.png,ds8_img030040,2022,front,terlipat,not_applicable,high,diagonal_or_square,high,163.00030517578125,1.0,1.0,True
ds9_img038862_ann038779,1000,ds9,02_extracted/uang/1000/ds9_img038862_ann038779.png,ds9_img038862,2022,back,lusuh,not_applicable,high,vertical,high,163.88992309570312,0.7278481012658228,0.709765625,True
ds1_img000428_ann000428,1000,ds1,02_extracted/uang/1000/ds1_img000428_ann000428.png,ds1_img000428,2022,front,normal,not_applicable,medium,horizontal,high,148.0623321533203,1.847985347985348,0.9340311686197916,True
ds10_img003366_ann003365,1000,ds10,02_extracted/uang/1000/ds10_img003366_ann003365.png,ds10_img003366,2022,front,terlipat,not_applicable,medium,vertical,low,136.2089385986328,0.7018131724933915,0.25953717800845827,True
ds2_img004274_ann004269,1000,ds2,02_extracted/uang/1000/ds2_img004274_ann004269.png,ds2_img004274,2022,back,normal,not_applicable,medium,horizontal,low,124.08751678466797,1.8181818181818181,0.16137152777777777,True
ds4_img013715_ann014927,1000,ds4,02_extracted/uang/1000/ds4_img013715_ann014927.png,ds4_img013715,2022,front,lusuh,not_applicable,high,horizontal,medium,189.25808715820312,1.837837837837838,0.4512914540816326,True
ds5_img018586_ann019675,1000,ds5,02_extracted/uang/1000/ds5_img018586_ann019675.png,ds5_img018586,2022,back,normal,not_applicable,high,horizontal,low,177.20657348632812,1.3867444219993967,0.04052237974121094,True
ds6_img023414_ann024506,1000,ds6,02_extracted/uang/1000/ds6_img023414_ann024506.png,ds6_img023414,2022,back,terlipat,not_applicable,medium,diagonal_or_square,medium,133.4996795654297,0.8945349952061361,0.5068328125,True
ds7_img026261_ann027359,1000,ds7,02_extracted/uang/1000/ds7_img026261_ann027359.png,ds7_img026261,unknown,unknown,lusuh,not_applicable,low,diagonal_or_square,high,20.347347259521484,1.0756728546932082,0.7559482968750001,True
ds8_img030285_ann031383,1000,ds8,02_extracted/uang/1000/ds8_img030285_ann031383.png,ds8_img030285,2022,front,terlipat,not_applicable,high,diagonal_or_square,high,155.52366638183594,1.0,1.0,True
ds9_img035255_ann035659,1000,ds9,02_extracted/uang/1000/ds9_img035255_ann035659.png,ds9_img035255,2022,front,lusuh,not_applicable,medium,horizontal,medium,148.90701293945312,1.8667736757624398,0.4422296142578125,True
ds1_img001547_ann001547,1000,ds1,02_extracted/uang/1000/ds1_img001547_ann001547.png,ds1_img001547,2022,back,normal,not_applicable,high,horizontal,medium,159.25564575195312,1.8495212038303694,0.4189012315538194,True
ds10_img003608_ann003604,1000,ds10,02_extracted/uang/1000/ds10_img003608_ann003604.png,ds10_img003608,2022,front,normal,not_applicable,medium,horizontal,medium,133.60987854003906,1.6761904761904762,0.3908652921953095,True
ds2_img004574_ann004570,1000,ds2,02_extracted/uang/1000/ds2_img004574_ann004570.png,ds2_img004574,2022,front,normal,not_applicable,medium,horizontal,low,144.8645782470703,1.8668478260869565,0.2743229166666667,True
ds4_img007947_ann009412,1000,ds4,02_extracted/uang/1000/ds4_img007947_ann009412.png,ds4_img007947,2016,back,lusuh,not_applicable,high,horizontal,low,172.99618530273438,2.0423280423280423,0.36349051339285715,True
ds5_img018495_ann019584,1000,ds5,02_extracted/uang/1000/ds5_img018495_ann019584.png,ds5_img018495,2022,front,normal,not_applicable,low,diagonal_or_square,medium,107.64347076416016,0.9752266234708415,0.42081745204101556,True
ds6_img024593_ann025685,1000,ds6,02_extracted/uang/1000/ds6_img024593_ann025685.png,ds6_img024593,2022,back,normal,not_applicable,high,horizontal,medium,176.1294403076172,1.7973231357552581,0.40008138020833334,True
ds7_img026898_ann027996,1000,ds7,02_extracted/uang/1000/ds7_img026898_ann027996.png,ds7_img026898,unknown,unknown,lusuh,not_applicable,low,diagonal_or_square,high,81.9156265258789,1.0678471128159461,0.8890277753906249,True
ds8_img030473_ann031571,1000,ds8,02_extracted/uang/1000/ds8_img030473_ann031571.png,ds8_img030473,2022,front,normal,not_applicable,high,vertical,high,175.77914428710938,0.6974625894599871,0.64361875,True
ds9_img038659_ann038593,1000,ds9,02_extracted/uang/1000/ds9_img038659_ann038593.png,ds9_img038659,2016,back,lusuh,not_applicable,low,horizontal,medium,118.82569885253906,1.8991735537190082,0.4242828369140625,True
ds1_img000170_ann000170,1000,ds1,02_extracted/uang/1000/ds1_img000170_ann000170.png,ds1_img000170,2022,front,normal,not_applicable,medium,horizontal,low,139.366455078125,1.8538732394366197,0.253509521484375,True
ds10_img002192_ann002192,1000,ds10,02_extracted/uang/1000/ds10_img002192_ann002192.png,ds10_img002192,2022,back,lusuh,not_applicable,medium,horizontal,low,125.6839828491211,1.6918818159861777,0.3533538094322696,True
ds2_img004539_ann004535,1000,ds2,02_extracted/uang/1000/ds2_img004539_ann004535.png,ds2_img004539,2022,front,normal,not_applicable,medium,horizontal,low,144.79721069335938,1.6109660574412532,0.2564138454861111,True
ds4_img007215_ann008693,1000,ds4,02_extracted/uang/1000/ds4_img007215_ann008693.png,ds4_img007215,2016,front,lusuh,not_applicable,low,horizontal,medium,92.03236389160156,1.5375867063038342,0.5274059717793368,True
ds5_img020090_ann021179,1000,ds5,02_extracted/uang/1000/ds5_img020090_ann021179.png,ds5_img020090,2022,front,normal,not_applicable,low,horizontal,medium,103.6668930053711,1.3418928368675092,0.5518449022485351,True
ds6_img023423_ann024515,1000,ds6,02_extracted/uang/1000/ds6_img023423_ann024515.png,ds6_img023423,2022,back,terlipat,not_applicable,medium,diagonal_or_square,high,146.61300659179688,0.8689716666666667,0.6517287500000001,True
ds7_img027337_ann028435,1000,ds7,02_extracted/uang/1000/ds7_img027337_ann028435.png,ds7_img027337,unknown,unknown,lusuh,not_applicable,low,diagonal_or_square,high,36.6233024597168,1.0554517357866744,0.798068158203125,True
ds8_img029414_ann030512,1000,ds8,02_extracted/uang/1000/ds8_img029414_ann030512.png,ds8_img029414,2022,front,terlipat,not_applicable,medium,diagonal_or_square,high,152.7398681640625,1.011804917688089,0.9883328124999999,True
ds9_img038373_ann038340,1000,ds9,02_extracted/uang/1000/ds9_img038373_ann038340.png,ds9_img038373,2022,front,lusuh,not_applicable,high,horizontal,medium,189.30487060546875,1.7928348909657321,0.451014404296875,True
ds1_img000819_ann000819,1000,ds1,02_extracted/uang/1000/ds1_img000819_ann000819.png,ds1_img000819,2022,front,normal,not_applicable,high,horizontal,medium,153.60455322265625,1.824607329842932,0.4514126247829861,True
ds1_img001499_ann001499,2000,ds1,02_extracted/uang/2000/ds1_img001499_ann001499.png,ds1_img001499,2022,back,normal,not_applicable,high,horizontal,medium,163.23895263671875,1.8955223880597014,0.4363967047797309,True
ds10_img003296_ann003295,2000,ds10,02_extracted/uang/2000/ds10_img003296_ann003295.png,ds10_img003296,2022,front,normal,not_applicable,high,horizontal,low,169.08277893066406,1.8636363636363635,0.18494569895859578,True
ds4_img008242_ann009704,2000,ds4,02_extracted/uang/2000/ds4_img008242_ann009704.png,ds4_img008242,2016,front,lusuh,not_applicable,low,horizontal,medium,119.91625213623047,2.0240384615384617,0.43630420918367346,True
ds5_img020601_ann021690,2000,ds5,02_extracted/uang/2000/ds5_img020601_ann021690.png,ds5_img020601,2022,back,lusuh,not_applicable,high,horizontal,low,157.57769775390625,1.4629218649712767,0.3502692985327148,True
ds6_img024841_ann025933,2000,ds6,02_extracted/uang/2000/ds6_img024841_ann025933.png,ds6_img024841,2022,back,lusuh,not_applicable,medium,horizontal,low,145.2340087890625,1.250730247930543,0.05313934676215277,True
ds7_img026738_ann027836,2000,ds7,02_extracted/uang/2000/ds7_img026738_ann027836.png,ds7_img026738,unknown,unknown,lusuh,not_applicable,low,diagonal_or_square,high,97.27833557128906,0.982660572863971,0.788400447265625,True
ds8_img030237_ann031335,2000,ds8,02_extracted/uang/2000/ds8_img030237_ann031335.png,ds8_img030237,2022,front,terlipat,not_applicable,high,diagonal_or_square,high,157.23013305664062,0.9483328125,0.9483328125,True
ds9_img032878_ann033643,2000,ds9,02_extracted/uang/2000/ds9_img032878_ann033643.png,ds9_img032878,2022,back,lusuh,not_applicable,medium,horizontal,medium,150.1664276123047,2.013961605584642,0.403590087890625,True
ds1_img001606_ann001606,2000,ds1,02_extracted/uang/2000/ds1_img001606_ann001606.png,ds1_img001606,2022,front,normal,not_applicable,medium,horizontal,high,146.90243530273438,1.900763358778626,0.8848470052083334,True
ds10_img002423_ann002423,2000,ds10,02_extracted/uang/2000/ds10_img002423_ann002423.png,ds10_img002423,2022,front,terlipat,not_applicable,low,diagonal_or_square,low,41.335289001464844,1.2189349112426036,0.28552991412614426,True
ds4_img010456_ann011817,2000,ds4,02_extracted/uang/2000/ds4_img010456_ann011817.png,ds4_img010456,2016,front,lusuh,not_applicable,low,vertical,medium,81.72428894042969,0.5376674438371646,0.47523187972337366,True
ds5_img020705_ann021794,2000,ds5,02_extracted/uang/2000/ds5_img020705_ann021794.png,ds5_img020705,2022,front,normal,not_applicable,low,horizontal,low,125.9104995727539,1.3900744799907383,0.14584565203125,True
ds6_img023041_ann024133,2000,ds6,02_extracted/uang/2000/ds6_img023041_ann024133.png,ds6_img023041,2022,front,normal,not_applicable,low,diagonal_or_square,low,125.47854614257812,0.9002436790099317,0.2619473711242676,True
ds7_img026153_ann027251,2000,ds7,02_extracted/uang/2000/ds7_img026153_ann027251.png,ds7_img026153,unknown,unknown,lusuh,not_applicable,high,diagonal_or_square,high,174.60752868652344,0.9635955945393392,0.86541637890625,True
ds8_img028717_ann029815,2000,ds8,02_extracted/uang/2000/ds8_img028717_ann029815.png,ds8_img028717,2022,back,normal,not_applicable,high,vertical,high,157.62567138671875,0.7424999999999999,0.7425,True
ds9_img038298_ann038276,2000,ds9,02_extracted/uang/2000/ds9_img038298_ann038276.png,ds9_img038298,2022,back,lusuh,not_applicable,high,vertical,medium,179.50540161132812,0.5223367697594502,0.431953125,True
ds1_img000071_ann000071,2000,ds1,02_extracted/uang/2000/ds1_img000071_ann000071.png,ds1_img000071,2022,front,normal,not_applicable,high,horizontal,medium,155.5603790283203,1.8611111111111112,0.49481201171875,True
ds10_img003332_ann003331,2000,ds10,02_extracted/uang/2000/ds10_img003332_ann003331.png,ds10_img003332,2022,front,terlipat,not_applicable,low,diagonal_or_square,low,22.036706924438477,0.8016528925619835,0.09626198087259595,True
ds4_img005881_ann007363,2000,ds4,02_extracted/uang/2000/ds4_img005881_ann007363.png,ds4_img005881,2016,back,lusuh,not_applicable,medium,vertical,high,133.64035034179688,0.6318039833526095,0.6073043156489157,True
ds5_img018993_ann020082,2000,ds5,02_extracted/uang/2000/ds5_img018993_ann020082.png,ds5_img018993,2022,front,normal,not_applicable,low,diagonal_or_square,medium,111.09693145751953,1.1800791821188734,0.45885041425781253,True
ds6_img024951_ann026043,2000,ds6,02_extracted/uang/2000/ds6_img024951_ann026043.png,ds6_img024951,2022,front,normal,not_applicable,high,diagonal_or_square,high,161.17018127441406,0.948152089261067,0.6727515151359375,True
ds7_img026490_ann027588,2000,ds7,02_extracted/uang/2000/ds7_img026490_ann027588.png,ds7_img026490,unknown,unknown,lusuh,not_applicable,high,diagonal_or_square,high,155.6894989013672,1.0395666509656147,0.89682651953125,True
ds8_img030233_ann031331,2000,ds8,02_extracted/uang/2000/ds8_img030233_ann031331.png,ds8_img030233,2022,front,terlipat,not_applicable,medium,diagonal_or_square,high,134.36331176757812,0.9199999999999999,0.92,True
ds9_img038633_ann038572,2000,ds9,02_extracted/uang/2000/ds9_img038633_ann038572.png,ds9_img038633,unknown,unknown,lusuh,not_applicable,medium,horizontal,low,130.56735229492188,2.2598425196850394,0.355947265625,True
ds1_img000617_ann000617,2000,ds1,02_extracted/uang/2000/ds1_img000617_ann000617.png,ds1_img000617,2022,back,normal,not_applicable,medium,horizontal,medium,147.0355682373047,1.8364312267657992,0.5639620420773871,True
ds10_img002932_ann002931,2000,ds10,02_extracted/uang/2000/ds10_img002932_ann002931.png,ds10_img002932,2022,back,terlipat,not_applicable,medium,diagonal_or_square,low,126.63450622558594,0.9349112426035503,0.21899867199966405,True
ds4_img011174_ann012463,2000,ds4,02_extracted/uang/2000/ds4_img011174_ann012463.png,ds4_img011174,2016,front,lusuh,not_applicable,low,horizontal,low,100.10543060302734,2.2596685082872927,0.3688466597576531,True
ds5_img014870_ann015959,2000,ds5,02_extracted/uang/2000/ds5_img014870_ann015959.png,ds5_img014870,2022,front,normal,not_applicable,medium,vertical,low,134.9807891845703,0.6410146063777206,0.3447978434765625,True
ds6_img025850_ann026948,2000,ds6,02_extracted/uang/2000/ds6_img025850_ann026948.png,ds6_img025850,2016,front,normal,not_applicable,medium,horizontal,low,153.48452758789062,2.770266608049431,0.24864108072916669,True
ds7_img026760_ann027858,2000,ds7,02_extracted/uang/2000/ds7_img026760_ann027858.png,ds7_img026760,unknown,unknown,lusuh,not_applicable,low,diagonal_or_square,high,98.65094757080078,0.9317357717168533,0.915213134765625,True
ds8_img030225_ann031323,2000,ds8,02_extracted/uang/2000/ds8_img030225_ann031323.png,ds8_img030225,2022,back,terlipat,not_applicable,high,horizontal,high,158.2580108642578,1.415929203539823,0.70625,True
ds9_img033960_ann034568,2000,ds9,02_extracted/uang/2000/ds9_img033960_ann034568.png,ds9_img033960,unknown,unknown,lusuh,not_applicable,low,vertical,medium,108.71765899658203,0.45819397993311034,0.400029296875,True
ds1_img000293_ann000293,2000,ds1,02_extracted/uang/2000/ds1_img000293_ann000293.png,ds1_img000293,2022,front,normal,not_applicable,medium,horizontal,medium,144.52223205566406,1.8836317135549872,0.48823293050130206,True
ds10_img002598_ann002598,2000,ds10,02_extracted/uang/2000/ds10_img002598_ann002598.png,ds10_img002598,2022,front,normal,not_applicable,medium,horizontal,low,147.02603149414062,3.364705882352941,0.19938048521877888,True
ds4_img010334_ann011735,2000,ds4,02_extracted/uang/2000/ds4_img010334_ann011735.png,ds4_img010334,2022,front,normal,not_applicable,high,horizontal,medium,180.74298095703125,1.7629075298758559,0.511567951171875,True
ds5_img020530_ann021619,2000,ds5,02_extracted/uang/2000/ds5_img020530_ann021619.png,ds5_img020530,2022,front,normal,not_applicable,medium,vertical,medium,144.909423828125,0.6549490010178443,0.5049831548730469,True
ds6_img023336_ann024428,2000,ds6,02_extracted/uang/2000/ds6_img023336_ann024428.png,ds6_img023336,2022,front,terlipat,not_applicable,medium,diagonal_or_square,low,134.82852172851562,1.140784975334793,0.15234834900495742,True
ds7_img026515_ann027613,2000,ds7,02_extracted/uang/2000/ds7_img026515_ann027613.png,ds7_img026515,unknown,unknown,lusuh,not_applicable,low,diagonal_or_square,high,107.62984466552734,0.9762416236493636,0.9273854218750001,True
ds8_img028148_ann029246,2000,ds8,02_extracted/uang/2000/ds8_img028148_ann029246.png,ds8_img028148,2022,front,terlipat,not_applicable,medium,diagonal_or_square,high,138.04249572753906,1.0,1.0,True
ds9_img038527_ann038474,2000,ds9,02_extracted/uang/2000/ds9_img038527_ann038474.png,ds9_img038527,unknown,unknown,lusuh,not_applicable,low,vertical,high,119.93748474121094,0.617693522906793,0.60425537109375,True
ds1_img001012_ann001012,2000,ds1,02_extracted/uang/2000/ds1_img001012_ann001012.png,ds1_img001012,2016,front,terlipat,not_applicable,low,horizontal,low,104.72272491455078,4.1449044585987265,0.17450254492040718,True
ds10_img003610_ann003606,2000,ds10,02_extracted/uang/2000/ds10_img003610_ann003606.png,ds10_img003610,2022,back,normal,not_applicable,high,horizontal,low,162.54225158691406,1.6267605633802817,0.26902832892416223,True
ds4_img009818_ann011227,2000,ds4,02_extracted/uang/2000/ds4_img009818_ann011227.png,ds4_img009818,2022,back,lusuh,not_applicable,low,horizontal,medium,117.74178314208984,1.7938224256670376,0.5255464273756377,True
ds5_img019387_ann020476,2000,ds5,02_extracted/uang/2000/ds5_img019387_ann020476.png,ds5_img019387,2022,front,normal,not_applicable,medium,diagonal_or_square,low,143.16921997070312,1.2343436758066533,0.10209609719482421,True
ds6_img023647_ann024739,2000,ds6,02_extracted/uang/2000/ds6_img023647_ann024739.png,ds6_img023647,2022,front,normal,not_applicable,high,vertical,high,156.03846740722656,0.7709144324941991,0.6341071473875001,True
ds7_img026503_ann027601,2000,ds7,02_extracted/uang/2000/ds7_img026503_ann027601.png,ds7_img026503,unknown,unknown,lusuh,not_applicable,high,diagonal_or_square,high,171.5752716064453,0.976233110857887,0.8994035888671875,True
ds8_img028517_ann029615,2000,ds8,02_extracted/uang/2000/ds8_img028517_ann029615.png,ds8_img028517,2022,front,normal,not_applicable,high,horizontal,high,160.5998077392578,1.4311270125223614,0.69875,True
ds9_img039001_ann038904,2000,ds9,02_extracted/uang/2000/ds9_img039001_ann038904.png,ds9_img039001,unknown,unknown,lusuh,not_applicable,medium,horizontal,medium,126.83235168457031,2.30188679245283,0.3946533203125,True
ds1_img000290_ann000290,2000,ds1,02_extracted/uang/2000/ds1_img000290_ann000290.png,ds1_img000290,2016,front,terlipat,not_applicable,low,horizontal,low,105.17267608642578,4.190031152647975,0.18299738566080728,True
ds10_img002595_ann002595,2000,ds10,02_extracted/uang/2000/ds10_img002595_ann002595.png,ds10_img002595,2022,front,terlipat,not_applicable,low,diagonal_or_square,low,40.852203369140625,0.9855072463768116,0.34633645124716556,True
ds4_img010473_ann011833,2000,ds4,02_extracted/uang/2000/ds4_img010473_ann011833.png,ds4_img010473,2016,front,lusuh,not_applicable,low,vertical,high,93.86888122558594,0.7103491361487155,0.7008169866868622,True
ds5_img018256_ann019345,2000,ds5,02_extracted/uang/2000/ds5_img018256_ann019345.png,ds5_img018256,2022,front,normal,not_applicable,medium,vertical,low,135.5478973388672,0.44993309277292803,0.2305169603540039,True
ds6_img023117_ann024209,2000,ds6,02_extracted/uang/2000/ds6_img023117_ann024209.png,ds6_img023117,2022,back,normal,not_applicable,high,horizontal,medium,153.8995361328125,1.9606457882653274,0.5806571771774293,True
ds7_img026629_ann027727,2000,ds7,02_extracted/uang/2000/ds7_img026629_ann027727.png,ds7_img026629,unknown,unknown,lusuh,not_applicable,low,diagonal_or_square,high,54.69252395629883,0.9998369636102779,0.91833289453125,True
ds8_img030195_ann031293,2000,ds8,02_extracted/uang/2000/ds8_img030195_ann031293.png,ds8_img030195,2022,back,terlipat,not_applicable,medium,horizontal,high,152.51080322265625,1.4184397163120568,0.705,True
ds9_img039151_ann039036,2000,ds9,02_extracted/uang/2000/ds9_img039151_ann039036.png,ds9_img039151,unknown,unknown,lusuh,not_applicable,medium,horizontal,medium,129.8357391357422,2.5030181086519114,0.37736083984375,True
ds1_img000307_ann000307,2000,ds1,02_extracted/uang/2000/ds1_img000307_ann000307.png,ds1_img000307,2022,front,normal,not_applicable,medium,horizontal,medium,147.34735107421875,1.9114927344782033,0.5607344256789961,True
ds10_img002434_ann002434,2000,ds10,02_extracted/uang/2000/ds10_img002434_ann002434.png,ds10_img002434,2022,front,terlipat,not_applicable,low,vertical,low,24.918806076049805,0.7,0.14697236919459142,True
ds4_img009744_ann011153,2000,ds4,02_extracted/uang/2000/ds4_img009744_ann011153.png,ds4_img009744,2016,front,lusuh,not_applicable,low,horizontal,medium,120.40960693359375,1.7252886741462616,0.5127057607222577,True
ds5_img020112_ann021201,2000,ds5,02_extracted/uang/2000/ds5_img020112_ann021201.png,ds5_img020112,2022,front,normal,not_applicable,low,vertical,medium,123.25479125976562,0.5949665293931597,0.5464913755810548,True
ds6_img025027_ann026119,2000,ds6,02_extracted/uang/2000/ds6_img025027_ann026119.png,ds6_img025027,2022,front,lusuh,not_applicable,medium,horizontal,low,142.85203552246094,1.2555561650974771,0.11588879990668403,True
ds7_img026718_ann027816,2000,ds7,02_extracted/uang/2000/ds7_img026718_ann027816.png,ds7_img026718,unknown,unknown,lusuh,not_applicable,low,diagonal_or_square,high,112.0845718383789,1.076631046119235,0.850884125,True
ds8_img029518_ann030616,2000,ds8,02_extracted/uang/2000/ds8_img029518_ann030616.png,ds8_img029518,2022,back,normal,not_applicable,high,horizontal,medium,160.5989227294922,1.3541252436647173,0.5568184160156249,True
ds9_img037301_ann037428,2000,ds9,02_extracted/uang/2000/ds9_img037301_ann037428.png,ds9_img037301,unknown,unknown,lusuh,not_applicable,low,horizontal,medium,117.3270034790039,2.14808362369338,0.431971435546875,True
ds1_img001785_ann001785,2000,ds1,02_extracted/uang/2000/ds1_img001785_ann001785.png,ds1_img001785,2016,front,terlipat,not_applicable,medium,horizontal,medium,140.1083221435547,3.6779026217228465,0.483695652173913,True
ds10_img003558_ann003555,2000,ds10,02_extracted/uang/2000/ds10_img003558_ann003555.png,ds10_img003558,2022,front,terlipat,not_applicable,low,vertical,low,25.92746925354004,0.7463768115942029,0.11657730221718317,True
ds4_img007921_ann009386,2000,ds4,02_extracted/uang/2000/ds4_img007921_ann009386.png,ds4_img007921,2022,front,lusuh,not_applicable,high,horizontal,medium,160.0477294921875,1.8414477954980086,0.47690004217155607,True
ds5_img018622_ann019711,2000,ds5,02_extracted/uang/2000/ds5_img018622_ann019711.png,ds5_img018622,2022,back,normal,not_applicable,high,vertical,low,169.52133178710938,0.7114159984767385,0.248347464921875,True
ds6_img024823_ann025915,2000,ds6,02_extracted/uang/2000/ds6_img024823_ann025915.png,ds6_img024823,2022,front,terlipat,not_applicable,medium,vertical,high,136.96258544921875,0.748801751094434,0.9971547218750001,True
ds7_img027540_ann028638,2000,ds7,02_extracted/uang/2000/ds7_img027540_ann028638.png,ds7_img027540,unknown,unknown,lusuh,not_applicable,high,diagonal_or_square,high,168.30303955078125,0.9941608649619814,0.9431970732421875,True
ds8_img027849_ann028947,2000,ds8,02_extracted/uang/2000/ds8_img027849_ann028947.png,ds8_img027849,2022,back,normal,not_applicable,high,horizontal,high,171.17929077148438,1.4791674804687498,0.605867,True
ds9_img037615_ann037699,2000,ds9,02_extracted/uang/2000/ds9_img037615_ann037699.png,ds9_img037615,unknown,unknown,lusuh,not_applicable,high,horizontal,medium,166.58956909179688,2.0280210157618215,0.403575439453125,True
ds1_img000679_ann000679,2000,ds1,02_extracted/uang/2000/ds1_img000679_ann000679.png,ds1_img000679,2016,front,terlipat,not_applicable,low,horizontal,low,117.42561340332031,3.799522673031026,0.3145467645982579,True
ds10_img003158_ann003157,2000,ds10,02_extracted/uang/2000/ds10_img003158_ann003157.png,ds10_img003158,2022,unknown,terlipat,not_applicable,medium,vertical,low,131.15440368652344,0.6061946902654868,0.253937416015789,True
ds4_img011294_ann012581,2000,ds4,02_extracted/uang/2000/ds4_img011294_ann012581.png,ds4_img011294,2016,front,lusuh,not_applicable,low,horizontal,high,88.47798919677734,1.4648293721737302,0.6757727311862245,True
ds5_img021275_ann022364,2000,ds5,02_extracted/uang/2000/ds5_img021275_ann022364.png,ds5_img021275,2022,back,normal,not_applicable,medium,vertical,low,146.90377807617188,0.6920894355438048,0.22137115520507814,True
ds6_img024347_ann025439,2000,ds6,02_extracted/uang/2000/ds6_img024347_ann025439.png,ds6_img024347,2016,back,normal,not_applicable,high,vertical,medium,159.8980712890625,0.5918452175635107,0.4067952941267904,True
ds7_img027338_ann028436,2000,ds7,02_extracted/uang/2000/ds7_img027338_ann028436.png,ds7_img027338,unknown,unknown,lusuh,not_applicable,low,diagonal_or_square,high,95.81645965576172,0.9107362161463383,0.8515093359375,True
ds8_img029517_ann030615,2000,ds8,02_extracted/uang/2000/ds8_img029517_ann030615.png,ds8_img029517,2022,back,normal,not_applicable,medium,vertical,medium,149.7879638671875,0.6761340852130325,0.3784261728515625,True
ds9_img030685_ann031765,2000,ds9,02_extracted/uang/2000/ds9_img030685_ann031765.png,ds9_img030685,unknown,unknown,lusuh,not_applicable,high,horizontal,medium,185.302001953125,1.9964973730297724,0.39730224609375,True
ds1_img000527_ann000527,2000,ds1,02_extracted/uang/2000/ds1_img000527_ann000527.png,ds1_img000527,2022,front,normal,not_applicable,high,horizontal,high,159.67446899414062,1.921455938697318,0.887664794921875,True
ds10_img002512_ann002512,2000,ds10,02_extracted/uang/2000/ds10_img002512_ann002512.png,ds10_img002512,2022,back,normal,not_applicable,high,horizontal,low,155.30096435546875,1.808,0.23169472264214327,True
ds4_img010028_ann011437,2000,ds4,02_extracted/uang/2000/ds4_img010028_ann011437.png,ds4_img010028,2022,front,lusuh,not_applicable,high,horizontal,medium,155.4180908203125,1.5941612206878197,0.5813348264508928,True
ds5_img016159_ann017248,2000,ds5,02_extracted/uang/2000/ds5_img016159_ann017248.png,ds5_img016159,2022,back,normal,not_applicable,low,diagonal_or_square,high,114.96498107910156,1.2021946421350194,0.7690529692114257,True
ds6_img022886_ann023978,2000,ds6,02_extracted/uang/2000/ds6_img022886_ann023978.png,ds6_img022886,2022,back,terlipat,not_applicable,medium,horizontal,high,146.0009765625,1.2677458000638098,0.59160125,True
ds7_img026070_ann027168,2000,ds7,02_extracted/uang/2000/ds7_img026070_ann027168.png,ds7_img026070,unknown,unknown,lusuh,not_applicable,low,diagonal_or_square,high,124.18013763427734,1.030250677506775,0.876749765625,True
ds8_img030222_ann031320,2000,ds8,02_extracted/uang/2000/ds8_img030222_ann031320.png,ds8_img030222,2022,front,normal,not_applicable,medium,vertical,high,126.58799743652344,0.7286016129032258,0.683775537109375,True
ds9_img038606_ann038547,2000,ds9,02_extracted/uang/2000/ds9_img038606_ann038547.png,ds9_img038606,unknown,unknown,lusuh,not_applicable,high,horizontal,medium,166.21511840820312,2.001736111111111,0.4053515625,True
ds1_img000787_ann000787,2000,ds1,02_extracted/uang/2000/ds1_img000787_ann000787.png,ds1_img000787,2022,back,normal,not_applicable,high,horizontal,medium,155.3038787841797,1.8784313725490196,0.5239396383102845,True
ds10_img003122_ann003121,2000,ds10,02_extracted/uang/2000/ds10_img003122_ann003121.png,ds10_img003122,2022,back,lusuh,not_applicable,medium,vertical,low,140.01132202148438,0.7430167597765364,0.19525508891828336,True
ds4_img011166_ann012455,2000,ds4,02_extracted/uang/2000/ds4_img011166_ann012455.png,ds4_img011166,2022,back,lusuh,not_applicable,high,horizontal,high,167.33702087402344,1.4717902436067538,0.6466484649832589,True
ds5_img014296_ann015385,2000,ds5,02_extracted/uang/2000/ds5_img014296_ann015385.png,ds5_img014296,2022,back,lusuh,not_applicable,medium,diagonal_or_square,medium,143.1492156982422,0.8927907898725913,0.5771232238085937,True
ds6_img023565_ann024657,2000,ds6,02_extracted/uang/2000/ds6_img023565_ann024657.png,ds6_img023565,2022,front,terlipat,not_applicable,low,diagonal_or_square,low,104.19877624511719,0.8361757237499443,0.21877109290652802,True
ds7_img027236_ann028334,2000,ds7,02_extracted/uang/2000/ds7_img027236_ann028334.png,ds7_img027236,unknown,unknown,lusuh,not_applicable,low,diagonal_or_square,high,41.0377197265625,0.9139275145575461,0.881490521484375,True
ds8_img030220_ann031318,2000,ds8,02_extracted/uang/2000/ds8_img030220_ann031318.png,ds8_img030220,2022,back,normal,not_applicable,high,diagonal_or_square,high,169.20895385742188,1.213999569707401,0.640310794921875,True
ds9_img033120_ann033852,2000,ds9,02_extracted/uang/2000/ds9_img033120_ann033852.png,ds9_img033120,unknown,unknown,lusuh,not_applicable,high,horizontal,medium,185.73681640625,2.01056338028169,0.395908203125,True
ds1_img000794_ann000794,2000,ds1,02_extracted/uang/2000/ds1_img000794_ann000794.png,ds1_img000794,2022,front,normal,not_applicable,medium,horizontal,low,148.17051696777344,1.8843537414965987,0.2879234636515984,True
ds10_img003547_ann003544,2000,ds10,02_extracted/uang/2000/ds10_img003547_ann003544.png,ds10_img003547,2022,front,normal,not_applicable,high,horizontal,low,189.3552703857422,1.9516129032258065,0.2461131057361216,True
ds4_img008240_ann009702,2000,ds4,02_extracted/uang/2000/ds4_img008240_ann009702.png,ds4_img008240,2022,front,lusuh,not_applicable,low,horizontal,medium,109.60137176513672,1.7881355932203389,0.4962133290816326,True
ds5_img015013_ann016102,2000,ds5,02_extracted/uang/2000/ds5_img015013_ann016102.png,ds5_img015013,2022,front,normal,not_applicable,medium,vertical,low,135.88580322265625,0.6986126297553287,0.3044972405566406,True
ds1_img001528_ann001528,5000,ds1,02_extracted/uang/5000/ds1_img001528_ann001528.png,ds1_img001528,2022,front,normal,not_applicable,high,horizontal,medium,155.98580932617188,2.013440860215054,0.4723917643229167,True
ds10_img002903_ann002902,5000,ds10,02_extracted/uang/5000/ds10_img002903_ann002902.png,ds10_img002903,2022,front,terlipat,not_applicable,high,diagonal_or_square,medium,173.29054260253906,0.8432055749128919,0.569632752792475,True
ds4_img013200_ann014421,5000,ds4,02_extracted/uang/5000/ds4_img013200_ann014421.png,ds4_img013200,2016,back,lusuh,not_applicable,low,horizontal,medium,89.25126647949219,2.0704433962264153,0.46363803411989796,True
ds5_img022626_ann023715,5000,ds5,02_extracted/uang/5000/ds5_img022626_ann023715.png,ds5_img022626,2022,back,lusuh,not_applicable,low,vertical,low,130.7677459716797,0.7504559982596765,0.23554529239746091,True
ds6_img023296_ann024388,5000,ds6,02_extracted/uang/5000/ds6_img023296_ann024388.png,ds6_img023296,2022,front,normal,not_applicable,medium,diagonal_or_square,high,151.28811645507812,1.1353207754240895,0.66060625,True
ds7_img026209_ann027307,5000,ds7,02_extracted/uang/5000/ds7_img026209_ann027307.png,ds7_img026209,unknown,unknown,lusuh,not_applicable,medium,diagonal_or_square,high,140.98709106445312,0.9287373882045895,0.89531876953125,True
ds8_img028456_ann029554,5000,ds8,02_extracted/uang/5000/ds8_img028456_ann029554.png,ds8_img028456,2022,back,normal,not_applicable,high,diagonal_or_square,high,157.1501922607422,0.9926166930379747,0.6194920781250001,True
ds9_img037997_ann038021,5000,ds9,02_extracted/uang/5000/ds9_img037997_ann038021.png,ds9_img037997,unknown,unknown,lusuh,not_applicable,high,horizontal,low,186.8806915283203,2.165745856353591,0.3897509765625,True
ds1_img000445_ann000445,5000,ds1,02_extracted/uang/5000/ds1_img000445_ann000445.png,ds1_img000445,2016,back,terlipat,not_applicable,medium,horizontal,medium,138.77598571777344,3.8745173745173744,0.44065093994140625,True
ds10_img003232_ann003231,5000,ds10,02_extracted/uang/5000/ds10_img003232_ann003231.png,ds10_img003232,2022,back,terlipat,not_applicable,high,horizontal,low,160.96807861328125,1.6492537313432836,0.24288168199378518,True
ds4_img007887_ann009352,5000,ds4,02_extracted/uang/5000/ds4_img007887_ann009352.png,ds4_img007887,2022,front,lusuh,not_applicable,medium,horizontal,high,151.96417236328125,1.5373491303112021,0.637514473573023,True
ds5_img022618_ann023707,5000,ds5,02_extracted/uang/5000/ds5_img022618_ann023707.png,ds5_img022618,2022,front,normal,not_applicable,low,horizontal,medium,121.92762756347656,1.5515796769803936,0.5833387520214844,True
ds6_img025739_ann026837,5000,ds6,02_extracted/uang/5000/ds6_img025739_ann026837.png,ds6_img025739,2022,back,normal,not_applicable,high,vertical,low,184.58682250976562,0.49925377494277173,0.3318452625,True
ds7_img027500_ann028598,5000,ds7,02_extracted/uang/5000/ds7_img027500_ann028598.png,ds7_img027500,unknown,unknown,lusuh,not_applicable,high,diagonal_or_square,high,202.09352111816406,0.9739882462935755,0.85307930859375,True
ds8_img029036_ann030134,5000,ds8,02_extracted/uang/5000/ds8_img029036_ann030134.png,ds8_img029036,2022,front,terlipat,not_applicable,low,diagonal_or_square,high,135.45590209960938,0.9916671875,0.9916671875,True
ds9_img032018_ann032902,5000,ds9,02_extracted/uang/5000/ds9_img032018_ann032902.png,ds9_img032018,unknown,unknown,lusuh,not_applicable,low,vertical,low,120.30526733398438,0.4809917355371901,0.42982177734375,True
ds1_img000182_ann000182,5000,ds1,02_extracted/uang/5000/ds1_img000182_ann000182.png,ds1_img000182,2022,front,terlipat,not_applicable,medium,horizontal,medium,137.98944091796875,3.792910447761194,0.4618699815538194,True
ds10_img003365_ann003364,5000,ds10,02_extracted/uang/5000/ds10_img003365_ann003364.png,ds10_img003365,2022,unknown,terlipat,not_applicable,medium,diagonal_or_square,low,152.60830688476562,0.9103448275862069,0.15697830057949105,True
ds4_img008068_ann009532,5000,ds4,02_extracted/uang/5000/ds4_img008068_ann009532.png,ds4_img008068,2016,front,normal,not_applicable,high,diagonal_or_square,high,193.65870666503906,1.0,1.0,True
ds5_img021649_ann022738,5000,ds5,02_extracted/uang/5000/ds5_img021649_ann022738.png,ds5_img021649,2022,back,lusuh,not_applicable,low,vertical,low,117.76985931396484,0.48086551856413157,0.18433077738281248,True
ds6_img025341_ann026436,5000,ds6,02_extracted/uang/5000/ds6_img025341_ann026436.png,ds6_img025341,2022,back,terlipat,not_applicable,low,horizontal,high,131.16725158691406,1.3333333333333333,1.0,True
ds7_img026442_ann027540,5000,ds7,02_extracted/uang/5000/ds7_img026442_ann027540.png,ds7_img026442,unknown,unknown,lusuh,not_applicable,low,diagonal_or_square,high,120.33785247802734,1.0736429931386284,0.8124652529296875,True
ds8_img029905_ann031003,5000,ds8,02_extracted/uang/5000/ds8_img029905_ann031003.png,ds8_img029905,2022,back,terlipat,not_applicable,medium,horizontal,medium,142.4315643310547,1.6985138004246283,0.58875,True
ds9_img033352_ann034056,5000,ds9,02_extracted/uang/5000/ds9_img033352_ann034056.png,ds9_img033352,unknown,unknown,lusuh,not_applicable,high,horizontal,low,178.4102020263672,1.9603960396039604,0.4394091796875,True
ds1_img000217_ann000217,5000,ds1,02_extracted/uang/5000/ds1_img000217_ann000217.png,ds1_img000217,2022,back,normal,not_applicable,medium,horizontal,high,153.94647216796875,1.9737098344693282,0.8823517693413628,True
ds10_img003087_ann003086,5000,ds10,02_extracted/uang/5000/ds10_img003087_ann003086.png,ds10_img003087,2022,back,terlipat,not_applicable,high,diagonal_or_square,low,183.8235321044922,1.192090395480226,0.3063045241244646,True
ds4_img007328_ann008806,5000,ds4,02_extracted/uang/5000/ds4_img007328_ann008806.png,ds4_img007328,2022,back,lusuh,not_applicable,high,horizontal,high,166.0280303955078,1.3466636710851492,0.7279168025749362,True
ds5_img022431_ann023520,5000,ds5,02_extracted/uang/5000/ds5_img022431_ann023520.png,ds5_img022431,2022,front,lusuh,not_applicable,medium,diagonal_or_square,low,142.86463928222656,0.8910121609459177,0.11955931111328125,True
ds6_img024091_ann025183,5000,ds6,02_extracted/uang/5000/ds6_img024091_ann025183.png,ds6_img024091,2022,front,terlipat,not_applicable,medium,diagonal_or_square,high,140.50526428222656,0.939951216531862,0.7979137500000001,True
ds7_img026071_ann027169,5000,ds7,02_extracted/uang/5000/ds7_img026071_ann027169.png,ds7_img026071,unknown,unknown,lusuh,not_applicable,medium,diagonal_or_square,high,154.25265502929688,1.060154241645244,0.881233154296875,True
ds8_img027970_ann029068,5000,ds8,02_extracted/uang/5000/ds8_img027970_ann029068.png,ds8_img027970,2022,back,normal,not_applicable,medium,vertical,medium,146.32049560546875,0.6436029654036244,0.5789425512695312,True
ds9_img032004_ann032890,5000,ds9,02_extracted/uang/5000/ds9_img032004_ann032890.png,ds9_img032004,unknown,unknown,lusuh,not_applicable,low,vertical,medium,121.04429626464844,0.5222929936305732,0.502890625,True
ds1_img000410_ann000410,5000,ds1,02_extracted/uang/5000/ds1_img000410_ann000410.png,ds1_img000410,2022,back,normal,not_applicable,medium,horizontal,high,143.68954467773438,2.014418125643666,0.8050181070963541,True
ds10_img002354_ann002354,5000,ds10,02_extracted/uang/5000/ds10_img002354_ann002354.png,ds10_img002354,2022,front,normal,not_applicable,high,horizontal,low,160.109619140625,1.7987012987012987,0.3498631319811875,True
ds4_img013558_ann014770,5000,ds4,02_extracted/uang/5000/ds4_img013558_ann014770.png,ds4_img013558,2016,front,normal,not_applicable,low,horizontal,high,130.65521240234375,1.560289264902057,0.6308295551658163,True
ds5_img022435_ann023524,5000,ds5,02_extracted/uang/5000/ds5_img022435_ann023524.png,ds5_img022435,2022,front,normal,not_applicable,low,horizontal,high,129.36265563964844,1.4352514506769827,0.6608573200195312,True
ds6_img024716_ann025808,5000,ds6,02_extracted/uang/5000/ds6_img024716_ann025808.png,ds6_img024716,2022,front,normal,not_applicable,medium,horizontal,low,145.27581787109375,1.6907602818518797,0.33426315869222006,True
ds7_img026781_ann027879,5000,ds7,02_extracted/uang/5000/ds7_img026781_ann027879.png,ds7_img026781,unknown,unknown,lusuh,not_applicable,low,diagonal_or_square,high,106.40451049804688,1.0493021632937893,0.84169158203125,True
ds8_img029318_ann030416,5000,ds8,02_extracted/uang/5000/ds8_img029318_ann030416.png,ds8_img029318,2022,front,normal,not_applicable,high,vertical,high,164.94956970214844,0.7544764891966499,0.6533275491894532,True
ds9_img034410_ann034941,5000,ds9,02_extracted/uang/5000/ds9_img034410_ann034941.png,ds9_img034410,unknown,unknown,lusuh,not_applicable,low,horizontal,low,129.84857177734375,2.2323420074349443,0.394371337890625,True
ds1_img000833_ann000833,5000,ds1,02_extracted/uang/5000/ds1_img000833_ann000833.png,ds1_img000833,2016,back,terlipat,not_applicable,medium,horizontal,low,144.02438354492188,3.9145631067961166,0.4400634765625,True
ds10_img002323_ann002323,5000,ds10,02_extracted/uang/5000/ds10_img002323_ann002323.png,ds10_img002323,2022,unknown,terlipat,not_applicable,medium,diagonal_or_square,low,141.5133514404297,0.9772727272727273,0.24827832367514907,True
ds4_img012163_ann013408,5000,ds4,02_extracted/uang/5000/ds4_img012163_ann013408.png,ds4_img012163,2016,back,lusuh,not_applicable,low,vertical,medium,99.5772476196289,0.5595798801197822,0.46428420908402424,True
ds5_img021588_ann022677,5000,ds5,02_extracted/uang/5000/ds5_img021588_ann022677.png,ds5_img021588,2022,front,normal,not_applicable,low,diagonal_or_square,medium,117.965087890625,0.832233206082147,0.46536744402099606,True
ds6_img024409_ann025501,5000,ds6,02_extracted/uang/5000/ds6_img024409_ann025501.png,ds6_img024409,2022,front,terlipat,not_applicable,low,vertical,high,127.78645324707031,0.7536332257162401,0.9108163814177083,True
ds7_img026907_ann028005,5000,ds7,02_extracted/uang/5000/ds7_img026907_ann028005.png,ds7_img026907,unknown,unknown,lusuh,not_applicable,high,diagonal_or_square,high,201.74343872070312,0.9761758900006806,0.82298293359375,True
ds8_img029507_ann030605,5000,ds8,02_extracted/uang/5000/ds8_img029507_ann030605.png,ds8_img029507,2022,back,normal,not_applicable,high,diagonal_or_square,medium,157.7335205078125,0.8922173765166869,0.5378107691333008,True
ds9_img035833_ann036159,5000,ds9,02_extracted/uang/5000/ds9_img035833_ann036159.png,ds9_img035833,unknown,unknown,lusuh,not_applicable,high,horizontal,low,167.4476318359375,2.1604938271604937,0.4239349365234375,True
ds1_img001487_ann001487,5000,ds1,02_extracted/uang/5000/ds1_img001487_ann001487.png,ds1_img001487,2016,front,terlipat,not_applicable,low,horizontal,medium,137.9599151611328,3.8173076923076925,0.4407494705199153,True
ds10_img003234_ann003233,5000,ds10,02_extracted/uang/5000/ds10_img003234_ann003233.png,ds10_img003234,2022,front,normal,not_applicable,medium,vertical,low,146.8119659423828,0.5603112840466926,0.3035241874527589,True
ds4_img011302_ann012589,5000,ds4,02_extracted/uang/5000/ds4_img011302_ann012589.png,ds4_img011302,2022,back,lusuh,not_applicable,medium,horizontal,low,138.7605438232422,1.9807692307692308,0.42697704081632654,True
ds5_img022359_ann023448,5000,ds5,02_extracted/uang/5000/ds5_img022359_ann023448.png,ds5_img022359,2022,front,lusuh,not_applicable,low,vertical,low,125.24235534667969,0.7161167734224979,0.34904180271972657,True
ds6_img023170_ann024262,5000,ds6,02_extracted/uang/5000/ds6_img023170_ann024262.png,ds6_img023170,2022,front,normal,not_applicable,high,diagonal_or_square,medium,168.64996337890625,0.8499783143521599,0.5066846936916667,True
ds7_img026126_ann027224,5000,ds7,02_extracted/uang/5000/ds7_img026126_ann027224.png,ds7_img026126,unknown,unknown,lusuh,not_applicable,low,diagonal_or_square,high,131.973876953125,0.9562651524818171,0.91769433203125,True
ds8_img028122_ann029220,5000,ds8,02_extracted/uang/5000/ds8_img028122_ann029220.png,ds8_img028122,2022,front,normal,not_applicable,high,diagonal_or_square,medium,168.7233428955078,0.9987616171003718,0.45169618359375,True
ds9_img033548_ann034214,5000,ds9,02_extracted/uang/5000/ds9_img033548_ann034214.png,ds9_img033548,unknown,unknown,lusuh,not_applicable,medium,vertical,medium,143.07803344726562,0.5348101265822784,0.5215234375,True
ds1_img001173_ann001173,5000,ds1,02_extracted/uang/5000/ds1_img001173_ann001173.png,ds1_img001173,2022,front,normal,not_applicable,medium,horizontal,medium,154.0344696044922,1.8936170212765957,0.5123931037055122,True
ds10_img002328_ann002328,5000,ds10,02_extracted/uang/5000/ds10_img002328_ann002328.png,ds10_img002328,2022,unknown,terlipat,not_applicable,high,vertical,low,174.21815490722656,0.6604938271604939,0.14216624149659865,True
ds4_img005717_ann007199,5000,ds4,02_extracted/uang/5000/ds4_img005717_ann007199.png,ds4_img005717,2022,back,lusuh,not_applicable,high,horizontal,medium,165.6970977783203,1.7220028536350664,0.4987212219387755,True
ds5_img022578_ann023667,5000,ds5,02_extracted/uang/5000/ds5_img022578_ann023667.png,ds5_img022578,2022,back,lusuh,not_applicable,low,vertical,low,128.09764099121094,0.48083259493502983,0.16679499446289064,True
ds6_img022870_ann023962,5000,ds6,02_extracted/uang/5000/ds6_img022870_ann023962.png,ds6_img022870,2022,front,normal,not_applicable,high,horizontal,medium,156.13729858398438,1.9049493259864212,0.57643265625,True
ds7_img026621_ann027719,5000,ds7,02_extracted/uang/5000/ds7_img026621_ann027719.png,ds7_img026621,unknown,unknown,lusuh,not_applicable,high,diagonal_or_square,high,161.58273315429688,0.9899081089795261,0.9299048144531251,True
ds8_img030175_ann031273,5000,ds8,02_extracted/uang/5000/ds8_img030175_ann031273.png,ds8_img030175,2022,back,normal,not_applicable,medium,horizontal,medium,142.4461669921875,1.4594135881383214,0.6008942507592773,True
ds9_img038573_ann038515,5000,ds9,02_extracted/uang/5000/ds9_img038573_ann038515.png,ds9_img038573,unknown,unknown,lusuh,not_applicable,medium,vertical,medium,143.58985900878906,0.5238095238095238,0.507568359375,True
ds1_img002063_ann002063,5000,ds1,02_extracted/uang/5000/ds1_img002063_ann002063.png,ds1_img002063,2022,back,normal,not_applicable,medium,horizontal,low,138.8437957763672,1.9507908611599296,0.26770273844401044,True
ds10_img003621_ann003617,5000,ds10,02_extracted/uang/5000/ds10_img003621_ann003617.png,ds10_img003621,2022,front,lusuh,not_applicable,medium,vertical,low,154.04562377929688,0.5681818181818182,0.14434786260183086,True
ds4_img006704_ann008186,5000,ds4,02_extracted/uang/5000/ds4_img006704_ann008186.png,ds4_img006704,2016,back,lusuh,not_applicable,low,horizontal,medium,94.00252532958984,1.9438622290336012,0.49365839857700894,True
ds5_img022520_ann023609,5000,ds5,02_extracted/uang/5000/ds5_img022520_ann023609.png,ds5_img022520,unknown,front,lusuh,not_applicable,high,diagonal_or_square,low,161.06857299804688,0.8921742615067552,0.023926468886718753,True
ds6_img024572_ann025664,5000,ds6,02_extracted/uang/5000/ds6_img024572_ann025664.png,ds6_img024572,2022,back,normal,not_applicable,high,diagonal_or_square,high,187.40541076660156,1.0952369719894588,0.6407616263479168,True
ds7_img026489_ann027587,5000,ds7,02_extracted/uang/5000/ds7_img026489_ann027587.png,ds7_img026489,unknown,unknown,lusuh,not_applicable,high,diagonal_or_square,high,176.71275329589844,0.876624821229938,0.8475577099609375,True
ds8_img029552_ann030650,5000,ds8,02_extracted/uang/5000/ds8_img029552_ann030650.png,ds8_img029552,2022,front,terlipat,not_applicable,medium,diagonal_or_square,high,143.9319305419922,1.0,1.0,True
ds9_img034383_ann034918,5000,ds9,02_extracted/uang/5000/ds9_img034383_ann034918.png,ds9_img034383,unknown,unknown,lusuh,not_applicable,low,horizontal,medium,117.48755645751953,2.1065989847715736,0.4490936279296875,True
ds1_img000143_ann000143,5000,ds1,02_extracted/uang/5000/ds1_img000143_ann000143.png,ds1_img000143,2022,back,normal,not_applicable,high,horizontal,medium,162.7635498046875,1.9744623655913978,0.4632466634114583,True
ds10_img002935_ann002934,5000,ds10,02_extracted/uang/5000/ds10_img002935_ann002934.png,ds10_img002935,2022,back,lusuh,not_applicable,high,horizontal,low,176.41737365722656,3.3734939759036147,0.19060479129923574,True
ds4_img009048_ann010467,5000,ds4,02_extracted/uang/5000/ds4_img009048_ann010467.png,ds4_img009048,2022,front,lusuh,not_applicable,low,horizontal,medium,103.7332992553711,1.7934754167545897,0.5017100795200893,True
ds5_img021606_ann022695,5000,ds5,02_extracted/uang/5000/ds5_img021606_ann022695.png,ds5_img021606,2022,back,normal,not_applicable,low,horizontal,high,126.20660400390625,1.4311598668803158,0.6460154316088866,True
ds6_img024070_ann025162,5000,ds6,02_extracted/uang/5000/ds6_img024070_ann025162.png,ds6_img024070,2022,front,terlipat,not_applicable,medium,vertical,high,144.9357452392578,0.714029743547742,0.9369092730494792,True
ds7_img027203_ann028301,5000,ds7,02_extracted/uang/5000/ds7_img027203_ann028301.png,ds7_img027203,unknown,unknown,lusuh,not_applicable,low,diagonal_or_square,high,125.9427490234375,1.0486164811888512,0.9059125263671874,True
ds8_img029538_ann030636,5000,ds8,02_extracted/uang/5000/ds8_img029538_ann030636.png,ds8_img029538,2022,back,normal,not_applicable,high,vertical,high,164.62661743164062,0.6776232616940582,0.6624625000000001,True
ds9_img035464_ann035839,5000,ds9,02_extracted/uang/5000/ds9_img035464_ann035839.png,ds9_img035464,unknown,unknown,lusuh,not_applicable,low,horizontal,medium,130.986083984375,2.0369127516778525,0.4416162109375,True
ds1_img001270_ann001270,5000,ds1,02_extracted/uang/5000/ds1_img001270_ann001270.png,ds1_img001270,2022,back,normal,not_applicable,medium,horizontal,high,153.94644165039062,1.9737098344693282,0.8823517693413628,True
ds10_img002247_ann002247,5000,ds10,02_extracted/uang/5000/ds10_img002247_ann002247.png,ds10_img002247,2022,front,normal,not_applicable,high,horizontal,low,160.80043029785156,1.88,0.3469269652305367,True
ds4_img012007_ann013252,5000,ds4,02_extracted/uang/5000/ds4_img012007_ann013252.png,ds4_img012007,2016,front,lusuh,not_applicable,medium,vertical,low,147.41090393066406,0.4556041753245166,0.3798629433394451,True
ds5_img021749_ann022838,5000,ds5,02_extracted/uang/5000/ds5_img021749_ann022838.png,ds5_img021749,2022,back,lusuh,not_applicable,low,vertical,low,84.5270004272461,0.3469788046773152,0.21580828830078125,True
ds6_img023724_ann024816,5000,ds6,02_extracted/uang/5000/ds6_img023724_ann024816.png,ds6_img023724,2022,front,normal,not_applicable,high,diagonal_or_square,medium,167.3739776611328,0.8981121580852681,0.529892370978125,True
ds7_img027628_ann028726,5000,ds7,02_extracted/uang/5000/ds7_img027628_ann028726.png,ds7_img027628,unknown,unknown,lusuh,not_applicable,high,diagonal_or_square,high,158.67942810058594,1.0689655172413792,0.8779296875,True
ds8_img029340_ann030438,5000,ds8,02_extracted/uang/5000/ds8_img029340_ann030438.png,ds8_img029340,2022,back,normal,not_applicable,medium,horizontal,medium,145.6201934814453,1.3732801730914999,0.6088208779296875,True
ds9_img030803_ann031863,5000,ds9,02_extracted/uang/5000/ds9_img030803_ann031863.png,ds9_img030803,unknown,unknown,lusuh,not_applicable,low,vertical,high,135.09873962402344,0.64375,0.64375,True
ds1_img001465_ann001465,5000,ds1,02_extracted/uang/5000/ds1_img001465_ann001465.png,ds1_img001465,2022,back,normal,not_applicable,high,horizontal,medium,162.7715301513672,1.9744623655913978,0.4632466634114583,True
ds10_img003119_ann003118,5000,ds10,02_extracted/uang/5000/ds10_img003119_ann003118.png,ds10_img003119,2022,front,normal,not_applicable,medium,vertical,low,138.96133422851562,0.597972972972973,0.42969734189972286,True
ds4_img009013_ann010435,5000,ds4,02_extracted/uang/5000/ds4_img009013_ann010435.png,ds4_img009013,2022,front,lusuh,not_applicable,high,horizontal,low,180.11749267578125,1.933649289099526,0.42893016581632654,True
ds5_img022539_ann023628,5000,ds5,02_extracted/uang/5000/ds5_img022539_ann023628.png,ds5_img022539,2022,front,normal,not_applicable,low,diagonal_or_square,low,116.44901275634766,0.9365377393916635,0.12272871098144533,True
ds6_img023853_ann024945,5000,ds6,02_extracted/uang/5000/ds6_img023853_ann024945.png,ds6_img023853,2022,back,normal,not_applicable,medium,horizontal,medium,143.6658935546875,1.817547613739262,0.6101994098348957,True
ds7_img026817_ann027915,5000,ds7,02_extracted/uang/5000/ds7_img026817_ann027915.png,ds7_img026817,unknown,unknown,lusuh,not_applicable,low,diagonal_or_square,high,104.02155303955078,1.0986352805256696,0.82309583984375,True
ds8_img029873_ann030971,5000,ds8,02_extracted/uang/5000/ds8_img029873_ann030971.png,ds8_img029873,2022,back,terlipat,not_applicable,medium,diagonal_or_square,high,149.5564727783203,1.0848416769466498,0.9198731320532225,True
ds9_img037419_ann037532,5000,ds9,02_extracted/uang/5000/ds9_img037419_ann037532.png,ds9_img037419,unknown,unknown,lusuh,not_applicable,low,horizontal,medium,122.38704681396484,1.8579881656804733,0.51822265625,True
ds1_img000940_ann000940,5000,ds1,02_extracted/uang/5000/ds1_img000940_ann000940.png,ds1_img000940,2016,front,terlipat,not_applicable,low,horizontal,medium,135.47621154785156,3.8160919540229883,0.44073486328125,True
ds10_img003297_ann003296,5000,ds10,02_extracted/uang/5000/ds10_img003297_ann003296.png,ds10_img003297,2022,back,normal,not_applicable,low,vertical,low,59.610618591308594,0.5540540540540541,0.3981376501217771,True
ds4_img008397_ann009844,5000,ds4,02_extracted/uang/5000/ds4_img008397_ann009844.png,ds4_img008397,2022,back,lusuh,not_applicable,high,vertical,medium,191.46922302246094,0.5661076070336392,0.4941495535714286,True
ds5_img022615_ann023704,5000,ds5,02_extracted/uang/5000/ds5_img022615_ann023704.png,ds5_img022615,2022,front,normal,not_applicable,medium,vertical,low,141.02796936035156,0.6812882881117115,0.35070550045898435,True
ds1_img000108_ann000108,10000,ds1,02_extracted/uang/10000/ds1_img000108_ann000108.png,ds1_img000108,2016,back,terlipat,not_applicable,high,horizontal,medium,159.17742919921875,3.9073359073359075,0.4443834092881944,True
ds10_img003554_ann003551,10000,ds10,02_extracted/uang/10000/ds10_img003554_ann003551.png,ds10_img003554,2022,front,terlipat,not_applicable,high,horizontal,low,171.95062255859375,1.3742331288343559,0.29945620223398,True
ds4_img008987_ann010409,10000,ds4,02_extracted/uang/10000/ds4_img008987_ann010409.png,ds4_img008987,2022,front,lusuh,not_applicable,medium,horizontal,medium,147.0903778076172,1.9170506912442395,0.4497767857142857,True
ds5_img019336_ann020425,10000,ds5,02_extracted/uang/10000/ds5_img019336_ann020425.png,ds5_img019336,2022,back,normal,not_applicable,low,horizontal,medium,118.84494018554688,1.2770889514569357,0.5084542771508789,True
ds6_img023281_ann024373,10000,ds6,02_extracted/uang/10000/ds6_img023281_ann024373.png,ds6_img023281,2022,back,lusuh,not_applicable,high,vertical,high,164.29685974121094,0.5155075056737047,0.6455152187977429,True
ds7_img027442_ann028540,10000,ds7,02_extracted/uang/10000/ds7_img027442_ann028540.png,ds7_img027442,unknown,unknown,lusuh,not_applicable,high,diagonal_or_square,high,176.71397399902344,1.0246967654986523,0.881501796875,True
ds8_img028019_ann029117,10000,ds8,02_extracted/uang/10000/ds8_img028019_ann029117.png,ds8_img028019,2022,back,terlipat,not_applicable,high,vertical,high,159.3753662109375,0.7172236503856041,0.67831875,True
ds9_img033104_ann033838,10000,ds9,02_extracted/uang/10000/ds9_img033104_ann033838.png,ds9_img033104,unknown,unknown,lusuh,not_applicable,low,horizontal,medium,95.362548828125,2.1544117647058822,0.389140625,True
ds1_img000876_ann000876,10000,ds1,02_extracted/uang/10000/ds1_img000876_ann000876.png,ds1_img000876,2022,back,normal,not_applicable,high,horizontal,medium,154.83123779296875,2.078804347826087,0.477294921875,True
ds10_img003032_ann003031,10000,ds10,02_extracted/uang/10000/ds10_img003032_ann003031.png,ds10_img003032,2022,front,terlipat,not_applicable,low,diagonal_or_square,low,43.327919006347656,0.9655172413793104,0.16649213697824808,True
ds4_img008983_ann010405,10000,ds4,02_extracted/uang/10000/ds4_img008983_ann010405.png,ds4_img008983,2016,front,lusuh,not_applicable,low,horizontal,medium,116.44905090332031,2.1262626262626263,0.41532804528061223,True
ds5_img020352_ann021441,10000,ds5,02_extracted/uang/10000/ds5_img020352_ann021441.png,ds5_img020352,2022,front,normal,not_applicable,high,diagonal_or_square,low,176.67115783691406,0.9687546480249879,0.18858865671386715,True
ds6_img023931_ann025023,10000,ds6,02_extracted/uang/10000/ds6_img023931_ann025023.png,ds6_img023931,2022,front,normal,not_applicable,high,vertical,low,160.8596954345703,0.5048968249150874,0.3398104147734376,True
ds7_img027742_ann028840,10000,ds7,02_extracted/uang/10000/ds7_img027742_ann028840.png,ds7_img027742,unknown,unknown,lusuh,not_applicable,high,diagonal_or_square,high,154.4329071044922,1.0517241379310345,0.86376953125,True
ds8_img029454_ann030552,10000,ds8,02_extracted/uang/10000/ds8_img029454_ann030552.png,ds8_img029454,2022,back,terlipat,not_applicable,medium,horizontal,high,139.12376403808594,1.7932584269662921,0.5548593749999999,True
ds9_img034009_ann034611,10000,ds9,02_extracted/uang/10000/ds9_img034009_ann034611.png,ds9_img034009,unknown,unknown,lusuh,not_applicable,medium,horizontal,medium,125.26445007324219,1.8384146341463414,0.48287109375,True
ds1_img000431_ann000431,10000,ds1,02_extracted/uang/10000/ds1_img000431_ann000431.png,ds1_img000431,2022,back,normal,not_applicable,high,horizontal,high,160.1599578857422,2.018200202224469,0.8814616755793226,True
ds10_img002827_ann002826,10000,ds10,02_extracted/uang/10000/ds10_img002827_ann002826.png,ds10_img002827,2022,front,normal,not_applicable,medium,vertical,low,140.0604705810547,0.6198830409356725,0.14866189531368104,True
ds4_img006394_ann007876,10000,ds4,02_extracted/uang/10000/ds4_img006394_ann007876.png,ds4_img006394,2016,front,lusuh,not_applicable,low,vertical,high,102.08123016357422,0.6676839076351158,0.6665397971938775,True
ds5_img018295_ann019384,10000,ds5,02_extracted/uang/10000/ds5_img018295_ann019384.png,ds5_img018295,2022,front,normal,not_applicable,medium,vertical,high,132.4468536376953,0.7708609375,0.7708609375000001,True
ds6_img024040_ann025132,10000,ds6,02_extracted/uang/10000/ds6_img024040_ann025132.png,ds6_img024040,2022,back,lusuh,not_applicable,high,diagonal_or_square,medium,169.34024047851562,0.9414831291300007,0.41813402611458333,True
ds7_img027057_ann028155,10000,ds7,02_extracted/uang/10000/ds7_img027057_ann028155.png,ds7_img027057,unknown,unknown,lusuh,not_applicable,low,diagonal_or_square,high,97.61224365234375,1.0337831182901605,0.93661425,True
ds8_img029304_ann030402,10000,ds8,02_extracted/uang/10000/ds8_img029304_ann030402.png,ds8_img029304,2022,back,lusuh,not_applicable,low,horizontal,medium,77.87833404541016,1.433438477580813,0.5149633330078125,True
ds9_img038253_ann038236,10000,ds9,02_extracted/uang/10000/ds9_img038253_ann038236.png,ds9_img038253,unknown,unknown,lusuh,not_applicable,medium,horizontal,medium,125.23448181152344,1.7705382436260624,0.53863525390625,True
ds1_img000124_ann000124,10000,ds1,02_extracted/uang/10000/ds1_img000124_ann000124.png,ds1_img000124,2022,back,normal,not_applicable,high,horizontal,medium,154.6529541015625,2.0759837177747626,0.47794342041015625,True
ds10_img002974_ann002973,10000,ds10,02_extracted/uang/10000/ds10_img002974_ann002973.png,ds10_img002974,2022,back,normal,not_applicable,high,vertical,low,164.20245361328125,0.5236363636363637,0.3247826908541194,True
ds4_img008191_ann009654,10000,ds4,02_extracted/uang/10000/ds4_img008191_ann009654.png,ds4_img008191,2016,back,normal,not_applicable,high,diagonal_or_square,high,186.1015167236328,1.0,1.0,True
ds5_img016155_ann017244,10000,ds5,02_extracted/uang/10000/ds5_img016155_ann017244.png,ds5_img016155,2022,back,normal,not_applicable,medium,vertical,low,141.95387268066406,0.41039303871724675,0.107330075,True
ds6_img025511_ann026609,10000,ds6,02_extracted/uang/10000/ds6_img025511_ann026609.png,ds6_img025511,2022,back,normal,not_applicable,high,diagonal_or_square,medium,168.97520446777344,1.0219960899053253,0.4990392200744792,True
ds7_img026654_ann027752,10000,ds7,02_extracted/uang/10000/ds7_img026654_ann027752.png,ds7_img026654,unknown,unknown,lusuh,not_applicable,low,diagonal_or_square,high,121.4460678100586,0.95115266806384,0.89349853515625,True
ds8_img028880_ann029978,10000,ds8,02_extracted/uang/10000/ds8_img028880_ann029978.png,ds8_img028880,2022,back,terlipat,not_applicable,high,diagonal_or_square,high,159.08282470703125,1.1744579389407364,0.8419046845703124,True
ds9_img037099_ann037253,10000,ds9,02_extracted/uang/10000/ds9_img037099_ann037253.png,ds9_img037099,unknown,unknown,lusuh,not_applicable,low,horizontal,medium,120.94247436523438,2.025041736227045,0.4434735107421875,True
ds1_img001626_ann001626,10000,ds1,02_extracted/uang/10000/ds1_img001626_ann001626.png,ds1_img001626,2022,back,normal,not_applicable,medium,horizontal,medium,132.0250244140625,2.060052219321149,0.5287278491643571,True
ds10_img003223_ann003222,10000,ds10,02_extracted/uang/10000/ds10_img003223_ann003222.png,ds10_img003223,2022,back,normal,not_applicable,low,diagonal_or_square,low,43.0598258972168,1.0285714285714285,0.16534391534391535,True
ds4_img010315_ann011719,10000,ds4,02_extracted/uang/10000/ds4_img010315_ann011719.png,ds4_img010315,2016,front,lusuh,not_applicable,low,horizontal,high,106.2391128540039,1.5713564228960828,0.6189339165736607,True
ds5_img017989_ann019078,10000,ds5,02_extracted/uang/10000/ds5_img017989_ann019078.png,ds5_img017989,2022,front,normal,not_applicable,low,vertical,high,114.25288391113281,0.6702421875,0.6702421875,True
ds6_img022840_ann023932,10000,ds6,02_extracted/uang/10000/ds6_img022840_ann023932.png,ds6_img022840,2022,front,normal,not_applicable,high,horizontal,low,164.07705688476562,1.906195912500593,0.32154740032187495,True
ds7_img026486_ann027584,10000,ds7,02_extracted/uang/10000/ds7_img026486_ann027584.png,ds7_img026486,unknown,unknown,lusuh,not_applicable,low,diagonal_or_square,high,92.7808609008789,1.0596363636363637,0.782568359375,True
ds8_img028916_ann030014,10000,ds8,02_extracted/uang/10000/ds8_img028916_ann030014.png,ds8_img028916,2022,front,normal,not_applicable,medium,vertical,medium,136.5499725341797,0.5300942981006567,0.49790964257812503,True
ds9_img035926_ann036238,10000,ds9,02_extracted/uang/10000/ds9_img035926_ann036238.png,ds9_img035926,unknown,unknown,lusuh,not_applicable,medium,horizontal,medium,125.44754791259766,1.8287461773700306,0.4774072265625,True
ds1_img000847_ann000847,10000,ds1,02_extracted/uang/10000/ds1_img000847_ann000847.png,ds1_img000847,2022,front,normal,not_applicable,medium,horizontal,medium,149.98263549804688,2.067024128686327,0.4875742594401042,True
ds10_img002708_ann002708,10000,ds10,02_extracted/uang/10000/ds10_img002708_ann002708.png,ds10_img002708,2022,front,lusuh,not_applicable,high,horizontal,low,167.9136962890625,1.5401459854014599,0.2370831627404048,True
ds4_img010216_ann011620,10000,ds4,02_extracted/uang/10000/ds4_img010216_ann011620.png,ds4_img010216,2022,front,lusuh,not_applicable,high,vertical,medium,181.5008087158203,0.5442860448314453,0.48647904464285713,True
ds5_img019145_ann020234,10000,ds5,02_extracted/uang/10000/ds5_img019145_ann020234.png,ds5_img019145,2022,back,lusuh,not_applicable,medium,diagonal_or_square,low,149.39715576171875,0.8784996144137414,0.09348249416748047,True
ds6_img024253_ann025345,10000,ds6,02_extracted/uang/10000/ds6_img024253_ann025345.png,ds6_img024253,2022,back,terlipat,not_applicable,high,diagonal_or_square,low,163.0583038330078,1.21647835126096,0.19386034856770834,True
ds7_img026086_ann027184,10000,ds7,02_extracted/uang/10000/ds7_img026086_ann027184.png,ds7_img026086,unknown,unknown,lusuh,not_applicable,low,diagonal_or_square,high,110.51805877685547,1.1355198267912274,0.6897988876953125,True
ds8_img028562_ann029660,10000,ds8,02_extracted/uang/10000/ds8_img028562_ann029660.png,ds8_img028562,2022,front,terlipat,not_applicable,high,diagonal_or_square,medium,162.3060760498047,0.8597176640926641,0.36044200390625003,True
ds9_img031971_ann032863,10000,ds9,02_extracted/uang/10000/ds9_img031971_ann032863.png,ds9_img031971,unknown,unknown,lusuh,not_applicable,medium,horizontal,medium,136.36598205566406,1.7551622418879056,0.49244384765625,True
ds1_img000678_ann000678,10000,ds1,02_extracted/uang/10000/ds1_img000678_ann000678.png,ds1_img000678,2016,back,terlipat,not_applicable,medium,horizontal,low,140.8831787109375,3.484486873508353,0.3131552435868034,True
ds10_img002991_ann002990,10000,ds10,02_extracted/uang/10000/ds10_img002991_ann002990.png,ds10_img002991,2022,front,normal,not_applicable,low,horizontal,low,32.53643035888672,3.5833333333333335,0.10580042202066012,True
ds4_img013700_ann014912,10000,ds4,02_extracted/uang/10000/ds4_img013700_ann014912.png,ds4_img013700,2022,front,lusuh,not_applicable,high,horizontal,medium,177.89710998535156,1.9951690821256038,0.4259556361607143,True
ds5_img020552_ann021641,10000,ds5,02_extracted/uang/10000/ds5_img020552_ann021641.png,ds5_img020552,2022,back,normal,not_applicable,medium,diagonal_or_square,medium,123.92814636230469,1.2020505101600187,0.4819932604614257,True
ds6_img025410_ann026505,10000,ds6,02_extracted/uang/10000/ds6_img025410_ann026505.png,ds6_img025410,2022,front,lusuh,not_applicable,low,vertical,low,91.58111572265625,0.5675403225806451,0.2908833333333333,True
ds7_img027461_ann028559,10000,ds7,02_extracted/uang/10000/ds7_img027461_ann028559.png,ds7_img027461,unknown,unknown,lusuh,not_applicable,low,diagonal_or_square,high,53.83555603027344,1.0116461440918343,0.88718708203125,True
ds8_img028852_ann029950,10000,ds8,02_extracted/uang/10000/ds8_img028852_ann029950.png,ds8_img028852,2022,front,terlipat,not_applicable,low,diagonal_or_square,low,75.99542236328125,1.0866856568364611,0.236233576171875,True
ds9_img034684_ann035167,10000,ds9,02_extracted/uang/10000/ds9_img034684_ann035167.png,ds9_img034684,unknown,unknown,lusuh,not_applicable,low,horizontal,medium,121.42041015625,1.9194847020933978,0.4518017578125,True
ds1_img000588_ann000588,10000,ds1,02_extracted/uang/10000/ds1_img000588_ann000588.png,ds1_img000588,2016,front,terlipat,not_applicable,medium,horizontal,medium,153.8533172607422,3.949753694581281,0.4343802307508369,True
ds10_img003525_ann003522,10000,ds10,02_extracted/uang/10000/ds10_img003525_ann003522.png,ds10_img003525,2022,back,terlipat,not_applicable,medium,vertical,low,142.13980102539062,0.7247706422018348,0.07062383209456623,True
ds4_img005960_ann007442,10000,ds4,02_extracted/uang/10000/ds4_img005960_ann007442.png,ds4_img005960,2016,front,lusuh,not_applicable,low,vertical,medium,109.23603057861328,0.5003222047028175,0.4773844022042411,True
ds5_img020322_ann021411,10000,ds5,02_extracted/uang/10000/ds5_img020322_ann021411.png,ds5_img020322,2022,back,lusuh,not_applicable,medium,vertical,low,146.7244415283203,0.46281456452022895,0.17139115287353515,True
ds6_img024746_ann025838,10000,ds6,02_extracted/uang/10000/ds6_img024746_ann025838.png,ds6_img024746,2022,back,normal,not_applicable,low,diagonal_or_square,medium,72.5411376953125,0.858311586652803,0.3898579221760417,True
ds7_img026763_ann027861,10000,ds7,02_extracted/uang/10000/ds7_img026763_ann027861.png,ds7_img026763,unknown,unknown,lusuh,not_applicable,low,diagonal_or_square,high,100.46746826171875,0.9842224377626899,0.91950298828125,True
ds8_img030403_ann031501,10000,ds8,02_extracted/uang/10000/ds8_img030403_ann031501.png,ds8_img030403,2016,front,terlipat,not_applicable,medium,diagonal_or_square,high,136.67999267578125,1.0,1.0,True
ds9_img038883_ann038798,10000,ds9,02_extracted/uang/10000/ds9_img038883_ann038798.png,ds9_img038883,unknown,unknown,lusuh,not_applicable,low,horizontal,medium,98.62660217285156,2.097560975609756,0.4218115234375,True
ds1_img000169_ann000169,10000,ds1,02_extracted/uang/10000/ds1_img000169_ann000169.png,ds1_img000169,2022,back,normal,not_applicable,high,horizontal,high,155.7117919921875,1.8803245436105476,0.946257197696737,True
ds10_img003235_ann003234,10000,ds10,02_extracted/uang/10000/ds10_img003235_ann003234.png,ds10_img003235,2022,back,normal,not_applicable,high,vertical,low,185.65081787109375,0.5472636815920398,0.18133700239355002,True
ds4_img007909_ann009374,10000,ds4,02_extracted/uang/10000/ds4_img007909_ann009374.png,ds4_img007909,2016,back,lusuh,not_applicable,low,horizontal,high,94.77426147460938,1.6204956947393254,0.5942629228316326,True
ds5_img021024_ann022113,10000,ds5,02_extracted/uang/10000/ds5_img021024_ann022113.png,ds5_img021024,2022,back,normal,not_applicable,low,diagonal_or_square,high,94.39837646484375,0.9137613039932644,0.8153183338476563,True
ds6_img023953_ann025045,10000,ds6,02_extracted/uang/10000/ds6_img023953_ann025045.png,ds6_img023953,2022,back,normal,not_applicable,medium,vertical,low,131.73483276367188,0.5045797473512202,0.23584395520833332,True
ds7_img026534_ann027632,10000,ds7,02_extracted/uang/10000/ds7_img026534_ann027632.png,ds7_img026534,unknown,unknown,lusuh,not_applicable,low,diagonal_or_square,high,115.32400512695312,0.9933819084285215,0.9582468837890624,True
ds8_img028121_ann029219,10000,ds8,02_extracted/uang/10000/ds8_img028121_ann029219.png,ds8_img028121,2022,front,normal,not_applicable,high,horizontal,low,157.8589630126953,2.6586523046092188,0.25859651660156246,True
ds9_img038517_ann038466,10000,ds9,02_extracted/uang/10000/ds9_img038517_ann038466.png,ds9_img038517,unknown,unknown,lusuh,not_applicable,low,horizontal,medium,112.8577880859375,1.8134796238244515,0.450540771484375,True
ds1_img001260_ann001260,10000,ds1,02_extracted/uang/10000/ds1_img001260_ann001260.png,ds1_img001260,2022,front,normal,not_applicable,medium,horizontal,low,147.10260009765625,2.031578947368421,0.2797698974609375,True
ds10_img002953_ann002952,10000,ds10,02_extracted/uang/10000/ds10_img002953_ann002952.png,ds10_img002953,2022,back,normal,not_applicable,medium,horizontal,low,152.13919067382812,1.9298245614035088,0.20569570420760896,True
ds4_img007447_ann008919,10000,ds4,02_extracted/uang/10000/ds4_img007447_ann008919.png,ds4_img007447,2016,front,lusuh,not_applicable,medium,horizontal,medium,141.39309692382812,1.9290223262677513,0.4633355064174107,True
ds5_img016769_ann017858,10000,ds5,02_extracted/uang/10000/ds5_img016769_ann017858.png,ds5_img016769,2022,back,normal,not_applicable,medium,diagonal_or_square,high,125.02647399902344,0.9691979790708324,0.6662910483251955,True
ds6_img022891_ann023983,10000,ds6,02_extracted/uang/10000/ds6_img022891_ann023983.png,ds6_img022891,2022,front,terlipat,not_applicable,medium,vertical,high,124.44615173339844,0.71171875,0.9489583333333333,True
ds7_img026687_ann027785,10000,ds7,02_extracted/uang/10000/ds7_img026687_ann027785.png,ds7_img026687,unknown,unknown,lusuh,not_applicable,low,diagonal_or_square,high,59.09782028198242,0.9505059739604678,0.9340037802734374,True
ds8_img028174_ann029272,10000,ds8,02_extracted/uang/10000/ds8_img028174_ann029272.png,ds8_img028174,2022,front,terlipat,not_applicable,high,diagonal_or_square,low,154.544921875,1.219342616580311,0.28387058203125,True
ds9_img036900_ann037086,10000,ds9,02_extracted/uang/10000/ds9_img036900_ann037086.png,ds9_img036900,unknown,unknown,lusuh,not_applicable,low,horizontal,medium,92.19940948486328,2.1852551984877127,0.37324462890625,True
ds1_img000235_ann000235,10000,ds1,02_extracted/uang/10000/ds1_img000235_ann000235.png,ds1_img000235,2016,back,terlipat,not_applicable,low,horizontal,low,104.75749206542969,3.847560975609756,0.1754489474826389,True
ds10_img003039_ann003038,10000,ds10,02_extracted/uang/10000/ds10_img003039_ann003038.png,ds10_img003039,2022,front,lusuh,not_applicable,medium,diagonal_or_square,low,152.56517028808594,1.16875,0.24539136642311246,True
ds4_img012134_ann013379,10000,ds4,02_extracted/uang/10000/ds4_img012134_ann013379.png,ds4_img012134,2016,front,lusuh,not_applicable,medium,horizontal,high,126.12738037109375,1.6712619953481922,0.5615376674107143,True
ds5_img014806_ann015895,10000,ds5,02_extracted/uang/10000/ds5_img014806_ann015895.png,ds5_img014806,2022,back,lusuh,not_applicable,medium,diagonal_or_square,low,150.55838012695312,0.9904467294243215,0.2511807745654297,True
ds6_img025473_ann026568,10000,ds6,02_extracted/uang/10000/ds6_img025473_ann026568.png,ds6_img025473,2022,back,lusuh,not_applicable,high,vertical,high,159.64964294433594,0.5589464338342968,0.7105392017502172,True
ds7_img026987_ann028085,10000,ds7,02_extracted/uang/10000/ds7_img026987_ann028085.png,ds7_img026987,unknown,unknown,lusuh,not_applicable,high,diagonal_or_square,high,177.66937255859375,1.0808813559322035,0.9185908203125,True
ds8_img030539_ann031637,10000,ds8,02_extracted/uang/10000/ds8_img030539_ann031637.png,ds8_img030539,2022,front,terlipat,not_applicable,high,horizontal,low,173.2743682861328,1.5336380880121394,0.26016792285156254,True
ds9_img031386_ann032372,10000,ds9,02_extracted/uang/10000/ds9_img031386_ann032372.png,ds9_img031386,unknown,unknown,lusuh,not_applicable,low,horizontal,medium,112.53825378417969,1.8280757097791798,0.448489990234375,True
ds1_img001377_ann001377,10000,ds1,02_extracted/uang/10000/ds1_img001377_ann001377.png,ds1_img001377,2022,front,normal,not_applicable,medium,horizontal,high,128.86801147460938,2.0632124352331607,0.8143594529893663,True
ds10_img003489_ann003487,10000,ds10,02_extracted/uang/10000/ds10_img003489_ann003487.png,ds10_img003489,2022,front,normal,not_applicable,high,diagonal_or_square,low,178.0452423095703,1.0223880597014925,0.15056466259343243,True
ds4_img010530_ann011886,10000,ds4,02_extracted/uang/10000/ds4_img010530_ann011886.png,ds4_img010530,2022,front,normal,not_applicable,high,vertical,medium,163.47532653808594,0.5589246290137775,0.5134677933673469,True
ds5_img020388_ann021477,10000,ds5,02_extracted/uang/10000/ds5_img020388_ann021477.png,ds5_img020388,2022,back,normal,not_applicable,high,vertical,low,154.96212768554688,0.3310372629847206,0.14883768427490235,True
ds6_img024529_ann025621,10000,ds6,02_extracted/uang/10000/ds6_img024529_ann025621.png,ds6_img024529,2022,front,normal,not_applicable,low,horizontal,high,116.46517181396484,2.074766355140187,0.606221875,True
ds7_img027550_ann028648,10000,ds7,02_extracted/uang/10000/ds7_img027550_ann028648.png,ds7_img027550,unknown,unknown,lusuh,not_applicable,low,diagonal_or_square,high,76.695556640625,1.049833435311714,0.8872514765625,True
ds8_img030404_ann031502,10000,ds8,02_extracted/uang/10000/ds8_img030404_ann031502.png,ds8_img030404,2022,front,normal,not_applicable,medium,horizontal,low,139.01803588867188,1.3656322733458333,0.28375592578125,True
ds9_img033737_ann034373,10000,ds9,02_extracted/uang/10000/ds9_img033737_ann034373.png,ds9_img033737,unknown,unknown,lusuh,not_applicable,medium,horizontal,medium,124.93818664550781,1.8492307692307692,0.47686767578125,True
ds1_img001187_ann001187,10000,ds1,02_extracted/uang/10000/ds1_img001187_ann001187.png,ds1_img001187,2022,back,normal,not_applicable,high,horizontal,high,157.7578887939453,2.070778564206269,0.8585069444444444,True
ds10_img003310_ann003309,10000,ds10,02_extracted/uang/10000/ds10_img003310_ann003309.png,ds10_img003310,2022,back,normal,not_applicable,medium,horizontal,low,150.13864135742188,1.900709219858156,0.30992142227261277,True
ds4_img009912_ann011321,10000,ds4,02_extracted/uang/10000/ds4_img009912_ann011321.png,ds4_img009912,2016,back,normal,not_applicable,high,diagonal_or_square,high,180.96141052246094,1.0,1.0,True
ds5_img016662_ann017751,10000,ds5,02_extracted/uang/10000/ds5_img016662_ann017751.png,ds5_img016662,2022,back,normal,not_applicable,medium,diagonal_or_square,low,144.7285919189453,0.809922015508447,0.14557878587890627,True
ds1_img000405_ann000405,20000,ds1,02_extracted/uang/20000/ds1_img000405_ann000405.png,ds1_img000405,2016,front,terlipat,not_applicable,low,horizontal,low,93.54375457763672,4.003048780487805,0.22292620406777275,True
ds10_img002728_ann002728,20000,ds10,02_extracted/uang/20000/ds10_img002728_ann002728.png,ds10_img002728,2022,back,terlipat,not_applicable,low,diagonal_or_square,low,124.70207977294922,0.8802348606500043,0.29058216230936823,True
ds3_img005064_ann005628,20000,ds3,02_extracted/uang/20000/ds3_img005064_ann005628.png,ds3_img005064,2022,back,normal,not_applicable,low,horizontal,low,124.81542205810547,1.2657743785850861,0.3756792534722222,True
ds4_img012619_ann013847,20000,ds4,02_extracted/uang/20000/ds4_img012619_ann013847.png,ds4_img012619,2022,front,normal,not_applicable,low,vertical,high,105.22697448730469,0.6309182927567407,0.5800437008131378,True
ds5_img017669_ann018758,20000,ds5,02_extracted/uang/20000/ds5_img017669_ann018758.png,ds5_img017669,2022,front,normal,not_applicable,medium,vertical,low,135.7950439453125,0.5668467923567284,0.1966500127001953,True
ds6_img022848_ann023940,20000,ds6,02_extracted/uang/20000/ds6_img022848_ann023940.png,ds6_img022848,2022,back,terlipat,not_applicable,high,vertical,high,146.93031311035156,0.75,1.0,True
ds7_img026370_ann027468,20000,ds7,02_extracted/uang/20000/ds7_img026370_ann027468.png,ds7_img026370,unknown,unknown,lusuh,not_applicable,high,diagonal_or_square,high,143.09906005859375,1.0764759865402265,0.9099536044921874,True
ds8_img029078_ann030176,20000,ds8,02_extracted/uang/20000/ds8_img029078_ann030176.png,ds8_img029078,2022,front,normal,not_applicable,high,horizontal,high,169.23609924316406,1.5101914998229446,0.5680995175781249,True
ds9_img030802_ann031862,20000,ds9,02_extracted/uang/20000/ds9_img030802_ann031862.png,ds9_img030802,2016,front,lusuh,not_applicable,high,horizontal,medium,146.00827026367188,2.0580204778157,0.43134521484375,True
ds1_img000530_ann000530,20000,ds1,02_extracted/uang/20000/ds1_img000530_ann000530.png,ds1_img000530,2022,front,normal,not_applicable,high,horizontal,medium,151.77444458007812,2.1344086021505375,0.5007731119791666,True
ds10_img002266_ann002266,20000,ds10,02_extracted/uang/20000/ds10_img002266_ann002266.png,ds10_img002266,2022,back,terlipat,not_applicable,low,diagonal_or_square,medium,123.8185806274414,1.0758532791033306,0.39247240804818656,True
ds3_img004925_ann005262,20000,ds3,02_extracted/uang/20000/ds3_img004925_ann005262.png,ds3_img004925,2022,front,normal,not_applicable,high,diagonal_or_square,low,151.64990234375,0.8654781199351702,0.35750651041666665,True
ds4_img007525_ann008997,20000,ds4,02_extracted/uang/20000/ds4_img007525_ann008997.png,ds4_img007525,2016,front,normal,not_applicable,medium,diagonal_or_square,high,135.68104553222656,1.0,1.0,True
ds5_img017337_ann018426,20000,ds5,02_extracted/uang/20000/ds5_img017337_ann018426.png,ds5_img017337,2022,front,lusuh,not_applicable,low,vertical,medium,125.00934600830078,0.6274709064696877,0.4438378288085938,True
ds6_img023743_ann024835,20000,ds6,02_extracted/uang/20000/ds6_img023743_ann024835.png,ds6_img023743,2022,front,normal,not_applicable,medium,vertical,high,133.09738159179688,0.7122423216872485,0.8148891911015624,True
ds7_img026101_ann027199,20000,ds7,02_extracted/uang/20000/ds7_img026101_ann027199.png,ds7_img026101,unknown,unknown,lusuh,not_applicable,low,diagonal_or_square,high,54.54633712768555,1.0969810124352697,0.86325310546875,True
ds8_img028507_ann029605,20000,ds8,02_extracted/uang/20000/ds8_img028507_ann029605.png,ds8_img028507,2022,front,normal,not_applicable,high,diagonal_or_square,medium,149.3809814453125,0.8128980891719745,0.500928125,True
ds9_img039406_ann039256,20000,ds9,02_extracted/uang/20000/ds9_img039406_ann039256.png,ds9_img039406,2022,back,lusuh,not_applicable,low,horizontal,medium,120.85697174072266,2.085714285714286,0.39921875,True
ds1_img002043_ann002043,20000,ds1,02_extracted/uang/20000/ds1_img002043_ann002043.png,ds1_img002043,2016,back,terlipat,not_applicable,high,horizontal,medium,146.4440155029297,3.89377990430622,0.453912281375965,True
ds10_img002600_ann002600,20000,ds10,02_extracted/uang/20000/ds10_img002600_ann002600.png,ds10_img002600,2022,back,normal,not_applicable,low,vertical,low,122.9298324584961,0.4676890712897137,0.3822631055363322,True
ds3_img005226_ann006040,20000,ds3,02_extracted/uang/20000/ds3_img005226_ann006040.png,ds3_img005226,2022,front,normal,not_applicable,medium,horizontal,low,134.0882110595703,2.126865671641791,0.16575520833333332,True
ds4_img006161_ann007643,20000,ds4,02_extracted/uang/20000/ds4_img006161_ann007643.png,ds4_img006161,2022,front,normal,not_applicable,high,vertical,high,177.33680725097656,0.6800182648401827,0.6499991230867347,True
ds5_img017440_ann018529,20000,ds5,02_extracted/uang/20000/ds5_img017440_ann018529.png,ds5_img017440,2022,back,normal,not_applicable,medium,vertical,low,133.26551818847656,0.46616785232624214,0.19135186702392576,True
ds6_img023428_ann024520,20000,ds6,02_extracted/uang/20000/ds6_img023428_ann024520.png,ds6_img023428,2022,back,normal,not_applicable,high,vertical,high,152.57345581054688,0.5741550843543585,0.5602481806969177,True
ds7_img026161_ann027259,20000,ds7,02_extracted/uang/20000/ds7_img026161_ann027259.png,ds7_img026161,unknown,unknown,lusuh,not_applicable,medium,diagonal_or_square,high,138.93556213378906,1.0104480679638257,0.8408949453125,True
ds8_img029218_ann030316,20000,ds8,02_extracted/uang/20000/ds8_img029218_ann030316.png,ds8_img029218,2022,front,normal,not_applicable,medium,diagonal_or_square,medium,141.0868377685547,1.009392008898971,0.4177642451171875,True
ds9_img035075_ann035507,20000,ds9,02_extracted/uang/20000/ds9_img035075_ann035507.png,ds9_img035075,unknown,unknown,lusuh,not_applicable,low,horizontal,low,118.03607177734375,2.0425925925925927,0.36353759765625,True
ds1_img000541_ann000541,20000,ds1,02_extracted/uang/20000/ds1_img000541_ann000541.png,ds1_img000541,2016,back,normal,not_applicable,high,horizontal,low,153.01393127441406,2.210526315789474,0.2865674318507891,True
ds10_img002325_ann002325,20000,ds10,02_extracted/uang/20000/ds10_img002325_ann002325.png,ds10_img002325,2022,front,terlipat,not_applicable,medium,diagonal_or_square,high,136.4651336669922,0.9566129729062519,0.6517642733564013,True
ds3_img005006_ann005476,20000,ds3,02_extracted/uang/20000/ds3_img005006_ann005476.png,ds3_img005006,2022,front,normal,not_applicable,medium,horizontal,low,133.65585327148438,2.1466165413533833,0.1648068576388889,True
ds4_img013817_ann015029,20000,ds4,02_extracted/uang/20000/ds4_img013817_ann015029.png,ds4_img013817,2022,front,lusuh,not_applicable,high,horizontal,medium,161.1138916015625,2.1082474226804124,0.3953384088010204,True
ds5_img019122_ann020211,20000,ds5,02_extracted/uang/20000/ds5_img019122_ann020211.png,ds5_img019122,2022,front,normal,not_applicable,medium,diagonal_or_square,high,127.89665985107422,1.020845308082998,0.8823417719970702,True
ds6_img023754_ann024846,20000,ds6,02_extracted/uang/20000/ds6_img023754_ann024846.png,ds6_img023754,2022,back,normal,not_applicable,high,horizontal,low,162.694091796875,1.570195942502992,0.3727208532125,True
ds7_img027680_ann028778,20000,ds7,02_extracted/uang/20000/ds7_img027680_ann028778.png,ds7_img027680,unknown,unknown,lusuh,not_applicable,medium,diagonal_or_square,high,136.48431396484375,1.0,0.765625,True
ds8_img030459_ann031557,20000,ds8,02_extracted/uang/20000/ds8_img030459_ann031557.png,ds8_img030459,2022,back,normal,not_applicable,low,vertical,medium,124.75833892822266,0.43572643767030345,0.4342747734375,True
ds9_img037775_ann037833,20000,ds9,02_extracted/uang/20000/ds9_img037775_ann037833.png,ds9_img037775,2022,front,normal,not_applicable,medium,horizontal,medium,130.67897033691406,2.1410714285714287,0.409814453125,True
ds1_img000315_ann000315,20000,ds1,02_extracted/uang/20000/ds1_img000315_ann000315.png,ds1_img000315,2022,front,terlipat,not_applicable,low,horizontal,low,113.94092559814453,4.106635071090047,0.36078091268948587,True
ds10_img002866_ann002865,20000,ds10,02_extracted/uang/20000/ds10_img002866_ann002865.png,ds10_img002866,2022,back,normal,not_applicable,high,vertical,medium,167.26910400390625,0.5220561343070516,0.480670799692426,True
ds3_img005044_ann005578,20000,ds3,02_extracted/uang/20000/ds3_img005044_ann005578.png,ds3_img005044,2022,front,normal,not_applicable,medium,horizontal,low,133.9717254638672,2.34251968503937,0.16398654513888888,True
ds4_img007479_ann008951,20000,ds4,02_extracted/uang/20000/ds4_img007479_ann008951.png,ds4_img007479,2022,back,lusuh,not_applicable,medium,horizontal,high,143.0674591064453,1.430676356514232,0.6869215571986607,True
ds5_img020042_ann021131,20000,ds5,02_extracted/uang/20000/ds5_img020042_ann021131.png,ds5_img020042,2022,back,lusuh,not_applicable,high,vertical,low,143.45355224609375,0.6615949100629029,0.31798681091552733,True
ds6_img025294_ann026389,20000,ds6,02_extracted/uang/20000/ds6_img025294_ann026389.png,ds6_img025294,2022,back,terlipat,not_applicable,high,diagonal_or_square,medium,162.80384826660156,1.0071240871129956,0.38319096420312504,True
ds7_img027668_ann028766,20000,ds7,02_extracted/uang/20000/ds7_img027668_ann028766.png,ds7_img027668,unknown,unknown,lusuh,not_applicable,medium,diagonal_or_square,high,137.61456298828125,1.0,0.793212890625,True
ds8_img027925_ann029023,20000,ds8,02_extracted/uang/20000/ds8_img027925_ann029023.png,ds8_img027925,2022,front,normal,not_applicable,high,horizontal,high,156.599609375,1.4242315982803722,0.6048286083984376,True
ds9_img035743_ann036080,20000,ds9,02_extracted/uang/20000/ds9_img035743_ann036080.png,ds9_img035743,2016,back,lusuh,not_applicable,medium,horizontal,medium,138.44895935058594,2.1809872029250457,0.3982977294921875,True
ds1_img001769_ann001769,20000,ds1,02_extracted/uang/20000/ds1_img001769_ann001769.png,ds1_img001769,2016,front,normal,not_applicable,medium,horizontal,low,140.55967712402344,2.176678445229682,0.2955593532986111,True
ds10_img002432_ann002432,20000,ds10,02_extracted/uang/20000/ds10_img002432_ann002432.png,ds10_img002432,2022,back,normal,not_applicable,low,horizontal,medium,106.73289489746094,2.0855967716902066,0.3994362745098039,True
ds3_img005363_ann006404,20000,ds3,02_extracted/uang/20000/ds3_img005363_ann006404.png,ds3_img005363,2022,back,normal,not_applicable,low,horizontal,low,115.98445129394531,2.1358490566037736,0.16274956597222223,True
ds4_img008843_ann010265,20000,ds4,02_extracted/uang/20000/ds4_img008843_ann010265.png,ds4_img008843,2016,front,lusuh,not_applicable,low,horizontal,medium,127.8118667602539,2.107142857142857,0.4033203125,True
ds5_img019022_ann020111,20000,ds5,02_extracted/uang/20000/ds5_img019022_ann020111.png,ds5_img019022,2022,back,normal,not_applicable,medium,diagonal_or_square,high,130.5024871826172,1.031336821046502,0.7135541462768556,True
ds6_img024896_ann025988,20000,ds6,02_extracted/uang/20000/ds6_img024896_ann025988.png,ds6_img024896,2022,front,terlipat,not_applicable,high,diagonal_or_square,medium,159.13121032714844,1.088804542596932,0.45156686984062494,True
ds7_img027399_ann028497,20000,ds7,02_extracted/uang/20000/ds7_img027399_ann028497.png,ds7_img027399,unknown,unknown,lusuh,not_applicable,low,diagonal_or_square,high,38.836082458496094,1.0115865550074568,0.675584525390625,True
ds8_img029638_ann030736,20000,ds8,02_extracted/uang/20000/ds8_img029638_ann030736.png,ds8_img029638,2022,back,normal,not_applicable,high,vertical,medium,198.1524200439453,0.5600098197401683,0.43202995214843753,True
ds9_img037813_ann037866,20000,ds9,02_extracted/uang/20000/ds9_img037813_ann037866.png,ds9_img037813,2016,back,lusuh,not_applicable,medium,horizontal,medium,140.7827606201172,2.021015761821366,0.402181396484375,True
ds1_img001065_ann001065,20000,ds1,02_extracted/uang/20000/ds1_img001065_ann001065.png,ds1_img001065,2016,front,terlipat,not_applicable,low,horizontal,low,82.17694854736328,4.340175953079179,0.21391126844618055,True
ds10_img002428_ann002428,20000,ds10,02_extracted/uang/20000/ds10_img002428_ann002428.png,ds10_img002428,2022,back,terlipat,not_applicable,low,diagonal_or_square,high,124.72258758544922,0.8754956383822363,0.6969194540561322,True
ds3_img004772_ann004863,20000,ds3,02_extracted/uang/20000/ds3_img004772_ann004863.png,ds3_img004772,2022,front,normal,not_applicable,medium,horizontal,low,140.45321655273438,1.867816091954023,0.24544270833333334,True
ds4_img008639_ann010079,20000,ds4,02_extracted/uang/20000/ds4_img008639_ann010079.png,ds4_img008639,2016,back,lusuh,not_applicable,high,horizontal,medium,159.2112579345703,1.6033678323378773,0.5533956074617348,True
ds5_img021097_ann022186,20000,ds5,02_extracted/uang/20000/ds5_img021097_ann022186.png,ds5_img021097,2022,front,normal,not_applicable,high,vertical,low,149.5887908935547,0.7160639512752189,0.27145292541503907,True
ds6_img025507_ann026605,20000,ds6,02_extracted/uang/20000/ds6_img025507_ann026605.png,ds6_img025507,2022,back,normal,not_applicable,high,vertical,high,149.20106506347656,0.7790284664984738,0.6193120357411925,True
ds7_img027008_ann028106,20000,ds7,02_extracted/uang/20000/ds7_img027008_ann028106.png,ds7_img027008,unknown,unknown,lusuh,not_applicable,high,diagonal_or_square,high,154.64808654785156,1.0537140173119506,0.9141767988281251,True
ds8_img029796_ann030894,20000,ds8,02_extracted/uang/20000/ds8_img029796_ann030894.png,ds8_img029796,2022,back,terlipat,not_applicable,low,vertical,low,119.85167694091797,0.7588372227883127,0.24295446386718753,True
ds9_img032426_ann033249,20000,ds9,02_extracted/uang/20000/ds9_img032426_ann033249.png,ds9_img032426,2016,back,lusuh,not_applicable,high,horizontal,medium,164.42623901367188,2.1506352087114338,0.3985198974609375,True
ds1_img000260_ann000260,20000,ds1,02_extracted/uang/20000/ds1_img000260_ann000260.png,ds1_img000260,2022,back,normal,not_applicable,medium,horizontal,medium,133.8671417236328,2.1586021505376345,0.5064493815104166,True
ds10_img002809_ann002809,20000,ds10,02_extracted/uang/20000/ds10_img002809_ann002809.png,ds10_img002809,2022,back,normal,not_applicable,high,horizontal,low,145.3827362060547,1.797574408664649,0.2865695437652185,True
ds3_img005122_ann005775,20000,ds3,02_extracted/uang/20000/ds3_img005122_ann005775.png,ds3_img005122,2022,back,normal,not_applicable,low,horizontal,low,114.22692108154297,1.4710327455919396,0.25157118055555555,True
ds4_img008449_ann009896,20000,ds4,02_extracted/uang/20000/ds4_img008449_ann009896.png,ds4_img008449,2022,back,lusuh,not_applicable,low,vertical,high,117.60295867919922,0.6506412562506746,0.6412411573660716,True
ds5_img021532_ann022621,20000,ds5,02_extracted/uang/20000/ds5_img021532_ann022621.png,ds5_img021532,2022,front,normal,not_applicable,medium,horizontal,high,136.3879852294922,1.266317179559006,0.6969273478417969,True
ds6_img022983_ann024075,20000,ds6,02_extracted/uang/20000/ds6_img022983_ann024075.png,ds6_img022983,2022,front,terlipat,not_applicable,high,horizontal,high,158.81336975097656,1.3348069914168321,0.9976477468749999,True
ds7_img026259_ann027357,20000,ds7,02_extracted/uang/20000/ds7_img026259_ann027357.png,ds7_img026259,unknown,unknown,lusuh,not_applicable,low,diagonal_or_square,high,73.54997253417969,0.9729695269667219,0.935155203125,True
ds8_img029655_ann030753,20000,ds8,02_extracted/uang/20000/ds8_img029655_ann030753.png,ds8_img029655,2022,front,terlipat,not_applicable,medium,vertical,medium,129.58396911621094,0.7847222222222223,0.51485625,True
ds9_img033125_ann033857,20000,ds9,02_extracted/uang/20000/ds9_img033125_ann033857.png,ds9_img033125,2016,back,lusuh,not_applicable,medium,horizontal,medium,139.87826538085938,2.0882882882882883,0.3926055908203125,True
ds1_img000461_ann000461,20000,ds1,02_extracted/uang/20000/ds1_img000461_ann000461.png,ds1_img000461,2022,front,normal,not_applicable,high,horizontal,low,148.98143005371094,2.1095406360424027,0.2864430745442708,True
ds10_img002360_ann002360,20000,ds10,02_extracted/uang/20000/ds10_img002360_ann002360.png,ds10_img002360,2022,back,normal,not_applicable,high,horizontal,low,161.55299377441406,2.0430039725077243,0.33336825259515573,True
ds3_img005554_ann006908,20000,ds3,02_extracted/uang/20000/ds3_img005554_ann006908.png,ds3_img005554,2022,front,normal,not_applicable,medium,horizontal,low,134.1429443359375,2.4081632653061225,0.15684678819444445,True
ds4_img009354_ann010770,20000,ds4,02_extracted/uang/20000/ds4_img009354_ann010770.png,ds4_img009354,2022,back,lusuh,not_applicable,high,horizontal,medium,161.75941467285156,2.1237113402061856,0.39823820153061223,True
ds5_img019911_ann021000,20000,ds5,02_extracted/uang/20000/ds5_img019911_ann021000.png,ds5_img019911,2022,back,normal,not_applicable,medium,diagonal_or_square,high,135.29299926757812,1.1593550604166474,0.8203097653442384,True
ds6_img025127_ann026219,20000,ds6,02_extracted/uang/20000/ds6_img025127_ann026219.png,ds6_img025127,2022,back,terlipat,not_applicable,high,horizontal,high,154.58206176757812,1.2797140303842716,0.8345875,True
ds7_img027744_ann028842,20000,ds7,02_extracted/uang/20000/ds7_img027744_ann028842.png,ds7_img027744,unknown,unknown,lusuh,not_applicable,low,diagonal_or_square,high,103.62993621826172,0.9344262295081968,0.848876953125,True
ds8_img028356_ann029454,20000,ds8,02_extracted/uang/20000/ds8_img028356_ann029454.png,ds8_img028356,2022,back,terlipat,not_applicable,medium,vertical,medium,139.52955627441406,0.509375,0.509375,True
ds9_img030597_ann031689,20000,ds9,02_extracted/uang/20000/ds9_img030597_ann031689.png,ds9_img030597,2016,back,lusuh,not_applicable,medium,horizontal,medium,139.76095581054688,2.0558375634517767,0.4382720947265625,True
ds1_img000850_ann000850,20000,ds1,02_extracted/uang/20000/ds1_img000850_ann000850.png,ds1_img000850,2016,back,terlipat,not_applicable,low,horizontal,low,121.81185150146484,4.093023255813954,0.32315365170458427,True
ds10_img003481_ann003480,20000,ds10,02_extracted/uang/20000/ds10_img003481_ann003480.png,ds10_img003481,2022,back,terlipat,not_applicable,low,horizontal,low,117.78263854980469,2.4221676265657095,0.2990068042739972,True
ds3_img005178_ann005912,20000,ds3,02_extracted/uang/20000/ds3_img005178_ann005912.png,ds3_img005178,2022,front,terlipat,not_applicable,low,diagonal_or_square,low,125.9522705078125,0.9617224880382775,0.04558268229166667,True
ds4_img013082_ann014303,20000,ds4,02_extracted/uang/20000/ds4_img013082_ann014303.png,ds4_img013082,2022,front,normal,not_applicable,low,horizontal,medium,115.57838439941406,2.0757856551397813,0.4257348482142857,True
ds5_img015949_ann017038,20000,ds5,02_extracted/uang/20000/ds5_img015949_ann017038.png,ds5_img015949,2022,front,normal,not_applicable,medium,diagonal_or_square,medium,136.385498046875,0.863043357116763,0.494629425522461,True
ds6_img023802_ann024894,20000,ds6,02_extracted/uang/20000/ds6_img023802_ann024894.png,ds6_img023802,2022,back,terlipat,not_applicable,low,diagonal_or_square,high,126.11387634277344,0.8019478272611421,0.5864292389375,True
ds7_img026921_ann028019,20000,ds7,02_extracted/uang/20000/ds7_img026921_ann028019.png,ds7_img026921,unknown,unknown,lusuh,not_applicable,high,diagonal_or_square,high,196.16403198242188,0.9339679967591655,0.80031469921875,True
ds8_img029132_ann030230,20000,ds8,02_extracted/uang/20000/ds8_img029132_ann030230.png,ds8_img029132,2022,back,normal,not_applicable,high,vertical,low,161.33363342285156,0.4333001713265869,0.29909981249999995,True
ds9_img038418_ann038379,20000,ds9,02_extracted/uang/20000/ds9_img038418_ann038379.png,ds9_img038418,2022,back,lusuh,not_applicable,low,horizontal,medium,120.79441833496094,2.134790528233151,0.39271728515625,True
ds1_img001398_ann001398,20000,ds1,02_extracted/uang/20000/ds1_img001398_ann001398.png,ds1_img001398,2016,back,terlipat,not_applicable,low,horizontal,low,99.4730224609375,4.362229102167182,0.2169084985263222,True
ds10_img003398_ann003397,20000,ds10,02_extracted/uang/20000/ds10_img003398_ann003397.png,ds10_img003398,2022,front,terlipat,not_applicable,low,horizontal,medium,124.48770904541016,1.2630173317136049,0.47056899269511726,True
ds3_img005593_ann007006,20000,ds3,02_extracted/uang/20000/ds3_img005593_ann007006.png,ds3_img005593,2022,front,normal,not_applicable,medium,horizontal,low,140.2123565673828,2.7787610619469025,0.15400173611111112,True
ds4_img008124_ann009587,20000,ds4,02_extracted/uang/20000/ds4_img008124_ann009587.png,ds4_img008124,2022,back,lusuh,not_applicable,low,vertical,high,88.87809753417969,0.6461310658919076,0.6395998086734694,True
ds5_img020620_ann021709,20000,ds5,02_extracted/uang/20000/ds5_img020620_ann021709.png,ds5_img020620,2022,front,normal,not_applicable,medium,horizontal,high,130.24566650390625,1.3649830952427187,0.7158589307592773,True
ds6_img024263_ann025355,20000,ds6,02_extracted/uang/20000/ds6_img024263_ann025355.png,ds6_img024263,2022,front,normal,not_applicable,medium,horizontal,medium,139.47869873046875,2.1339301000317947,0.4756521,True
ds7_img027409_ann028507,20000,ds7,02_extracted/uang/20000/ds7_img027409_ann028507.png,ds7_img027409,unknown,unknown,lusuh,not_applicable,high,diagonal_or_square,high,176.70779418945312,0.940495814344355,0.879163107421875,True
ds8_img030330_ann031428,20000,ds8,02_extracted/uang/20000/ds8_img030330_ann031428.png,ds8_img030330,2022,back,terlipat,not_applicable,high,diagonal_or_square,high,160.3411102294922,1.0,1.0,True
ds9_img036113_ann036399,20000,ds9,02_extracted/uang/20000/ds9_img036113_ann036399.png,ds9_img036113,2022,front,lusuh,not_applicable,medium,horizontal,medium,130.39337158203125,2.124777183600713,0.4081494140625,True
ds1_img000248_ann000248,20000,ds1,02_extracted/uang/20000/ds1_img000248_ann000248.png,ds1_img000248,2016,front,terlipat,not_applicable,low,horizontal,low,122.22818756103516,4.09112426035503,0.31183441364350617,True
ds1_img000475_ann000475,50000,ds1,02_extracted/uang/50000/ds1_img000475_ann000475.png,ds1_img000475,2022,front,normal,not_applicable,medium,horizontal,low,136.82919311523438,2.1901408450704225,0.2994927300347222,True
ds10_img003282_ann003281,50000,ds10,02_extracted/uang/50000/ds10_img003282_ann003281.png,ds10_img003282,2022,back,terlipat,not_applicable,high,vertical,low,169.46932983398438,0.4418604651162791,0.32833397633744854,True
ds4_img012911_ann014132,50000,ds4,02_extracted/uang/50000/ds4_img012911_ann014132.png,ds4_img012911,2016,front,lusuh,not_applicable,high,horizontal,low,175.1711883544922,2.2329545454545454,0.34462691326530615,True
ds5_img022053_ann023142,50000,ds5,02_extracted/uang/50000/ds5_img022053_ann023142.png,ds5_img022053,2022,back,normal,not_applicable,medium,horizontal,medium,143.2823028564453,1.3685315021706972,0.36963294990234374,True
ds6_img024227_ann025319,50000,ds6,02_extracted/uang/50000/ds6_img024227_ann025319.png,ds6_img024227,2022,back,terlipat,not_applicable,medium,diagonal_or_square,high,145.75555419921875,1.2026275,0.901970625,True
ds7_img027044_ann028142,50000,ds7,02_extracted/uang/50000/ds7_img027044_ann028142.png,ds7_img027044,unknown,unknown,lusuh,not_applicable,medium,diagonal_or_square,high,139.45059204101562,1.0170114635206042,0.889156279296875,True
ds8_img028355_ann029453,50000,ds8,02_extracted/uang/50000/ds8_img028355_ann029453.png,ds8_img028355,2022,back,normal,not_applicable,high,vertical,high,161.74989318847656,0.6124999999999999,0.55278125,True
ds9_img038539_ann038486,50000,ds9,02_extracted/uang/50000/ds9_img038539_ann038486.png,ds9_img038539,unknown,unknown,lusuh,not_applicable,medium,horizontal,medium,152.73077392578125,1.8936170212765957,0.4314739990234375,True
ds1_img001027_ann001027,50000,ds1,02_extracted/uang/50000/ds1_img001027_ann001027.png,ds1_img001027,2022,front,normal,not_applicable,medium,horizontal,low,136.61965942382812,2.186291739894552,0.3000200059678819,True
ds10_img003096_ann003095,50000,ds10,02_extracted/uang/50000/ds10_img003096_ann003095.png,ds10_img003096,2022,back,normal,not_applicable,high,horizontal,low,154.85153198242188,4.202271498107085,0.10604693700396826,True
ds4_img008477_ann009924,50000,ds4,02_extracted/uang/50000/ds4_img008477_ann009924.png,ds4_img008477,2016,back,lusuh,not_applicable,medium,vertical,high,134.18833923339844,0.6541408952962534,0.6109967620176977,True
ds5_img022062_ann023151,50000,ds5,02_extracted/uang/50000/ds5_img022062_ann023151.png,ds5_img022062,2022,front,normal,not_applicable,medium,horizontal,low,141.5646209716797,2.26079380756229,0.34242995334960935,True
ds6_img025917_ann027015,50000,ds6,02_extracted/uang/50000/ds6_img025917_ann027015.png,ds6_img025917,2022,front,normal,not_applicable,high,horizontal,high,164.0594482421875,2.13950252217777,0.6224190781250001,True
ds7_img026533_ann027631,50000,ds7,02_extracted/uang/50000/ds7_img026533_ann027631.png,ds7_img026533,unknown,unknown,lusuh,not_applicable,medium,diagonal_or_square,high,150.73548889160156,1.0428194315883301,0.866467423828125,True
ds8_img028684_ann029782,50000,ds8,02_extracted/uang/50000/ds8_img028684_ann029782.png,ds8_img028684,2022,back,normal,not_applicable,medium,horizontal,high,139.63059997558594,1.5779352226720649,0.6016765625,True
ds9_img031546_ann032504,50000,ds9,02_extracted/uang/50000/ds9_img031546_ann032504.png,ds9_img031546,unknown,unknown,lusuh,not_applicable,low,vertical,medium,129.92507934570312,0.5903010033444817,0.5153662109375,True
ds1_img000509_ann000509,50000,ds1,02_extracted/uang/50000/ds1_img000509_ann000509.png,ds1_img000509,2016,back,terlipat,not_applicable,low,horizontal,low,88.47093200683594,4.397553516819572,0.22676793981481483,True
ds10_img002401_ann002401,50000,ds10,02_extracted/uang/50000/ds10_img002401_ann002401.png,ds10_img002401,2022,back,lusuh,not_applicable,high,horizontal,low,170.3455810546875,1.623931623931624,0.18232119236583522,True
ds4_img008912_ann010334,50000,ds4,02_extracted/uang/50000/ds4_img008912_ann010334.png,ds4_img008912,2016,back,lusuh,not_applicable,low,horizontal,medium,114.53121185302734,1.9173318129988597,0.48152669387755104,True
ds5_img022071_ann023160,50000,ds5,02_extracted/uang/50000/ds5_img022071_ann023160.png,ds5_img022071,2022,front,normal,not_applicable,medium,diagonal_or_square,low,143.9508514404297,0.9105444686583044,0.1887450605834961,True
ds6_img025882_ann026980,50000,ds6,02_extracted/uang/50000/ds6_img025882_ann026980.png,ds6_img025882,2022,front,normal,not_applicable,medium,horizontal,high,152.5749969482422,1.833330849145191,0.7263649046875,True
ds7_img027026_ann028124,50000,ds7,02_extracted/uang/50000/ds7_img027026_ann028124.png,ds7_img027026,unknown,unknown,lusuh,not_applicable,low,diagonal_or_square,high,86.17433166503906,0.9572363068311257,0.8825910654296876,True
ds8_img030493_ann031591,50000,ds8,02_extracted/uang/50000/ds8_img030493_ann031591.png,ds8_img030493,2022,back,normal,not_applicable,high,vertical,medium,171.76321411132812,0.6922264376996804,0.42385457421874995,True
ds9_img034110_ann034691,50000,ds9,02_extracted/uang/50000/ds9_img034110_ann034691.png,ds9_img034110,unknown,unknown,lusuh,not_applicable,medium,horizontal,medium,151.77896118164062,1.966549295774648,0.3872412109375,True
ds1_img000076_ann000076,50000,ds1,02_extracted/uang/50000/ds1_img000076_ann000076.png,ds1_img000076,2022,back,normal,not_applicable,high,horizontal,low,155.78465270996094,2.2031802120141344,0.29915788438585067,True
ds10_img002850_ann002849,50000,ds10,02_extracted/uang/50000/ds10_img002850_ann002849.png,ds10_img002850,2022,back,terlipat,not_applicable,low,horizontal,low,104.07669830322266,1.4264562341387232,0.20752637156714535,True
ds4_img009269_ann010686,50000,ds4,02_extracted/uang/50000/ds4_img009269_ann010686.png,ds4_img009269,2016,front,lusuh,not_applicable,high,horizontal,medium,188.90090942382812,2.1479591836734695,0.4111328125,True
ds5_img022068_ann023157,50000,ds5,02_extracted/uang/50000/ds5_img022068_ann023157.png,ds5_img022068,2022,front,normal,not_applicable,medium,diagonal_or_square,low,140.49560546875,0.8672917585350571,0.19261666759521487,True
ds6_img026045_ann027143,50000,ds6,02_extracted/uang/50000/ds6_img026045_ann027143.png,ds6_img026045,2022,back,normal,not_applicable,high,horizontal,low,162.34913635253906,1.9795734991044314,0.26205244895833335,True
ds7_img027554_ann028652,50000,ds7,02_extracted/uang/50000/ds7_img027554_ann028652.png,ds7_img027554,unknown,unknown,lusuh,not_applicable,low,diagonal_or_square,high,115.71551513671875,0.9397152864809281,0.8886844892578124,True
ds8_img028327_ann029425,50000,ds8,02_extracted/uang/50000/ds8_img028327_ann029425.png,ds8_img028327,2022,front,terlipat,not_applicable,low,diagonal_or_square,medium,106.1529541015625,0.9874825327510917,0.5057087060546874,True
ds9_img036093_ann036381,50000,ds9,02_extracted/uang/50000/ds9_img036093_ann036381.png,ds9_img036093,unknown,unknown,lusuh,not_applicable,high,horizontal,high,161.6691436767578,1.511002444987775,0.6170947265625,True
ds1_img000852_ann000852,50000,ds1,02_extracted/uang/50000/ds1_img000852_ann000852.png,ds1_img000852,2022,front,normal,not_applicable,medium,horizontal,high,151.0618438720703,2.1702127659574466,0.8127848307291666,True
ds10_img002704_ann002704,50000,ds10,02_extracted/uang/50000/ds10_img002704_ann002704.png,ds10_img002704,2022,back,normal,not_applicable,high,horizontal,low,186.5524139404297,2.087523525837668,0.3118360607205845,True
ds4_img007683_ann009148,50000,ds4,02_extracted/uang/50000/ds4_img007683_ann009148.png,ds4_img007683,2016,back,lusuh,not_applicable,low,horizontal,medium,110.80883026123047,2.1145833333333335,0.38839285714285715,True
ds5_img022180_ann023269,50000,ds5,02_extracted/uang/50000/ds5_img022180_ann023269.png,ds5_img022180,2022,front,normal,not_applicable,low,vertical,low,121.9344482421875,0.3507865220561851,0.10227277583984375,True
ds6_img022814_ann023906,50000,ds6,02_extracted/uang/50000/ds6_img022814_ann023906.png,ds6_img022814,2016,back,normal,not_applicable,high,horizontal,medium,165.8868408203125,1.6794205422857567,0.4733076440302531,True
ds7_img026571_ann027669,50000,ds7,02_extracted/uang/50000/ds7_img026571_ann027669.png,ds7_img026571,unknown,unknown,lusuh,not_applicable,low,diagonal_or_square,high,121.2437515258789,1.067344827586207,0.8765986328125,True
ds8_img028336_ann029434,50000,ds8,02_extracted/uang/50000/ds8_img028336_ann029434.png,ds8_img028336,2022,front,lusuh,not_applicable,medium,vertical,low,136.9396209716797,0.6846846846846847,0.32953125,True
ds9_img036535_ann036774,50000,ds9,02_extracted/uang/50000/ds9_img036535_ann036774.png,ds9_img036535,unknown,unknown,lusuh,not_applicable,high,horizontal,medium,153.53729248046875,1.9140350877192982,0.379559326171875,True
ds1_img000375_ann000375,50000,ds1,02_extracted/uang/50000/ds1_img000375_ann000375.png,ds1_img000375,2022,front,terlipat,not_applicable,medium,horizontal,medium,141.0032501220703,4.001964636542239,0.4394671122233073,True
ds10_img002630_ann002630,50000,ds10,02_extracted/uang/50000/ds10_img002630_ann002630.png,ds10_img002630,2022,back,lusuh,not_applicable,high,diagonal_or_square,low,161.610595703125,0.8128505992344858,0.16932518752099607,True
ds4_img008793_ann010215,50000,ds4,02_extracted/uang/50000/ds4_img008793_ann010215.png,ds4_img008793,2016,front,lusuh,not_applicable,low,vertical,medium,105.87097930908203,0.5447295098827534,0.4967511953125,True
ds5_img021883_ann022972,50000,ds5,02_extracted/uang/50000/ds5_img021883_ann022972.png,ds5_img021883,2022,front,normal,not_applicable,medium,horizontal,low,149.80401611328125,1.6754650757785496,0.20513819822753906,True
ds6_img025927_ann027025,50000,ds6,02_extracted/uang/50000/ds6_img025927_ann027025.png,ds6_img025927,2022,back,lusuh,not_applicable,medium,diagonal_or_square,medium,145.3050537109375,1.1746675800530468,0.50763475,True
ds7_img026701_ann027799,50000,ds7,02_extracted/uang/50000/ds7_img026701_ann027799.png,ds7_img026701,unknown,unknown,lusuh,not_applicable,low,diagonal_or_square,high,128.21875,1.0140781546986244,0.954207615234375,True
ds8_img029146_ann030244,50000,ds8,02_extracted/uang/50000/ds8_img029146_ann030244.png,ds8_img029146,2022,back,terlipat,not_applicable,medium,diagonal_or_square,high,151.87693786621094,0.9966671874999999,0.9966671875,True
ds9_img032925_ann033687,50000,ds9,02_extracted/uang/50000/ds9_img032925_ann033687.png,ds9_img032925,unknown,unknown,lusuh,not_applicable,high,vertical,medium,154.2646484375,0.5335753176043557,0.3954931640625,True
ds1_img000287_ann000287,50000,ds1,02_extracted/uang/50000/ds1_img000287_ann000287.png,ds1_img000287,2016,back,terlipat,not_applicable,low,horizontal,low,114.78997802734375,4.172985781990521,0.31498463948567706,True
ds10_img002963_ann002962,50000,ds10,02_extracted/uang/50000/ds10_img002963_ann002962.png,ds10_img002963,2022,back,lusuh,not_applicable,medium,diagonal_or_square,low,153.25791931152344,1.0533412057781586,0.13205982147778095,True
ds4_img006095_ann007577,50000,ds4,02_extracted/uang/50000/ds4_img006095_ann007577.png,ds4_img006095,2022,front,normal,not_applicable,high,diagonal_or_square,high,154.86148071289062,1.0,1.0,True
ds5_img021735_ann022824,50000,ds5,02_extracted/uang/50000/ds5_img021735_ann022824.png,ds5_img021735,2022,front,normal,not_applicable,low,diagonal_or_square,high,110.0933837890625,1.0005940341740143,0.7584572176904296,True
ds6_img022695_ann023784,50000,ds6,02_extracted/uang/50000/ds6_img022695_ann023784.png,ds6_img022695,2022,front,normal,not_applicable,medium,horizontal,high,132.31356811523438,1.8553288585208236,0.6438359227333069,True
ds7_img026887_ann027985,50000,ds7,02_extracted/uang/50000/ds7_img026887_ann027985.png,ds7_img026887,unknown,unknown,lusuh,not_applicable,low,diagonal_or_square,high,103.44865417480469,1.0101479638601545,0.9205568203125,True
ds8_img029118_ann030216,50000,ds8,02_extracted/uang/50000/ds8_img029118_ann030216.png,ds8_img029118,2022,back,normal,not_applicable,high,diagonal_or_square,medium,167.92919921875,0.8587189569536424,0.4894912734375,True
ds9_img032593_ann033398,50000,ds9,02_extracted/uang/50000/ds9_img032593_ann033398.png,ds9_img032593,unknown,unknown,lusuh,not_applicable,medium,horizontal,medium,130.8427276611328,2.193245778611632,0.3802960205078125,True
ds1_img000066_ann000066,50000,ds1,02_extracted/uang/50000/ds1_img000066_ann000066.png,ds1_img000066,2022,back,normal,not_applicable,high,horizontal,low,155.8653564453125,2.198581560283688,0.31228231864799116,True
ds10_img002763_ann002763,50000,ds10,02_extracted/uang/50000/ds10_img002763_ann002763.png,ds10_img002763,2022,back,normal,not_applicable,high,vertical,low,213.0880584716797,0.4750972393511052,0.24938269085411946,True
ds4_img007383_ann008861,50000,ds4,02_extracted/uang/50000/ds4_img007383_ann008861.png,ds4_img007383,2022,back,lusuh,not_applicable,medium,vertical,medium,133.42152404785156,0.5457599753619875,0.49953065756536985,True
ds5_img021832_ann022921,50000,ds5,02_extracted/uang/50000/ds5_img021832_ann022921.png,ds5_img021832,2022,back,normal,not_applicable,low,vertical,low,118.30895233154297,0.46306364506322845,0.12405552501464845,True
ds6_img024630_ann025722,50000,ds6,02_extracted/uang/50000/ds6_img024630_ann025722.png,ds6_img024630,2022,back,normal,not_applicable,medium,vertical,medium,139.92001342773438,0.5025136444620011,0.40270882978645833,True
ds7_img027381_ann028479,50000,ds7,02_extracted/uang/50000/ds7_img027381_ann028479.png,ds7_img027381,unknown,unknown,lusuh,not_applicable,low,diagonal_or_square,high,73.13103485107422,1.0352737352737353,0.8420694140625,True
ds8_img028065_ann029163,50000,ds8,02_extracted/uang/50000/ds8_img028065_ann029163.png,ds8_img028065,2022,back,normal,not_applicable,high,vertical,low,162.4298095703125,0.6855515021459228,0.3634561083984375,True
ds9_img037130_ann037280,50000,ds9,02_extracted/uang/50000/ds9_img037130_ann037280.png,ds9_img037130,unknown,unknown,lusuh,not_applicable,high,horizontal,medium,160.43460083007812,1.8774193548387097,0.440478515625,True
ds1_img000809_ann000809,50000,ds1,02_extracted/uang/50000/ds1_img000809_ann000809.png,ds1_img000809,2022,front,normal,not_applicable,medium,horizontal,high,151.1200408935547,2.1691489361702128,0.8123864067925347,True
ds10_img002842_ann002841,50000,ds10,02_extracted/uang/50000/ds10_img002842_ann002841.png,ds10_img002842,2022,front,normal,not_applicable,low,vertical,low,92.36913299560547,0.4873318546891441,0.2790023375824095,True
ds4_img010320_ann011723,50000,ds4,02_extracted/uang/50000/ds4_img010320_ann011723.png,ds4_img010320,unknown,front,normal,not_applicable,low,diagonal_or_square,high,87.94760131835938,1.0,1.0,True
ds5_img021821_ann022910,50000,ds5,02_extracted/uang/50000/ds5_img021821_ann022910.png,ds5_img021821,2022,front,normal,not_applicable,low,vertical,medium,85.76901245117188,0.551738502236166,0.5008129347607422,True
ds6_img025518_ann026616,50000,ds6,02_extracted/uang/50000/ds6_img025518_ann026616.png,ds6_img025518,2022,front,terlipat,not_applicable,high,horizontal,high,183.80606079101562,1.2506475000000001,0.937985625,True
ds7_img027570_ann028668,50000,ds7,02_extracted/uang/50000/ds7_img027570_ann028668.png,ds7_img027570,unknown,unknown,lusuh,not_applicable,low,diagonal_or_square,high,71.03440856933594,1.0718381816286102,0.8665618359375,True
ds8_img030527_ann031625,50000,ds8,02_extracted/uang/50000/ds8_img030527_ann031625.png,ds8_img030527,2022,front,terlipat,not_applicable,medium,vertical,medium,149.90489196777344,0.7718615273693437,0.426487201171875,True
ds9_img035197_ann035608,50000,ds9,02_extracted/uang/50000/ds9_img035197_ann035608.png,ds9_img035197,unknown,unknown,lusuh,not_applicable,low,horizontal,low,121.35887145996094,2.394572025052192,0.3353350830078125,True
ds1_img000681_ann000681,50000,ds1,02_extracted/uang/50000/ds1_img000681_ann000681.png,ds1_img000681,2022,back,normal,not_applicable,high,horizontal,high,155.42987060546875,2.2019650655021836,0.7831030951605903,True
ds10_img002288_ann002288,50000,ds10,02_extracted/uang/50000/ds10_img002288_ann002288.png,ds10_img002288,2022,front,normal,not_applicable,low,vertical,low,68.06127166748047,0.4976481880629746,0.34980243258954824,True
ds4_img007836_ann009301,50000,ds4,02_extracted/uang/50000/ds4_img007836_ann009301.png,ds4_img007836,2022,back,lusuh,not_applicable,low,vertical,medium,111.32608032226562,0.5625062748140374,0.5383131788105867,True
ds5_img021702_ann022791,50000,ds5,02_extracted/uang/50000/ds5_img021702_ann022791.png,ds5_img021702,2022,back,normal,not_applicable,low,diagonal_or_square,high,124.7897720336914,0.8351125424563997,0.6583144318359375,True
ds6_img024487_ann025579,50000,ds6,02_extracted/uang/50000/ds6_img024487_ann025579.png,ds6_img024487,2022,front,normal,not_applicable,high,horizontal,low,168.45022583007812,1.7542900254692573,0.32073480365625007,True
ds7_img026305_ann027403,50000,ds7,02_extracted/uang/50000/ds7_img026305_ann027403.png,ds7_img026305,unknown,unknown,lusuh,not_applicable,high,diagonal_or_square,high,153.3014373779297,1.0446599909284393,0.8380263681640625,True
ds8_img028657_ann029755,50000,ds8,02_extracted/uang/50000/ds8_img028657_ann029755.png,ds8_img028657,2022,back,terlipat,not_applicable,high,diagonal_or_square,high,167.1019744873047,1.075268817204301,0.93,True
ds9_img032528_ann033340,50000,ds9,02_extracted/uang/50000/ds9_img032528_ann033340.png,ds9_img032528,unknown,unknown,lusuh,not_applicable,low,horizontal,medium,105.19218444824219,2.106164383561644,0.438427734375,True
ds1_img001058_ann001058,50000,ds1,02_extracted/uang/50000/ds1_img001058_ann001058.png,ds1_img001058,2022,back,normal,not_applicable,high,horizontal,medium,157.59190368652344,2.229551451187335,0.5429670545789931,True
ds10_img002191_ann002191,50000,ds10,02_extracted/uang/50000/ds10_img002191_ann002191.png,ds10_img002191,2022,front,terlipat,not_applicable,medium,diagonal_or_square,low,131.19969177246094,1.0338761407903974,0.179003516707609,True
ds4_img008844_ann010266,50000,ds4,02_extracted/uang/50000/ds4_img008844_ann010266.png,ds4_img008844,2016,back,lusuh,not_applicable,low,horizontal,medium,125.09490203857422,2.2311827956989245,0.3845962213010204,True
ds5_img021727_ann022816,50000,ds5,02_extracted/uang/50000/ds5_img021727_ann022816.png,ds5_img021727,2022,front,normal,not_applicable,low,vertical,medium,130.04794311523438,0.5399682220240319,0.4126855879199218,True
ds6_img023481_ann024573,50000,ds6,02_extracted/uang/50000/ds6_img023481_ann024573.png,ds6_img023481,2016,back,normal,not_applicable,high,vertical,medium,159.8722381591797,0.5390186206494096,0.5242304593861151,True
ds7_img027702_ann028800,50000,ds7,02_extracted/uang/50000/ds7_img027702_ann028800.png,ds7_img027702,unknown,unknown,lusuh,not_applicable,low,diagonal_or_square,high,125.41401672363281,1.0,0.849853515625,True
ds8_img030540_ann031638,50000,ds8,02_extracted/uang/50000/ds8_img030540_ann031638.png,ds8_img030540,2022,back,terlipat,not_applicable,low,vertical,medium,119.72915649414062,0.45921052631578946,0.4144375,True
ds9_img031229_ann032240,50000,ds9,02_extracted/uang/50000/ds9_img031229_ann032240.png,ds9_img031229,unknown,unknown,lusuh,not_applicable,high,horizontal,medium,159.2925567626953,1.9637305699481866,0.4018084716796875,True
ds1_img000249_ann000249,50000,ds1,02_extracted/uang/50000/ds1_img000249_ann000249.png,ds1_img000249,2016,back,terlipat,not_applicable,medium,horizontal,medium,142.42332458496094,3.8095238095238093,0.46646341463414637,True
ds10_img002207_ann002207,50000,ds10,02_extracted/uang/50000/ds10_img002207_ann002207.png,ds10_img002207,2022,front,normal,not_applicable,medium,horizontal,low,136.94920349121094,1.8503130105630954,0.23197801862546719,True
ds4_img013088_ann014309,50000,ds4,02_extracted/uang/50000/ds4_img013088_ann014309.png,ds4_img013088,2016,back,lusuh,not_applicable,medium,horizontal,high,144.5289306640625,1.6261685003322748,0.5944280086096939,True
ds5_img022096_ann023185,50000,ds5,02_extracted/uang/50000/ds5_img022096_ann023185.png,ds5_img022096,2022,front,normal,not_applicable,low,diagonal_or_square,high,123.89517211914062,0.9801929932760721,0.6768626902734376,True
ds6_img023655_ann024747,50000,ds6,02_extracted/uang/50000/ds6_img023655_ann024747.png,ds6_img023655,2016,back,normal,not_applicable,high,vertical,high,154.2158203125,0.6281016525527973,0.6540793494981916,True
ds7_img027241_ann028339,50000,ds7,02_extracted/uang/50000/ds7_img027241_ann028339.png,ds7_img027241,unknown,unknown,lusuh,not_applicable,low,diagonal_or_square,high,77.85102081298828,1.1054047177697814,0.8171414736328125,True
ds8_img027895_ann028993,50000,ds8,02_extracted/uang/50000/ds8_img027895_ann028993.png,ds8_img027895,2022,front,terlipat,not_applicable,high,diagonal_or_square,high,186.39590454101562,0.96875,0.96875,True
ds9_img033662_ann034308,50000,ds9,02_extracted/uang/50000/ds9_img033662_ann034308.png,ds9_img033662,unknown,unknown,lusuh,not_applicable,high,horizontal,medium,184.40621948242188,1.9560810810810811,0.41841796875,True
ds1_img000478_ann000478,50000,ds1,02_extracted/uang/50000/ds1_img000478_ann000478.png,ds1_img000478,2016,back,terlipat,not_applicable,medium,horizontal,low,133.15420532226562,3.8764568764568765,0.3328644293648661,True
ds10_img003289_ann003288,50000,ds10,02_extracted/uang/50000/ds10_img003289_ann003288.png,ds10_img003289,2022,front,normal,not_applicable,high,horizontal,low,166.7049560546875,2.196877134964405,0.18378937716193733,True
ds4_img010131_ann011540,50000,ds4,02_extracted/uang/50000/ds4_img010131_ann011540.png,ds4_img010131,2016,back,lusuh,not_applicable,low,horizontal,medium,118.18968963623047,2.1083743842364533,0.43289620535714285,True
ds5_img022029_ann023118,50000,ds5,02_extracted/uang/50000/ds5_img022029_ann023118.png,ds5_img022029,2022,front,normal,not_applicable,medium,vertical,low,135.81040954589844,0.477552448951021,0.2914865425048828,True
ds1_img001561_ann001561,100000,ds1,02_extracted/uang/100000/ds1_img001561_ann001561.png,ds1_img001561,2016,front,normal,not_applicable,medium,horizontal,high,150.30099487304688,2.232300884955752,0.778964268634283,True
ds10_img002301_ann002301,100000,ds10,02_extracted/uang/100000/ds10_img002301_ann002301.png,ds10_img002301,2022,front,terlipat,not_applicable,medium,diagonal_or_square,low,155.12615966796875,0.9064021491516339,0.18256968462780562,True
ds4_img012335_ann013577,100000,ds4,02_extracted/uang/100000/ds4_img012335_ann013577.png,ds4_img012335,2016,front,lusuh,not_applicable,low,horizontal,medium,117.09307098388672,2.167539267015707,0.3939831792091837,True
ds5_img015099_ann016188,100000,ds5,02_extracted/uang/100000/ds5_img015099_ann016188.png,ds5_img015099,2022,front,normal,not_applicable,medium,diagonal_or_square,medium,142.94662475585938,1.216039737084766,0.575537138696289,True
ds6_img024294_ann025386,100000,ds6,02_extracted/uang/100000/ds6_img024294_ann025386.png,ds6_img024294,2022,front,normal,not_applicable,low,horizontal,high,93.35618591308594,1.889888802625586,0.646099092975,True
ds7_img027748_ann028846,100000,ds7,02_extracted/uang/100000/ds7_img027748_ann028846.png,ds7_img027748,unknown,unknown,lusuh,not_applicable,low,diagonal_or_square,high,124.62346649169922,0.9836065573770492,0.8935546875,True
ds8_img027880_ann028978,100000,ds8,02_extracted/uang/100000/ds8_img027880_ann028978.png,ds8_img027880,2022,back,terlipat,not_applicable,high,vertical,high,177.07611083984375,0.678125,0.678125,True
ds9_img035748_ann036085,100000,ds9,02_extracted/uang/100000/ds9_img035748_ann036085.png,ds9_img035748,unknown,unknown,lusuh,not_applicable,medium,vertical,high,147.9600067138672,0.609375,0.609375,True
ds1_img001124_ann001124,100000,ds1,02_extracted/uang/100000/ds1_img001124_ann001124.png,ds1_img001124,2022,back,normal,not_applicable,high,horizontal,high,162.36404418945312,2.302721088435374,0.7592697143554688,True
ds10_img003419_ann003418,100000,ds10,02_extracted/uang/100000/ds10_img003419_ann003418.png,ds10_img003419,2022,front,normal,not_applicable,medium,horizontal,low,148.0447540283203,3.9240190956873966,0.12456358248594578,True
ds4_img006400_ann007882,100000,ds4,02_extracted/uang/100000/ds4_img006400_ann007882.png,ds4_img006400,2016,front,lusuh,not_applicable,low,vertical,medium,114.44221496582031,0.5783868448689065,0.5722989028619261,True
ds5_img015750_ann016839,100000,ds5,02_extracted/uang/100000/ds5_img015750_ann016839.png,ds5_img015750,2022,back,lusuh,not_applicable,medium,diagonal_or_square,low,144.48365783691406,0.918272947109522,0.13120108828125,True
ds6_img024080_ann025172,100000,ds6,02_extracted/uang/100000/ds6_img024080_ann025172.png,ds6_img024080,2022,back,normal,not_applicable,high,horizontal,medium,172.727294921875,1.5874213836477988,0.522546875,True
ds7_img026483_ann027581,100000,ds7,02_extracted/uang/100000/ds7_img026483_ann027581.png,ds7_img026483,unknown,unknown,lusuh,not_applicable,low,diagonal_or_square,high,106.02649688720703,1.0351509840927473,0.8900151171875,True
ds8_img029942_ann031040,100000,ds8,02_extracted/uang/100000/ds8_img029942_ann031040.png,ds8_img029942,2022,front,terlipat,not_applicable,high,diagonal_or_square,high,172.4952850341797,1.0143707810496518,0.9858328125,True
ds9_img039841_ann039632,100000,ds9,02_extracted/uang/100000/ds9_img039841_ann039632.png,ds9_img039841,unknown,unknown,lusuh,not_applicable,low,horizontal,medium,121.53337860107422,2.0879310344827586,0.42869873046875,True
ds1_img000384_ann000384,100000,ds1,02_extracted/uang/100000/ds1_img000384_ann000384.png,ds1_img000384,2022,back,normal,not_applicable,high,horizontal,medium,162.9337921142578,2.2453825857519787,0.5468224419487847,True
ds10_img002671_ann002671,100000,ds10,02_extracted/uang/100000/ds10_img002671_ann002671.png,ds10_img002671,2022,back,normal,not_applicable,low,vertical,low,57.55232238769531,0.5277912008556986,0.14683535058651162,True
ds4_img005811_ann007293,100000,ds4,02_extracted/uang/100000/ds4_img005811_ann007293.png,ds4_img005811,2016,front,lusuh,not_applicable,low,horizontal,medium,120.67292022705078,2.106379413996669,0.4322054164540816,True
ds5_img021401_ann022490,100000,ds5,02_extracted/uang/100000/ds5_img021401_ann022490.png,ds5_img021401,2022,front,normal,not_applicable,medium,vertical,low,143.6793670654297,0.7145818966575389,0.35027488265625,True
ds6_img024355_ann025447,100000,ds6,02_extracted/uang/100000/ds6_img024355_ann025447.png,ds6_img024355,2022,front,normal,not_applicable,medium,horizontal,high,154.0843048095703,1.5039473919202306,0.8865558333333333,True
ds7_img026471_ann027569,100000,ds7,02_extracted/uang/100000/ds7_img026471_ann027569.png,ds7_img026471,unknown,unknown,lusuh,not_applicable,low,diagonal_or_square,high,68.5022201538086,1.0252840238681185,0.8809968935546875,True
ds8_img030398_ann031496,100000,ds8,02_extracted/uang/100000/ds8_img030398_ann031496.png,ds8_img030398,2022,back,normal,not_applicable,low,horizontal,low,129.33181762695312,1.737847222222222,0.225225,True
ds9_img030749_ann031819,100000,ds9,02_extracted/uang/100000/ds9_img030749_ann031819.png,ds9_img030749,unknown,unknown,lusuh,not_applicable,low,horizontal,low,111.29776000976562,2.2595419847328246,0.378671875,True
ds1_img001685_ann001685,100000,ds1,02_extracted/uang/100000/ds1_img001685_ann001685.png,ds1_img001685,2016,back,normal,not_applicable,high,horizontal,low,163.2071075439453,2.2812219227313566,0.30166562051649926,True
ds10_img003486_ann003484,100000,ds10,02_extracted/uang/100000/ds10_img003486_ann003484.png,ds10_img003486,2022,front,normal,not_applicable,high,horizontal,low,182.332275390625,2.2484501576521954,0.1959240012194114,True
ds4_img006300_ann007782,100000,ds4,02_extracted/uang/100000/ds4_img006300_ann007782.png,ds4_img006300,2022,back,normal,not_applicable,low,horizontal,medium,117.82568359375,2.0531400966183573,0.43833207110969385,True
ds5_img018141_ann019230,100000,ds5,02_extracted/uang/100000/ds5_img018141_ann019230.png,ds5_img018141,2022,back,lusuh,not_applicable,high,diagonal_or_square,low,162.49276733398438,0.9485651729150589,0.1150442755859375,True
ds6_img025175_ann026267,100000,ds6,02_extracted/uang/100000/ds6_img025175_ann026267.png,ds6_img025175,2022,front,terlipat,not_applicable,high,horizontal,high,165.213134765625,1.3333333333333333,1.0,True
ds7_img027234_ann028332,100000,ds7,02_extracted/uang/100000/ds7_img027234_ann028332.png,ds7_img027234,unknown,unknown,lusuh,not_applicable,low,diagonal_or_square,high,56.43286895751953,1.1037602985705233,0.8695061503906251,True
ds8_img028363_ann029461,100000,ds8,02_extracted/uang/100000/ds8_img028363_ann029461.png,ds8_img028363,2022,front,normal,not_applicable,high,horizontal,medium,158.60714721679688,1.6273584905660379,0.457125,True
ds9_img037153_ann037300,100000,ds9,02_extracted/uang/100000/ds9_img037153_ann037300.png,ds9_img037153,unknown,unknown,lusuh,not_applicable,medium,horizontal,medium,150.8108673095703,2.042207792207792,0.472978515625,True
ds1_img001714_ann001714,100000,ds1,02_extracted/uang/100000/ds1_img001714_ann001714.png,ds1_img001714,2022,front,normal,not_applicable,medium,horizontal,low,155.46754455566406,2.2897526501766783,0.3109130859375,True
ds10_img003686_ann003682,100000,ds10,02_extracted/uang/100000/ds10_img003686_ann003682.png,ds10_img003686,2022,front,normal,not_applicable,high,vertical,low,161.5599365234375,0.4718043610320683,0.24226450833805743,True
ds4_img012745_ann013969,100000,ds4,02_extracted/uang/100000/ds4_img012745_ann013969.png,ds4_img012745,2022,back,lusuh,not_applicable,low,vertical,high,127.26312255859375,0.7516212652191192,0.7344864488201529,True
ds5_img014853_ann015942,100000,ds5,02_extracted/uang/100000/ds5_img014853_ann015942.png,ds5_img014853,2022,back,normal,not_applicable,low,vertical,low,129.94944763183594,0.42017387421627694,0.14521778420410159,True
ds6_img025862_ann026960,100000,ds6,02_extracted/uang/100000/ds6_img025862_ann026960.png,ds6_img025862,2016,front,normal,not_applicable,low,vertical,medium,132.32192993164062,0.6615627860530915,0.49757890624999995,True
ds7_img026247_ann027345,100000,ds7,02_extracted/uang/100000/ds7_img026247_ann027345.png,ds7_img026247,unknown,unknown,lusuh,not_applicable,low,diagonal_or_square,high,17.07435417175293,0.9135095819366265,0.892055384765625,True
ds8_img028919_ann030017,100000,ds8,02_extracted/uang/100000/ds8_img028919_ann030017.png,ds8_img028919,2022,back,normal,not_applicable,low,horizontal,low,133.28428649902344,1.297461847931825,0.3363685732421875,True
ds9_img036180_ann036459,100000,ds9,02_extracted/uang/100000/ds9_img036180_ann036459.png,ds9_img036180,unknown,unknown,lusuh,not_applicable,low,vertical,high,126.99893188476562,0.6737357259380098,0.61808837890625,True
ds1_img001713_ann001713,100000,ds1,02_extracted/uang/100000/ds1_img001713_ann001713.png,ds1_img001713,2016,front,normal,not_applicable,medium,horizontal,medium,146.83546447753906,2.2605263157894737,0.5534193250868056,True
ds10_img002895_ann002894,100000,ds10,02_extracted/uang/100000/ds10_img002895_ann002894.png,ds10_img002895,2022,back,normal,not_applicable,low,vertical,low,51.53354263305664,0.5900065431850212,0.2750586533919123,True
ds4_img006249_ann007731,100000,ds4,02_extracted/uang/100000/ds4_img006249_ann007731.png,ds4_img006249,2016,front,lusuh,not_applicable,low,horizontal,medium,117.2381362915039,1.6241755500612605,0.6013783111447704,True
ds5_img020575_ann021664,100000,ds5,02_extracted/uang/100000/ds5_img020575_ann021664.png,ds5_img020575,2022,front,lusuh,not_applicable,medium,diagonal_or_square,low,157.2411346435547,0.82809755155883,0.1953041714111328,True
ds6_img025241_ann026333,100000,ds6,02_extracted/uang/100000/ds6_img025241_ann026333.png,ds6_img025241,2022,front,normal,not_applicable,medium,diagonal_or_square,medium,136.76095581054688,0.8872471831081786,0.5610176541666666,True
ds7_img026947_ann028045,100000,ds7,02_extracted/uang/100000/ds7_img026947_ann028045.png,ds7_img026947,unknown,unknown,lusuh,not_applicable,medium,diagonal_or_square,high,143.4769287109375,0.8708424838473535,0.8395070888671875,True
ds8_img028140_ann029238,100000,ds8,02_extracted/uang/100000/ds8_img028140_ann029238.png,ds8_img028140,2022,back,normal,not_applicable,high,horizontal,low,158.0862274169922,1.6489151072708628,0.35144414648437494,True
ds9_img037641_ann037716,100000,ds9,02_extracted/uang/100000/ds9_img037641_ann037716.png,ds9_img037641,unknown,unknown,lusuh,not_applicable,medium,horizontal,medium,136.66226196289062,2.019543973941368,0.464697265625,True
ds1_img000172_ann000172,100000,ds1,02_extracted/uang/100000/ds1_img000172_ann000172.png,ds1_img000172,2022,front,normal,not_applicable,high,horizontal,high,158.33926391601562,2.23841059602649,0.778778076171875,True
ds10_img003526_ann003523,100000,ds10,02_extracted/uang/100000/ds10_img003526_ann003523.png,ds10_img003526,2022,front,normal,not_applicable,high,vertical,low,180.09483337402344,0.609795696387797,0.31275319828114506,True
ds4_img006289_ann007771,100000,ds4,02_extracted/uang/100000/ds4_img006289_ann007771.png,ds4_img006289,2016,front,lusuh,not_applicable,low,horizontal,medium,115.35517883300781,2.1725888324873095,0.420101243622449,True
ds5_img020702_ann021791,100000,ds5,02_extracted/uang/100000/ds5_img020702_ann021791.png,ds5_img020702,2022,back,normal,not_applicable,low,diagonal_or_square,low,121.09038543701172,1.0168255959378203,0.17599553076416016,True
ds6_img024232_ann025324,100000,ds6,02_extracted/uang/100000/ds6_img024232_ann025324.png,ds6_img024232,2022,back,terlipat,not_applicable,low,diagonal_or_square,low,81.4825668334961,1.157268451244609,0.2506174060682292,True
ds7_img026327_ann027425,100000,ds7,02_extracted/uang/100000/ds7_img026327_ann027425.png,ds7_img026327,unknown,unknown,lusuh,not_applicable,low,diagonal_or_square,high,104.6684799194336,0.922505546802148,0.8712882919921875,True
ds8_img028845_ann029943,100000,ds8,02_extracted/uang/100000/ds8_img028845_ann029943.png,ds8_img028845,2022,front,lusuh,not_applicable,high,horizontal,medium,173.5819854736328,1.336632481760536,0.46396916015625,True
ds9_img033615_ann034269,100000,ds9,02_extracted/uang/100000/ds9_img033615_ann034269.png,ds9_img033615,unknown,unknown,lusuh,not_applicable,medium,horizontal,medium,134.52166748046875,2.162629757785467,0.44097900390625,True
ds1_img000067_ann000067,100000,ds1,02_extracted/uang/100000/ds1_img000067_ann000067.png,ds1_img000067,2022,back,normal,not_applicable,medium,horizontal,low,153.74082946777344,2.2588028169014085,0.3088819715711806,True
ds10_img003330_ann003329,100000,ds10,02_extracted/uang/100000/ds10_img003330_ann003329.png,ds10_img003330,2022,front,lusuh,not_applicable,high,vertical,low,164.9583740234375,0.4782034931094342,0.19999532982174348,True
ds4_img014179_ann015302,100000,ds4,02_extracted/uang/100000/ds4_img014179_ann015302.png,ds4_img014179,2022,back,lusuh,not_applicable,high,horizontal,medium,166.6123809814453,2.2222222222222223,0.3955078125,True
ds5_img017170_ann018259,100000,ds5,02_extracted/uang/100000/ds5_img017170_ann018259.png,ds5_img017170,2022,front,normal,not_applicable,low,horizontal,medium,120.58552551269531,1.8153026056959947,0.4360181722998046,True
ds6_img024683_ann025775,100000,ds6,02_extracted/uang/100000/ds6_img024683_ann025775.png,ds6_img024683,2016,front,normal,not_applicable,high,vertical,medium,158.4493865966797,0.5722100656455142,0.3890152994791667,True
ds7_img027735_ann028833,100000,ds7,02_extracted/uang/100000/ds7_img027735_ann028833.png,ds7_img027735,unknown,unknown,lusuh,not_applicable,medium,diagonal_or_square,high,149.17550659179688,0.9180327868852459,0.833984375,True
ds8_img028331_ann029429,100000,ds8,02_extracted/uang/100000/ds8_img028331_ann029429.png,ds8_img028331,2022,back,normal,not_applicable,high,horizontal,low,162.9656219482422,1.578259154066137,0.36237018554687495,True
ds9_img033265_ann033979,100000,ds9,02_extracted/uang/100000/ds9_img033265_ann033979.png,ds9_img033265,unknown,unknown,lusuh,not_applicable,high,horizontal,medium,166.88265991210938,2.181651376146789,0.3955108642578125,True
ds1_img000264_ann000264,100000,ds1,02_extracted/uang/100000/ds1_img000264_ann000264.png,ds1_img000264,2016,back,normal,not_applicable,high,horizontal,high,166.69158935546875,2.286036036036036,0.7640584309895834,True
ds10_img002731_ann002731,100000,ds10,02_extracted/uang/100000/ds10_img002731_ann002731.png,ds10_img002731,2022,back,normal,not_applicable,high,vertical,low,160.23785400390625,0.5202974122626863,0.35217140734573155,True
ds4_img005943_ann007425,100000,ds4,02_extracted/uang/100000/ds4_img005943_ann007425.png,ds4_img005943,2022,back,normal,not_applicable,medium,horizontal,medium,137.8973388671875,1.6598479767493852,0.5956794015066965,True
ds5_img014440_ann015529,100000,ds5,02_extracted/uang/100000/ds5_img014440_ann015529.png,ds5_img014440,2022,back,lusuh,not_applicable,medium,vertical,medium,149.54873657226562,0.7819310350105808,0.5214553372558595,True
ds6_img024473_ann025565,100000,ds6,02_extracted/uang/100000/ds6_img024473_ann025565.png,ds6_img024473,2022,front,terlipat,not_applicable,low,diagonal_or_square,high,133.1936492919922,0.8392258333333333,0.629419375,True
ds7_img027830_ann028928,100000,ds7,02_extracted/uang/100000/ds7_img027830_ann028928.png,ds7_img027830,unknown,unknown,lusuh,not_applicable,medium,diagonal_or_square,high,142.0070343017578,1.0338983050847457,0.878662109375,True
ds8_img028929_ann030027,100000,ds8,02_extracted/uang/100000/ds8_img028929_ann030027.png,ds8_img028929,2022,back,terlipat,not_applicable,medium,vertical,medium,138.261474609375,0.4997875107239438,0.48163046386718755,True
ds9_img036226_ann036501,100000,ds9,02_extracted/uang/100000/ds9_img036226_ann036501.png,ds9_img036226,unknown,unknown,lusuh,not_applicable,high,horizontal,medium,164.27029418945312,2.2490706319702602,0.39732666015625,True
ds1_img000089_ann000089,100000,ds1,02_extracted/uang/100000/ds1_img000089_ann000089.png,ds1_img000089,2016,back,normal,not_applicable,medium,horizontal,high,150.32908630371094,2.2239297475301867,0.7881080480972877,True
ds10_img003033_ann003032,100000,ds10,02_extracted/uang/100000/ds10_img003033_ann003032.png,ds10_img003033,2022,front,normal,not_applicable,high,vertical,low,175.96629333496094,0.43839789679965774,0.30206108693284417,True
ds4_img007431_ann008903,100000,ds4,02_extracted/uang/100000/ds4_img007431_ann008903.png,ds4_img007431,2016,back,lusuh,not_applicable,high,horizontal,high,165.74501037597656,1.657622222222222,0.6020839644451531,True
ds5_img016770_ann017859,100000,ds5,02_extracted/uang/100000/ds5_img016770_ann017859.png,ds5_img016770,2022,front,normal,not_applicable,medium,vertical,medium,135.3575897216797,0.7196945218368521,0.4254626513378907,True
ds6_img024831_ann025923,100000,ds6,02_extracted/uang/100000/ds6_img024831_ann025923.png,ds6_img024831,2022,back,normal,not_applicable,high,vertical,low,158.74911499023438,0.5101442881074336,0.2739461885416667,True
ds7_img027074_ann028172,100000,ds7,02_extracted/uang/100000/ds7_img027074_ann028172.png,ds7_img027074,unknown,unknown,lusuh,not_applicable,medium,diagonal_or_square,high,157.5709686279297,0.9014477175775083,0.7802386005859375,True
ds8_img030416_ann031514,100000,ds8,02_extracted/uang/100000/ds8_img030416_ann031514.png,ds8_img030416,2022,back,normal,not_applicable,high,horizontal,medium,161.06813049316406,1.5308674439144017,0.4574921025390626,True
ds9_img036032_ann036326,100000,ds9,02_extracted/uang/100000/ds9_img036032_ann036326.png,ds9_img036032,unknown,unknown,lusuh,not_applicable,low,horizontal,low,110.73890686035156,2.2433460076045626,0.3788330078125,True
ds1_img000483_ann000483,100000,ds1,02_extracted/uang/100000/ds1_img000483_ann000483.png,ds1_img000483,2016,back,terlipat,not_applicable,high,horizontal,medium,164.83155822753906,3.8531746031746033,0.46153846153846156,True
ds10_img003329_ann003328,100000,ds10,02_extracted/uang/100000/ds10_img003329_ann003328.png,ds10_img003329,2022,back,normal,not_applicable,high,vertical,low,189.0357666015625,0.46964340901489776,0.2149110784852135,True
ds4_img006620_ann008102,100000,ds4,02_extracted/uang/100000/ds4_img006620_ann008102.png,ds4_img006620,2022,back,lusuh,not_applicable,low,vertical,high,117.96691131591797,0.645881776190626,0.6363500806361607,True
ds5_img017115_ann018204,100000,ds5,02_extracted/uang/100000/ds5_img017115_ann018204.png,ds5_img017115,2022,front,normal,not_applicable,low,vertical,low,117.2388916015625,0.5778712885299419,0.14263800890625,True
ds6_img024115_ann025207,100000,ds6,02_extracted/uang/100000/ds6_img024115_ann025207.png,ds6_img024115,2022,back,normal,not_applicable,medium,horizontal,low,157.27308654785156,2.2656524108482574,0.33879957916666664,True
ds7_img026167_ann027265,100000,ds7,02_extracted/uang/100000/ds7_img026167_ann027265.png,ds7_img026167,unknown,unknown,lusuh,not_applicable,high,diagonal_or_square,high,168.31651306152344,0.9734893035379383,0.9408514404296875,True
ds8_img030311_ann031409,100000,ds8,02_extracted/uang/100000/ds8_img030311_ann031409.png,ds8_img030311,2022,front,terlipat,not_applicable,medium,diagonal_or_square,high,141.4923553466797,1.0,1.0,True
ds9_img035623_ann035974,100000,ds9,02_extracted/uang/100000/ds9_img035623_ann035974.png,ds9_img035623,unknown,unknown,lusuh,not_applicable,medium,vertical,high,137.44041442871094,0.64375,0.64375,True
ds1_img001054_ann001054,100000,ds1,02_extracted/uang/100000/ds1_img001054_ann001054.png,ds1_img001054,2016,back,normal,not_applicable,high,horizontal,medium,169.06231689453125,2.3034623217922605,0.5335247361139578,True
ds10_img002259_ann002259,100000,ds10,02_extracted/uang/100000/ds10_img002259_ann002259.png,ds10_img002259,2022,front,normal,not_applicable,medium,diagonal_or_square,low,150.3440399169922,0.9620252280929545,0.16191668445590043,True
ds4_img005824_ann007306,100000,ds4,02_extracted/uang/100000/ds4_img005824_ann007306.png,ds4_img005824,2016,front,lusuh,not_applicable,low,vertical,medium,99.32600402832031,0.48938497652582164,0.4425005381058673,True
ds5_img016228_ann017317,100000,ds5,02_extracted/uang/100000/ds5_img016228_ann017317.png,ds5_img016228,2022,front,normal,not_applicable,low,diagonal_or_square,medium,126.10648345947266,0.8235630604194369,0.5829148098046875,True
ds6_img023471_ann024563,100000,ds6,02_extracted/uang/100000/ds6_img023471_ann024563.png,ds6_img023471,2022,back,terlipat,not_applicable,low,vertical,high,132.67918395996094,0.743714375,0.9916191666666667,True
ds7_img027679_ann028777,100000,ds7,02_extracted/uang/100000/ds7_img027679_ann028777.png,ds7_img027679,unknown,unknown,lusuh,not_applicable,medium,horizontal,high,143.8272247314453,1.2708333333333333,0.71484375,True
ds8_img028157_ann029255,100000,ds8,02_extracted/uang/100000/ds8_img028157_ann029255.png,ds8_img028157,2022,front,terlipat,not_applicable,high,horizontal,low,167.24790954589844,1.2938055872291905,0.3887122646484375,True
ds9_img039744_ann039548,100000,ds9,02_extracted/uang/100000/ds9_img039744_ann039548.png,ds9_img039744,unknown,unknown,lusuh,not_applicable,high,horizontal,medium,165.47854614257812,2.1456483126110126,0.4151025390625,True
ds1_img000444_ann000444,100000,ds1,02_extracted/uang/100000/ds1_img000444_ann000444.png,ds1_img000444,2022,back,normal,not_applicable,medium,horizontal,high,151.04119873046875,2.2527716186252773,0.7768690321180556,True
ds10_img003182_ann003181,100000,ds10,02_extracted/uang/100000/ds10_img003182_ann003181.png,ds10_img003182,2022,back,terlipat,not_applicable,high,diagonal_or_square,low,188.47225952148438,0.9918219223593753,0.19927319027147897,True
ds4_img009383_ann010794,100000,ds4,02_extracted/uang/100000/ds4_img009383_ann010794.png,ds4_img009383,2016,back,lusuh,not_applicable,medium,vertical,high,154.36585998535156,0.6186733137460463,0.6090607462930485,True
ds5_img020689_ann021778,100000,ds5,02_extracted/uang/100000/ds5_img020689_ann021778.png,ds5_img020689,2022,back,lusuh,not_applicable,medium,diagonal_or_square,high,136.75259399414062,1.0818087099859266,0.6989832014648436,True
nm_000000058814,nonuang,ds11,raw_dataset/non_uang/000000058814.jpg,nm_000000058814,not_applicable,not_applicable,not_applicable,lainnya,high,not_applicable,not_applicable,123.91664123535156,,,True
nm_000000449470,nonuang,ds11,raw_dataset/non_uang/000000449470.jpg,nm_000000449470,not_applicable,not_applicable,not_applicable,lainnya,medium,not_applicable,not_applicable,115.19549560546875,,,True
nm_000000524235,nonuang,ds11,raw_dataset/non_uang/000000524235.jpg,nm_000000524235,not_applicable,not_applicable,not_applicable,latar_kosong,high,not_applicable,not_applicable,143.26734924316406,,,True
nm_000000032573,nonuang,ds11,raw_dataset/non_uang/000000032573.jpg,nm_000000032573,not_applicable,not_applicable,not_applicable,lainnya,low,not_applicable,not_applicable,91.0049819946289,,,True
nm_000000267740,nonuang,ds11,raw_dataset/non_uang/000000267740.jpg,nm_000000267740,not_applicable,not_applicable,not_applicable,latar_kosong,medium,not_applicable,not_applicable,119.0193099975586,,,True
nm_000000328227,nonuang,ds11,raw_dataset/non_uang/000000328227.jpg,nm_000000328227,not_applicable,not_applicable,not_applicable,lainnya,low,not_applicable,not_applicable,88.81730651855469,,,True
nm_000000566531,nonuang,ds11,raw_dataset/non_uang/000000566531.jpg,nm_000000566531,not_applicable,not_applicable,not_applicable,lainnya,medium,not_applicable,not_applicable,104.12592315673828,,,True
nm_000000485151,nonuang,ds11,raw_dataset/non_uang/000000485151.jpg,nm_000000485151,not_applicable,not_applicable,not_applicable,lainnya,medium,not_applicable,not_applicable,105.24801635742188,,,True
nm_000000277458,nonuang,ds11,raw_dataset/non_uang/000000277458.jpg,nm_000000277458,not_applicable,not_applicable,not_applicable,lainnya,high,not_applicable,not_applicable,144.24913024902344,,,True
nm_000000467850,nonuang,ds11,raw_dataset/non_uang/000000467850.jpg,nm_000000467850,not_applicable,not_applicable,not_applicable,kemasan,low,not_applicable,not_applicable,77.16472625732422,,,True
nm_000000200679,nonuang,ds11,raw_dataset/non_uang/000000200679.jpg,nm_000000200679,not_applicable,not_applicable,not_applicable,latar_kosong,low,not_applicable,not_applicable,52.00259780883789,,,True
nm_000000309640,nonuang,ds11,raw_dataset/non_uang/000000309640.jpg,nm_000000309640,not_applicable,not_applicable,not_applicable,lainnya,high,not_applicable,not_applicable,165.02114868164062,,,True
nm_000000036975,nonuang,ds11,raw_dataset/non_uang/000000036975.jpg,nm_000000036975,not_applicable,not_applicable,not_applicable,lainnya,low,not_applicable,not_applicable,89.61090087890625,,,True
nm_000000039980,nonuang,ds11,raw_dataset/non_uang/000000039980.jpg,nm_000000039980,not_applicable,not_applicable,not_applicable,lainnya,medium,not_applicable,not_applicable,111.80325317382812,,,True
nm_000000120562,nonuang,ds11,raw_dataset/non_uang/000000120562.jpg,nm_000000120562,not_applicable,not_applicable,not_applicable,latar_kosong,low,not_applicable,not_applicable,67.14933013916016,,,True
nm_000000473484,nonuang,ds11,raw_dataset/non_uang/000000473484.jpg,nm_000000473484,not_applicable,not_applicable,not_applicable,latar_kosong,low,not_applicable,not_applicable,58.97711181640625,,,True
nm_000000459047,nonuang,ds11,raw_dataset/non_uang/000000459047.jpg,nm_000000459047,not_applicable,not_applicable,not_applicable,latar_kosong,high,not_applicable,not_applicable,135.2711639404297,,,True
nm_000000392846,nonuang,ds11,raw_dataset/non_uang/000000392846.jpg,nm_000000392846,not_applicable,not_applicable,not_applicable,unknown,medium,not_applicable,not_applicable,115.68077850341797,,,True
nm_000000402886,nonuang,ds11,raw_dataset/non_uang/000000402886.jpg,nm_000000402886,not_applicable,not_applicable,not_applicable,lainnya,low,not_applicable,not_applicable,69.40631866455078,,,True
nm_000000349509,nonuang,ds11,raw_dataset/non_uang/000000349509.jpg,nm_000000349509,not_applicable,not_applicable,not_applicable,lainnya,high,not_applicable,not_applicable,119.1965560913086,,,True
nm_000000084180,nonuang,ds11,raw_dataset/non_uang/000000084180.jpg,nm_000000084180,not_applicable,not_applicable,not_applicable,lainnya,medium,not_applicable,not_applicable,101.09861755371094,,,True
nm_000000450431,nonuang,ds11,raw_dataset/non_uang/000000450431.jpg,nm_000000450431,not_applicable,not_applicable,not_applicable,lainnya,high,not_applicable,not_applicable,136.51234436035156,,,True
nm_000000475921,nonuang,ds11,raw_dataset/non_uang/000000475921.jpg,nm_000000475921,not_applicable,not_applicable,not_applicable,tangan,high,not_applicable,not_applicable,120.02037048339844,,,True
nm_000000329714,nonuang,ds11,raw_dataset/non_uang/000000329714.jpg,nm_000000329714,not_applicable,not_applicable,not_applicable,lainnya,low,not_applicable,not_applicable,82.84003448486328,,,True
nm_000000566052,nonuang,ds11,raw_dataset/non_uang/000000566052.jpg,nm_000000566052,not_applicable,not_applicable,not_applicable,lainnya,low,not_applicable,not_applicable,89.0840072631836,,,True
nm_000000289687,nonuang,ds11,raw_dataset/non_uang/000000289687.jpg,nm_000000289687,not_applicable,not_applicable,not_applicable,lainnya,medium,not_applicable,not_applicable,98.25606536865234,,,True
nm_000000536082,nonuang,ds11,raw_dataset/non_uang/000000536082.jpg,nm_000000536082,not_applicable,not_applicable,not_applicable,lainnya,medium,not_applicable,not_applicable,105.5982666015625,,,True
nm_000000250830,nonuang,ds11,raw_dataset/non_uang/000000250830.jpg,nm_000000250830,not_applicable,not_applicable,not_applicable,lainnya,low,not_applicable,not_applicable,80.12771606445312,,,True
nm_000000377663,nonuang,ds11,raw_dataset/non_uang/000000377663.jpg,nm_000000377663,not_applicable,not_applicable,not_applicable,lainnya,medium,not_applicable,not_applicable,110.259521484375,,,True
nm_000000545516,nonuang,ds11,raw_dataset/non_uang/000000545516.jpg,nm_000000545516,not_applicable,not_applicable,not_applicable,layar,high,not_applicable,not_applicable,125.22354125976562,,,True
nm_000000244621,nonuang,ds11,raw_dataset/non_uang/000000244621.jpg,nm_000000244621,not_applicable,not_applicable,not_applicable,lainnya,high,not_applicable,not_applicable,120.16584014892578,,,True
nm_000000483026,nonuang,ds11,raw_dataset/non_uang/000000483026.jpg,nm_000000483026,not_applicable,not_applicable,not_applicable,lainnya,low,not_applicable,not_applicable,74.97183990478516,,,True
nm_000000154396,nonuang,ds11,raw_dataset/non_uang/000000154396.jpg,nm_000000154396,not_applicable,not_applicable,not_applicable,lainnya,low,not_applicable,not_applicable,83.52528381347656,,,True
nm_000000334053,nonuang,ds11,raw_dataset/non_uang/000000334053.jpg,nm_000000334053,not_applicable,not_applicable,not_applicable,lainnya,high,not_applicable,not_applicable,120.6215591430664,,,True
nm_000000160127,nonuang,ds11,raw_dataset/non_uang/000000160127.jpg,nm_000000160127,not_applicable,not_applicable,not_applicable,lainnya,medium,not_applicable,not_applicable,110.39997100830078,,,True
nm_000000546601,nonuang,ds11,raw_dataset/non_uang/000000546601.jpg,nm_000000546601,not_applicable,not_applicable,not_applicable,lainnya,low,not_applicable,not_applicable,87.13033294677734,,,True
nm_000000246520,nonuang,ds11,raw_dataset/non_uang/000000246520.jpg,nm_000000246520,not_applicable,not_applicable,not_applicable,lainnya,low,not_applicable,not_applicable,74.42403411865234,,,True
nm_000000211454,nonuang,ds11,raw_dataset/non_uang/000000211454.jpg,nm_000000211454,not_applicable,not_applicable,not_applicable,latar_kosong,medium,not_applicable,not_applicable,111.72053527832031,,,True
nm_000000469538,nonuang,ds11,raw_dataset/non_uang/000000469538.jpg,nm_000000469538,not_applicable,not_applicable,not_applicable,lainnya,medium,not_applicable,not_applicable,101.4144515991211,,,True
nm_000000085832,nonuang,ds11,raw_dataset/non_uang/000000085832.jpg,nm_000000085832,not_applicable,not_applicable,not_applicable,lainnya,high,not_applicable,not_applicable,130.15992736816406,,,True
nm_000000374404,nonuang,ds11,raw_dataset/non_uang/000000374404.jpg,nm_000000374404,not_applicable,not_applicable,not_applicable,lainnya,high,not_applicable,not_applicable,123.60474395751953,,,True
nm_000000288511,nonuang,ds11,raw_dataset/non_uang/000000288511.jpg,nm_000000288511,not_applicable,not_applicable,not_applicable,lainnya,low,not_applicable,not_applicable,91.99024963378906,,,True
nm_000000400291,nonuang,ds11,raw_dataset/non_uang/000000400291.jpg,nm_000000400291,not_applicable,not_applicable,not_applicable,lainnya,low,not_applicable,not_applicable,92.00639343261719,,,True
nm_000000450316,nonuang,ds11,raw_dataset/non_uang/000000450316.jpg,nm_000000450316,not_applicable,not_applicable,not_applicable,lainnya,low,not_applicable,not_applicable,81.75987243652344,,,True
nm_000000226584,nonuang,ds11,raw_dataset/non_uang/000000226584.jpg,nm_000000226584,not_applicable,not_applicable,not_applicable,lainnya,medium,not_applicable,not_applicable,118.1832504272461,,,True
nm_000000383836,nonuang,ds11,raw_dataset/non_uang/000000383836.jpg,nm_000000383836,not_applicable,not_applicable,not_applicable,lainnya,high,not_applicable,not_applicable,125.9414291381836,,,True
nm_000000565621,nonuang,ds11,raw_dataset/non_uang/000000565621.jpg,nm_000000565621,not_applicable,not_applicable,not_applicable,lainnya,medium,not_applicable,not_applicable,110.60027313232422,,,True
nm_000000554214,nonuang,ds11,raw_dataset/non_uang/000000554214.jpg,nm_000000554214,not_applicable,not_applicable,not_applicable,lainnya,high,not_applicable,not_applicable,131.34823608398438,,,True
nm_000000559638,nonuang,ds11,raw_dataset/non_uang/000000559638.jpg,nm_000000559638,not_applicable,not_applicable,not_applicable,tangan,medium,not_applicable,not_applicable,98.38995361328125,,,True
nm_000000528234,nonuang,ds11,raw_dataset/non_uang/000000528234.jpg,nm_000000528234,not_applicable,not_applicable,not_applicable,lainnya,high,not_applicable,not_applicable,130.94338989257812,,,True
nm_000000451199,nonuang,ds11,raw_dataset/non_uang/000000451199.jpg,nm_000000451199,not_applicable,not_applicable,not_applicable,lainnya,low,not_applicable,not_applicable,81.10301208496094,,,True
nm_000000224574,nonuang,ds11,raw_dataset/non_uang/000000224574.jpg,nm_000000224574,not_applicable,not_applicable,not_applicable,lainnya,high,not_applicable,not_applicable,131.61900329589844,,,True
nm_000000551368,nonuang,ds11,raw_dataset/non_uang/000000551368.jpg,nm_000000551368,not_applicable,not_applicable,not_applicable,tangan,low,not_applicable,not_applicable,87.54674530029297,,,True
nm_000000277774,nonuang,ds11,raw_dataset/non_uang/000000277774.jpg,nm_000000277774,not_applicable,not_applicable,not_applicable,tangan,medium,not_applicable,not_applicable,114.1091079711914,,,True
nm_000000531530,nonuang,ds11,raw_dataset/non_uang/000000531530.jpg,nm_000000531530,not_applicable,not_applicable,not_applicable,tangan,medium,not_applicable,not_applicable,102.27476501464844,,,True
nm_000000062791,nonuang,ds11,raw_dataset/non_uang/000000062791.jpg,nm_000000062791,not_applicable,not_applicable,not_applicable,layar,medium,not_applicable,not_applicable,111.62372589111328,,,True
nm_000000188036,nonuang,ds11,raw_dataset/non_uang/000000188036.jpg,nm_000000188036,not_applicable,not_applicable,not_applicable,tangan,medium,not_applicable,not_applicable,108.55831909179688,,,True
nm_000000364156,nonuang,ds11,raw_dataset/non_uang/000000364156.jpg,nm_000000364156,not_applicable,not_applicable,not_applicable,lainnya,medium,not_applicable,not_applicable,103.07085418701172,,,True
nm_000000224415,nonuang,ds11,raw_dataset/non_uang/000000224415.jpg,nm_000000224415,not_applicable,not_applicable,not_applicable,tangan,medium,not_applicable,not_applicable,117.2161865234375,,,True
nm_000000402482,nonuang,ds11,raw_dataset/non_uang/000000402482.jpg,nm_000000402482,not_applicable,not_applicable,not_applicable,tangan,low,not_applicable,not_applicable,80.82766723632812,,,True
nm_000000170625,nonuang,ds11,raw_dataset/non_uang/000000170625.jpg,nm_000000170625,not_applicable,not_applicable,not_applicable,lainnya,low,not_applicable,not_applicable,94.3506088256836,,,True
nm_000000290164,nonuang,ds11,raw_dataset/non_uang/000000290164.jpg,nm_000000290164,not_applicable,not_applicable,not_applicable,lainnya,low,not_applicable,not_applicable,64.4738540649414,,,True
nm_000000133976,nonuang,ds11,raw_dataset/non_uang/000000133976.jpg,nm_000000133976,not_applicable,not_applicable,not_applicable,lainnya,medium,not_applicable,not_applicable,118.14788818359375,,,True
nm_000000078734,nonuang,ds11,raw_dataset/non_uang/000000078734.jpg,nm_000000078734,not_applicable,not_applicable,not_applicable,lainnya,high,not_applicable,not_applicable,145.12586975097656,,,True
nm_000000026651,nonuang,ds11,raw_dataset/non_uang/000000026651.jpg,nm_000000026651,not_applicable,not_applicable,not_applicable,lainnya,high,not_applicable,not_applicable,162.51437377929688,,,True
nm_000000149724,nonuang,ds11,raw_dataset/non_uang/000000149724.jpg,nm_000000149724,not_applicable,not_applicable,not_applicable,lainnya,low,not_applicable,not_applicable,87.88865661621094,,,True
nm_000000032755,nonuang,ds11,raw_dataset/non_uang/000000032755.jpg,nm_000000032755,not_applicable,not_applicable,not_applicable,lainnya,high,not_applicable,not_applicable,168.24095153808594,,,True
nm_000000386391,nonuang,ds11,raw_dataset/non_uang/000000386391.jpg,nm_000000386391,not_applicable,not_applicable,not_applicable,lainnya,medium,not_applicable,not_applicable,109.71302795410156,,,True
nm_000000431196,nonuang,ds11,raw_dataset/non_uang/000000431196.jpg,nm_000000431196,not_applicable,not_applicable,not_applicable,tangan,low,not_applicable,not_applicable,95.60919952392578,,,True
nm_000000321096,nonuang,ds11,raw_dataset/non_uang/000000321096.jpg,nm_000000321096,not_applicable,not_applicable,not_applicable,latar_kosong,high,not_applicable,not_applicable,175.9185791015625,,,True
nm_000000402037,nonuang,ds11,raw_dataset/non_uang/000000402037.jpg,nm_000000402037,not_applicable,not_applicable,not_applicable,latar_kosong,high,not_applicable,not_applicable,144.5750274658203,,,True
nm_000000259185,nonuang,ds11,raw_dataset/non_uang/000000259185.jpg,nm_000000259185,not_applicable,not_applicable,not_applicable,lainnya,high,not_applicable,not_applicable,143.77389526367188,,,True
nm_000000402218,nonuang,ds11,raw_dataset/non_uang/000000402218.jpg,nm_000000402218,not_applicable,not_applicable,not_applicable,lainnya,medium,not_applicable,not_applicable,114.80558776855469,,,True
nm_000000155919,nonuang,ds11,raw_dataset/non_uang/000000155919.jpg,nm_000000155919,not_applicable,not_applicable,not_applicable,layar,medium,not_applicable,not_applicable,110.4483642578125,,,True
nm_000000029638,nonuang,ds11,raw_dataset/non_uang/000000029638.jpg,nm_000000029638,not_applicable,not_applicable,not_applicable,lainnya,low,not_applicable,not_applicable,64.50469207763672,,,True
nm_000000303442,nonuang,ds11,raw_dataset/non_uang/000000303442.jpg,nm_000000303442,not_applicable,not_applicable,not_applicable,lainnya,high,not_applicable,not_applicable,126.62701416015625,,,True
nm_000000299708,nonuang,ds11,raw_dataset/non_uang/000000299708.jpg,nm_000000299708,not_applicable,not_applicable,not_applicable,lainnya,high,not_applicable,not_applicable,138.43450927734375,,,True
nm_000000145973,nonuang,ds11,raw_dataset/non_uang/000000145973.jpg,nm_000000145973,not_applicable,not_applicable,not_applicable,lainnya,high,not_applicable,not_applicable,131.03558349609375,,,True
nm_000000085300,nonuang,ds11,raw_dataset/non_uang/000000085300.jpg,nm_000000085300,not_applicable,not_applicable,not_applicable,lainnya,low,not_applicable,not_applicable,98.11427307128906,,,True
nm_000000331683,nonuang,ds11,raw_dataset/non_uang/000000331683.jpg,nm_000000331683,not_applicable,not_applicable,not_applicable,lainnya,low,not_applicable,not_applicable,92.51954650878906,,,True
nm_000000333345,nonuang,ds11,raw_dataset/non_uang/000000333345.jpg,nm_000000333345,not_applicable,not_applicable,not_applicable,lainnya,low,not_applicable,not_applicable,88.43279266357422,,,True
nm_000000304257,nonuang,ds11,raw_dataset/non_uang/000000304257.jpg,nm_000000304257,not_applicable,not_applicable,not_applicable,lainnya,high,not_applicable,not_applicable,160.20176696777344,,,True
nm_000000160786,nonuang,ds11,raw_dataset/non_uang/000000160786.jpg,nm_000000160786,not_applicable,not_applicable,not_applicable,lainnya,medium,not_applicable,not_applicable,115.72557067871094,,,True
nm_000000177993,nonuang,ds11,raw_dataset/non_uang/000000177993.jpg,nm_000000177993,not_applicable,not_applicable,not_applicable,lainnya,medium,not_applicable,not_applicable,103.43386840820312,,,True
nm_000000197532,nonuang,ds11,raw_dataset/non_uang/000000197532.jpg,nm_000000197532,not_applicable,not_applicable,not_applicable,latar_kosong,low,not_applicable,not_applicable,35.105751037597656,,,True
nm_000000168160,nonuang,ds11,raw_dataset/non_uang/000000168160.jpg,nm_000000168160,not_applicable,not_applicable,not_applicable,lainnya,medium,not_applicable,not_applicable,99.37196350097656,,,True
nm_000000284467,nonuang,ds11,raw_dataset/non_uang/000000284467.jpg,nm_000000284467,not_applicable,not_applicable,not_applicable,lainnya,high,not_applicable,not_applicable,135.38720703125,,,True
nm_000000541549,nonuang,ds11,raw_dataset/non_uang/000000541549.jpg,nm_000000541549,not_applicable,not_applicable,not_applicable,lainnya,high,not_applicable,not_applicable,129.6398468017578,,,True
nm_000000215054,nonuang,ds11,raw_dataset/non_uang/000000215054.jpg,nm_000000215054,not_applicable,not_applicable,not_applicable,tangan,low,not_applicable,not_applicable,87.96790313720703,,,True
nm_000000436639,nonuang,ds11,raw_dataset/non_uang/000000436639.jpg,nm_000000436639,not_applicable,not_applicable,not_applicable,lainnya,high,not_applicable,not_applicable,155.262939453125,,,True
nm_000000428353,nonuang,ds11,raw_dataset/non_uang/000000428353.jpg,nm_000000428353,not_applicable,not_applicable,not_applicable,lainnya,high,not_applicable,not_applicable,124.4989242553711,,,True
nm_000000053832,nonuang,ds11,raw_dataset/non_uang/000000053832.jpg,nm_000000053832,not_applicable,not_applicable,not_applicable,tangan,high,not_applicable,not_applicable,123.94784545898438,,,True
nm_000000552469,nonuang,ds11,raw_dataset/non_uang/000000552469.jpg,nm_000000552469,not_applicable,not_applicable,not_applicable,lainnya,medium,not_applicable,not_applicable,115.27651977539062,,,True
nm_000000555142,nonuang,ds11,raw_dataset/non_uang/000000555142.jpg,nm_000000555142,not_applicable,not_applicable,not_applicable,lainnya,high,not_applicable,not_applicable,119.18912506103516,,,True
nm_000000223862,nonuang,ds11,raw_dataset/non_uang/000000223862.jpg,nm_000000223862,not_applicable,not_applicable,not_applicable,latar_kosong,low,not_applicable,not_applicable,85.83876037597656,,,True
nm_000000450742,nonuang,ds11,raw_dataset/non_uang/000000450742.jpg,nm_000000450742,not_applicable,not_applicable,not_applicable,lainnya,medium,not_applicable,not_applicable,116.41275024414062,,,True
nm_000000054053,nonuang,ds11,raw_dataset/non_uang/000000054053.jpg,nm_000000054053,not_applicable,not_applicable,not_applicable,lainnya,high,not_applicable,not_applicable,141.50595092773438,,,True
nm_000000209340,nonuang,ds11,raw_dataset/non_uang/000000209340.jpg,nm_000000209340,not_applicable,not_applicable,not_applicable,lainnya,medium,not_applicable,not_applicable,100.56231689453125,,,True
nm_000000075984,nonuang,ds11,raw_dataset/non_uang/000000075984.jpg,nm_000000075984,not_applicable,not_applicable,not_applicable,lainnya,low,not_applicable,not_applicable,74.55378723144531,,,True
nm_000000110803,nonuang,ds11,raw_dataset/non_uang/000000110803.jpg,nm_000000110803,not_applicable,not_applicable,not_applicable,tangan,medium,not_applicable,not_applicable,105.4372787475586,,,True
