sample_id,label,source_id,file_path,selected
nm_000000000057,nonuang,ds11,raw_dataset/non_uang/000000000057.jpg,True
nm_000000000063,nonuang,ds11,raw_dataset/non_uang/000000000063.jpg,False
nm_000000000090,nonuang,ds11,raw_dataset/non_uang/000000000090.jpg,True
nm_000000000106,nonuang,ds11,raw_dataset/non_uang/000000000106.jpg,True
nm_000000000183,nonuang,ds11,raw_dataset/non_uang/000000000183.jpg,False
nm_000000000205,nonuang,ds11,raw_dataset/non_uang/000000000205.jpg,True
nm_000000000463,nonuang,ds11,raw_dataset/non_uang/000000000463.jpg,True
nm_000000000492,nonuang,ds11,raw_dataset/non_uang/000000000492.jpg,True
nm_000000000509,nonuang,ds11,raw_dataset/non_uang/000000000509.jpg,False
nm_000000000527,nonuang,ds11,raw_dataset/non_uang/000000000527.jpg,False
nm_000000000535,nonuang,ds11,raw_dataset/non_uang/000000000535.jpg,False
nm_000000000549,nonuang,ds11,raw_dataset/non_uang/000000000549.jpg,True
nm_000000000619,nonuang,ds11,raw_dataset/non_uang/000000000619.jpg,False
nm_000000000664,nonuang,ds11,raw_dataset/non_uang/000000000664.jpg,False
nm_000000000748,nonuang,ds11,raw_dataset/non_uang/000000000748.jpg,True
nm_000000000880,nonuang,ds11,raw_dataset/non_uang/000000000880.jpg,False
nm_000000000904,nonuang,ds11,raw_dataset/non_uang/000000000904.jpg,True
nm_000000000979,nonuang,ds11,raw_dataset/non_uang/000000000979.jpg,True
nm_000000001551,nonuang,ds11,raw_dataset/non_uang/000000001551.jpg,True
nm_000000001653,nonuang,ds11,raw_dataset/non_uang/000000001653.jpg,True
nm_000000001657,nonuang,ds11,raw_dataset/non_uang/000000001657.jpg,True
nm_000000001685,nonuang,ds11,raw_dataset/non_uang/000000001685.jpg,True
nm_000000001751,nonuang,ds11,raw_dataset/non_uang/000000001751.jpg,True
nm_000000001848,nonuang,ds11,raw_dataset/non_uang/000000001848.jpg,True
nm_000000001959,nonuang,ds11,raw_dataset/non_uang/000000001959.jpg,False
nm_000000002032,nonuang,ds11,raw_dataset/non_uang/000000002032.jpg,True
nm_000000002051,nonuang,ds11,raw_dataset/non_uang/000000002051.jpg,True
nm_000000002112,nonuang,ds11,raw_dataset/non_uang/000000002112.jpg,True
nm_000000002294,nonuang,ds11,raw_dataset/non_uang/000000002294.jpg,False
nm_000000002340,nonuang,ds11,raw_dataset/non_uang/000000002340.jpg,True
nm_000000002362,nonuang,ds11,raw_dataset/non_uang/000000002362.jpg,True
nm_000000002375,nonuang,ds11,raw_dataset/non_uang/000000002375.jpg,True
nm_000000002401,nonuang,ds11,raw_dataset/non_uang/000000002401.jpg,True
nm_000000002418,nonuang,ds11,raw_dataset/non_uang/000000002418.jpg,True
nm_000000002439,nonuang,ds11,raw_dataset/non_uang/000000002439.jpg,True
nm_000000002447,nonuang,ds11,raw_dataset/non_uang/000000002447.jpg,False
nm_000000002488,nonuang,ds11,raw_dataset/non_uang/000000002488.jpg,True
nm_000000002680,nonuang,ds11,raw_dataset/non_uang/000000002680.jpg,True
nm_000000002797,nonuang,ds11,raw_dataset/non_uang/000000002797.jpg,False
nm_000000002799,nonuang,ds11,raw_dataset/non_uang/000000002799.jpg,True
nm_000000002815,nonuang,ds11,raw_dataset/non_uang/000000002815.jpg,True
nm_000000002934,nonuang,ds11,raw_dataset/non_uang/000000002934.jpg,True
nm_000000003024,nonuang,ds11,raw_dataset/non_uang/000000003024.jpg,False
nm_000000003086,nonuang,ds11,raw_dataset/non_uang/000000003086.jpg,True
nm_000000003191,nonuang,ds11,raw_dataset/non_uang/000000003191.jpg,True
nm_000000003208,nonuang,ds11,raw_dataset/non_uang/000000003208.jpg,False
nm_000000003406,nonuang,ds11,raw_dataset/non_uang/000000003406.jpg,True
nm_000000003452,nonuang,ds11,raw_dataset/non_uang/000000003452.jpg,False
nm_000000003618,nonuang,ds11,raw_dataset/non_uang/000000003618.jpg,False
nm_000000003720,nonuang,ds11,raw_dataset/non_uang/000000003720.jpg,True
nm_000000003748,nonuang,ds11,raw_dataset/non_uang/000000003748.jpg,False
nm_000000003805,nonuang,ds11,raw_dataset/non_uang/000000003805.jpg,False
nm_000000003884,nonuang,ds11,raw_dataset/non_uang/000000003884.jpg,False
nm_000000004000,nonuang,ds11,raw_dataset/non_uang/000000004000.jpg,True
nm_000000004040,nonuang,ds11,raw_dataset/non_uang/000000004040.jpg,True
nm_000000004072,nonuang,ds11,raw_dataset/non_uang/000000004072.jpg,False
nm_000000004113,nonuang,ds11,raw_dataset/non_uang/000000004113.jpg,True
nm_000000004163,nonuang,ds11,raw_dataset/non_uang/000000004163.jpg,True
nm_000000004200,nonuang,ds11,raw_dataset/non_uang/000000004200.jpg,True
nm_000000004311,nonuang,ds11,raw_dataset/non_uang/000000004311.jpg,True
nm_000000004335,nonuang,ds11,raw_dataset/non_uang/000000004335.jpg,False
nm_000000004413,nonuang,ds11,raw_dataset/non_uang/000000004413.jpg,False
nm_000000004432,nonuang,ds11,raw_dataset/non_uang/000000004432.jpg,False
nm_000000004638,nonuang,ds11,raw_dataset/non_uang/000000004638.jpg,False
nm_000000004778,nonuang,ds11,raw_dataset/non_uang/000000004778.jpg,False
nm_000000004790,nonuang,ds11,raw_dataset/non_uang/000000004790.jpg,True
nm_000000004810,nonuang,ds11,raw_dataset/non_uang/000000004810.jpg,True
nm_000000004878,nonuang,ds11,raw_dataset/non_uang/000000004878.jpg,True
nm_000000005092,nonuang,ds11,raw_dataset/non_uang/000000005092.jpg,False
nm_000000005489,nonuang,ds11,raw_dataset/non_uang/000000005489.jpg,False
nm_000000005578,nonuang,ds11,raw_dataset/non_uang/000000005578.jpg,True
nm_000000005771,nonuang,ds11,raw_dataset/non_uang/000000005771.jpg,False
nm_000000005895,nonuang,ds11,raw_dataset/non_uang/000000005895.jpg,False
nm_000000005905,nonuang,ds11,raw_dataset/non_uang/000000005905.jpg,True
nm_000000006045,nonuang,ds11,raw_dataset/non_uang/000000006045.jpg,False
nm_000000006108,nonuang,ds11,raw_dataset/non_uang/000000006108.jpg,False
nm_000000006157,nonuang,ds11,raw_dataset/non_uang/000000006157.jpg,False
nm_000000006175,nonuang,ds11,raw_dataset/non_uang/000000006175.jpg,False
nm_000000006195,nonuang,ds11,raw_dataset/non_uang/000000006195.jpg,False
nm_000000006222,nonuang,ds11,raw_dataset/non_uang/000000006222.jpg,False
nm_000000006276,nonuang,ds11,raw_dataset/non_uang/000000006276.jpg,True
nm_000000006284,nonuang,ds11,raw_dataset/non_uang/000000006284.jpg,True
nm_000000006286,nonuang,ds11,raw_dataset/non_uang/000000006286.jpg,False
nm_000000006309,nonuang,ds11,raw_dataset/non_uang/000000006309.jpg,True
nm_000000006402,nonuang,ds11,raw_dataset/non_uang/000000006402.jpg,False
nm_000000006425,nonuang,ds11,raw_dataset/non_uang/000000006425.jpg,True
nm_000000006509,nonuang,ds11,raw_dataset/non_uang/000000006509.jpg,False
nm_000000006557,nonuang,ds11,raw_dataset/non_uang/000000006557.jpg,True
nm_000000006570,nonuang,ds11,raw_dataset/non_uang/000000006570.jpg,True
nm_000000006571,nonuang,ds11,raw_dataset/non_uang/000000006571.jpg,True
nm_000000006736,nonuang,ds11,raw_dataset/non_uang/000000006736.jpg,False
nm_000000006804,nonuang,ds11,raw_dataset/non_uang/000000006804.jpg,True
nm_000000006844,nonuang,ds11,raw_dataset/non_uang/000000006844.jpg,False
nm_000000006891,nonuang,ds11,raw_dataset/non_uang/000000006891.jpg,False
nm_000000006947,nonuang,ds11,raw_dataset/non_uang/000000006947.jpg,True
nm_000000007127,nonuang,ds11,raw_dataset/non_uang/000000007127.jpg,False
nm_000000007171,nonuang,ds11,raw_dataset/non_uang/000000007171.jpg,True
nm_000000007173,nonuang,ds11,raw_dataset/non_uang/000000007173.jpg,True
nm_000000007226,nonuang,ds11,raw_dataset/non_uang/000000007226.jpg,False
nm_000000007292,nonuang,ds11,raw_dataset/non_uang/000000007292.jpg,True
nm_000000007334,nonuang,ds11,raw_dataset/non_uang/000000007334.jpg,True
nm_000000007390,nonuang,ds11,raw_dataset/non_uang/000000007390.jpg,False
nm_000000007426,nonuang,ds11,raw_dataset/non_uang/000000007426.jpg,True
nm_000000007493,nonuang,ds11,raw_dataset/non_uang/000000007493.jpg,False
nm_000000007554,nonuang,ds11,raw_dataset/non_uang/000000007554.jpg,True
nm_000000007591,nonuang,ds11,raw_dataset/non_uang/000000007591.jpg,True
nm_000000007640,nonuang,ds11,raw_dataset/non_uang/000000007640.jpg,False
nm_000000007693,nonuang,ds11,raw_dataset/non_uang/000000007693.jpg,False
nm_000000007995,nonuang,ds11,raw_dataset/non_uang/000000007995.jpg,True
nm_000000008097,nonuang,ds11,raw_dataset/non_uang/000000008097.jpg,True
nm_000000008322,nonuang,ds11,raw_dataset/non_uang/000000008322.jpg,False
nm_000000008413,nonuang,ds11,raw_dataset/non_uang/000000008413.jpg,False
nm_000000008441,nonuang,ds11,raw_dataset/non_uang/000000008441.jpg,True
nm_000000008447,nonuang,ds11,raw_dataset/non_uang/000000008447.jpg,False
nm_000000008601,nonuang,ds11,raw_dataset/non_uang/000000008601.jpg,False
nm_000000008802,nonuang,ds11,raw_dataset/non_uang/000000008802.jpg,True
nm_000000008808,nonuang,ds11,raw_dataset/non_uang/000000008808.jpg,True
nm_000000008826,nonuang,ds11,raw_dataset/non_uang/000000008826.jpg,True
nm_000000008874,nonuang,ds11,raw_dataset/non_uang/000000008874.jpg,False
nm_000000008904,nonuang,ds11,raw_dataset/non_uang/000000008904.jpg,True
nm_000000008976,nonuang,ds11,raw_dataset/non_uang/000000008976.jpg,True
nm_000000008985,nonuang,ds11,raw_dataset/non_uang/000000008985.jpg,True
nm_000000008993,nonuang,ds11,raw_dataset/non_uang/000000008993.jpg,True
nm_000000009046,nonuang,ds11,raw_dataset/non_uang/000000009046.jpg,True
nm_000000009089,nonuang,ds11,raw_dataset/non_uang/000000009089.jpg,False
nm_000000009147,nonuang,ds11,raw_dataset/non_uang/000000009147.jpg,True
nm_000000009179,nonuang,ds11,raw_dataset/non_uang/000000009179.jpg,True
nm_000000009191,nonuang,ds11,raw_dataset/non_uang/000000009191.jpg,True
nm_000000009242,nonuang,ds11,raw_dataset/non_uang/000000009242.jpg,False
nm_000000009255,nonuang,ds11,raw_dataset/non_uang/000000009255.jpg,True
nm_000000009257,nonuang,ds11,raw_dataset/non_uang/000000009257.jpg,False
nm_000000009347,nonuang,ds11,raw_dataset/non_uang/000000009347.jpg,True
nm_000000009410,nonuang,ds11,raw_dataset/non_uang/000000009410.jpg,True
nm_000000009526,nonuang,ds11,raw_dataset/non_uang/000000009526.jpg,True
nm_000000009560,nonuang,ds11,raw_dataset/non_uang/000000009560.jpg,False
nm_000000009601,nonuang,ds11,raw_dataset/non_uang/000000009601.jpg,True
nm_000000009776,nonuang,ds11,raw_dataset/non_uang/000000009776.jpg,True
nm_000000010064,nonuang,ds11,raw_dataset/non_uang/000000010064.jpg,False
nm_000000010228,nonuang,ds11,raw_dataset/non_uang/000000010228.jpg,True
nm_000000010288,nonuang,ds11,raw_dataset/non_uang/000000010288.jpg,True
nm_000000010302,nonuang,ds11,raw_dataset/non_uang/000000010302.jpg,True
nm_000000010364,nonuang,ds11,raw_dataset/non_uang/000000010364.jpg,True
nm_000000010411,nonuang,ds11,raw_dataset/non_uang/000000010411.jpg,True
nm_000000010485,nonuang,ds11,raw_dataset/non_uang/000000010485.jpg,True
nm_000000010575,nonuang,ds11,raw_dataset/non_uang/000000010575.jpg,True
nm_000000010663,nonuang,ds11,raw_dataset/non_uang/000000010663.jpg,False
nm_000000010864,nonuang,ds11,raw_dataset/non_uang/000000010864.jpg,True
nm_000000010911,nonuang,ds11,raw_dataset/non_uang/000000010911.jpg,True
nm_000000010934,nonuang,ds11,raw_dataset/non_uang/000000010934.jpg,False
nm_000000010952,nonuang,ds11,raw_dataset/non_uang/000000010952.jpg,False
nm_000000011001,nonuang,ds11,raw_dataset/non_uang/000000011001.jpg,True
nm_000000011131,nonuang,ds11,raw_dataset/non_uang/000000011131.jpg,True
nm_000000011189,nonuang,ds11,raw_dataset/non_uang/000000011189.jpg,True
nm_000000011259,nonuang,ds11,raw_dataset/non_uang/000000011259.jpg,True
nm_000000011447,nonuang,ds11,raw_dataset/non_uang/000000011447.jpg,False
nm_000000011463,nonuang,ds11,raw_dataset/non_uang/000000011463.jpg,False
nm_000000011676,nonuang,ds11,raw_dataset/non_uang/000000011676.jpg,False
nm_000000011780,nonuang,ds11,raw_dataset/non_uang/000000011780.jpg,True
nm_000000011835,nonuang,ds11,raw_dataset/non_uang/000000011835.jpg,True
nm_000000011864,nonuang,ds11,raw_dataset/non_uang/000000011864.jpg,True
nm_000000011950,nonuang,ds11,raw_dataset/non_uang/000000011950.jpg,True
nm_000000011967,nonuang,ds11,raw_dataset/non_uang/000000011967.jpg,True
nm_000000012000,nonuang,ds11,raw_dataset/non_uang/000000012000.jpg,False
nm_000000012032,nonuang,ds11,raw_dataset/non_uang/000000012032.jpg,False
nm_000000012177,nonuang,ds11,raw_dataset/non_uang/000000012177.jpg,True
nm_000000012247,nonuang,ds11,raw_dataset/non_uang/000000012247.jpg,False
nm_000000012272,nonuang,ds11,raw_dataset/non_uang/000000012272.jpg,True
nm_000000012376,nonuang,ds11,raw_dataset/non_uang/000000012376.jpg,False
nm_000000012380,nonuang,ds11,raw_dataset/non_uang/000000012380.jpg,False
nm_000000012414,nonuang,ds11,raw_dataset/non_uang/000000012414.jpg,False
nm_000000012564,nonuang,ds11,raw_dataset/non_uang/000000012564.jpg,False
nm_000000012588,nonuang,ds11,raw_dataset/non_uang/000000012588.jpg,True
nm_000000012668,nonuang,ds11,raw_dataset/non_uang/000000012668.jpg,True
nm_000000012730,nonuang,ds11,raw_dataset/non_uang/000000012730.jpg,False
nm_000000012802,nonuang,ds11,raw_dataset/non_uang/000000012802.jpg,True
nm_000000012863,nonuang,ds11,raw_dataset/non_uang/000000012863.jpg,True
nm_000000012879,nonuang,ds11,raw_dataset/non_uang/000000012879.jpg,True
nm_000000012963,nonuang,ds11,raw_dataset/non_uang/000000012963.jpg,False
nm_000000013026,nonuang,ds11,raw_dataset/non_uang/000000013026.jpg,True
nm_000000013049,nonuang,ds11,raw_dataset/non_uang/000000013049.jpg,True
nm_000000013116,nonuang,ds11,raw_dataset/non_uang/000000013116.jpg,False
nm_000000013210,nonuang,ds11,raw_dataset/non_uang/000000013210.jpg,True
nm_000000013269,nonuang,ds11,raw_dataset/non_uang/000000013269.jpg,True
nm_000000013288,nonuang,ds11,raw_dataset/non_uang/000000013288.jpg,False
nm_000000013487,nonuang,ds11,raw_dataset/non_uang/000000013487.jpg,False
nm_000000013520,nonuang,ds11,raw_dataset/non_uang/000000013520.jpg,False
nm_000000013560,nonuang,ds11,raw_dataset/non_uang/000000013560.jpg,True
nm_000000013939,nonuang,ds11,raw_dataset/non_uang/000000013939.jpg,False
nm_000000013981,nonuang,ds11,raw_dataset/non_uang/000000013981.jpg,False
nm_000000014058,nonuang,ds11,raw_dataset/non_uang/000000014058.jpg,True
nm_000000014350,nonuang,ds11,raw_dataset/non_uang/000000014350.jpg,False
nm_000000014421,nonuang,ds11,raw_dataset/non_uang/000000014421.jpg,True
nm_000000014545,nonuang,ds11,raw_dataset/non_uang/000000014545.jpg,False
nm_000000014580,nonuang,ds11,raw_dataset/non_uang/000000014580.jpg,True
nm_000000014612,nonuang,ds11,raw_dataset/non_uang/000000014612.jpg,True
nm_000000014675,nonuang,ds11,raw_dataset/non_uang/000000014675.jpg,True
nm_000000014786,nonuang,ds11,raw_dataset/non_uang/000000014786.jpg,True
nm_000000014992,nonuang,ds11,raw_dataset/non_uang/000000014992.jpg,False
nm_000000014994,nonuang,ds11,raw_dataset/non_uang/000000014994.jpg,True
nm_000000015159,nonuang,ds11,raw_dataset/non_uang/000000015159.jpg,True
nm_000000015177,nonuang,ds11,raw_dataset/non_uang/000000015177.jpg,True
nm_000000015361,nonuang,ds11,raw_dataset/non_uang/000000015361.jpg,True
nm_000000015443,nonuang,ds11,raw_dataset/non_uang/000000015443.jpg,True
nm_000000015464,nonuang,ds11,raw_dataset/non_uang/000000015464.jpg,True
nm_000000015568,nonuang,ds11,raw_dataset/non_uang/000000015568.jpg,False
nm_000000015642,nonuang,ds11,raw_dataset/non_uang/000000015642.jpg,True
nm_000000015701,nonuang,ds11,raw_dataset/non_uang/000000015701.jpg,False
nm_000000015758,nonuang,ds11,raw_dataset/non_uang/000000015758.jpg,True
nm_000000015777,nonuang,ds11,raw_dataset/non_uang/000000015777.jpg,True
nm_000000015828,nonuang,ds11,raw_dataset/non_uang/000000015828.jpg,True
nm_000000015945,nonuang,ds11,raw_dataset/non_uang/000000015945.jpg,True
nm_000000015982,nonuang,ds11,raw_dataset/non_uang/000000015982.jpg,True
nm_000000016004,nonuang,ds11,raw_dataset/non_uang/000000016004.jpg,False
nm_000000016035,nonuang,ds11,raw_dataset/non_uang/000000016035.jpg,True
nm_000000016280,nonuang,ds11,raw_dataset/non_uang/000000016280.jpg,True
nm_000000016626,nonuang,ds11,raw_dataset/non_uang/000000016626.jpg,True
nm_000000016656,nonuang,ds11,raw_dataset/non_uang/000000016656.jpg,True
nm_000000016769,nonuang,ds11,raw_dataset/non_uang/000000016769.jpg,False
nm_000000016786,nonuang,ds11,raw_dataset/non_uang/000000016786.jpg,True
nm_000000016853,nonuang,ds11,raw_dataset/non_uang/000000016853.jpg,True
nm_000000016866,nonuang,ds11,raw_dataset/non_uang/000000016866.jpg,True
nm_000000016954,nonuang,ds11,raw_dataset/non_uang/000000016954.jpg,True
nm_000000017022,nonuang,ds11,raw_dataset/non_uang/000000017022.jpg,True
nm_000000017063,nonuang,ds11,raw_dataset/non_uang/000000017063.jpg,True
nm_000000017186,nonuang,ds11,raw_dataset/non_uang/000000017186.jpg,True
nm_000000017263,nonuang,ds11,raw_dataset/non_uang/000000017263.jpg,True
nm_000000017269,nonuang,ds11,raw_dataset/non_uang/000000017269.jpg,False
nm_000000017303,nonuang,ds11,raw_dataset/non_uang/000000017303.jpg,True
nm_000000017314,nonuang,ds11,raw_dataset/non_uang/000000017314.jpg,False
nm_000000017415,nonuang,ds11,raw_dataset/non_uang/000000017415.jpg,True
nm_000000017464,nonuang,ds11,raw_dataset/non_uang/000000017464.jpg,False
nm_000000017469,nonuang,ds11,raw_dataset/non_uang/000000017469.jpg,True
nm_000000017516,nonuang,ds11,raw_dataset/non_uang/000000017516.jpg,False
nm_000000017528,nonuang,ds11,raw_dataset/non_uang/000000017528.jpg,True
nm_000000017631,nonuang,ds11,raw_dataset/non_uang/000000017631.jpg,True
nm_000000017682,nonuang,ds11,raw_dataset/non_uang/000000017682.jpg,True
nm_000000017731,nonuang,ds11,raw_dataset/non_uang/000000017731.jpg,True
nm_000000017786,nonuang,ds11,raw_dataset/non_uang/000000017786.jpg,False
nm_000000017787,nonuang,ds11,raw_dataset/non_uang/000000017787.jpg,False
nm_000000017974,nonuang,ds11,raw_dataset/non_uang/000000017974.jpg,True
nm_000000017976,nonuang,ds11,raw_dataset/non_uang/000000017976.jpg,True
nm_000000018013,nonuang,ds11,raw_dataset/non_uang/000000018013.jpg,False
nm_000000018100,nonuang,ds11,raw_dataset/non_uang/000000018100.jpg,True
nm_000000018181,nonuang,ds11,raw_dataset/non_uang/000000018181.jpg,True
nm_000000018234,nonuang,ds11,raw_dataset/non_uang/000000018234.jpg,False
nm_000000018249,nonuang,ds11,raw_dataset/non_uang/000000018249.jpg,True
nm_000000018286,nonuang,ds11,raw_dataset/non_uang/000000018286.jpg,False
nm_000000018556,nonuang,ds11,raw_dataset/non_uang/000000018556.jpg,False
nm_000000018646,nonuang,ds11,raw_dataset/non_uang/000000018646.jpg,True
nm_000000018729,nonuang,ds11,raw_dataset/non_uang/000000018729.jpg,False
nm_000000018863,nonuang,ds11,raw_dataset/non_uang/000000018863.jpg,False
nm_000000018891,nonuang,ds11,raw_dataset/non_uang/000000018891.jpg,True
nm_000000018985,nonuang,ds11,raw_dataset/non_uang/000000018985.jpg,True
nm_000000019018,nonuang,ds11,raw_dataset/non_uang/000000019018.jpg,False
nm_000000019077,nonuang,ds11,raw_dataset/non_uang/000000019077.jpg,False
nm_000000019105,nonuang,ds11,raw_dataset/non_uang/000000019105.jpg,False
nm_000000019115,nonuang,ds11,raw_dataset/non_uang/000000019115.jpg,True
nm_000000019139,nonuang,ds11,raw_dataset/non_uang/000000019139.jpg,False
nm_000000019340,nonuang,ds11,raw_dataset/non_uang/000000019340.jpg,True
nm_000000019362,nonuang,ds11,raw_dataset/non_uang/000000019362.jpg,True
nm_000000019495,nonuang,ds11,raw_dataset/non_uang/000000019495.jpg,True
nm_000000019561,nonuang,ds11,raw_dataset/non_uang/000000019561.jpg,True
nm_000000019650,nonuang,ds11,raw_dataset/non_uang/000000019650.jpg,True
nm_000000019847,nonuang,ds11,raw_dataset/non_uang/000000019847.jpg,True
nm_000000020009,nonuang,ds11,raw_dataset/non_uang/000000020009.jpg,True
nm_000000020020,nonuang,ds11,raw_dataset/non_uang/000000020020.jpg,False
nm_000000020274,nonuang,ds11,raw_dataset/non_uang/000000020274.jpg,True
nm_000000020290,nonuang,ds11,raw_dataset/non_uang/000000020290.jpg,True
nm_000000020314,nonuang,ds11,raw_dataset/non_uang/000000020314.jpg,True
nm_000000020448,nonuang,ds11,raw_dataset/non_uang/000000020448.jpg,True
nm_000000020503,nonuang,ds11,raw_dataset/non_uang/000000020503.jpg,True
nm_000000020656,nonuang,ds11,raw_dataset/non_uang/000000020656.jpg,False
nm_000000020793,nonuang,ds11,raw_dataset/non_uang/000000020793.jpg,False
nm_000000020872,nonuang,ds11,raw_dataset/non_uang/000000020872.jpg,True
nm_000000020892,nonuang,ds11,raw_dataset/non_uang/000000020892.jpg,True
nm_000000020953,nonuang,ds11,raw_dataset/non_uang/000000020953.jpg,False
nm_000000020988,nonuang,ds11,raw_dataset/non_uang/000000020988.jpg,True
nm_000000021018,nonuang,ds11,raw_dataset/non_uang/000000021018.jpg,False
nm_000000021027,nonuang,ds11,raw_dataset/non_uang/000000021027.jpg,True
nm_000000021064,nonuang,ds11,raw_dataset/non_uang/000000021064.jpg,True
nm_000000021172,nonuang,ds11,raw_dataset/non_uang/000000021172.jpg,True
nm_000000021189,nonuang,ds11,raw_dataset/non_uang/000000021189.jpg,True
nm_000000021225,nonuang,ds11,raw_dataset/non_uang/000000021225.jpg,True
nm_000000021230,nonuang,ds11,raw_dataset/non_uang/000000021230.jpg,False
nm_000000021505,nonuang,ds11,raw_dataset/non_uang/000000021505.jpg,True
nm_000000021519,nonuang,ds11,raw_dataset/non_uang/000000021519.jpg,True
nm_000000021729,nonuang,ds11,raw_dataset/non_uang/000000021729.jpg,True
nm_000000021752,nonuang,ds11,raw_dataset/non_uang/000000021752.jpg,False
nm_000000021781,nonuang,ds11,raw_dataset/non_uang/000000021781.jpg,True
nm_000000021810,nonuang,ds11,raw_dataset/non_uang/000000021810.jpg,True
nm_000000021840,nonuang,ds11,raw_dataset/non_uang/000000021840.jpg,False
nm_000000021898,nonuang,ds11,raw_dataset/non_uang/000000021898.jpg,False
nm_000000021954,nonuang,ds11,raw_dataset/non_uang/000000021954.jpg,True
nm_000000021961,nonuang,ds11,raw_dataset/non_uang/000000021961.jpg,True
nm_000000022053,nonuang,ds11,raw_dataset/non_uang/000000022053.jpg,True
nm_000000022243,nonuang,ds11,raw_dataset/non_uang/000000022243.jpg,True
nm_000000022254,nonuang,ds11,raw_dataset/non_uang/000000022254.jpg,True
nm_000000022260,nonuang,ds11,raw_dataset/non_uang/000000022260.jpg,False
nm_000000022455,nonuang,ds11,raw_dataset/non_uang/000000022455.jpg,True
nm_000000022535,nonuang,ds11,raw_dataset/non_uang/000000022535.jpg,True
nm_000000022745,nonuang,ds11,raw_dataset/non_uang/000000022745.jpg,False
nm_000000022770,nonuang,ds11,raw_dataset/non_uang/000000022770.jpg,True
nm_000000022790,nonuang,ds11,raw_dataset/non_uang/000000022790.jpg,True
nm_000000022800,nonuang,ds11,raw_dataset/non_uang/000000022800.jpg,False
nm_000000022848,nonuang,ds11,raw_dataset/non_uang/000000022848.jpg,False
nm_000000023013,nonuang,ds11,raw_dataset/non_uang/000000023013.jpg,False
nm_000000023037,nonuang,ds11,raw_dataset/non_uang/000000023037.jpg,True
nm_000000023081,nonuang,ds11,raw_dataset/non_uang/000000023081.jpg,True
nm_000000023271,nonuang,ds11,raw_dataset/non_uang/000000023271.jpg,False
nm_000000023340,nonuang,ds11,raw_dataset/non_uang/000000023340.jpg,False
nm_000000023391,nonuang,ds11,raw_dataset/non_uang/000000023391.jpg,True
nm_000000023468,nonuang,ds11,raw_dataset/non_uang/000000023468.jpg,False
nm_000000023499,nonuang,ds11,raw_dataset/non_uang/000000023499.jpg,False
nm_000000023559,nonuang,ds11,raw_dataset/non_uang/000000023559.jpg,True
nm_000000023578,nonuang,ds11,raw_dataset/non_uang/000000023578.jpg,False
nm_000000023634,nonuang,ds11,raw_dataset/non_uang/000000023634.jpg,False
nm_000000023674,nonuang,ds11,raw_dataset/non_uang/000000023674.jpg,True
nm_000000023700,nonuang,ds11,raw_dataset/non_uang/000000023700.jpg,True
nm_000000023762,nonuang,ds11,raw_dataset/non_uang/000000023762.jpg,True
nm_000000023768,nonuang,ds11,raw_dataset/non_uang/000000023768.jpg,True
nm_000000023788,nonuang,ds11,raw_dataset/non_uang/000000023788.jpg,True
nm_000000023809,nonuang,ds11,raw_dataset/non_uang/000000023809.jpg,False
nm_000000023826,nonuang,ds11,raw_dataset/non_uang/000000023826.jpg,False
nm_000000023911,nonuang,ds11,raw_dataset/non_uang/000000023911.jpg,True
nm_000000023959,nonuang,ds11,raw_dataset/non_uang/000000023959.jpg,False
nm_000000023979,nonuang,ds11,raw_dataset/non_uang/000000023979.jpg,False
nm_000000024066,nonuang,ds11,raw_dataset/non_uang/000000024066.jpg,False
nm_000000024075,nonuang,ds11,raw_dataset/non_uang/000000024075.jpg,True
nm_000000024114,nonuang,ds11,raw_dataset/non_uang/000000024114.jpg,False
nm_000000024120,nonuang,ds11,raw_dataset/non_uang/000000024120.jpg,True
nm_000000024178,nonuang,ds11,raw_dataset/non_uang/000000024178.jpg,True
nm_000000024211,nonuang,ds11,raw_dataset/non_uang/000000024211.jpg,True
nm_000000024320,nonuang,ds11,raw_dataset/non_uang/000000024320.jpg,True
nm_000000024332,nonuang,ds11,raw_dataset/non_uang/000000024332.jpg,True
nm_000000024503,nonuang,ds11,raw_dataset/non_uang/000000024503.jpg,True
nm_000000024555,nonuang,ds11,raw_dataset/non_uang/000000024555.jpg,True
nm_000000024654,nonuang,ds11,raw_dataset/non_uang/000000024654.jpg,True
nm_000000024685,nonuang,ds11,raw_dataset/non_uang/000000024685.jpg,True
nm_000000024837,nonuang,ds11,raw_dataset/non_uang/000000024837.jpg,True
nm_000000024941,nonuang,ds11,raw_dataset/non_uang/000000024941.jpg,True
nm_000000024942,nonuang,ds11,raw_dataset/non_uang/000000024942.jpg,True
nm_000000024977,nonuang,ds11,raw_dataset/non_uang/000000024977.jpg,True
nm_000000025064,nonuang,ds11,raw_dataset/non_uang/000000025064.jpg,True
nm_000000025092,nonuang,ds11,raw_dataset/non_uang/000000025092.jpg,True
nm_000000025116,nonuang,ds11,raw_dataset/non_uang/000000025116.jpg,True
nm_000000025197,nonuang,ds11,raw_dataset/non_uang/000000025197.jpg,True
nm_000000025205,nonuang,ds11,raw_dataset/non_uang/000000025205.jpg,True
nm_000000025324,nonuang,ds11,raw_dataset/non_uang/000000025324.jpg,True
nm_000000025472,nonuang,ds11,raw_dataset/non_uang/000000025472.jpg,True
nm_000000025599,nonuang,ds11,raw_dataset/non_uang/000000025599.jpg,True
nm_000000025629,nonuang,ds11,raw_dataset/non_uang/000000025629.jpg,True
nm_000000025726,nonuang,ds11,raw_dataset/non_uang/000000025726.jpg,True
nm_000000025787,nonuang,ds11,raw_dataset/non_uang/000000025787.jpg,True
nm_000000025883,nonuang,ds11,raw_dataset/non_uang/000000025883.jpg,False
nm_000000026016,nonuang,ds11,raw_dataset/non_uang/000000026016.jpg,True
nm_000000026089,nonuang,ds11,raw_dataset/non_uang/000000026089.jpg,True
nm_000000026145,nonuang,ds11,raw_dataset/non_uang/000000026145.jpg,True
nm_000000026264,nonuang,ds11,raw_dataset/non_uang/000000026264.jpg,False
nm_000000026267,nonuang,ds11,raw_dataset/non_uang/000000026267.jpg,True
nm_000000026283,nonuang,ds11,raw_dataset/non_uang/000000026283.jpg,True
nm_000000026291,nonuang,ds11,raw_dataset/non_uang/000000026291.jpg,False
nm_000000026439,nonuang,ds11,raw_dataset/non_uang/000000026439.jpg,True
nm_000000026480,nonuang,ds11,raw_dataset/non_uang/000000026480.jpg,True
nm_000000026487,nonuang,ds11,raw_dataset/non_uang/000000026487.jpg,True
nm_000000026500,nonuang,ds11,raw_dataset/non_uang/000000026500.jpg,False
nm_000000026580,nonuang,ds11,raw_dataset/non_uang/000000026580.jpg,True
nm_000000026628,nonuang,ds11,raw_dataset/non_uang/000000026628.jpg,False
nm_000000026651,nonuang,ds11,raw_dataset/non_uang/000000026651.jpg,True
nm_000000026838,nonuang,ds11,raw_dataset/non_uang/000000026838.jpg,True
nm_000000026887,nonuang,ds11,raw_dataset/non_uang/000000026887.jpg,False
nm_000000027001,nonuang,ds11,raw_dataset/non_uang/000000027001.jpg,True
nm_000000027028,nonuang,ds11,raw_dataset/non_uang/000000027028.jpg,True
nm_000000027034,nonuang,ds11,raw_dataset/non_uang/000000027034.jpg,False
nm_000000027359,nonuang,ds11,raw_dataset/non_uang/000000027359.jpg,False
nm_000000027422,nonuang,ds11,raw_dataset/non_uang/000000027422.jpg,False
nm_000000027576,nonuang,ds11,raw_dataset/non_uang/000000027576.jpg,True
nm_000000027630,nonuang,ds11,raw_dataset/non_uang/000000027630.jpg,False
nm_000000027634,nonuang,ds11,raw_dataset/non_uang/000000027634.jpg,True
nm_000000027684,nonuang,ds11,raw_dataset/non_uang/000000027684.jpg,True
nm_000000027746,nonuang,ds11,raw_dataset/non_uang/000000027746.jpg,False
nm_000000027924,nonuang,ds11,raw_dataset/non_uang/000000027924.jpg,True
nm_000000027960,nonuang,ds11,raw_dataset/non_uang/000000027960.jpg,True
nm_000000027993,nonuang,ds11,raw_dataset/non_uang/000000027993.jpg,False
nm_000000028055,nonuang,ds11,raw_dataset/non_uang/000000028055.jpg,False
nm_000000028074,nonuang,ds11,raw_dataset/non_uang/000000028074.jpg,False
nm_000000028143,nonuang,ds11,raw_dataset/non_uang/000000028143.jpg,False
nm_000000028308,nonuang,ds11,raw_dataset/non_uang/000000028308.jpg,True
nm_000000028358,nonuang,ds11,raw_dataset/non_uang/000000028358.jpg,True
nm_000000028376,nonuang,ds11,raw_dataset/non_uang/000000028376.jpg,True
nm_000000028419,nonuang,ds11,raw_dataset/non_uang/000000028419.jpg,True
nm_000000028436,nonuang,ds11,raw_dataset/non_uang/000000028436.jpg,True
nm_000000028500,nonuang,ds11,raw_dataset/non_uang/000000028500.jpg,True
nm_000000028501,nonuang,ds11,raw_dataset/non_uang/000000028501.jpg,False
nm_000000028632,nonuang,ds11,raw_dataset/non_uang/000000028632.jpg,True
nm_000000028787,nonuang,ds11,raw_dataset/non_uang/000000028787.jpg,True
nm_000000028807,nonuang,ds11,raw_dataset/non_uang/000000028807.jpg,False
nm_000000029013,nonuang,ds11,raw_dataset/non_uang/000000029013.jpg,False
nm_000000029130,nonuang,ds11,raw_dataset/non_uang/000000029130.jpg,True
nm_000000029313,nonuang,ds11,raw_dataset/non_uang/000000029313.jpg,False
nm_000000029462,nonuang,ds11,raw_dataset/non_uang/000000029462.jpg,False
nm_000000029638,nonuang,ds11,raw_dataset/non_uang/000000029638.jpg,True
nm_000000029645,nonuang,ds11,raw_dataset/non_uang/000000029645.jpg,False
nm_000000029691,nonuang,ds11,raw_dataset/non_uang/000000029691.jpg,True
nm_000000029831,nonuang,ds11,raw_dataset/non_uang/000000029831.jpg,False
nm_000000029923,nonuang,ds11,raw_dataset/non_uang/000000029923.jpg,False
nm_000000029979,nonuang,ds11,raw_dataset/non_uang/000000029979.jpg,True
nm_000000030008,nonuang,ds11,raw_dataset/non_uang/000000030008.jpg,True
nm_000000030047,nonuang,ds11,raw_dataset/non_uang/000000030047.jpg,True
nm_000000030075,nonuang,ds11,raw_dataset/non_uang/000000030075.jpg,False
nm_000000030101,nonuang,ds11,raw_dataset/non_uang/000000030101.jpg,False
nm_000000030207,nonuang,ds11,raw_dataset/non_uang/000000030207.jpg,True
nm_000000030295,nonuang,ds11,raw_dataset/non_uang/000000030295.jpg,True
nm_000000030323,nonuang,ds11,raw_dataset/non_uang/000000030323.jpg,False
nm_000000030367,nonuang,ds11,raw_dataset/non_uang/000000030367.jpg,False
nm_000000030412,nonuang,ds11,raw_dataset/non_uang/000000030412.jpg,True
nm_000000030415,nonuang,ds11,raw_dataset/non_uang/000000030415.jpg,True
nm_000000030581,nonuang,ds11,raw_dataset/non_uang/000000030581.jpg,False
nm_000000030622,nonuang,ds11,raw_dataset/non_uang/000000030622.jpg,True
nm_000000030634,nonuang,ds11,raw_dataset/non_uang/000000030634.jpg,True
nm_000000030642,nonuang,ds11,raw_dataset/non_uang/000000030642.jpg,True
nm_000000030666,nonuang,ds11,raw_dataset/non_uang/000000030666.jpg,True
nm_000000030687,nonuang,ds11,raw_dataset/non_uang/000000030687.jpg,False
nm_000000030753,nonuang,ds11,raw_dataset/non_uang/000000030753.jpg,False
nm_000000030757,nonuang,ds11,raw_dataset/non_uang/000000030757.jpg,True
nm_000000030776,nonuang,ds11,raw_dataset/non_uang/000000030776.jpg,True
nm_000000030782,nonuang,ds11,raw_dataset/non_uang/000000030782.jpg,True
nm_000000030833,nonuang,ds11,raw_dataset/non_uang/000000030833.jpg,True
nm_000000030884,nonuang,ds11,raw_dataset/non_uang/000000030884.jpg,False
nm_000000030908,nonuang,ds11,raw_dataset/non_uang/000000030908.jpg,True
nm_000000030968,nonuang,ds11,raw_dataset/non_uang/000000030968.jpg,True
nm_000000030984,nonuang,ds11,raw_dataset/non_uang/000000030984.jpg,True
nm_000000031013,nonuang,ds11,raw_dataset/non_uang/000000031013.jpg,False
nm_000000031096,nonuang,ds11,raw_dataset/non_uang/000000031096.jpg,False
nm_000000031116,nonuang,ds11,raw_dataset/non_uang/000000031116.jpg,True
nm_000000031183,nonuang,ds11,raw_dataset/non_uang/000000031183.jpg,False
nm_000000031326,nonuang,ds11,raw_dataset/non_uang/000000031326.jpg,True
nm_000000031704,nonuang,ds11,raw_dataset/non_uang/000000031704.jpg,False
nm_000000031954,nonuang,ds11,raw_dataset/non_uang/000000031954.jpg,True
nm_000000032096,nonuang,ds11,raw_dataset/non_uang/000000032096.jpg,True
nm_000000032410,nonuang,ds11,raw_dataset/non_uang/000000032410.jpg,True
nm_000000032438,nonuang,ds11,raw_dataset/non_uang/000000032438.jpg,False
nm_000000032490,nonuang,ds11,raw_dataset/non_uang/000000032490.jpg,True
nm_000000032532,nonuang,ds11,raw_dataset/non_uang/000000032532.jpg,True
nm_000000032573,nonuang,ds11,raw_dataset/non_uang/000000032573.jpg,True
nm_000000032596,nonuang,ds11,raw_dataset/non_uang/000000032596.jpg,True
nm_000000032651,nonuang,ds11,raw_dataset/non_uang/000000032651.jpg,True
nm_000000032755,nonuang,ds11,raw_dataset/non_uang/000000032755.jpg,True
nm_000000032895,nonuang,ds11,raw_dataset/non_uang/000000032895.jpg,True
nm_000000032942,nonuang,ds11,raw_dataset/non_uang/000000032942.jpg,True
nm_000000032950,nonuang,ds11,raw_dataset/non_uang/000000032950.jpg,True
nm_000000032973,nonuang,ds11,raw_dataset/non_uang/000000032973.jpg,False
nm_000000032993,nonuang,ds11,raw_dataset/non_uang/000000032993.jpg,True
nm_000000033026,nonuang,ds11,raw_dataset/non_uang/000000033026.jpg,True
nm_000000033088,nonuang,ds11,raw_dataset/non_uang/000000033088.jpg,True
nm_000000033101,nonuang,ds11,raw_dataset/non_uang/000000033101.jpg,True
nm_000000033102,nonuang,ds11,raw_dataset/non_uang/000000033102.jpg,True
nm_000000033226,nonuang,ds11,raw_dataset/non_uang/000000033226.jpg,True
nm_000000033232,nonuang,ds11,raw_dataset/non_uang/000000033232.jpg,True
nm_000000033314,nonuang,ds11,raw_dataset/non_uang/000000033314.jpg,False
nm_000000033328,nonuang,ds11,raw_dataset/non_uang/000000033328.jpg,False
nm_000000033450,nonuang,ds11,raw_dataset/non_uang/000000033450.jpg,True
nm_000000033496,nonuang,ds11,raw_dataset/non_uang/000000033496.jpg,True
nm_000000033502,nonuang,ds11,raw_dataset/non_uang/000000033502.jpg,True
nm_000000033696,nonuang,ds11,raw_dataset/non_uang/000000033696.jpg,True
nm_000000033705,nonuang,ds11,raw_dataset/non_uang/000000033705.jpg,True
nm_000000033864,nonuang,ds11,raw_dataset/non_uang/000000033864.jpg,True
nm_000000033973,nonuang,ds11,raw_dataset/non_uang/000000033973.jpg,False
nm_000000033980,nonuang,ds11,raw_dataset/non_uang/000000033980.jpg,True
nm_000000033986,nonuang,ds11,raw_dataset/non_uang/000000033986.jpg,False
nm_000000034066,nonuang,ds11,raw_dataset/non_uang/000000034066.jpg,False
nm_000000034217,nonuang,ds11,raw_dataset/non_uang/000000034217.jpg,True
nm_000000034332,nonuang,ds11,raw_dataset/non_uang/000000034332.jpg,True
nm_000000034679,nonuang,ds11,raw_dataset/non_uang/000000034679.jpg,True
nm_000000034711,nonuang,ds11,raw_dataset/non_uang/000000034711.jpg,True
nm_000000034844,nonuang,ds11,raw_dataset/non_uang/000000034844.jpg,False
nm_000000034914,nonuang,ds11,raw_dataset/non_uang/000000034914.jpg,True
nm_000000034918,nonuang,ds11,raw_dataset/non_uang/000000034918.jpg,True
nm_000000035005,nonuang,ds11,raw_dataset/non_uang/000000035005.jpg,True
nm_000000035058,nonuang,ds11,raw_dataset/non_uang/000000035058.jpg,True
nm_000000035070,nonuang,ds11,raw_dataset/non_uang/000000035070.jpg,False
nm_000000035072,nonuang,ds11,raw_dataset/non_uang/000000035072.jpg,True
nm_000000035187,nonuang,ds11,raw_dataset/non_uang/000000035187.jpg,True
nm_000000035359,nonuang,ds11,raw_dataset/non_uang/000000035359.jpg,True
nm_000000035380,nonuang,ds11,raw_dataset/non_uang/000000035380.jpg,True
nm_000000035510,nonuang,ds11,raw_dataset/non_uang/000000035510.jpg,True
nm_000000036044,nonuang,ds11,raw_dataset/non_uang/000000036044.jpg,True
nm_000000036173,nonuang,ds11,raw_dataset/non_uang/000000036173.jpg,True
nm_000000036233,nonuang,ds11,raw_dataset/non_uang/000000036233.jpg,True
nm_000000036249,nonuang,ds11,raw_dataset/non_uang/000000036249.jpg,True
nm_000000036375,nonuang,ds11,raw_dataset/non_uang/000000036375.jpg,False
nm_000000036594,nonuang,ds11,raw_dataset/non_uang/000000036594.jpg,True
nm_000000036637,nonuang,ds11,raw_dataset/non_uang/000000036637.jpg,True
nm_000000036646,nonuang,ds11,raw_dataset/non_uang/000000036646.jpg,True
nm_000000036752,nonuang,ds11,raw_dataset/non_uang/000000036752.jpg,False
nm_000000036800,nonuang,ds11,raw_dataset/non_uang/000000036800.jpg,False
nm_000000036821,nonuang,ds11,raw_dataset/non_uang/000000036821.jpg,False
nm_000000036937,nonuang,ds11,raw_dataset/non_uang/000000036937.jpg,True
nm_000000036975,nonuang,ds11,raw_dataset/non_uang/000000036975.jpg,True
nm_000000037034,nonuang,ds11,raw_dataset/non_uang/000000037034.jpg,True
nm_000000037056,nonuang,ds11,raw_dataset/non_uang/000000037056.jpg,True
nm_000000037151,nonuang,ds11,raw_dataset/non_uang/000000037151.jpg,True
nm_000000037199,nonuang,ds11,raw_dataset/non_uang/000000037199.jpg,True
nm_000000037274,nonuang,ds11,raw_dataset/non_uang/000000037274.jpg,True
nm_000000037304,nonuang,ds11,raw_dataset/non_uang/000000037304.jpg,True
nm_000000037400,nonuang,ds11,raw_dataset/non_uang/000000037400.jpg,True
nm_000000037471,nonuang,ds11,raw_dataset/non_uang/000000037471.jpg,False
nm_000000037569,nonuang,ds11,raw_dataset/non_uang/000000037569.jpg,True
nm_000000037580,nonuang,ds11,raw_dataset/non_uang/000000037580.jpg,True
nm_000000037592,nonuang,ds11,raw_dataset/non_uang/000000037592.jpg,True
nm_000000037661,nonuang,ds11,raw_dataset/non_uang/000000037661.jpg,False
nm_000000037721,nonuang,ds11,raw_dataset/non_uang/000000037721.jpg,False
nm_000000037799,nonuang,ds11,raw_dataset/non_uang/000000037799.jpg,False
nm_000000037906,nonuang,ds11,raw_dataset/non_uang/000000037906.jpg,True
nm_000000037924,nonuang,ds11,raw_dataset/non_uang/000000037924.jpg,False
nm_000000037951,nonuang,ds11,raw_dataset/non_uang/000000037951.jpg,True
nm_000000037981,nonuang,ds11,raw_dataset/non_uang/000000037981.jpg,True
nm_000000038207,nonuang,ds11,raw_dataset/non_uang/000000038207.jpg,False
nm_000000038347,nonuang,ds11,raw_dataset/non_uang/000000038347.jpg,True
nm_000000038351,nonuang,ds11,raw_dataset/non_uang/000000038351.jpg,True
nm_000000038422,nonuang,ds11,raw_dataset/non_uang/000000038422.jpg,True
nm_000000038483,nonuang,ds11,raw_dataset/non_uang/000000038483.jpg,False
nm_000000038535,nonuang,ds11,raw_dataset/non_uang/000000038535.jpg,True
nm_000000038600,nonuang,ds11,raw_dataset/non_uang/000000038600.jpg,True
nm_000000038639,nonuang,ds11,raw_dataset/non_uang/000000038639.jpg,False
nm_000000038700,nonuang,ds11,raw_dataset/non_uang/000000038700.jpg,True
nm_000000038720,nonuang,ds11,raw_dataset/non_uang/000000038720.jpg,True
nm_000000038735,nonuang,ds11,raw_dataset/non_uang/000000038735.jpg,True
nm_000000038897,nonuang,ds11,raw_dataset/non_uang/000000038897.jpg,True
nm_000000038915,nonuang,ds11,raw_dataset/non_uang/000000038915.jpg,False
nm_000000038917,nonuang,ds11,raw_dataset/non_uang/000000038917.jpg,True
nm_000000038956,nonuang,ds11,raw_dataset/non_uang/000000038956.jpg,True
nm_000000039013,nonuang,ds11,raw_dataset/non_uang/000000039013.jpg,True
nm_000000039048,nonuang,ds11,raw_dataset/non_uang/000000039048.jpg,False
nm_000000039056,nonuang,ds11,raw_dataset/non_uang/000000039056.jpg,True
nm_000000039114,nonuang,ds11,raw_dataset/non_uang/000000039114.jpg,False
nm_000000039170,nonuang,ds11,raw_dataset/non_uang/000000039170.jpg,False
nm_000000039186,nonuang,ds11,raw_dataset/non_uang/000000039186.jpg,False
nm_000000039305,nonuang,ds11,raw_dataset/non_uang/000000039305.jpg,False
nm_000000039341,nonuang,ds11,raw_dataset/non_uang/000000039341.jpg,True
nm_000000039354,nonuang,ds11,raw_dataset/non_uang/000000039354.jpg,True
nm_000000039417,nonuang,ds11,raw_dataset/non_uang/000000039417.jpg,True
nm_000000039576,nonuang,ds11,raw_dataset/non_uang/000000039576.jpg,False
nm_000000039651,nonuang,ds11,raw_dataset/non_uang/000000039651.jpg,True
nm_000000039719,nonuang,ds11,raw_dataset/non_uang/000000039719.jpg,True
nm_000000039804,nonuang,ds11,raw_dataset/non_uang/000000039804.jpg,True
nm_000000039857,nonuang,ds11,raw_dataset/non_uang/000000039857.jpg,True
nm_000000039936,nonuang,ds11,raw_dataset/non_uang/000000039936.jpg,False
nm_000000039960,nonuang,ds11,raw_dataset/non_uang/000000039960.jpg,True
nm_000000039980,nonuang,ds11,raw_dataset/non_uang/000000039980.jpg,True
nm_000000040097,nonuang,ds11,raw_dataset/non_uang/000000040097.jpg,False
nm_000000040118,nonuang,ds11,raw_dataset/non_uang/000000040118.jpg,True
nm_000000040295,nonuang,ds11,raw_dataset/non_uang/000000040295.jpg,True
nm_000000040400,nonuang,ds11,raw_dataset/non_uang/000000040400.jpg,False
nm_000000040448,nonuang,ds11,raw_dataset/non_uang/000000040448.jpg,True
nm_000000040465,nonuang,ds11,raw_dataset/non_uang/000000040465.jpg,True
nm_000000040528,nonuang,ds11,raw_dataset/non_uang/000000040528.jpg,True
nm_000000040626,nonuang,ds11,raw_dataset/non_uang/000000040626.jpg,True
nm_000000040631,nonuang,ds11,raw_dataset/non_uang/000000040631.jpg,True
nm_000000040697,nonuang,ds11,raw_dataset/non_uang/000000040697.jpg,True
nm_000000040739,nonuang,ds11,raw_dataset/non_uang/000000040739.jpg,False
nm_000000040793,nonuang,ds11,raw_dataset/non_uang/000000040793.jpg,True
nm_000000040802,nonuang,ds11,raw_dataset/non_uang/000000040802.jpg,False
nm_000000040832,nonuang,ds11,raw_dataset/non_uang/000000040832.jpg,True
nm_000000040841,nonuang,ds11,raw_dataset/non_uang/000000040841.jpg,False
nm_000000040990,nonuang,ds11,raw_dataset/non_uang/000000040990.jpg,True
nm_000000041069,nonuang,ds11,raw_dataset/non_uang/000000041069.jpg,True
nm_000000041089,nonuang,ds11,raw_dataset/non_uang/000000041089.jpg,True
nm_000000041203,nonuang,ds11,raw_dataset/non_uang/000000041203.jpg,True
nm_000000041262,nonuang,ds11,raw_dataset/non_uang/000000041262.jpg,True
nm_000000041278,nonuang,ds11,raw_dataset/non_uang/000000041278.jpg,True
nm_000000041344,nonuang,ds11,raw_dataset/non_uang/000000041344.jpg,True
nm_000000041367,nonuang,ds11,raw_dataset/non_uang/000000041367.jpg,True
nm_000000041401,nonuang,ds11,raw_dataset/non_uang/000000041401.jpg,True
nm_000000041421,nonuang,ds11,raw_dataset/non_uang/000000041421.jpg,False
nm_000000041510,nonuang,ds11,raw_dataset/non_uang/000000041510.jpg,True
nm_000000041579,nonuang,ds11,raw_dataset/non_uang/000000041579.jpg,True
nm_000000041590,nonuang,ds11,raw_dataset/non_uang/000000041590.jpg,False
nm_000000041783,nonuang,ds11,raw_dataset/non_uang/000000041783.jpg,True
nm_000000041834,nonuang,ds11,raw_dataset/non_uang/000000041834.jpg,False
nm_000000041853,nonuang,ds11,raw_dataset/non_uang/000000041853.jpg,True
nm_000000041917,nonuang,ds11,raw_dataset/non_uang/000000041917.jpg,True
nm_000000041987,nonuang,ds11,raw_dataset/non_uang/000000041987.jpg,True
nm_000000042170,nonuang,ds11,raw_dataset/non_uang/000000042170.jpg,False
nm_000000042274,nonuang,ds11,raw_dataset/non_uang/000000042274.jpg,True
nm_000000042394,nonuang,ds11,raw_dataset/non_uang/000000042394.jpg,True
nm_000000042525,nonuang,ds11,raw_dataset/non_uang/000000042525.jpg,True
nm_000000042583,nonuang,ds11,raw_dataset/non_uang/000000042583.jpg,True
nm_000000042607,nonuang,ds11,raw_dataset/non_uang/000000042607.jpg,False
nm_000000042623,nonuang,ds11,raw_dataset/non_uang/000000042623.jpg,True
nm_000000042676,nonuang,ds11,raw_dataset/non_uang/000000042676.jpg,False
nm_000000042776,nonuang,ds11,raw_dataset/non_uang/000000042776.jpg,True
nm_000000042936,nonuang,ds11,raw_dataset/non_uang/000000042936.jpg,True
nm_000000043025,nonuang,ds11,raw_dataset/non_uang/000000043025.jpg,True
nm_000000043052,nonuang,ds11,raw_dataset/non_uang/000000043052.jpg,True
nm_000000043292,nonuang,ds11,raw_dataset/non_uang/000000043292.jpg,False
nm_000000043328,nonuang,ds11,raw_dataset/non_uang/000000043328.jpg,True
nm_000000043421,nonuang,ds11,raw_dataset/non_uang/000000043421.jpg,True
nm_000000043463,nonuang,ds11,raw_dataset/non_uang/000000043463.jpg,False
nm_000000043503,nonuang,ds11,raw_dataset/non_uang/000000043503.jpg,False
nm_000000043548,nonuang,ds11,raw_dataset/non_uang/000000043548.jpg,True
nm_000000043631,nonuang,ds11,raw_dataset/non_uang/000000043631.jpg,True
nm_000000043726,nonuang,ds11,raw_dataset/non_uang/000000043726.jpg,True
nm_000000043908,nonuang,ds11,raw_dataset/non_uang/000000043908.jpg,True
nm_000000043982,nonuang,ds11,raw_dataset/non_uang/000000043982.jpg,False
nm_000000044013,nonuang,ds11,raw_dataset/non_uang/000000044013.jpg,False
nm_000000044155,nonuang,ds11,raw_dataset/non_uang/000000044155.jpg,False
nm_000000044339,nonuang,ds11,raw_dataset/non_uang/000000044339.jpg,True
nm_000000044363,nonuang,ds11,raw_dataset/non_uang/000000044363.jpg,False
nm_000000044442,nonuang,ds11,raw_dataset/non_uang/000000044442.jpg,False
nm_000000044557,nonuang,ds11,raw_dataset/non_uang/000000044557.jpg,True
nm_000000044574,nonuang,ds11,raw_dataset/non_uang/000000044574.jpg,False
nm_000000044647,nonuang,ds11,raw_dataset/non_uang/000000044647.jpg,False
nm_000000044651,nonuang,ds11,raw_dataset/non_uang/000000044651.jpg,True
nm_000000044665,nonuang,ds11,raw_dataset/non_uang/000000044665.jpg,True
nm_000000044790,nonuang,ds11,raw_dataset/non_uang/000000044790.jpg,True
nm_000000044930,nonuang,ds11,raw_dataset/non_uang/000000044930.jpg,True
nm_000000044940,nonuang,ds11,raw_dataset/non_uang/000000044940.jpg,False
nm_000000044978,nonuang,ds11,raw_dataset/non_uang/000000044978.jpg,True
nm_000000044990,nonuang,ds11,raw_dataset/non_uang/000000044990.jpg,True
nm_000000045019,nonuang,ds11,raw_dataset/non_uang/000000045019.jpg,False
nm_000000045048,nonuang,ds11,raw_dataset/non_uang/000000045048.jpg,False
nm_000000045275,nonuang,ds11,raw_dataset/non_uang/000000045275.jpg,False
nm_000000045305,nonuang,ds11,raw_dataset/non_uang/000000045305.jpg,True
nm_000000045319,nonuang,ds11,raw_dataset/non_uang/000000045319.jpg,False
nm_000000045560,nonuang,ds11,raw_dataset/non_uang/000000045560.jpg,True
nm_000000045590,nonuang,ds11,raw_dataset/non_uang/000000045590.jpg,False
nm_000000045613,nonuang,ds11,raw_dataset/non_uang/000000045613.jpg,False
nm_000000045825,nonuang,ds11,raw_dataset/non_uang/000000045825.jpg,True
nm_000000045881,nonuang,ds11,raw_dataset/non_uang/000000045881.jpg,False
nm_000000045895,nonuang,ds11,raw_dataset/non_uang/000000045895.jpg,True
nm_000000045997,nonuang,ds11,raw_dataset/non_uang/000000045997.jpg,False
nm_000000046125,nonuang,ds11,raw_dataset/non_uang/000000046125.jpg,True
nm_000000046427,nonuang,ds11,raw_dataset/non_uang/000000046427.jpg,False
nm_000000046448,nonuang,ds11,raw_dataset/non_uang/000000046448.jpg,False
nm_000000046498,nonuang,ds11,raw_dataset/non_uang/000000046498.jpg,True
nm_000000046683,nonuang,ds11,raw_dataset/non_uang/000000046683.jpg,True
nm_000000046739,nonuang,ds11,raw_dataset/non_uang/000000046739.jpg,True
nm_000000046803,nonuang,ds11,raw_dataset/non_uang/000000046803.jpg,True
nm_000000046873,nonuang,ds11,raw_dataset/non_uang/000000046873.jpg,False
nm_000000046904,nonuang,ds11,raw_dataset/non_uang/000000046904.jpg,True
nm_000000046968,nonuang,ds11,raw_dataset/non_uang/000000046968.jpg,False
nm_000000047287,nonuang,ds11,raw_dataset/non_uang/000000047287.jpg,True
nm_000000047297,nonuang,ds11,raw_dataset/non_uang/000000047297.jpg,True
nm_000000047321,nonuang,ds11,raw_dataset/non_uang/000000047321.jpg,True
nm_000000047483,nonuang,ds11,raw_dataset/non_uang/000000047483.jpg,True
nm_000000047580,nonuang,ds11,raw_dataset/non_uang/000000047580.jpg,True
nm_000000047689,nonuang,ds11,raw_dataset/non_uang/000000047689.jpg,True
nm_000000047763,nonuang,ds11,raw_dataset/non_uang/000000047763.jpg,True
nm_000000047895,nonuang,ds11,raw_dataset/non_uang/000000047895.jpg,True
nm_000000047923,nonuang,ds11,raw_dataset/non_uang/000000047923.jpg,True
nm_000000047964,nonuang,ds11,raw_dataset/non_uang/000000047964.jpg,True
nm_000000047966,nonuang,ds11,raw_dataset/non_uang/000000047966.jpg,True
nm_000000048184,nonuang,ds11,raw_dataset/non_uang/000000048184.jpg,True
nm_000000048302,nonuang,ds11,raw_dataset/non_uang/000000048302.jpg,True
nm_000000048494,nonuang,ds11,raw_dataset/non_uang/000000048494.jpg,True
nm_000000048574,nonuang,ds11,raw_dataset/non_uang/000000048574.jpg,False
nm_000000048643,nonuang,ds11,raw_dataset/non_uang/000000048643.jpg,True
nm_000000048702,nonuang,ds11,raw_dataset/non_uang/000000048702.jpg,False
nm_000000048722,nonuang,ds11,raw_dataset/non_uang/000000048722.jpg,True
nm_000000048755,nonuang,ds11,raw_dataset/non_uang/000000048755.jpg,False
nm_000000048885,nonuang,ds11,raw_dataset/non_uang/000000048885.jpg,False
nm_000000048928,nonuang,ds11,raw_dataset/non_uang/000000048928.jpg,False
nm_000000049012,nonuang,ds11,raw_dataset/non_uang/000000049012.jpg,True
nm_000000049036,nonuang,ds11,raw_dataset/non_uang/000000049036.jpg,True
nm_000000049061,nonuang,ds11,raw_dataset/non_uang/000000049061.jpg,False
nm_000000049101,nonuang,ds11,raw_dataset/non_uang/000000049101.jpg,True
nm_000000049142,nonuang,ds11,raw_dataset/non_uang/000000049142.jpg,False
nm_000000049145,nonuang,ds11,raw_dataset/non_uang/000000049145.jpg,False
nm_000000049176,nonuang,ds11,raw_dataset/non_uang/000000049176.jpg,True
nm_000000049198,nonuang,ds11,raw_dataset/non_uang/000000049198.jpg,True
nm_000000049214,nonuang,ds11,raw_dataset/non_uang/000000049214.jpg,True
nm_000000049328,nonuang,ds11,raw_dataset/non_uang/000000049328.jpg,False
nm_000000049492,nonuang,ds11,raw_dataset/non_uang/000000049492.jpg,True
nm_000000049515,nonuang,ds11,raw_dataset/non_uang/000000049515.jpg,False
nm_000000049538,nonuang,ds11,raw_dataset/non_uang/000000049538.jpg,True
nm_000000049610,nonuang,ds11,raw_dataset/non_uang/000000049610.jpg,False
nm_000000049616,nonuang,ds11,raw_dataset/non_uang/000000049616.jpg,False
nm_000000049781,nonuang,ds11,raw_dataset/non_uang/000000049781.jpg,False
nm_000000049816,nonuang,ds11,raw_dataset/non_uang/000000049816.jpg,False
nm_000000049822,nonuang,ds11,raw_dataset/non_uang/000000049822.jpg,True
nm_000000049870,nonuang,ds11,raw_dataset/non_uang/000000049870.jpg,True
nm_000000049950,nonuang,ds11,raw_dataset/non_uang/000000049950.jpg,True
nm_000000050004,nonuang,ds11,raw_dataset/non_uang/000000050004.jpg,True
nm_000000050032,nonuang,ds11,raw_dataset/non_uang/000000050032.jpg,False
nm_000000050051,nonuang,ds11,raw_dataset/non_uang/000000050051.jpg,True
nm_000000050071,nonuang,ds11,raw_dataset/non_uang/000000050071.jpg,False
nm_000000050078,nonuang,ds11,raw_dataset/non_uang/000000050078.jpg,True
nm_000000050090,nonuang,ds11,raw_dataset/non_uang/000000050090.jpg,True
nm_000000050135,nonuang,ds11,raw_dataset/non_uang/000000050135.jpg,False
nm_000000050146,nonuang,ds11,raw_dataset/non_uang/000000050146.jpg,False
nm_000000050237,nonuang,ds11,raw_dataset/non_uang/000000050237.jpg,True
nm_000000050248,nonuang,ds11,raw_dataset/non_uang/000000050248.jpg,True
nm_000000050320,nonuang,ds11,raw_dataset/non_uang/000000050320.jpg,False
nm_000000050357,nonuang,ds11,raw_dataset/non_uang/000000050357.jpg,True
nm_000000050373,nonuang,ds11,raw_dataset/non_uang/000000050373.jpg,True
nm_000000050391,nonuang,ds11,raw_dataset/non_uang/000000050391.jpg,True
nm_000000050508,nonuang,ds11,raw_dataset/non_uang/000000050508.jpg,True
nm_000000050720,nonuang,ds11,raw_dataset/non_uang/000000050720.jpg,True
nm_000000050751,nonuang,ds11,raw_dataset/non_uang/000000050751.jpg,True
nm_000000050792,nonuang,ds11,raw_dataset/non_uang/000000050792.jpg,True
nm_000000050793,nonuang,ds11,raw_dataset/non_uang/000000050793.jpg,False
nm_000000050898,nonuang,ds11,raw_dataset/non_uang/000000050898.jpg,True
nm_000000050949,nonuang,ds11,raw_dataset/non_uang/000000050949.jpg,False
nm_000000051320,nonuang,ds11,raw_dataset/non_uang/000000051320.jpg,False
nm_000000051350,nonuang,ds11,raw_dataset/non_uang/000000051350.jpg,True
nm_000000051375,nonuang,ds11,raw_dataset/non_uang/000000051375.jpg,False
nm_000000051433,nonuang,ds11,raw_dataset/non_uang/000000051433.jpg,False
nm_000000051449,nonuang,ds11,raw_dataset/non_uang/000000051449.jpg,True
nm_000000051582,nonuang,ds11,raw_dataset/non_uang/000000051582.jpg,True
nm_000000051867,nonuang,ds11,raw_dataset/non_uang/000000051867.jpg,True
nm_000000052053,nonuang,ds11,raw_dataset/non_uang/000000052053.jpg,True
nm_000000052054,nonuang,ds11,raw_dataset/non_uang/000000052054.jpg,True
nm_000000052117,nonuang,ds11,raw_dataset/non_uang/000000052117.jpg,True
nm_000000052119,nonuang,ds11,raw_dataset/non_uang/000000052119.jpg,True
nm_000000052241,nonuang,ds11,raw_dataset/non_uang/000000052241.jpg,True
nm_000000052263,nonuang,ds11,raw_dataset/non_uang/000000052263.jpg,True
nm_000000052274,nonuang,ds11,raw_dataset/non_uang/000000052274.jpg,True
nm_000000052280,nonuang,ds11,raw_dataset/non_uang/000000052280.jpg,True
nm_000000052344,nonuang,ds11,raw_dataset/non_uang/000000052344.jpg,True
nm_000000052395,nonuang,ds11,raw_dataset/non_uang/000000052395.jpg,False
nm_000000052513,nonuang,ds11,raw_dataset/non_uang/000000052513.jpg,True
nm_000000052520,nonuang,ds11,raw_dataset/non_uang/000000052520.jpg,True
nm_000000052633,nonuang,ds11,raw_dataset/non_uang/000000052633.jpg,False
nm_000000052635,nonuang,ds11,raw_dataset/non_uang/000000052635.jpg,True
nm_000000052665,nonuang,ds11,raw_dataset/non_uang/000000052665.jpg,True
nm_000000052681,nonuang,ds11,raw_dataset/non_uang/000000052681.jpg,True
nm_000000052696,nonuang,ds11,raw_dataset/non_uang/000000052696.jpg,False
nm_000000052713,nonuang,ds11,raw_dataset/non_uang/000000052713.jpg,True
nm_000000053079,nonuang,ds11,raw_dataset/non_uang/000000053079.jpg,True
nm_000000053141,nonuang,ds11,raw_dataset/non_uang/000000053141.jpg,True
nm_000000053144,nonuang,ds11,raw_dataset/non_uang/000000053144.jpg,True
nm_000000053276,nonuang,ds11,raw_dataset/non_uang/000000053276.jpg,True
nm_000000053377,nonuang,ds11,raw_dataset/non_uang/000000053377.jpg,False
nm_000000053446,nonuang,ds11,raw_dataset/non_uang/000000053446.jpg,False
nm_000000053522,nonuang,ds11,raw_dataset/non_uang/000000053522.jpg,True
nm_000000053558,nonuang,ds11,raw_dataset/non_uang/000000053558.jpg,False
nm_000000053588,nonuang,ds11,raw_dataset/non_uang/000000053588.jpg,True
nm_000000053686,nonuang,ds11,raw_dataset/non_uang/000000053686.jpg,False
nm_000000053732,nonuang,ds11,raw_dataset/non_uang/000000053732.jpg,False
nm_000000053779,nonuang,ds11,raw_dataset/non_uang/000000053779.jpg,True
nm_000000053782,nonuang,ds11,raw_dataset/non_uang/000000053782.jpg,True
nm_000000053832,nonuang,ds11,raw_dataset/non_uang/000000053832.jpg,True
nm_000000053948,nonuang,ds11,raw_dataset/non_uang/000000053948.jpg,True
nm_000000054036,nonuang,ds11,raw_dataset/non_uang/000000054036.jpg,True
nm_000000054053,nonuang,ds11,raw_dataset/non_uang/000000054053.jpg,True
nm_000000054080,nonuang,ds11,raw_dataset/non_uang/000000054080.jpg,True
nm_000000054112,nonuang,ds11,raw_dataset/non_uang/000000054112.jpg,True
nm_000000054170,nonuang,ds11,raw_dataset/non_uang/000000054170.jpg,False
nm_000000054198,nonuang,ds11,raw_dataset/non_uang/000000054198.jpg,True
nm_000000054208,nonuang,ds11,raw_dataset/non_uang/000000054208.jpg,False
nm_000000054239,nonuang,ds11,raw_dataset/non_uang/000000054239.jpg,True
nm_000000054317,nonuang,ds11,raw_dataset/non_uang/000000054317.jpg,False
nm_000000054372,nonuang,ds11,raw_dataset/non_uang/000000054372.jpg,True
nm_000000054438,nonuang,ds11,raw_dataset/non_uang/000000054438.jpg,True
nm_000000054524,nonuang,ds11,raw_dataset/non_uang/000000054524.jpg,False
nm_000000054559,nonuang,ds11,raw_dataset/non_uang/000000054559.jpg,True
nm_000000054633,nonuang,ds11,raw_dataset/non_uang/000000054633.jpg,True
nm_000000054665,nonuang,ds11,raw_dataset/non_uang/000000054665.jpg,False
nm_000000054707,nonuang,ds11,raw_dataset/non_uang/000000054707.jpg,True
nm_000000054760,nonuang,ds11,raw_dataset/non_uang/000000054760.jpg,False
nm_000000054815,nonuang,ds11,raw_dataset/non_uang/000000054815.jpg,False
nm_000000054848,nonuang,ds11,raw_dataset/non_uang/000000054848.jpg,True
nm_000000054852,nonuang,ds11,raw_dataset/non_uang/000000054852.jpg,True
nm_000000054857,nonuang,ds11,raw_dataset/non_uang/000000054857.jpg,True
nm_000000054914,nonuang,ds11,raw_dataset/non_uang/000000054914.jpg,True
nm_000000055161,nonuang,ds11,raw_dataset/non_uang/000000055161.jpg,True
nm_000000055162,nonuang,ds11,raw_dataset/non_uang/000000055162.jpg,True
nm_000000055185,nonuang,ds11,raw_dataset/non_uang/000000055185.jpg,False
nm_000000055203,nonuang,ds11,raw_dataset/non_uang/000000055203.jpg,True
nm_000000055219,nonuang,ds11,raw_dataset/non_uang/000000055219.jpg,False
nm_000000055289,nonuang,ds11,raw_dataset/non_uang/000000055289.jpg,False
nm_000000055442,nonuang,ds11,raw_dataset/non_uang/000000055442.jpg,True
nm_000000055529,nonuang,ds11,raw_dataset/non_uang/000000055529.jpg,False
nm_000000055669,nonuang,ds11,raw_dataset/non_uang/000000055669.jpg,False
nm_000000055778,nonuang,ds11,raw_dataset/non_uang/000000055778.jpg,True
nm_000000055794,nonuang,ds11,raw_dataset/non_uang/000000055794.jpg,True
nm_000000055935,nonuang,ds11,raw_dataset/non_uang/000000055935.jpg,True
nm_000000056131,nonuang,ds11,raw_dataset/non_uang/000000056131.jpg,True
nm_000000056172,nonuang,ds11,raw_dataset/non_uang/000000056172.jpg,False
nm_000000056183,nonuang,ds11,raw_dataset/non_uang/000000056183.jpg,False
nm_000000056271,nonuang,ds11,raw_dataset/non_uang/000000056271.jpg,False
nm_000000056319,nonuang,ds11,raw_dataset/non_uang/000000056319.jpg,False
nm_000000056408,nonuang,ds11,raw_dataset/non_uang/000000056408.jpg,True
nm_000000056412,nonuang,ds11,raw_dataset/non_uang/000000056412.jpg,False
nm_000000056654,nonuang,ds11,raw_dataset/non_uang/000000056654.jpg,False
nm_000000056659,nonuang,ds11,raw_dataset/non_uang/000000056659.jpg,False
nm_000000056810,nonuang,ds11,raw_dataset/non_uang/000000056810.jpg,True
nm_000000056893,nonuang,ds11,raw_dataset/non_uang/000000056893.jpg,True
nm_000000056912,nonuang,ds11,raw_dataset/non_uang/000000056912.jpg,True
nm_000000057078,nonuang,ds11,raw_dataset/non_uang/000000057078.jpg,False
nm_000000057112,nonuang,ds11,raw_dataset/non_uang/000000057112.jpg,True
nm_000000057204,nonuang,ds11,raw_dataset/non_uang/000000057204.jpg,True
nm_000000057206,nonuang,ds11,raw_dataset/non_uang/000000057206.jpg,False
nm_000000057219,nonuang,ds11,raw_dataset/non_uang/000000057219.jpg,False
nm_000000057263,nonuang,ds11,raw_dataset/non_uang/000000057263.jpg,True
nm_000000057626,nonuang,ds11,raw_dataset/non_uang/000000057626.jpg,False
nm_000000057670,nonuang,ds11,raw_dataset/non_uang/000000057670.jpg,False
nm_000000057711,nonuang,ds11,raw_dataset/non_uang/000000057711.jpg,True
nm_000000057735,nonuang,ds11,raw_dataset/non_uang/000000057735.jpg,False
nm_000000057755,nonuang,ds11,raw_dataset/non_uang/000000057755.jpg,True
nm_000000057822,nonuang,ds11,raw_dataset/non_uang/000000057822.jpg,True
nm_000000057825,nonuang,ds11,raw_dataset/non_uang/000000057825.jpg,False
nm_000000057900,nonuang,ds11,raw_dataset/non_uang/000000057900.jpg,False
nm_000000057909,nonuang,ds11,raw_dataset/non_uang/000000057909.jpg,True
nm_000000058003,nonuang,ds11,raw_dataset/non_uang/000000058003.jpg,False
nm_000000058054,nonuang,ds11,raw_dataset/non_uang/000000058054.jpg,False
nm_000000058305,nonuang,ds11,raw_dataset/non_uang/000000058305.jpg,True
nm_000000058417,nonuang,ds11,raw_dataset/non_uang/000000058417.jpg,False
nm_000000058612,nonuang,ds11,raw_dataset/non_uang/000000058612.jpg,True
nm_000000058725,nonuang,ds11,raw_dataset/non_uang/000000058725.jpg,True
nm_000000058742,nonuang,ds11,raw_dataset/non_uang/000000058742.jpg,True
nm_000000058814,nonuang,ds11,raw_dataset/non_uang/000000058814.jpg,True
nm_000000058879,nonuang,ds11,raw_dataset/non_uang/000000058879.jpg,True
nm_000000058972,nonuang,ds11,raw_dataset/non_uang/000000058972.jpg,True
nm_000000058999,nonuang,ds11,raw_dataset/non_uang/000000058999.jpg,True
nm_000000059003,nonuang,ds11,raw_dataset/non_uang/000000059003.jpg,False
nm_000000059071,nonuang,ds11,raw_dataset/non_uang/000000059071.jpg,True
nm_000000059126,nonuang,ds11,raw_dataset/non_uang/000000059126.jpg,True
nm_000000059177,nonuang,ds11,raw_dataset/non_uang/000000059177.jpg,True
nm_000000059209,nonuang,ds11,raw_dataset/non_uang/000000059209.jpg,True
nm_000000059246,nonuang,ds11,raw_dataset/non_uang/000000059246.jpg,True
nm_000000059263,nonuang,ds11,raw_dataset/non_uang/000000059263.jpg,False
nm_000000059447,nonuang,ds11,raw_dataset/non_uang/000000059447.jpg,True
nm_000000059459,nonuang,ds11,raw_dataset/non_uang/000000059459.jpg,True
nm_000000059508,nonuang,ds11,raw_dataset/non_uang/000000059508.jpg,False
nm_000000059585,nonuang,ds11,raw_dataset/non_uang/000000059585.jpg,True
nm_000000059645,nonuang,ds11,raw_dataset/non_uang/000000059645.jpg,True
nm_000000059734,nonuang,ds11,raw_dataset/non_uang/000000059734.jpg,True
nm_000000059838,nonuang,ds11,raw_dataset/non_uang/000000059838.jpg,False
nm_000000059890,nonuang,ds11,raw_dataset/non_uang/000000059890.jpg,True
nm_000000059938,nonuang,ds11,raw_dataset/non_uang/000000059938.jpg,True
nm_000000059940,nonuang,ds11,raw_dataset/non_uang/000000059940.jpg,False
nm_000000059942,nonuang,ds11,raw_dataset/non_uang/000000059942.jpg,False
nm_000000060030,nonuang,ds11,raw_dataset/non_uang/000000060030.jpg,True
nm_000000060061,nonuang,ds11,raw_dataset/non_uang/000000060061.jpg,False
nm_000000060087,nonuang,ds11,raw_dataset/non_uang/000000060087.jpg,True
nm_000000060101,nonuang,ds11,raw_dataset/non_uang/000000060101.jpg,False
nm_000000060293,nonuang,ds11,raw_dataset/non_uang/000000060293.jpg,True
nm_000000060317,nonuang,ds11,raw_dataset/non_uang/000000060317.jpg,True
nm_000000060366,nonuang,ds11,raw_dataset/non_uang/000000060366.jpg,True
nm_000000060397,nonuang,ds11,raw_dataset/non_uang/000000060397.jpg,False
nm_000000060407,nonuang,ds11,raw_dataset/non_uang/000000060407.jpg,True
nm_000000060495,nonuang,ds11,raw_dataset/non_uang/000000060495.jpg,True
nm_000000060555,nonuang,ds11,raw_dataset/non_uang/000000060555.jpg,True
nm_000000060585,nonuang,ds11,raw_dataset/non_uang/000000060585.jpg,True
nm_000000060667,nonuang,ds11,raw_dataset/non_uang/000000060667.jpg,False
nm_000000060744,nonuang,ds11,raw_dataset/non_uang/000000060744.jpg,True
nm_000000060767,nonuang,ds11,raw_dataset/non_uang/000000060767.jpg,True
nm_000000060869,nonuang,ds11,raw_dataset/non_uang/000000060869.jpg,True
nm_000000060923,nonuang,ds11,raw_dataset/non_uang/000000060923.jpg,False
nm_000000060926,nonuang,ds11,raw_dataset/non_uang/000000060926.jpg,False
nm_000000060969,nonuang,ds11,raw_dataset/non_uang/000000060969.jpg,True
nm_000000061236,nonuang,ds11,raw_dataset/non_uang/000000061236.jpg,True
nm_000000061458,nonuang,ds11,raw_dataset/non_uang/000000061458.jpg,False
nm_000000061480,nonuang,ds11,raw_dataset/non_uang/000000061480.jpg,True
nm_000000061511,nonuang,ds11,raw_dataset/non_uang/000000061511.jpg,True
nm_000000061615,nonuang,ds11,raw_dataset/non_uang/000000061615.jpg,True
nm_000000061625,nonuang,ds11,raw_dataset/non_uang/000000061625.jpg,True
nm_000000061631,nonuang,ds11,raw_dataset/non_uang/000000061631.jpg,False
nm_000000061637,nonuang,ds11,raw_dataset/non_uang/000000061637.jpg,True
nm_000000061666,nonuang,ds11,raw_dataset/non_uang/000000061666.jpg,False
nm_000000061748,nonuang,ds11,raw_dataset/non_uang/000000061748.jpg,True
nm_000000061800,nonuang,ds11,raw_dataset/non_uang/000000061800.jpg,False
nm_000000061810,nonuang,ds11,raw_dataset/non_uang/000000061810.jpg,True
nm_000000061871,nonuang,ds11,raw_dataset/non_uang/000000061871.jpg,True
nm_000000061872,nonuang,ds11,raw_dataset/non_uang/000000061872.jpg,True
nm_000000061912,nonuang,ds11,raw_dataset/non_uang/000000061912.jpg,False
nm_000000061924,nonuang,ds11,raw_dataset/non_uang/000000061924.jpg,True
nm_000000062026,nonuang,ds11,raw_dataset/non_uang/000000062026.jpg,False
nm_000000062070,nonuang,ds11,raw_dataset/non_uang/000000062070.jpg,True
nm_000000062113,nonuang,ds11,raw_dataset/non_uang/000000062113.jpg,False
nm_000000062223,nonuang,ds11,raw_dataset/non_uang/000000062223.jpg,True
nm_000000062339,nonuang,ds11,raw_dataset/non_uang/000000062339.jpg,False
nm_000000062424,nonuang,ds11,raw_dataset/non_uang/000000062424.jpg,True
nm_000000062635,nonuang,ds11,raw_dataset/non_uang/000000062635.jpg,False
nm_000000062791,nonuang,ds11,raw_dataset/non_uang/000000062791.jpg,True
nm_000000062826,nonuang,ds11,raw_dataset/non_uang/000000062826.jpg,False
nm_000000062866,nonuang,ds11,raw_dataset/non_uang/000000062866.jpg,True
nm_000000062944,nonuang,ds11,raw_dataset/non_uang/000000062944.jpg,True
nm_000000063186,nonuang,ds11,raw_dataset/non_uang/000000063186.jpg,True
nm_000000063228,nonuang,ds11,raw_dataset/non_uang/000000063228.jpg,True
nm_000000063267,nonuang,ds11,raw_dataset/non_uang/000000063267.jpg,True
nm_000000063316,nonuang,ds11,raw_dataset/non_uang/000000063316.jpg,False
nm_000000063329,nonuang,ds11,raw_dataset/non_uang/000000063329.jpg,False
nm_000000063449,nonuang,ds11,raw_dataset/non_uang/000000063449.jpg,False
nm_000000063509,nonuang,ds11,raw_dataset/non_uang/000000063509.jpg,False
nm_000000063839,nonuang,ds11,raw_dataset/non_uang/000000063839.jpg,True
nm_000000064208,nonuang,ds11,raw_dataset/non_uang/000000064208.jpg,False
nm_000000064288,nonuang,ds11,raw_dataset/non_uang/000000064288.jpg,True
nm_000000064343,nonuang,ds11,raw_dataset/non_uang/000000064343.jpg,True
nm_000000064422,nonuang,ds11,raw_dataset/non_uang/000000064422.jpg,False
nm_000000064464,nonuang,ds11,raw_dataset/non_uang/000000064464.jpg,False
nm_000000064468,nonuang,ds11,raw_dataset/non_uang/000000064468.jpg,True
nm_000000064477,nonuang,ds11,raw_dataset/non_uang/000000064477.jpg,True
nm_000000064503,nonuang,ds11,raw_dataset/non_uang/000000064503.jpg,True
nm_000000064513,nonuang,ds11,raw_dataset/non_uang/000000064513.jpg,True
nm_000000064607,nonuang,ds11,raw_dataset/non_uang/000000064607.jpg,True
nm_000000064669,nonuang,ds11,raw_dataset/non_uang/000000064669.jpg,True
nm_000000064717,nonuang,ds11,raw_dataset/non_uang/000000064717.jpg,True
nm_000000064938,nonuang,ds11,raw_dataset/non_uang/000000064938.jpg,True
nm_000000064943,nonuang,ds11,raw_dataset/non_uang/000000064943.jpg,True
nm_000000064972,nonuang,ds11,raw_dataset/non_uang/000000064972.jpg,True
nm_000000065117,nonuang,ds11,raw_dataset/non_uang/000000065117.jpg,True
nm_000000065202,nonuang,ds11,raw_dataset/non_uang/000000065202.jpg,True
nm_000000065251,nonuang,ds11,raw_dataset/non_uang/000000065251.jpg,True
nm_000000065313,nonuang,ds11,raw_dataset/non_uang/000000065313.jpg,True
nm_000000065331,nonuang,ds11,raw_dataset/non_uang/000000065331.jpg,True
nm_000000065381,nonuang,ds11,raw_dataset/non_uang/000000065381.jpg,True
nm_000000065597,nonuang,ds11,raw_dataset/non_uang/000000065597.jpg,True
nm_000000065618,nonuang,ds11,raw_dataset/non_uang/000000065618.jpg,True
nm_000000065706,nonuang,ds11,raw_dataset/non_uang/000000065706.jpg,True
nm_000000065911,nonuang,ds11,raw_dataset/non_uang/000000065911.jpg,True
nm_000000065922,nonuang,ds11,raw_dataset/non_uang/000000065922.jpg,True
nm_000000066048,nonuang,ds11,raw_dataset/non_uang/000000066048.jpg,True
nm_000000066102,nonuang,ds11,raw_dataset/non_uang/000000066102.jpg,True
nm_000000066183,nonuang,ds11,raw_dataset/non_uang/000000066183.jpg,True
nm_000000066496,nonuang,ds11,raw_dataset/non_uang/000000066496.jpg,True
nm_000000066590,nonuang,ds11,raw_dataset/non_uang/000000066590.jpg,True
nm_000000066640,nonuang,ds11,raw_dataset/non_uang/000000066640.jpg,True
nm_000000066724,nonuang,ds11,raw_dataset/non_uang/000000066724.jpg,False
nm_000000066756,nonuang,ds11,raw_dataset/non_uang/000000066756.jpg,False
nm_000000066982,nonuang,ds11,raw_dataset/non_uang/000000066982.jpg,False
nm_000000067184,nonuang,ds11,raw_dataset/non_uang/000000067184.jpg,False
nm_000000067242,nonuang,ds11,raw_dataset/non_uang/000000067242.jpg,True
nm_000000067268,nonuang,ds11,raw_dataset/non_uang/000000067268.jpg,True
nm_000000067275,nonuang,ds11,raw_dataset/non_uang/000000067275.jpg,False
nm_000000067285,nonuang,ds11,raw_dataset/non_uang/000000067285.jpg,True
nm_000000067345,nonuang,ds11,raw_dataset/non_uang/000000067345.jpg,False
nm_000000067444,nonuang,ds11,raw_dataset/non_uang/000000067444.jpg,True
nm_000000067486,nonuang,ds11,raw_dataset/non_uang/000000067486.jpg,True
nm_000000067649,nonuang,ds11,raw_dataset/non_uang/000000067649.jpg,True
nm_000000067687,nonuang,ds11,raw_dataset/non_uang/000000067687.jpg,True
nm_000000067738,nonuang,ds11,raw_dataset/non_uang/000000067738.jpg,True
nm_000000067940,nonuang,ds11,raw_dataset/non_uang/000000067940.jpg,True
nm_000000067947,nonuang,ds11,raw_dataset/non_uang/000000067947.jpg,True
nm_000000067999,nonuang,ds11,raw_dataset/non_uang/000000067999.jpg,True
nm_000000068216,nonuang,ds11,raw_dataset/non_uang/000000068216.jpg,True
nm_000000068354,nonuang,ds11,raw_dataset/non_uang/000000068354.jpg,True
nm_000000068371,nonuang,ds11,raw_dataset/non_uang/000000068371.jpg,False
nm_000000068428,nonuang,ds11,raw_dataset/non_uang/000000068428.jpg,True
nm_000000068644,nonuang,ds11,raw_dataset/non_uang/000000068644.jpg,False
nm_000000068775,nonuang,ds11,raw_dataset/non_uang/000000068775.jpg,True
nm_000000068831,nonuang,ds11,raw_dataset/non_uang/000000068831.jpg,True
nm_000000068855,nonuang,ds11,raw_dataset/non_uang/000000068855.jpg,True
nm_000000068930,nonuang,ds11,raw_dataset/non_uang/000000068930.jpg,False
nm_000000068991,nonuang,ds11,raw_dataset/non_uang/000000068991.jpg,False
nm_000000069035,nonuang,ds11,raw_dataset/non_uang/000000069035.jpg,True
nm_000000069078,nonuang,ds11,raw_dataset/non_uang/000000069078.jpg,False
nm_000000069082,nonuang,ds11,raw_dataset/non_uang/000000069082.jpg,True
nm_000000069430,nonuang,ds11,raw_dataset/non_uang/000000069430.jpg,True
nm_000000069570,nonuang,ds11,raw_dataset/non_uang/000000069570.jpg,True
nm_000000069580,nonuang,ds11,raw_dataset/non_uang/000000069580.jpg,True
nm_000000069623,nonuang,ds11,raw_dataset/non_uang/000000069623.jpg,False
nm_000000069628,nonuang,ds11,raw_dataset/non_uang/000000069628.jpg,True
nm_000000069636,nonuang,ds11,raw_dataset/non_uang/000000069636.jpg,True
nm_000000069659,nonuang,ds11,raw_dataset/non_uang/000000069659.jpg,True
nm_000000069722,nonuang,ds11,raw_dataset/non_uang/000000069722.jpg,True
nm_000000069724,nonuang,ds11,raw_dataset/non_uang/000000069724.jpg,True
nm_000000069828,nonuang,ds11,raw_dataset/non_uang/000000069828.jpg,True
nm_000000069854,nonuang,ds11,raw_dataset/non_uang/000000069854.jpg,True
nm_000000069912,nonuang,ds11,raw_dataset/non_uang/000000069912.jpg,True
nm_000000069924,nonuang,ds11,raw_dataset/non_uang/000000069924.jpg,False
nm_000000069998,nonuang,ds11,raw_dataset/non_uang/000000069998.jpg,True
nm_000000069999,nonuang,ds11,raw_dataset/non_uang/000000069999.jpg,True
nm_000000070049,nonuang,ds11,raw_dataset/non_uang/000000070049.jpg,False
nm_000000070099,nonuang,ds11,raw_dataset/non_uang/000000070099.jpg,True
nm_000000070151,nonuang,ds11,raw_dataset/non_uang/000000070151.jpg,False
nm_000000070233,nonuang,ds11,raw_dataset/non_uang/000000070233.jpg,True
nm_000000070292,nonuang,ds11,raw_dataset/non_uang/000000070292.jpg,False
nm_000000070312,nonuang,ds11,raw_dataset/non_uang/000000070312.jpg,True
nm_000000070314,nonuang,ds11,raw_dataset/non_uang/000000070314.jpg,False
nm_000000070362,nonuang,ds11,raw_dataset/non_uang/000000070362.jpg,True
nm_000000070377,nonuang,ds11,raw_dataset/non_uang/000000070377.jpg,True
nm_000000070551,nonuang,ds11,raw_dataset/non_uang/000000070551.jpg,False
nm_000000070632,nonuang,ds11,raw_dataset/non_uang/000000070632.jpg,True
nm_000000070730,nonuang,ds11,raw_dataset/non_uang/000000070730.jpg,True
nm_000000070760,nonuang,ds11,raw_dataset/non_uang/000000070760.jpg,True
nm_000000070786,nonuang,ds11,raw_dataset/non_uang/000000070786.jpg,False
nm_000000070811,nonuang,ds11,raw_dataset/non_uang/000000070811.jpg,False
nm_000000070895,nonuang,ds11,raw_dataset/non_uang/000000070895.jpg,False
nm_000000070986,nonuang,ds11,raw_dataset/non_uang/000000070986.jpg,True
nm_000000071193,nonuang,ds11,raw_dataset/non_uang/000000071193.jpg,False
nm_000000071282,nonuang,ds11,raw_dataset/non_uang/000000071282.jpg,False
nm_000000071308,nonuang,ds11,raw_dataset/non_uang/000000071308.jpg,True
nm_000000071469,nonuang,ds11,raw_dataset/non_uang/000000071469.jpg,False
nm_000000071511,nonuang,ds11,raw_dataset/non_uang/000000071511.jpg,True
nm_000000071548,nonuang,ds11,raw_dataset/non_uang/000000071548.jpg,True
nm_000000071859,nonuang,ds11,raw_dataset/non_uang/000000071859.jpg,True
nm_000000071909,nonuang,ds11,raw_dataset/non_uang/000000071909.jpg,False
nm_000000071913,nonuang,ds11,raw_dataset/non_uang/000000071913.jpg,True
nm_000000071922,nonuang,ds11,raw_dataset/non_uang/000000071922.jpg,True
nm_000000072347,nonuang,ds11,raw_dataset/non_uang/000000072347.jpg,False
nm_000000072460,nonuang,ds11,raw_dataset/non_uang/000000072460.jpg,False
nm_000000072506,nonuang,ds11,raw_dataset/non_uang/000000072506.jpg,True
nm_000000072596,nonuang,ds11,raw_dataset/non_uang/000000072596.jpg,True
nm_000000072652,nonuang,ds11,raw_dataset/non_uang/000000072652.jpg,True
nm_000000072677,nonuang,ds11,raw_dataset/non_uang/000000072677.jpg,True
nm_000000072699,nonuang,ds11,raw_dataset/non_uang/000000072699.jpg,True
nm_000000072806,nonuang,ds11,raw_dataset/non_uang/000000072806.jpg,True
nm_000000072959,nonuang,ds11,raw_dataset/non_uang/000000072959.jpg,False
nm_000000073046,nonuang,ds11,raw_dataset/non_uang/000000073046.jpg,True
nm_000000073125,nonuang,ds11,raw_dataset/non_uang/000000073125.jpg,True
nm_000000073145,nonuang,ds11,raw_dataset/non_uang/000000073145.jpg,False
nm_000000073160,nonuang,ds11,raw_dataset/non_uang/000000073160.jpg,True
nm_000000073340,nonuang,ds11,raw_dataset/non_uang/000000073340.jpg,False
nm_000000073360,nonuang,ds11,raw_dataset/non_uang/000000073360.jpg,True
nm_000000073465,nonuang,ds11,raw_dataset/non_uang/000000073465.jpg,True
nm_000000073572,nonuang,ds11,raw_dataset/non_uang/000000073572.jpg,False
nm_000000073625,nonuang,ds11,raw_dataset/non_uang/000000073625.jpg,False
nm_000000073758,nonuang,ds11,raw_dataset/non_uang/000000073758.jpg,False
nm_000000073810,nonuang,ds11,raw_dataset/non_uang/000000073810.jpg,False
nm_000000073871,nonuang,ds11,raw_dataset/non_uang/000000073871.jpg,False
nm_000000073990,nonuang,ds11,raw_dataset/non_uang/000000073990.jpg,True
nm_000000074056,nonuang,ds11,raw_dataset/non_uang/000000074056.jpg,True
nm_000000074108,nonuang,ds11,raw_dataset/non_uang/000000074108.jpg,True
nm_000000074115,nonuang,ds11,raw_dataset/non_uang/000000074115.jpg,False
nm_000000074163,nonuang,ds11,raw_dataset/non_uang/000000074163.jpg,False
nm_000000074205,nonuang,ds11,raw_dataset/non_uang/000000074205.jpg,False
nm_000000074257,nonuang,ds11,raw_dataset/non_uang/000000074257.jpg,True
nm_000000074360,nonuang,ds11,raw_dataset/non_uang/000000074360.jpg,False
nm_000000074408,nonuang,ds11,raw_dataset/non_uang/000000074408.jpg,True
nm_000000074449,nonuang,ds11,raw_dataset/non_uang/000000074449.jpg,True
nm_000000074525,nonuang,ds11,raw_dataset/non_uang/000000074525.jpg,False
nm_000000074607,nonuang,ds11,raw_dataset/non_uang/000000074607.jpg,True
nm_000000074676,nonuang,ds11,raw_dataset/non_uang/000000074676.jpg,False
nm_000000074685,nonuang,ds11,raw_dataset/non_uang/000000074685.jpg,True
nm_000000074716,nonuang,ds11,raw_dataset/non_uang/000000074716.jpg,True
nm_000000074721,nonuang,ds11,raw_dataset/non_uang/000000074721.jpg,True
nm_000000074852,nonuang,ds11,raw_dataset/non_uang/000000074852.jpg,True
nm_000000074858,nonuang,ds11,raw_dataset/non_uang/000000074858.jpg,True
nm_000000074889,nonuang,ds11,raw_dataset/non_uang/000000074889.jpg,True
nm_000000074954,nonuang,ds11,raw_dataset/non_uang/000000074954.jpg,True
nm_000000074983,nonuang,ds11,raw_dataset/non_uang/000000074983.jpg,True
nm_000000075029,nonuang,ds11,raw_dataset/non_uang/000000075029.jpg,False
nm_000000075209,nonuang,ds11,raw_dataset/non_uang/000000075209.jpg,True
nm_000000075279,nonuang,ds11,raw_dataset/non_uang/000000075279.jpg,True
nm_000000075302,nonuang,ds11,raw_dataset/non_uang/000000075302.jpg,False
nm_000000075329,nonuang,ds11,raw_dataset/non_uang/000000075329.jpg,True
nm_000000075394,nonuang,ds11,raw_dataset/non_uang/000000075394.jpg,False
nm_000000075599,nonuang,ds11,raw_dataset/non_uang/000000075599.jpg,False
nm_000000075916,nonuang,ds11,raw_dataset/non_uang/000000075916.jpg,True
nm_000000075922,nonuang,ds11,raw_dataset/non_uang/000000075922.jpg,True
nm_000000075958,nonuang,ds11,raw_dataset/non_uang/000000075958.jpg,False
nm_000000075980,nonuang,ds11,raw_dataset/non_uang/000000075980.jpg,True
nm_000000075984,nonuang,ds11,raw_dataset/non_uang/000000075984.jpg,True
nm_000000076027,nonuang,ds11,raw_dataset/non_uang/000000076027.jpg,True
nm_000000076060,nonuang,ds11,raw_dataset/non_uang/000000076060.jpg,True
nm_000000076158,nonuang,ds11,raw_dataset/non_uang/000000076158.jpg,True
nm_000000076206,nonuang,ds11,raw_dataset/non_uang/000000076206.jpg,True
nm_000000076279,nonuang,ds11,raw_dataset/non_uang/000000076279.jpg,True
nm_000000076303,nonuang,ds11,raw_dataset/non_uang/000000076303.jpg,True
nm_000000076425,nonuang,ds11,raw_dataset/non_uang/000000076425.jpg,False
nm_000000076540,nonuang,ds11,raw_dataset/non_uang/000000076540.jpg,True
nm_000000076551,nonuang,ds11,raw_dataset/non_uang/000000076551.jpg,True
nm_000000076618,nonuang,ds11,raw_dataset/non_uang/000000076618.jpg,True
nm_000000076667,nonuang,ds11,raw_dataset/non_uang/000000076667.jpg,True
nm_000000076694,nonuang,ds11,raw_dataset/non_uang/000000076694.jpg,True
nm_000000076733,nonuang,ds11,raw_dataset/non_uang/000000076733.jpg,False
nm_000000076755,nonuang,ds11,raw_dataset/non_uang/000000076755.jpg,False
nm_000000076774,nonuang,ds11,raw_dataset/non_uang/000000076774.jpg,True
nm_000000076775,nonuang,ds11,raw_dataset/non_uang/000000076775.jpg,True
nm_000000076857,nonuang,ds11,raw_dataset/non_uang/000000076857.jpg,True
nm_000000076858,nonuang,ds11,raw_dataset/non_uang/000000076858.jpg,False
nm_000000076859,nonuang,ds11,raw_dataset/non_uang/000000076859.jpg,False
nm_000000076898,nonuang,ds11,raw_dataset/non_uang/000000076898.jpg,True
nm_000000077196,nonuang,ds11,raw_dataset/non_uang/000000077196.jpg,True
nm_000000077210,nonuang,ds11,raw_dataset/non_uang/000000077210.jpg,True
nm_000000077250,nonuang,ds11,raw_dataset/non_uang/000000077250.jpg,False
nm_000000077276,nonuang,ds11,raw_dataset/non_uang/000000077276.jpg,True
nm_000000077339,nonuang,ds11,raw_dataset/non_uang/000000077339.jpg,True
nm_000000077452,nonuang,ds11,raw_dataset/non_uang/000000077452.jpg,True
nm_000000077459,nonuang,ds11,raw_dataset/non_uang/000000077459.jpg,True
nm_000000077462,nonuang,ds11,raw_dataset/non_uang/000000077462.jpg,True
nm_000000077507,nonuang,ds11,raw_dataset/non_uang/000000077507.jpg,False
nm_000000077644,nonuang,ds11,raw_dataset/non_uang/000000077644.jpg,True
nm_000000077831,nonuang,ds11,raw_dataset/non_uang/000000077831.jpg,False
nm_000000077856,nonuang,ds11,raw_dataset/non_uang/000000077856.jpg,False
nm_000000077877,nonuang,ds11,raw_dataset/non_uang/000000077877.jpg,False
nm_000000077922,nonuang,ds11,raw_dataset/non_uang/000000077922.jpg,True
nm_000000077933,nonuang,ds11,raw_dataset/non_uang/000000077933.jpg,False
nm_000000078069,nonuang,ds11,raw_dataset/non_uang/000000078069.jpg,False
nm_000000078123,nonuang,ds11,raw_dataset/non_uang/000000078123.jpg,True
nm_000000078277,nonuang,ds11,raw_dataset/non_uang/000000078277.jpg,True
nm_000000078329,nonuang,ds11,raw_dataset/non_uang/000000078329.jpg,False
nm_000000078518,nonuang,ds11,raw_dataset/non_uang/000000078518.jpg,True
nm_000000078523,nonuang,ds11,raw_dataset/non_uang/000000078523.jpg,True
nm_000000078545,nonuang,ds11,raw_dataset/non_uang/000000078545.jpg,False
nm_000000078568,nonuang,ds11,raw_dataset/non_uang/000000078568.jpg,True
nm_000000078712,nonuang,ds11,raw_dataset/non_uang/000000078712.jpg,True
nm_000000078734,nonuang,ds11,raw_dataset/non_uang/000000078734.jpg,True
nm_000000078874,nonuang,ds11,raw_dataset/non_uang/000000078874.jpg,False
nm_000000078893,nonuang,ds11,raw_dataset/non_uang/000000078893.jpg,True
nm_000000078902,nonuang,ds11,raw_dataset/non_uang/000000078902.jpg,True
nm_000000078931,nonuang,ds11,raw_dataset/non_uang/000000078931.jpg,True
nm_000000078954,nonuang,ds11,raw_dataset/non_uang/000000078954.jpg,True
nm_000000078989,nonuang,ds11,raw_dataset/non_uang/000000078989.jpg,False
nm_000000079040,nonuang,ds11,raw_dataset/non_uang/000000079040.jpg,True
nm_000000079043,nonuang,ds11,raw_dataset/non_uang/000000079043.jpg,False
nm_000000079078,nonuang,ds11,raw_dataset/non_uang/000000079078.jpg,False
nm_000000079086,nonuang,ds11,raw_dataset/non_uang/000000079086.jpg,True
nm_000000079187,nonuang,ds11,raw_dataset/non_uang/000000079187.jpg,True
nm_000000079278,nonuang,ds11,raw_dataset/non_uang/000000079278.jpg,True
nm_000000079435,nonuang,ds11,raw_dataset/non_uang/000000079435.jpg,False
nm_000000079467,nonuang,ds11,raw_dataset/non_uang/000000079467.jpg,True
nm_000000079692,nonuang,ds11,raw_dataset/non_uang/000000079692.jpg,True
nm_000000079712,nonuang,ds11,raw_dataset/non_uang/000000079712.jpg,True
nm_000000079748,nonuang,ds11,raw_dataset/non_uang/000000079748.jpg,False
nm_000000079766,nonuang,ds11,raw_dataset/non_uang/000000079766.jpg,False
nm_000000079796,nonuang,ds11,raw_dataset/non_uang/000000079796.jpg,True
nm_000000079850,nonuang,ds11,raw_dataset/non_uang/000000079850.jpg,False
nm_000000079856,nonuang,ds11,raw_dataset/non_uang/000000079856.jpg,False
nm_000000079867,nonuang,ds11,raw_dataset/non_uang/000000079867.jpg,True
nm_000000080032,nonuang,ds11,raw_dataset/non_uang/000000080032.jpg,False
nm_000000080136,nonuang,ds11,raw_dataset/non_uang/000000080136.jpg,True
nm_000000080241,nonuang,ds11,raw_dataset/non_uang/000000080241.jpg,True
nm_000000080242,nonuang,ds11,raw_dataset/non_uang/000000080242.jpg,True
nm_000000080292,nonuang,ds11,raw_dataset/non_uang/000000080292.jpg,True
nm_000000080299,nonuang,ds11,raw_dataset/non_uang/000000080299.jpg,False
nm_000000080410,nonuang,ds11,raw_dataset/non_uang/000000080410.jpg,False
nm_000000080570,nonuang,ds11,raw_dataset/non_uang/000000080570.jpg,False
nm_000000080571,nonuang,ds11,raw_dataset/non_uang/000000080571.jpg,True
nm_000000080579,nonuang,ds11,raw_dataset/non_uang/000000080579.jpg,True
nm_000000080657,nonuang,ds11,raw_dataset/non_uang/000000080657.jpg,False
nm_000000080681,nonuang,ds11,raw_dataset/non_uang/000000080681.jpg,False
nm_000000080715,nonuang,ds11,raw_dataset/non_uang/000000080715.jpg,True
nm_000000080799,nonuang,ds11,raw_dataset/non_uang/000000080799.jpg,True
nm_000000080938,nonuang,ds11,raw_dataset/non_uang/000000080938.jpg,False
nm_000000081007,nonuang,ds11,raw_dataset/non_uang/000000081007.jpg,True
nm_000000081101,nonuang,ds11,raw_dataset/non_uang/000000081101.jpg,True
nm_000000081114,nonuang,ds11,raw_dataset/non_uang/000000081114.jpg,True
nm_000000081152,nonuang,ds11,raw_dataset/non_uang/000000081152.jpg,True
nm_000000081203,nonuang,ds11,raw_dataset/non_uang/000000081203.jpg,True
nm_000000081213,nonuang,ds11,raw_dataset/non_uang/000000081213.jpg,True
nm_000000081762,nonuang,ds11,raw_dataset/non_uang/000000081762.jpg,True
nm_000000081909,nonuang,ds11,raw_dataset/non_uang/000000081909.jpg,True
nm_000000081933,nonuang,ds11,raw_dataset/non_uang/000000081933.jpg,True
nm_000000081986,nonuang,ds11,raw_dataset/non_uang/000000081986.jpg,True
nm_000000082009,nonuang,ds11,raw_dataset/non_uang/000000082009.jpg,True
nm_000000082022,nonuang,ds11,raw_dataset/non_uang/000000082022.jpg,False
nm_000000082038,nonuang,ds11,raw_dataset/non_uang/000000082038.jpg,False
nm_000000082050,nonuang,ds11,raw_dataset/non_uang/000000082050.jpg,True
nm_000000082098,nonuang,ds11,raw_dataset/non_uang/000000082098.jpg,True
nm_000000082156,nonuang,ds11,raw_dataset/non_uang/000000082156.jpg,False
nm_000000082158,nonuang,ds11,raw_dataset/non_uang/000000082158.jpg,False
nm_000000082193,nonuang,ds11,raw_dataset/non_uang/000000082193.jpg,True
nm_000000082387,nonuang,ds11,raw_dataset/non_uang/000000082387.jpg,True
nm_000000082448,nonuang,ds11,raw_dataset/non_uang/000000082448.jpg,True
nm_000000082510,nonuang,ds11,raw_dataset/non_uang/000000082510.jpg,True
nm_000000082522,nonuang,ds11,raw_dataset/non_uang/000000082522.jpg,True
nm_000000082601,nonuang,ds11,raw_dataset/non_uang/000000082601.jpg,False
nm_000000082891,nonuang,ds11,raw_dataset/non_uang/000000082891.jpg,True
nm_000000082915,nonuang,ds11,raw_dataset/non_uang/000000082915.jpg,False
nm_000000083122,nonuang,ds11,raw_dataset/non_uang/000000083122.jpg,False
nm_000000083182,nonuang,ds11,raw_dataset/non_uang/000000083182.jpg,True
nm_000000083203,nonuang,ds11,raw_dataset/non_uang/000000083203.jpg,True
nm_000000083314,nonuang,ds11,raw_dataset/non_uang/000000083314.jpg,True
nm_000000083722,nonuang,ds11,raw_dataset/non_uang/000000083722.jpg,True
nm_000000083774,nonuang,ds11,raw_dataset/non_uang/000000083774.jpg,True
nm_000000083841,nonuang,ds11,raw_dataset/non_uang/000000083841.jpg,False
nm_000000083893,nonuang,ds11,raw_dataset/non_uang/000000083893.jpg,True
nm_000000083961,nonuang,ds11,raw_dataset/non_uang/000000083961.jpg,True
nm_000000083981,nonuang,ds11,raw_dataset/non_uang/000000083981.jpg,False
nm_000000084028,nonuang,ds11,raw_dataset/non_uang/000000084028.jpg,True
nm_000000084050,nonuang,ds11,raw_dataset/non_uang/000000084050.jpg,True
nm_000000084076,nonuang,ds11,raw_dataset/non_uang/000000084076.jpg,True
nm_000000084116,nonuang,ds11,raw_dataset/non_uang/000000084116.jpg,False
nm_000000084164,nonuang,ds11,raw_dataset/non_uang/000000084164.jpg,True
nm_000000084180,nonuang,ds11,raw_dataset/non_uang/000000084180.jpg,True
nm_000000084205,nonuang,ds11,raw_dataset/non_uang/000000084205.jpg,False
nm_000000084236,nonuang,ds11,raw_dataset/non_uang/000000084236.jpg,True
nm_000000084317,nonuang,ds11,raw_dataset/non_uang/000000084317.jpg,True
nm_000000084335,nonuang,ds11,raw_dataset/non_uang/000000084335.jpg,False
nm_000000084394,nonuang,ds11,raw_dataset/non_uang/000000084394.jpg,True
nm_000000084414,nonuang,ds11,raw_dataset/non_uang/000000084414.jpg,False
nm_000000084438,nonuang,ds11,raw_dataset/non_uang/000000084438.jpg,True
nm_000000084616,nonuang,ds11,raw_dataset/non_uang/000000084616.jpg,True
nm_000000085054,nonuang,ds11,raw_dataset/non_uang/000000085054.jpg,False
nm_000000085078,nonuang,ds11,raw_dataset/non_uang/000000085078.jpg,True
nm_000000085188,nonuang,ds11,raw_dataset/non_uang/000000085188.jpg,True
nm_000000085240,nonuang,ds11,raw_dataset/non_uang/000000085240.jpg,False
nm_000000085256,nonuang,ds11,raw_dataset/non_uang/000000085256.jpg,False
nm_000000085269,nonuang,ds11,raw_dataset/non_uang/000000085269.jpg,False
nm_000000085300,nonuang,ds11,raw_dataset/non_uang/000000085300.jpg,True
nm_000000085318,nonuang,ds11,raw_dataset/non_uang/000000085318.jpg,True
nm_000000085441,nonuang,ds11,raw_dataset/non_uang/000000085441.jpg,True
nm_000000085469,nonuang,ds11,raw_dataset/non_uang/000000085469.jpg,True
nm_000000085524,nonuang,ds11,raw_dataset/non_uang/000000085524.jpg,False
nm_000000085609,nonuang,ds11,raw_dataset/non_uang/000000085609.jpg,True
nm_000000085616,nonuang,ds11,raw_dataset/non_uang/000000085616.jpg,True
nm_000000085643,nonuang,ds11,raw_dataset/non_uang/000000085643.jpg,True
nm_000000085770,nonuang,ds11,raw_dataset/non_uang/000000085770.jpg,False
nm_000000085832,nonuang,ds11,raw_dataset/non_uang/000000085832.jpg,True
nm_000000085890,nonuang,ds11,raw_dataset/non_uang/000000085890.jpg,True
nm_000000085953,nonuang,ds11,raw_dataset/non_uang/000000085953.jpg,True
nm_000000085955,nonuang,ds11,raw_dataset/non_uang/000000085955.jpg,True
nm_000000085985,nonuang,ds11,raw_dataset/non_uang/000000085985.jpg,False
nm_000000086038,nonuang,ds11,raw_dataset/non_uang/000000086038.jpg,False
nm_000000086076,nonuang,ds11,raw_dataset/non_uang/000000086076.jpg,True
nm_000000086091,nonuang,ds11,raw_dataset/non_uang/000000086091.jpg,True
nm_000000086120,nonuang,ds11,raw_dataset/non_uang/000000086120.jpg,True
nm_000000086187,nonuang,ds11,raw_dataset/non_uang/000000086187.jpg,True
nm_000000086253,nonuang,ds11,raw_dataset/non_uang/000000086253.jpg,True
nm_000000086478,nonuang,ds11,raw_dataset/non_uang/000000086478.jpg,True
nm_000000086586,nonuang,ds11,raw_dataset/non_uang/000000086586.jpg,False
nm_000000086603,nonuang,ds11,raw_dataset/non_uang/000000086603.jpg,True
nm_000000086637,nonuang,ds11,raw_dataset/non_uang/000000086637.jpg,True
nm_000000086663,nonuang,ds11,raw_dataset/non_uang/000000086663.jpg,False
nm_000000086759,nonuang,ds11,raw_dataset/non_uang/000000086759.jpg,True
nm_000000086838,nonuang,ds11,raw_dataset/non_uang/000000086838.jpg,True
nm_000000086881,nonuang,ds11,raw_dataset/non_uang/000000086881.jpg,True
nm_000000086947,nonuang,ds11,raw_dataset/non_uang/000000086947.jpg,False
nm_000000087071,nonuang,ds11,raw_dataset/non_uang/000000087071.jpg,True
nm_000000087167,nonuang,ds11,raw_dataset/non_uang/000000087167.jpg,True
nm_000000087297,nonuang,ds11,raw_dataset/non_uang/000000087297.jpg,False
nm_000000087310,nonuang,ds11,raw_dataset/non_uang/000000087310.jpg,True
nm_000000087336,nonuang,ds11,raw_dataset/non_uang/000000087336.jpg,True
nm_000000087365,nonuang,ds11,raw_dataset/non_uang/000000087365.jpg,False
nm_000000087566,nonuang,ds11,raw_dataset/non_uang/000000087566.jpg,True
nm_000000087764,nonuang,ds11,raw_dataset/non_uang/000000087764.jpg,True
nm_000000087837,nonuang,ds11,raw_dataset/non_uang/000000087837.jpg,False
nm_000000087846,nonuang,ds11,raw_dataset/non_uang/000000087846.jpg,True
nm_000000088320,nonuang,ds11,raw_dataset/non_uang/000000088320.jpg,True
nm_000000088355,nonuang,ds11,raw_dataset/non_uang/000000088355.jpg,False
nm_000000088361,nonuang,ds11,raw_dataset/non_uang/000000088361.jpg,False
nm_000000088366,nonuang,ds11,raw_dataset/non_uang/000000088366.jpg,True
nm_000000088420,nonuang,ds11,raw_dataset/non_uang/000000088420.jpg,True
nm_000000088506,nonuang,ds11,raw_dataset/non_uang/000000088506.jpg,False
nm_000000088565,nonuang,ds11,raw_dataset/non_uang/000000088565.jpg,False
nm_000000088599,nonuang,ds11,raw_dataset/non_uang/000000088599.jpg,False
nm_000000088717,nonuang,ds11,raw_dataset/non_uang/000000088717.jpg,False
nm_000000088731,nonuang,ds11,raw_dataset/non_uang/000000088731.jpg,True
nm_000000088737,nonuang,ds11,raw_dataset/non_uang/000000088737.jpg,True
nm_000000088762,nonuang,ds11,raw_dataset/non_uang/000000088762.jpg,False
nm_000000088863,nonuang,ds11,raw_dataset/non_uang/000000088863.jpg,False
nm_000000088924,nonuang,ds11,raw_dataset/non_uang/000000088924.jpg,True
nm_000000088939,nonuang,ds11,raw_dataset/non_uang/000000088939.jpg,True
nm_000000089019,nonuang,ds11,raw_dataset/non_uang/000000089019.jpg,False
nm_000000089084,nonuang,ds11,raw_dataset/non_uang/000000089084.jpg,True
nm_000000089237,nonuang,ds11,raw_dataset/non_uang/000000089237.jpg,True
nm_000000089396,nonuang,ds11,raw_dataset/non_uang/000000089396.jpg,False
nm_000000089402,nonuang,ds11,raw_dataset/non_uang/000000089402.jpg,True
nm_000000089493,nonuang,ds11,raw_dataset/non_uang/000000089493.jpg,False
nm_000000089581,nonuang,ds11,raw_dataset/non_uang/000000089581.jpg,True
nm_000000089584,nonuang,ds11,raw_dataset/non_uang/000000089584.jpg,True
nm_000000089608,nonuang,ds11,raw_dataset/non_uang/000000089608.jpg,True
nm_000000089744,nonuang,ds11,raw_dataset/non_uang/000000089744.jpg,True
nm_000000089764,nonuang,ds11,raw_dataset/non_uang/000000089764.jpg,True
nm_000000089794,nonuang,ds11,raw_dataset/non_uang/000000089794.jpg,False
nm_000000089925,nonuang,ds11,raw_dataset/non_uang/000000089925.jpg,True
nm_000000089998,nonuang,ds11,raw_dataset/non_uang/000000089998.jpg,True
nm_000000090034,nonuang,ds11,raw_dataset/non_uang/000000090034.jpg,False
nm_000000090083,nonuang,ds11,raw_dataset/non_uang/000000090083.jpg,False
nm_000000090212,nonuang,ds11,raw_dataset/non_uang/000000090212.jpg,True
nm_000000090260,nonuang,ds11,raw_dataset/non_uang/000000090260.jpg,True
nm_000000090294,nonuang,ds11,raw_dataset/non_uang/000000090294.jpg,False
nm_000000090304,nonuang,ds11,raw_dataset/non_uang/000000090304.jpg,False
nm_000000090383,nonuang,ds11,raw_dataset/non_uang/000000090383.jpg,False
nm_000000090404,nonuang,ds11,raw_dataset/non_uang/000000090404.jpg,True
nm_000000090416,nonuang,ds11,raw_dataset/non_uang/000000090416.jpg,False
nm_000000090436,nonuang,ds11,raw_dataset/non_uang/000000090436.jpg,False
nm_000000090483,nonuang,ds11,raw_dataset/non_uang/000000090483.jpg,True
nm_000000090504,nonuang,ds11,raw_dataset/non_uang/000000090504.jpg,True
nm_000000090556,nonuang,ds11,raw_dataset/non_uang/000000090556.jpg,True
nm_000000090580,nonuang,ds11,raw_dataset/non_uang/000000090580.jpg,True
nm_000000090703,nonuang,ds11,raw_dataset/non_uang/000000090703.jpg,True
nm_000000090819,nonuang,ds11,raw_dataset/non_uang/000000090819.jpg,True
nm_000000090828,nonuang,ds11,raw_dataset/non_uang/000000090828.jpg,True
nm_000000090924,nonuang,ds11,raw_dataset/non_uang/000000090924.jpg,True
nm_000000090966,nonuang,ds11,raw_dataset/non_uang/000000090966.jpg,False
nm_000000090971,nonuang,ds11,raw_dataset/non_uang/000000090971.jpg,False
nm_000000090996,nonuang,ds11,raw_dataset/non_uang/000000090996.jpg,True
nm_000000091021,nonuang,ds11,raw_dataset/non_uang/000000091021.jpg,False
nm_000000091024,nonuang,ds11,raw_dataset/non_uang/000000091024.jpg,False
nm_000000091054,nonuang,ds11,raw_dataset/non_uang/000000091054.jpg,True
nm_000000091091,nonuang,ds11,raw_dataset/non_uang/000000091091.jpg,True
nm_000000091223,nonuang,ds11,raw_dataset/non_uang/000000091223.jpg,False
nm_000000091415,nonuang,ds11,raw_dataset/non_uang/000000091415.jpg,True
nm_000000091486,nonuang,ds11,raw_dataset/non_uang/000000091486.jpg,True
nm_000000091703,nonuang,ds11,raw_dataset/non_uang/000000091703.jpg,True
nm_000000091792,nonuang,ds11,raw_dataset/non_uang/000000091792.jpg,False
nm_000000091832,nonuang,ds11,raw_dataset/non_uang/000000091832.jpg,False
nm_000000091897,nonuang,ds11,raw_dataset/non_uang/000000091897.jpg,False
nm_000000092008,nonuang,ds11,raw_dataset/non_uang/000000092008.jpg,True
nm_000000092018,nonuang,ds11,raw_dataset/non_uang/000000092018.jpg,False
nm_000000092077,nonuang,ds11,raw_dataset/non_uang/000000092077.jpg,False
nm_000000092150,nonuang,ds11,raw_dataset/non_uang/000000092150.jpg,True
nm_000000092208,nonuang,ds11,raw_dataset/non_uang/000000092208.jpg,False
nm_000000092234,nonuang,ds11,raw_dataset/non_uang/000000092234.jpg,True
nm_000000092278,nonuang,ds11,raw_dataset/non_uang/000000092278.jpg,True
nm_000000092281,nonuang,ds11,raw_dataset/non_uang/000000092281.jpg,False
nm_000000092427,nonuang,ds11,raw_dataset/non_uang/000000092427.jpg,True
nm_000000092473,nonuang,ds11,raw_dataset/non_uang/000000092473.jpg,True
nm_000000092483,nonuang,ds11,raw_dataset/non_uang/000000092483.jpg,True
nm_000000092497,nonuang,ds11,raw_dataset/non_uang/000000092497.jpg,False
nm_000000092508,nonuang,ds11,raw_dataset/non_uang/000000092508.jpg,True
nm_000000092528,nonuang,ds11,raw_dataset/non_uang/000000092528.jpg,True
nm_000000092542,nonuang,ds11,raw_dataset/non_uang/000000092542.jpg,True
nm_000000092695,nonuang,ds11,raw_dataset/non_uang/000000092695.jpg,True
nm_000000092775,nonuang,ds11,raw_dataset/non_uang/000000092775.jpg,False
nm_000000092838,nonuang,ds11,raw_dataset/non_uang/000000092838.jpg,False
nm_000000092864,nonuang,ds11,raw_dataset/non_uang/000000092864.jpg,True
nm_000000092912,nonuang,ds11,raw_dataset/non_uang/000000092912.jpg,True
nm_000000093036,nonuang,ds11,raw_dataset/non_uang/000000093036.jpg,False
nm_000000093123,nonuang,ds11,raw_dataset/non_uang/000000093123.jpg,True
nm_000000093134,nonuang,ds11,raw_dataset/non_uang/000000093134.jpg,True
nm_000000093294,nonuang,ds11,raw_dataset/non_uang/000000093294.jpg,False
nm_000000093458,nonuang,ds11,raw_dataset/non_uang/000000093458.jpg,True
nm_000000093513,nonuang,ds11,raw_dataset/non_uang/000000093513.jpg,True
nm_000000093627,nonuang,ds11,raw_dataset/non_uang/000000093627.jpg,True
nm_000000093638,nonuang,ds11,raw_dataset/non_uang/000000093638.jpg,True
nm_000000093642,nonuang,ds11,raw_dataset/non_uang/000000093642.jpg,False
nm_000000093759,nonuang,ds11,raw_dataset/non_uang/000000093759.jpg,True
nm_000000093777,nonuang,ds11,raw_dataset/non_uang/000000093777.jpg,True
nm_000000093828,nonuang,ds11,raw_dataset/non_uang/000000093828.jpg,True
nm_000000093897,nonuang,ds11,raw_dataset/non_uang/000000093897.jpg,False
nm_000000093903,nonuang,ds11,raw_dataset/non_uang/000000093903.jpg,True
nm_000000093919,nonuang,ds11,raw_dataset/non_uang/000000093919.jpg,False
nm_000000093976,nonuang,ds11,raw_dataset/non_uang/000000093976.jpg,False
nm_000000094014,nonuang,ds11,raw_dataset/non_uang/000000094014.jpg,True
nm_000000094198,nonuang,ds11,raw_dataset/non_uang/000000094198.jpg,True
nm_000000094280,nonuang,ds11,raw_dataset/non_uang/000000094280.jpg,True
nm_000000094312,nonuang,ds11,raw_dataset/non_uang/000000094312.jpg,True
nm_000000094341,nonuang,ds11,raw_dataset/non_uang/000000094341.jpg,True
nm_000000094562,nonuang,ds11,raw_dataset/non_uang/000000094562.jpg,False
nm_000000094699,nonuang,ds11,raw_dataset/non_uang/000000094699.jpg,False
nm_000000094882,nonuang,ds11,raw_dataset/non_uang/000000094882.jpg,True
nm_000000094938,nonuang,ds11,raw_dataset/non_uang/000000094938.jpg,True
nm_000000095047,nonuang,ds11,raw_dataset/non_uang/000000095047.jpg,False
nm_000000095093,nonuang,ds11,raw_dataset/non_uang/000000095093.jpg,True
nm_000000095177,nonuang,ds11,raw_dataset/non_uang/000000095177.jpg,False
nm_000000095259,nonuang,ds11,raw_dataset/non_uang/000000095259.jpg,False
nm_000000095642,nonuang,ds11,raw_dataset/non_uang/000000095642.jpg,True
nm_000000095653,nonuang,ds11,raw_dataset/non_uang/000000095653.jpg,False
nm_000000095735,nonuang,ds11,raw_dataset/non_uang/000000095735.jpg,False
nm_000000095740,nonuang,ds11,raw_dataset/non_uang/000000095740.jpg,False
nm_000000095758,nonuang,ds11,raw_dataset/non_uang/000000095758.jpg,True
nm_000000095766,nonuang,ds11,raw_dataset/non_uang/000000095766.jpg,False
nm_000000095884,nonuang,ds11,raw_dataset/non_uang/000000095884.jpg,True
nm_000000095917,nonuang,ds11,raw_dataset/non_uang/000000095917.jpg,False
nm_000000095942,nonuang,ds11,raw_dataset/non_uang/000000095942.jpg,True
nm_000000095980,nonuang,ds11,raw_dataset/non_uang/000000095980.jpg,True
nm_000000096089,nonuang,ds11,raw_dataset/non_uang/000000096089.jpg,False
nm_000000096120,nonuang,ds11,raw_dataset/non_uang/000000096120.jpg,False
nm_000000096121,nonuang,ds11,raw_dataset/non_uang/000000096121.jpg,True
nm_000000096141,nonuang,ds11,raw_dataset/non_uang/000000096141.jpg,True
nm_000000096201,nonuang,ds11,raw_dataset/non_uang/000000096201.jpg,True
nm_000000096341,nonuang,ds11,raw_dataset/non_uang/000000096341.jpg,True
nm_000000096345,nonuang,ds11,raw_dataset/non_uang/000000096345.jpg,False
nm_000000096362,nonuang,ds11,raw_dataset/non_uang/000000096362.jpg,True
nm_000000096441,nonuang,ds11,raw_dataset/non_uang/000000096441.jpg,True
nm_000000096443,nonuang,ds11,raw_dataset/non_uang/000000096443.jpg,True
nm_000000096657,nonuang,ds11,raw_dataset/non_uang/000000096657.jpg,True
nm_000000096688,nonuang,ds11,raw_dataset/non_uang/000000096688.jpg,True
nm_000000096696,nonuang,ds11,raw_dataset/non_uang/000000096696.jpg,False
nm_000000096731,nonuang,ds11,raw_dataset/non_uang/000000096731.jpg,True
nm_000000096852,nonuang,ds11,raw_dataset/non_uang/000000096852.jpg,True
nm_000000096944,nonuang,ds11,raw_dataset/non_uang/000000096944.jpg,True
nm_000000096980,nonuang,ds11,raw_dataset/non_uang/000000096980.jpg,True
nm_000000097031,nonuang,ds11,raw_dataset/non_uang/000000097031.jpg,True
nm_000000097061,nonuang,ds11,raw_dataset/non_uang/000000097061.jpg,False
nm_000000097241,nonuang,ds11,raw_dataset/non_uang/000000097241.jpg,True
nm_000000097309,nonuang,ds11,raw_dataset/non_uang/000000097309.jpg,True
nm_000000097313,nonuang,ds11,raw_dataset/non_uang/000000097313.jpg,True
nm_000000097335,nonuang,ds11,raw_dataset/non_uang/000000097335.jpg,False
nm_000000097381,nonuang,ds11,raw_dataset/non_uang/000000097381.jpg,True
nm_000000097382,nonuang,ds11,raw_dataset/non_uang/000000097382.jpg,False
nm_000000097485,nonuang,ds11,raw_dataset/non_uang/000000097485.jpg,True
nm_000000097494,nonuang,ds11,raw_dataset/non_uang/000000097494.jpg,True
nm_000000097528,nonuang,ds11,raw_dataset/non_uang/000000097528.jpg,True
nm_000000097536,nonuang,ds11,raw_dataset/non_uang/000000097536.jpg,True
nm_000000097538,nonuang,ds11,raw_dataset/non_uang/000000097538.jpg,False
nm_000000097650,nonuang,ds11,raw_dataset/non_uang/000000097650.jpg,False
nm_000000097793,nonuang,ds11,raw_dataset/non_uang/000000097793.jpg,False
nm_000000097811,nonuang,ds11,raw_dataset/non_uang/000000097811.jpg,False
nm_000000097816,nonuang,ds11,raw_dataset/non_uang/000000097816.jpg,True
nm_000000097839,nonuang,ds11,raw_dataset/non_uang/000000097839.jpg,True
nm_000000097959,nonuang,ds11,raw_dataset/non_uang/000000097959.jpg,False
nm_000000097962,nonuang,ds11,raw_dataset/non_uang/000000097962.jpg,True
nm_000000097971,nonuang,ds11,raw_dataset/non_uang/000000097971.jpg,True
nm_000000098019,nonuang,ds11,raw_dataset/non_uang/000000098019.jpg,True
nm_000000098075,nonuang,ds11,raw_dataset/non_uang/000000098075.jpg,True
nm_000000098120,nonuang,ds11,raw_dataset/non_uang/000000098120.jpg,True
nm_000000098225,nonuang,ds11,raw_dataset/non_uang/000000098225.jpg,True
nm_000000098311,nonuang,ds11,raw_dataset/non_uang/000000098311.jpg,True
nm_000000098313,nonuang,ds11,raw_dataset/non_uang/000000098313.jpg,True
nm_000000098343,nonuang,ds11,raw_dataset/non_uang/000000098343.jpg,True
nm_000000098356,nonuang,ds11,raw_dataset/non_uang/000000098356.jpg,True
nm_000000098637,nonuang,ds11,raw_dataset/non_uang/000000098637.jpg,False
nm_000000098657,nonuang,ds11,raw_dataset/non_uang/000000098657.jpg,True
nm_000000098660,nonuang,ds11,raw_dataset/non_uang/000000098660.jpg,False
nm_000000098771,nonuang,ds11,raw_dataset/non_uang/000000098771.jpg,False
nm_000000098784,nonuang,ds11,raw_dataset/non_uang/000000098784.jpg,True
nm_000000098877,nonuang,ds11,raw_dataset/non_uang/000000098877.jpg,False
nm_000000098898,nonuang,ds11,raw_dataset/non_uang/000000098898.jpg,True
nm_000000098951,nonuang,ds11,raw_dataset/non_uang/000000098951.jpg,False
nm_000000099034,nonuang,ds11,raw_dataset/non_uang/000000099034.jpg,False
nm_000000099262,nonuang,ds11,raw_dataset/non_uang/000000099262.jpg,True
nm_000000099294,nonuang,ds11,raw_dataset/non_uang/000000099294.jpg,True
nm_000000099302,nonuang,ds11,raw_dataset/non_uang/000000099302.jpg,True
nm_000000099345,nonuang,ds11,raw_dataset/non_uang/000000099345.jpg,True
nm_000000099371,nonuang,ds11,raw_dataset/non_uang/000000099371.jpg,True
nm_000000099383,nonuang,ds11,raw_dataset/non_uang/000000099383.jpg,True
nm_000000099439,nonuang,ds11,raw_dataset/non_uang/000000099439.jpg,False
nm_000000099449,nonuang,ds11,raw_dataset/non_uang/000000099449.jpg,True
nm_000000099483,nonuang,ds11,raw_dataset/non_uang/000000099483.jpg,False
nm_000000099610,nonuang,ds11,raw_dataset/non_uang/000000099610.jpg,True
nm_000000099738,nonuang,ds11,raw_dataset/non_uang/000000099738.jpg,True
nm_000000099811,nonuang,ds11,raw_dataset/non_uang/000000099811.jpg,False
nm_000000099852,nonuang,ds11,raw_dataset/non_uang/000000099852.jpg,False
nm_000000100025,nonuang,ds11,raw_dataset/non_uang/000000100025.jpg,False
nm_000000100119,nonuang,ds11,raw_dataset/non_uang/000000100119.jpg,True
nm_000000100151,nonuang,ds11,raw_dataset/non_uang/000000100151.jpg,True
nm_000000100185,nonuang,ds11,raw_dataset/non_uang/000000100185.jpg,True
nm_000000100257,nonuang,ds11,raw_dataset/non_uang/000000100257.jpg,False
nm_000000100314,nonuang,ds11,raw_dataset/non_uang/000000100314.jpg,True
nm_000000100363,nonuang,ds11,raw_dataset/non_uang/000000100363.jpg,False
nm_000000100383,nonuang,ds11,raw_dataset/non_uang/000000100383.jpg,True
nm_000000100461,nonuang,ds11,raw_dataset/non_uang/000000100461.jpg,True
nm_000000100508,nonuang,ds11,raw_dataset/non_uang/000000100508.jpg,False
nm_000000100529,nonuang,ds11,raw_dataset/non_uang/000000100529.jpg,True
nm_000000100615,nonuang,ds11,raw_dataset/non_uang/000000100615.jpg,True
nm_000000100651,nonuang,ds11,raw_dataset/non_uang/000000100651.jpg,True
nm_000000100782,nonuang,ds11,raw_dataset/non_uang/000000100782.jpg,False
nm_000000100800,nonuang,ds11,raw_dataset/non_uang/000000100800.jpg,True
nm_000000100843,nonuang,ds11,raw_dataset/non_uang/000000100843.jpg,True
nm_000000100932,nonuang,ds11,raw_dataset/non_uang/000000100932.jpg,False
nm_000000101169,nonuang,ds11,raw_dataset/non_uang/000000101169.jpg,False
nm_000000101203,nonuang,ds11,raw_dataset/non_uang/000000101203.jpg,False
nm_000000101228,nonuang,ds11,raw_dataset/non_uang/000000101228.jpg,False
nm_000000101259,nonuang,ds11,raw_dataset/non_uang/000000101259.jpg,True
nm_000000101291,nonuang,ds11,raw_dataset/non_uang/000000101291.jpg,True
nm_000000101320,nonuang,ds11,raw_dataset/non_uang/000000101320.jpg,True
nm_000000101327,nonuang,ds11,raw_dataset/non_uang/000000101327.jpg,True
nm_000000101345,nonuang,ds11,raw_dataset/non_uang/000000101345.jpg,False
nm_000000101363,nonuang,ds11,raw_dataset/non_uang/000000101363.jpg,True
nm_000000101415,nonuang,ds11,raw_dataset/non_uang/000000101415.jpg,True
nm_000000101422,nonuang,ds11,raw_dataset/non_uang/000000101422.jpg,True
nm_000000101709,nonuang,ds11,raw_dataset/non_uang/000000101709.jpg,True
nm_000000101944,nonuang,ds11,raw_dataset/non_uang/000000101944.jpg,True
nm_000000101992,nonuang,ds11,raw_dataset/non_uang/000000101992.jpg,True
nm_000000102286,nonuang,ds11,raw_dataset/non_uang/000000102286.jpg,False
nm_000000102474,nonuang,ds11,raw_dataset/non_uang/000000102474.jpg,False
nm_000000102494,nonuang,ds11,raw_dataset/non_uang/000000102494.jpg,True
nm_000000102512,nonuang,ds11,raw_dataset/non_uang/000000102512.jpg,True
nm_000000102524,nonuang,ds11,raw_dataset/non_uang/000000102524.jpg,True
nm_000000102535,nonuang,ds11,raw_dataset/non_uang/000000102535.jpg,False
nm_000000102631,nonuang,ds11,raw_dataset/non_uang/000000102631.jpg,False
nm_000000102731,nonuang,ds11,raw_dataset/non_uang/000000102731.jpg,True
nm_000000102760,nonuang,ds11,raw_dataset/non_uang/000000102760.jpg,False
nm_000000102792,nonuang,ds11,raw_dataset/non_uang/000000102792.jpg,True
nm_000000102814,nonuang,ds11,raw_dataset/non_uang/000000102814.jpg,False
nm_000000102865,nonuang,ds11,raw_dataset/non_uang/000000102865.jpg,False
nm_000000102914,nonuang,ds11,raw_dataset/non_uang/000000102914.jpg,False
nm_000000103072,nonuang,ds11,raw_dataset/non_uang/000000103072.jpg,True
nm_000000103105,nonuang,ds11,raw_dataset/non_uang/000000103105.jpg,False
nm_000000103117,nonuang,ds11,raw_dataset/non_uang/000000103117.jpg,True
nm_000000103282,nonuang,ds11,raw_dataset/non_uang/000000103282.jpg,False
nm_000000103359,nonuang,ds11,raw_dataset/non_uang/000000103359.jpg,True
nm_000000103392,nonuang,ds11,raw_dataset/non_uang/000000103392.jpg,True
nm_000000103400,nonuang,ds11,raw_dataset/non_uang/000000103400.jpg,True
nm_000000103523,nonuang,ds11,raw_dataset/non_uang/000000103523.jpg,False
nm_000000103562,nonuang,ds11,raw_dataset/non_uang/000000103562.jpg,True
nm_000000103696,nonuang,ds11,raw_dataset/non_uang/000000103696.jpg,True
nm_000000103721,nonuang,ds11,raw_dataset/non_uang/000000103721.jpg,False
nm_000000103753,nonuang,ds11,raw_dataset/non_uang/000000103753.jpg,True
nm_000000103950,nonuang,ds11,raw_dataset/non_uang/000000103950.jpg,True
nm_000000104057,nonuang,ds11,raw_dataset/non_uang/000000104057.jpg,True
nm_000000104059,nonuang,ds11,raw_dataset/non_uang/000000104059.jpg,True
nm_000000104105,nonuang,ds11,raw_dataset/non_uang/000000104105.jpg,False
nm_000000104132,nonuang,ds11,raw_dataset/non_uang/000000104132.jpg,False
nm_000000104274,nonuang,ds11,raw_dataset/non_uang/000000104274.jpg,True
nm_000000104292,nonuang,ds11,raw_dataset/non_uang/000000104292.jpg,True
nm_000000104321,nonuang,ds11,raw_dataset/non_uang/000000104321.jpg,True
nm_000000104367,nonuang,ds11,raw_dataset/non_uang/000000104367.jpg,False
nm_000000104378,nonuang,ds11,raw_dataset/non_uang/000000104378.jpg,True
nm_000000104526,nonuang,ds11,raw_dataset/non_uang/000000104526.jpg,False
nm_000000104744,nonuang,ds11,raw_dataset/non_uang/000000104744.jpg,False
nm_000000104789,nonuang,ds11,raw_dataset/non_uang/000000104789.jpg,True
nm_000000104834,nonuang,ds11,raw_dataset/non_uang/000000104834.jpg,False
nm_000000104882,nonuang,ds11,raw_dataset/non_uang/000000104882.jpg,True
nm_000000104897,nonuang,ds11,raw_dataset/non_uang/000000104897.jpg,True
nm_000000104992,nonuang,ds11,raw_dataset/non_uang/000000104992.jpg,True
nm_000000105054,nonuang,ds11,raw_dataset/non_uang/000000105054.jpg,False
nm_000000105186,nonuang,ds11,raw_dataset/non_uang/000000105186.jpg,False
nm_000000105218,nonuang,ds11,raw_dataset/non_uang/000000105218.jpg,False
nm_000000105283,nonuang,ds11,raw_dataset/non_uang/000000105283.jpg,True
nm_000000105634,nonuang,ds11,raw_dataset/non_uang/000000105634.jpg,True
nm_000000105699,nonuang,ds11,raw_dataset/non_uang/000000105699.jpg,True
nm_000000105890,nonuang,ds11,raw_dataset/non_uang/000000105890.jpg,True
nm_000000105980,nonuang,ds11,raw_dataset/non_uang/000000105980.jpg,True
nm_000000106264,nonuang,ds11,raw_dataset/non_uang/000000106264.jpg,True
nm_000000106564,nonuang,ds11,raw_dataset/non_uang/000000106564.jpg,True
nm_000000106578,nonuang,ds11,raw_dataset/non_uang/000000106578.jpg,False
nm_000000106613,nonuang,ds11,raw_dataset/non_uang/000000106613.jpg,False
nm_000000106968,nonuang,ds11,raw_dataset/non_uang/000000106968.jpg,True
nm_000000107028,nonuang,ds11,raw_dataset/non_uang/000000107028.jpg,True
nm_000000107063,nonuang,ds11,raw_dataset/non_uang/000000107063.jpg,True
nm_000000107154,nonuang,ds11,raw_dataset/non_uang/000000107154.jpg,True
nm_000000107174,nonuang,ds11,raw_dataset/non_uang/000000107174.jpg,True
nm_000000107314,nonuang,ds11,raw_dataset/non_uang/000000107314.jpg,True
nm_000000107350,nonuang,ds11,raw_dataset/non_uang/000000107350.jpg,True
nm_000000107717,nonuang,ds11,raw_dataset/non_uang/000000107717.jpg,True
nm_000000107777,nonuang,ds11,raw_dataset/non_uang/000000107777.jpg,True
nm_000000107913,nonuang,ds11,raw_dataset/non_uang/000000107913.jpg,True
nm_000000107984,nonuang,ds11,raw_dataset/non_uang/000000107984.jpg,False
nm_000000108118,nonuang,ds11,raw_dataset/non_uang/000000108118.jpg,True
nm_000000108131,nonuang,ds11,raw_dataset/non_uang/000000108131.jpg,False
nm_000000108198,nonuang,ds11,raw_dataset/non_uang/000000108198.jpg,True
nm_000000108324,nonuang,ds11,raw_dataset/non_uang/000000108324.jpg,True
nm_000000108399,nonuang,ds11,raw_dataset/non_uang/000000108399.jpg,True
nm_000000108419,nonuang,ds11,raw_dataset/non_uang/000000108419.jpg,False
nm_000000108564,nonuang,ds11,raw_dataset/non_uang/000000108564.jpg,True
nm_000000108581,nonuang,ds11,raw_dataset/non_uang/000000108581.jpg,True
nm_000000108752,nonuang,ds11,raw_dataset/non_uang/000000108752.jpg,False
nm_000000108833,nonuang,ds11,raw_dataset/non_uang/000000108833.jpg,False
nm_000000108882,nonuang,ds11,raw_dataset/non_uang/000000108882.jpg,True
nm_000000108979,nonuang,ds11,raw_dataset/non_uang/000000108979.jpg,True
nm_000000108992,nonuang,ds11,raw_dataset/non_uang/000000108992.jpg,False
nm_000000109023,nonuang,ds11,raw_dataset/non_uang/000000109023.jpg,True
nm_000000109233,nonuang,ds11,raw_dataset/non_uang/000000109233.jpg,False
nm_000000109288,nonuang,ds11,raw_dataset/non_uang/000000109288.jpg,False
nm_000000109322,nonuang,ds11,raw_dataset/non_uang/000000109322.jpg,True
nm_000000109336,nonuang,ds11,raw_dataset/non_uang/000000109336.jpg,True
nm_000000109590,nonuang,ds11,raw_dataset/non_uang/000000109590.jpg,False
nm_000000109741,nonuang,ds11,raw_dataset/non_uang/000000109741.jpg,False
nm_000000109787,nonuang,ds11,raw_dataset/non_uang/000000109787.jpg,True
nm_000000109861,nonuang,ds11,raw_dataset/non_uang/000000109861.jpg,True
nm_000000110005,nonuang,ds11,raw_dataset/non_uang/000000110005.jpg,True
nm_000000110017,nonuang,ds11,raw_dataset/non_uang/000000110017.jpg,True
nm_000000110041,nonuang,ds11,raw_dataset/non_uang/000000110041.jpg,False
nm_000000110222,nonuang,ds11,raw_dataset/non_uang/000000110222.jpg,True
nm_000000110249,nonuang,ds11,raw_dataset/non_uang/000000110249.jpg,False
nm_000000110479,nonuang,ds11,raw_dataset/non_uang/000000110479.jpg,True
nm_000000110722,nonuang,ds11,raw_dataset/non_uang/000000110722.jpg,True
nm_000000110803,nonuang,ds11,raw_dataset/non_uang/000000110803.jpg,True
nm_000000110839,nonuang,ds11,raw_dataset/non_uang/000000110839.jpg,False
nm_000000110927,nonuang,ds11,raw_dataset/non_uang/000000110927.jpg,False
nm_000000111090,nonuang,ds11,raw_dataset/non_uang/000000111090.jpg,True
nm_000000111105,nonuang,ds11,raw_dataset/non_uang/000000111105.jpg,False
nm_000000111169,nonuang,ds11,raw_dataset/non_uang/000000111169.jpg,False
nm_000000111326,nonuang,ds11,raw_dataset/non_uang/000000111326.jpg,False
nm_000000111387,nonuang,ds11,raw_dataset/non_uang/000000111387.jpg,False
nm_000000111466,nonuang,ds11,raw_dataset/non_uang/000000111466.jpg,True
nm_000000111580,nonuang,ds11,raw_dataset/non_uang/000000111580.jpg,False
nm_000000111599,nonuang,ds11,raw_dataset/non_uang/000000111599.jpg,True
nm_000000111623,nonuang,ds11,raw_dataset/non_uang/000000111623.jpg,False
nm_000000111816,nonuang,ds11,raw_dataset/non_uang/000000111816.jpg,True
nm_000000111855,nonuang,ds11,raw_dataset/non_uang/000000111855.jpg,True
nm_000000111857,nonuang,ds11,raw_dataset/non_uang/000000111857.jpg,False
nm_000000111898,nonuang,ds11,raw_dataset/non_uang/000000111898.jpg,False
nm_000000111918,nonuang,ds11,raw_dataset/non_uang/000000111918.jpg,True
nm_000000112061,nonuang,ds11,raw_dataset/non_uang/000000112061.jpg,True
nm_000000112216,nonuang,ds11,raw_dataset/non_uang/000000112216.jpg,True
nm_000000112233,nonuang,ds11,raw_dataset/non_uang/000000112233.jpg,True
nm_000000112283,nonuang,ds11,raw_dataset/non_uang/000000112283.jpg,True
nm_000000112433,nonuang,ds11,raw_dataset/non_uang/000000112433.jpg,False
nm_000000112598,nonuang,ds11,raw_dataset/non_uang/000000112598.jpg,False
nm_000000112645,nonuang,ds11,raw_dataset/non_uang/000000112645.jpg,True
nm_000000112666,nonuang,ds11,raw_dataset/non_uang/000000112666.jpg,True
nm_000000112722,nonuang,ds11,raw_dataset/non_uang/000000112722.jpg,True
nm_000000112744,nonuang,ds11,raw_dataset/non_uang/000000112744.jpg,True
nm_000000112843,nonuang,ds11,raw_dataset/non_uang/000000112843.jpg,True
nm_000000112902,nonuang,ds11,raw_dataset/non_uang/000000112902.jpg,False
nm_000000112977,nonuang,ds11,raw_dataset/non_uang/000000112977.jpg,False
nm_000000112993,nonuang,ds11,raw_dataset/non_uang/000000112993.jpg,True
nm_000000113194,nonuang,ds11,raw_dataset/non_uang/000000113194.jpg,True
nm_000000113222,nonuang,ds11,raw_dataset/non_uang/000000113222.jpg,True
nm_000000113240,nonuang,ds11,raw_dataset/non_uang/000000113240.jpg,False
nm_000000113339,nonuang,ds11,raw_dataset/non_uang/000000113339.jpg,False
nm_000000113423,nonuang,ds11,raw_dataset/non_uang/000000113423.jpg,True
nm_000000113476,nonuang,ds11,raw_dataset/non_uang/000000113476.jpg,True
nm_000000113482,nonuang,ds11,raw_dataset/non_uang/000000113482.jpg,False
nm_000000113527,nonuang,ds11,raw_dataset/non_uang/000000113527.jpg,True
nm_000000113543,nonuang,ds11,raw_dataset/non_uang/000000113543.jpg,True
nm_000000113655,nonuang,ds11,raw_dataset/non_uang/000000113655.jpg,True
nm_000000113661,nonuang,ds11,raw_dataset/non_uang/000000113661.jpg,False
nm_000000113753,nonuang,ds11,raw_dataset/non_uang/000000113753.jpg,True
nm_000000113777,nonuang,ds11,raw_dataset/non_uang/000000113777.jpg,True
nm_000000113863,nonuang,ds11,raw_dataset/non_uang/000000113863.jpg,False
nm_000000114050,nonuang,ds11,raw_dataset/non_uang/000000114050.jpg,False
nm_000000114063,nonuang,ds11,raw_dataset/non_uang/000000114063.jpg,True
nm_000000114092,nonuang,ds11,raw_dataset/non_uang/000000114092.jpg,False
nm_000000114150,nonuang,ds11,raw_dataset/non_uang/000000114150.jpg,False
nm_000000114161,nonuang,ds11,raw_dataset/non_uang/000000114161.jpg,True
nm_000000114176,nonuang,ds11,raw_dataset/non_uang/000000114176.jpg,True
nm_000000114232,nonuang,ds11,raw_dataset/non_uang/000000114232.jpg,True
nm_000000114292,nonuang,ds11,raw_dataset/non_uang/000000114292.jpg,True
nm_000000114551,nonuang,ds11,raw_dataset/non_uang/000000114551.jpg,True
nm_000000114761,nonuang,ds11,raw_dataset/non_uang/000000114761.jpg,False
nm_000000114809,nonuang,ds11,raw_dataset/non_uang/000000114809.jpg,True
nm_000000114935,nonuang,ds11,raw_dataset/non_uang/000000114935.jpg,False
nm_000000114976,nonuang,ds11,raw_dataset/non_uang/000000114976.jpg,True
nm_000000114991,nonuang,ds11,raw_dataset/non_uang/000000114991.jpg,True
nm_000000115120,nonuang,ds11,raw_dataset/non_uang/000000115120.jpg,False
nm_000000115219,nonuang,ds11,raw_dataset/non_uang/000000115219.jpg,True
nm_000000115307,nonuang,ds11,raw_dataset/non_uang/000000115307.jpg,False
nm_000000115395,nonuang,ds11,raw_dataset/non_uang/000000115395.jpg,True
nm_000000115497,nonuang,ds11,raw_dataset/non_uang/000000115497.jpg,False
nm_000000115504,nonuang,ds11,raw_dataset/non_uang/000000115504.jpg,True
nm_000000115606,nonuang,ds11,raw_dataset/non_uang/000000115606.jpg,True
nm_000000115708,nonuang,ds11,raw_dataset/non_uang/000000115708.jpg,True
nm_000000115737,nonuang,ds11,raw_dataset/non_uang/000000115737.jpg,False
nm_000000115773,nonuang,ds11,raw_dataset/non_uang/000000115773.jpg,True
nm_000000115801,nonuang,ds11,raw_dataset/non_uang/000000115801.jpg,False
nm_000000115889,nonuang,ds11,raw_dataset/non_uang/000000115889.jpg,True
nm_000000115907,nonuang,ds11,raw_dataset/non_uang/000000115907.jpg,True
nm_000000116214,nonuang,ds11,raw_dataset/non_uang/000000116214.jpg,True
nm_000000116237,nonuang,ds11,raw_dataset/non_uang/000000116237.jpg,True
nm_000000116276,nonuang,ds11,raw_dataset/non_uang/000000116276.jpg,True
nm_000000116329,nonuang,ds11,raw_dataset/non_uang/000000116329.jpg,True
nm_000000116476,nonuang,ds11,raw_dataset/non_uang/000000116476.jpg,False
nm_000000116506,nonuang,ds11,raw_dataset/non_uang/000000116506.jpg,False
nm_000000116543,nonuang,ds11,raw_dataset/non_uang/000000116543.jpg,True
nm_000000116559,nonuang,ds11,raw_dataset/non_uang/000000116559.jpg,True
nm_000000116714,nonuang,ds11,raw_dataset/non_uang/000000116714.jpg,True
nm_000000116763,nonuang,ds11,raw_dataset/non_uang/000000116763.jpg,False
nm_000000117035,nonuang,ds11,raw_dataset/non_uang/000000117035.jpg,False
nm_000000117177,nonuang,ds11,raw_dataset/non_uang/000000117177.jpg,False
nm_000000117215,nonuang,ds11,raw_dataset/non_uang/000000117215.jpg,True
nm_000000117249,nonuang,ds11,raw_dataset/non_uang/000000117249.jpg,True
nm_000000117342,nonuang,ds11,raw_dataset/non_uang/000000117342.jpg,True
nm_000000117451,nonuang,ds11,raw_dataset/non_uang/000000117451.jpg,False
nm_000000117484,nonuang,ds11,raw_dataset/non_uang/000000117484.jpg,True
nm_000000117495,nonuang,ds11,raw_dataset/non_uang/000000117495.jpg,True
nm_000000117589,nonuang,ds11,raw_dataset/non_uang/000000117589.jpg,False
nm_000000117599,nonuang,ds11,raw_dataset/non_uang/000000117599.jpg,False
nm_000000117629,nonuang,ds11,raw_dataset/non_uang/000000117629.jpg,False
nm_000000117635,nonuang,ds11,raw_dataset/non_uang/000000117635.jpg,True
nm_000000117688,nonuang,ds11,raw_dataset/non_uang/000000117688.jpg,False
nm_000000117695,nonuang,ds11,raw_dataset/non_uang/000000117695.jpg,True
nm_000000117992,nonuang,ds11,raw_dataset/non_uang/000000117992.jpg,True
nm_000000118070,nonuang,ds11,raw_dataset/non_uang/000000118070.jpg,True
nm_000000118126,nonuang,ds11,raw_dataset/non_uang/000000118126.jpg,False
nm_000000118198,nonuang,ds11,raw_dataset/non_uang/000000118198.jpg,True
nm_000000118297,nonuang,ds11,raw_dataset/non_uang/000000118297.jpg,True
nm_000000118335,nonuang,ds11,raw_dataset/non_uang/000000118335.jpg,True
nm_000000118481,nonuang,ds11,raw_dataset/non_uang/000000118481.jpg,True
nm_000000118509,nonuang,ds11,raw_dataset/non_uang/000000118509.jpg,False
nm_000000118528,nonuang,ds11,raw_dataset/non_uang/000000118528.jpg,True
nm_000000118547,nonuang,ds11,raw_dataset/non_uang/000000118547.jpg,True
nm_000000118577,nonuang,ds11,raw_dataset/non_uang/000000118577.jpg,False
nm_000000118596,nonuang,ds11,raw_dataset/non_uang/000000118596.jpg,True
nm_000000118609,nonuang,ds11,raw_dataset/non_uang/000000118609.jpg,True
nm_000000118649,nonuang,ds11,raw_dataset/non_uang/000000118649.jpg,True
nm_000000118701,nonuang,ds11,raw_dataset/non_uang/000000118701.jpg,True
nm_000000118704,nonuang,ds11,raw_dataset/non_uang/000000118704.jpg,True
nm_000000118746,nonuang,ds11,raw_dataset/non_uang/000000118746.jpg,False
nm_000000118749,nonuang,ds11,raw_dataset/non_uang/000000118749.jpg,True
nm_000000118756,nonuang,ds11,raw_dataset/non_uang/000000118756.jpg,True
nm_000000118804,nonuang,ds11,raw_dataset/non_uang/000000118804.jpg,True
nm_000000118847,nonuang,ds11,raw_dataset/non_uang/000000118847.jpg,True
nm_000000118861,nonuang,ds11,raw_dataset/non_uang/000000118861.jpg,True
nm_000000118949,nonuang,ds11,raw_dataset/non_uang/000000118949.jpg,True
nm_000000119004,nonuang,ds11,raw_dataset/non_uang/000000119004.jpg,False
nm_000000119010,nonuang,ds11,raw_dataset/non_uang/000000119010.jpg,True
nm_000000119037,nonuang,ds11,raw_dataset/non_uang/000000119037.jpg,True
nm_000000119173,nonuang,ds11,raw_dataset/non_uang/000000119173.jpg,True
nm_000000119182,nonuang,ds11,raw_dataset/non_uang/000000119182.jpg,True
nm_000000119212,nonuang,ds11,raw_dataset/non_uang/000000119212.jpg,False
nm_000000119242,nonuang,ds11,raw_dataset/non_uang/000000119242.jpg,False
nm_000000119396,nonuang,ds11,raw_dataset/non_uang/000000119396.jpg,True
nm_000000119439,nonuang,ds11,raw_dataset/non_uang/000000119439.jpg,False
nm_000000119471,nonuang,ds11,raw_dataset/non_uang/000000119471.jpg,True
nm_000000119518,nonuang,ds11,raw_dataset/non_uang/000000119518.jpg,True
nm_000000119526,nonuang,ds11,raw_dataset/non_uang/000000119526.jpg,True
nm_000000119653,nonuang,ds11,raw_dataset/non_uang/000000119653.jpg,True
nm_000000119738,nonuang,ds11,raw_dataset/non_uang/000000119738.jpg,True
nm_000000119795,nonuang,ds11,raw_dataset/non_uang/000000119795.jpg,True
nm_000000119797,nonuang,ds11,raw_dataset/non_uang/000000119797.jpg,False
nm_000000119878,nonuang,ds11,raw_dataset/non_uang/000000119878.jpg,True
nm_000000120281,nonuang,ds11,raw_dataset/non_uang/000000120281.jpg,False
nm_000000120434,nonuang,ds11,raw_dataset/non_uang/000000120434.jpg,False
nm_000000120515,nonuang,ds11,raw_dataset/non_uang/000000120515.jpg,False
nm_000000120547,nonuang,ds11,raw_dataset/non_uang/000000120547.jpg,True
nm_000000120562,nonuang,ds11,raw_dataset/non_uang/000000120562.jpg,True
nm_000000120678,nonuang,ds11,raw_dataset/non_uang/000000120678.jpg,False
nm_000000120723,nonuang,ds11,raw_dataset/non_uang/000000120723.jpg,False
nm_000000120795,nonuang,ds11,raw_dataset/non_uang/000000120795.jpg,True
nm_000000120833,nonuang,ds11,raw_dataset/non_uang/000000120833.jpg,True
nm_000000120861,nonuang,ds11,raw_dataset/non_uang/000000120861.jpg,False
nm_000000120900,nonuang,ds11,raw_dataset/non_uang/000000120900.jpg,False
nm_000000120916,nonuang,ds11,raw_dataset/non_uang/000000120916.jpg,True
nm_000000121301,nonuang,ds11,raw_dataset/non_uang/000000121301.jpg,False
nm_000000121391,nonuang,ds11,raw_dataset/non_uang/000000121391.jpg,True
nm_000000121552,nonuang,ds11,raw_dataset/non_uang/000000121552.jpg,True
nm_000000121657,nonuang,ds11,raw_dataset/non_uang/000000121657.jpg,False
nm_000000121733,nonuang,ds11,raw_dataset/non_uang/000000121733.jpg,True
nm_000000121756,nonuang,ds11,raw_dataset/non_uang/000000121756.jpg,True
nm_000000121979,nonuang,ds11,raw_dataset/non_uang/000000121979.jpg,True
nm_000000121988,nonuang,ds11,raw_dataset/non_uang/000000121988.jpg,True
nm_000000122068,nonuang,ds11,raw_dataset/non_uang/000000122068.jpg,True
nm_000000122071,nonuang,ds11,raw_dataset/non_uang/000000122071.jpg,False
nm_000000122078,nonuang,ds11,raw_dataset/non_uang/000000122078.jpg,True
nm_000000122112,nonuang,ds11,raw_dataset/non_uang/000000122112.jpg,False
nm_000000122297,nonuang,ds11,raw_dataset/non_uang/000000122297.jpg,True
nm_000000122471,nonuang,ds11,raw_dataset/non_uang/000000122471.jpg,True
nm_000000122477,nonuang,ds11,raw_dataset/non_uang/000000122477.jpg,True
nm_000000122545,nonuang,ds11,raw_dataset/non_uang/000000122545.jpg,False
nm_000000122676,nonuang,ds11,raw_dataset/non_uang/000000122676.jpg,True
nm_000000122713,nonuang,ds11,raw_dataset/non_uang/000000122713.jpg,False
nm_000000122979,nonuang,ds11,raw_dataset/non_uang/000000122979.jpg,False
nm_000000123078,nonuang,ds11,raw_dataset/non_uang/000000123078.jpg,True
nm_000000123165,nonuang,ds11,raw_dataset/non_uang/000000123165.jpg,False
nm_000000123249,nonuang,ds11,raw_dataset/non_uang/000000123249.jpg,True
nm_000000123280,nonuang,ds11,raw_dataset/non_uang/000000123280.jpg,True
nm_000000123285,nonuang,ds11,raw_dataset/non_uang/000000123285.jpg,False
nm_000000123362,nonuang,ds11,raw_dataset/non_uang/000000123362.jpg,True
nm_000000123385,nonuang,ds11,raw_dataset/non_uang/000000123385.jpg,True
nm_000000123419,nonuang,ds11,raw_dataset/non_uang/000000123419.jpg,False
nm_000000123440,nonuang,ds11,raw_dataset/non_uang/000000123440.jpg,False
nm_000000123449,nonuang,ds11,raw_dataset/non_uang/000000123449.jpg,True
nm_000000123488,nonuang,ds11,raw_dataset/non_uang/000000123488.jpg,True
nm_000000123492,nonuang,ds11,raw_dataset/non_uang/000000123492.jpg,False
nm_000000123732,nonuang,ds11,raw_dataset/non_uang/000000123732.jpg,True
nm_000000123735,nonuang,ds11,raw_dataset/non_uang/000000123735.jpg,False
nm_000000123806,nonuang,ds11,raw_dataset/non_uang/000000123806.jpg,True
nm_000000123858,nonuang,ds11,raw_dataset/non_uang/000000123858.jpg,False
nm_000000123904,nonuang,ds11,raw_dataset/non_uang/000000123904.jpg,True
nm_000000124121,nonuang,ds11,raw_dataset/non_uang/000000124121.jpg,True
nm_000000124184,nonuang,ds11,raw_dataset/non_uang/000000124184.jpg,False
nm_000000124519,nonuang,ds11,raw_dataset/non_uang/000000124519.jpg,True
nm_000000124690,nonuang,ds11,raw_dataset/non_uang/000000124690.jpg,True
nm_000000124768,nonuang,ds11,raw_dataset/non_uang/000000124768.jpg,False
nm_000000124807,nonuang,ds11,raw_dataset/non_uang/000000124807.jpg,True
nm_000000124814,nonuang,ds11,raw_dataset/non_uang/000000124814.jpg,False
nm_000000124942,nonuang,ds11,raw_dataset/non_uang/000000124942.jpg,True
nm_000000124993,nonuang,ds11,raw_dataset/non_uang/000000124993.jpg,False
nm_000000124998,nonuang,ds11,raw_dataset/non_uang/000000124998.jpg,False
nm_000000125006,nonuang,ds11,raw_dataset/non_uang/000000125006.jpg,False
nm_000000125039,nonuang,ds11,raw_dataset/non_uang/000000125039.jpg,False
nm_000000125052,nonuang,ds11,raw_dataset/non_uang/000000125052.jpg,True
nm_000000125074,nonuang,ds11,raw_dataset/non_uang/000000125074.jpg,False
nm_000000125171,nonuang,ds11,raw_dataset/non_uang/000000125171.jpg,False
nm_000000125326,nonuang,ds11,raw_dataset/non_uang/000000125326.jpg,True
nm_000000125397,nonuang,ds11,raw_dataset/non_uang/000000125397.jpg,False
nm_000000125409,nonuang,ds11,raw_dataset/non_uang/000000125409.jpg,False
nm_000000125434,nonuang,ds11,raw_dataset/non_uang/000000125434.jpg,True
nm_000000125465,nonuang,ds11,raw_dataset/non_uang/000000125465.jpg,True
nm_000000125592,nonuang,ds11,raw_dataset/non_uang/000000125592.jpg,False
nm_000000125604,nonuang,ds11,raw_dataset/non_uang/000000125604.jpg,True
nm_000000125630,nonuang,ds11,raw_dataset/non_uang/000000125630.jpg,True
nm_000000125808,nonuang,ds11,raw_dataset/non_uang/000000125808.jpg,True
nm_000000125866,nonuang,ds11,raw_dataset/non_uang/000000125866.jpg,False
nm_000000125937,nonuang,ds11,raw_dataset/non_uang/000000125937.jpg,False
nm_000000126069,nonuang,ds11,raw_dataset/non_uang/000000126069.jpg,False
nm_000000126086,nonuang,ds11,raw_dataset/non_uang/000000126086.jpg,True
nm_000000126087,nonuang,ds11,raw_dataset/non_uang/000000126087.jpg,False
nm_000000126089,nonuang,ds11,raw_dataset/non_uang/000000126089.jpg,True
nm_000000126160,nonuang,ds11,raw_dataset/non_uang/000000126160.jpg,False
nm_000000126320,nonuang,ds11,raw_dataset/non_uang/000000126320.jpg,False
nm_000000126337,nonuang,ds11,raw_dataset/non_uang/000000126337.jpg,False
nm_000000126377,nonuang,ds11,raw_dataset/non_uang/000000126377.jpg,True
nm_000000126522,nonuang,ds11,raw_dataset/non_uang/000000126522.jpg,True
nm_000000126560,nonuang,ds11,raw_dataset/non_uang/000000126560.jpg,True
nm_000000126589,nonuang,ds11,raw_dataset/non_uang/000000126589.jpg,False
nm_000000126682,nonuang,ds11,raw_dataset/non_uang/000000126682.jpg,False
nm_000000126752,nonuang,ds11,raw_dataset/non_uang/000000126752.jpg,False
nm_000000126771,nonuang,ds11,raw_dataset/non_uang/000000126771.jpg,True
nm_000000126783,nonuang,ds11,raw_dataset/non_uang/000000126783.jpg,True
nm_000000126929,nonuang,ds11,raw_dataset/non_uang/000000126929.jpg,True
nm_000000127239,nonuang,ds11,raw_dataset/non_uang/000000127239.jpg,True
nm_000000127345,nonuang,ds11,raw_dataset/non_uang/000000127345.jpg,True
nm_000000127349,nonuang,ds11,raw_dataset/non_uang/000000127349.jpg,True
nm_000000127411,nonuang,ds11,raw_dataset/non_uang/000000127411.jpg,True
nm_000000127434,nonuang,ds11,raw_dataset/non_uang/000000127434.jpg,True
nm_000000127478,nonuang,ds11,raw_dataset/non_uang/000000127478.jpg,True
nm_000000127482,nonuang,ds11,raw_dataset/non_uang/000000127482.jpg,False
nm_000000127487,nonuang,ds11,raw_dataset/non_uang/000000127487.jpg,False
nm_000000127511,nonuang,ds11,raw_dataset/non_uang/000000127511.jpg,True
nm_000000127521,nonuang,ds11,raw_dataset/non_uang/000000127521.jpg,False
nm_000000127539,nonuang,ds11,raw_dataset/non_uang/000000127539.jpg,True
nm_000000127591,nonuang,ds11,raw_dataset/non_uang/000000127591.jpg,True
nm_000000127758,nonuang,ds11,raw_dataset/non_uang/000000127758.jpg,False
nm_000000127804,nonuang,ds11,raw_dataset/non_uang/000000127804.jpg,True
nm_000000127875,nonuang,ds11,raw_dataset/non_uang/000000127875.jpg,True
nm_000000127963,nonuang,ds11,raw_dataset/non_uang/000000127963.jpg,True
nm_000000127982,nonuang,ds11,raw_dataset/non_uang/000000127982.jpg,True
nm_000000128016,nonuang,ds11,raw_dataset/non_uang/000000128016.jpg,True
nm_000000128049,nonuang,ds11,raw_dataset/non_uang/000000128049.jpg,False
nm_000000128062,nonuang,ds11,raw_dataset/non_uang/000000128062.jpg,False
nm_000000128332,nonuang,ds11,raw_dataset/non_uang/000000128332.jpg,True
nm_000000128435,nonuang,ds11,raw_dataset/non_uang/000000128435.jpg,True
nm_000000128532,nonuang,ds11,raw_dataset/non_uang/000000128532.jpg,True
nm_000000128540,nonuang,ds11,raw_dataset/non_uang/000000128540.jpg,True
nm_000000128583,nonuang,ds11,raw_dataset/non_uang/000000128583.jpg,True
nm_000000128653,nonuang,ds11,raw_dataset/non_uang/000000128653.jpg,False
nm_000000128716,nonuang,ds11,raw_dataset/non_uang/000000128716.jpg,True
nm_000000128749,nonuang,ds11,raw_dataset/non_uang/000000128749.jpg,False
nm_000000128757,nonuang,ds11,raw_dataset/non_uang/000000128757.jpg,True
nm_000000128924,nonuang,ds11,raw_dataset/non_uang/000000128924.jpg,True
nm_000000129127,nonuang,ds11,raw_dataset/non_uang/000000129127.jpg,True
nm_000000129148,nonuang,ds11,raw_dataset/non_uang/000000129148.jpg,True
nm_000000129210,nonuang,ds11,raw_dataset/non_uang/000000129210.jpg,True
nm_000000129252,nonuang,ds11,raw_dataset/non_uang/000000129252.jpg,False
nm_000000129360,nonuang,ds11,raw_dataset/non_uang/000000129360.jpg,True
nm_000000129467,nonuang,ds11,raw_dataset/non_uang/000000129467.jpg,False
nm_000000129478,nonuang,ds11,raw_dataset/non_uang/000000129478.jpg,True
nm_000000129527,nonuang,ds11,raw_dataset/non_uang/000000129527.jpg,False
nm_000000129635,nonuang,ds11,raw_dataset/non_uang/000000129635.jpg,True
nm_000000129636,nonuang,ds11,raw_dataset/non_uang/000000129636.jpg,True
nm_000000129660,nonuang,ds11,raw_dataset/non_uang/000000129660.jpg,True
nm_000000129845,nonuang,ds11,raw_dataset/non_uang/000000129845.jpg,True
nm_000000130057,nonuang,ds11,raw_dataset/non_uang/000000130057.jpg,True
nm_000000130087,nonuang,ds11,raw_dataset/non_uang/000000130087.jpg,True
nm_000000130136,nonuang,ds11,raw_dataset/non_uang/000000130136.jpg,True
nm_000000130190,nonuang,ds11,raw_dataset/non_uang/000000130190.jpg,False
nm_000000130253,nonuang,ds11,raw_dataset/non_uang/000000130253.jpg,False
nm_000000130360,nonuang,ds11,raw_dataset/non_uang/000000130360.jpg,True
nm_000000130375,nonuang,ds11,raw_dataset/non_uang/000000130375.jpg,True
nm_000000130416,nonuang,ds11,raw_dataset/non_uang/000000130416.jpg,True
nm_000000130449,nonuang,ds11,raw_dataset/non_uang/000000130449.jpg,True
nm_000000130595,nonuang,ds11,raw_dataset/non_uang/000000130595.jpg,True
nm_000000130597,nonuang,ds11,raw_dataset/non_uang/000000130597.jpg,True
nm_000000130605,nonuang,ds11,raw_dataset/non_uang/000000130605.jpg,True
nm_000000130776,nonuang,ds11,raw_dataset/non_uang/000000130776.jpg,False
nm_000000130782,nonuang,ds11,raw_dataset/non_uang/000000130782.jpg,True
nm_000000130894,nonuang,ds11,raw_dataset/non_uang/000000130894.jpg,True
nm_000000130964,nonuang,ds11,raw_dataset/non_uang/000000130964.jpg,False
nm_000000131029,nonuang,ds11,raw_dataset/non_uang/000000131029.jpg,True
nm_000000131048,nonuang,ds11,raw_dataset/non_uang/000000131048.jpg,False
nm_000000131102,nonuang,ds11,raw_dataset/non_uang/000000131102.jpg,False
nm_000000131105,nonuang,ds11,raw_dataset/non_uang/000000131105.jpg,True
nm_000000131393,nonuang,ds11,raw_dataset/non_uang/000000131393.jpg,True
nm_000000131550,nonuang,ds11,raw_dataset/non_uang/000000131550.jpg,True
nm_000000131586,nonuang,ds11,raw_dataset/non_uang/000000131586.jpg,True
nm_000000131618,nonuang,ds11,raw_dataset/non_uang/000000131618.jpg,True
nm_000000131634,nonuang,ds11,raw_dataset/non_uang/000000131634.jpg,True
nm_000000131686,nonuang,ds11,raw_dataset/non_uang/000000131686.jpg,True
nm_000000131724,nonuang,ds11,raw_dataset/non_uang/000000131724.jpg,True
nm_000000131873,nonuang,ds11,raw_dataset/non_uang/000000131873.jpg,True
nm_000000131957,nonuang,ds11,raw_dataset/non_uang/000000131957.jpg,True
nm_000000131975,nonuang,ds11,raw_dataset/non_uang/000000131975.jpg,False
nm_000000132133,nonuang,ds11,raw_dataset/non_uang/000000132133.jpg,False
nm_000000132146,nonuang,ds11,raw_dataset/non_uang/000000132146.jpg,False
nm_000000132190,nonuang,ds11,raw_dataset/non_uang/000000132190.jpg,True
nm_000000132213,nonuang,ds11,raw_dataset/non_uang/000000132213.jpg,False
nm_000000132225,nonuang,ds11,raw_dataset/non_uang/000000132225.jpg,True
nm_000000132230,nonuang,ds11,raw_dataset/non_uang/000000132230.jpg,True
nm_000000132243,nonuang,ds11,raw_dataset/non_uang/000000132243.jpg,True
nm_000000132364,nonuang,ds11,raw_dataset/non_uang/000000132364.jpg,True
nm_000000132388,nonuang,ds11,raw_dataset/non_uang/000000132388.jpg,False
nm_000000132416,nonuang,ds11,raw_dataset/non_uang/000000132416.jpg,True
nm_000000132479,nonuang,ds11,raw_dataset/non_uang/000000132479.jpg,True
nm_000000132508,nonuang,ds11,raw_dataset/non_uang/000000132508.jpg,True
nm_000000132535,nonuang,ds11,raw_dataset/non_uang/000000132535.jpg,True
nm_000000132545,nonuang,ds11,raw_dataset/non_uang/000000132545.jpg,True
nm_000000132754,nonuang,ds11,raw_dataset/non_uang/000000132754.jpg,False
nm_000000132771,nonuang,ds11,raw_dataset/non_uang/000000132771.jpg,True
nm_000000132927,nonuang,ds11,raw_dataset/non_uang/000000132927.jpg,False
nm_000000132985,nonuang,ds11,raw_dataset/non_uang/000000132985.jpg,True
nm_000000133299,nonuang,ds11,raw_dataset/non_uang/000000133299.jpg,True
nm_000000133405,nonuang,ds11,raw_dataset/non_uang/000000133405.jpg,False
nm_000000133430,nonuang,ds11,raw_dataset/non_uang/000000133430.jpg,False
nm_000000133474,nonuang,ds11,raw_dataset/non_uang/000000133474.jpg,False
nm_000000133480,nonuang,ds11,raw_dataset/non_uang/000000133480.jpg,True
nm_000000133524,nonuang,ds11,raw_dataset/non_uang/000000133524.jpg,False
nm_000000133538,nonuang,ds11,raw_dataset/non_uang/000000133538.jpg,True
nm_000000133743,nonuang,ds11,raw_dataset/non_uang/000000133743.jpg,False
nm_000000133824,nonuang,ds11,raw_dataset/non_uang/000000133824.jpg,True
nm_000000133865,nonuang,ds11,raw_dataset/non_uang/000000133865.jpg,True
nm_000000133947,nonuang,ds11,raw_dataset/non_uang/000000133947.jpg,True
nm_000000133976,nonuang,ds11,raw_dataset/non_uang/000000133976.jpg,True
nm_000000134069,nonuang,ds11,raw_dataset/non_uang/000000134069.jpg,True
nm_000000134359,nonuang,ds11,raw_dataset/non_uang/000000134359.jpg,False
nm_000000134403,nonuang,ds11,raw_dataset/non_uang/000000134403.jpg,False
nm_000000134431,nonuang,ds11,raw_dataset/non_uang/000000134431.jpg,True
nm_000000134492,nonuang,ds11,raw_dataset/non_uang/000000134492.jpg,False
nm_000000134504,nonuang,ds11,raw_dataset/non_uang/000000134504.jpg,True
nm_000000134505,nonuang,ds11,raw_dataset/non_uang/000000134505.jpg,True
nm_000000134539,nonuang,ds11,raw_dataset/non_uang/000000134539.jpg,True
nm_000000134957,nonuang,ds11,raw_dataset/non_uang/000000134957.jpg,False
nm_000000135192,nonuang,ds11,raw_dataset/non_uang/000000135192.jpg,False
nm_000000135240,nonuang,ds11,raw_dataset/non_uang/000000135240.jpg,True
nm_000000135315,nonuang,ds11,raw_dataset/non_uang/000000135315.jpg,True
nm_000000135504,nonuang,ds11,raw_dataset/non_uang/000000135504.jpg,True
nm_000000135574,nonuang,ds11,raw_dataset/non_uang/000000135574.jpg,True
nm_000000135581,nonuang,ds11,raw_dataset/non_uang/000000135581.jpg,False
nm_000000135727,nonuang,ds11,raw_dataset/non_uang/000000135727.jpg,True
nm_000000135780,nonuang,ds11,raw_dataset/non_uang/000000135780.jpg,True
nm_000000136000,nonuang,ds11,raw_dataset/non_uang/000000136000.jpg,True
nm_000000136011,nonuang,ds11,raw_dataset/non_uang/000000136011.jpg,False
nm_000000136080,nonuang,ds11,raw_dataset/non_uang/000000136080.jpg,False
nm_000000136090,nonuang,ds11,raw_dataset/non_uang/000000136090.jpg,True
nm_000000136201,nonuang,ds11,raw_dataset/non_uang/000000136201.jpg,True
nm_000000136214,nonuang,ds11,raw_dataset/non_uang/000000136214.jpg,True
nm_000000136419,nonuang,ds11,raw_dataset/non_uang/000000136419.jpg,False
nm_000000136545,nonuang,ds11,raw_dataset/non_uang/000000136545.jpg,True
nm_000000136606,nonuang,ds11,raw_dataset/non_uang/000000136606.jpg,False
nm_000000136610,nonuang,ds11,raw_dataset/non_uang/000000136610.jpg,False
nm_000000136615,nonuang,ds11,raw_dataset/non_uang/000000136615.jpg,True
nm_000000136671,nonuang,ds11,raw_dataset/non_uang/000000136671.jpg,True
nm_000000136777,nonuang,ds11,raw_dataset/non_uang/000000136777.jpg,True
nm_000000136892,nonuang,ds11,raw_dataset/non_uang/000000136892.jpg,True
nm_000000136974,nonuang,ds11,raw_dataset/non_uang/000000136974.jpg,True
nm_000000136999,nonuang,ds11,raw_dataset/non_uang/000000136999.jpg,True
nm_000000137340,nonuang,ds11,raw_dataset/non_uang/000000137340.jpg,True
nm_000000137346,nonuang,ds11,raw_dataset/non_uang/000000137346.jpg,True
nm_000000137554,nonuang,ds11,raw_dataset/non_uang/000000137554.jpg,True
nm_000000137598,nonuang,ds11,raw_dataset/non_uang/000000137598.jpg,False
nm_000000137600,nonuang,ds11,raw_dataset/non_uang/000000137600.jpg,False
nm_000000137834,nonuang,ds11,raw_dataset/non_uang/000000137834.jpg,False
nm_000000137866,nonuang,ds11,raw_dataset/non_uang/000000137866.jpg,False
nm_000000137870,nonuang,ds11,raw_dataset/non_uang/000000137870.jpg,True
nm_000000137902,nonuang,ds11,raw_dataset/non_uang/000000137902.jpg,False
nm_000000138014,nonuang,ds11,raw_dataset/non_uang/000000138014.jpg,True
nm_000000138066,nonuang,ds11,raw_dataset/non_uang/000000138066.jpg,False
nm_000000138266,nonuang,ds11,raw_dataset/non_uang/000000138266.jpg,False
nm_000000138285,nonuang,ds11,raw_dataset/non_uang/000000138285.jpg,True
nm_000000138471,nonuang,ds11,raw_dataset/non_uang/000000138471.jpg,False
nm_000000138596,nonuang,ds11,raw_dataset/non_uang/000000138596.jpg,True
nm_000000138762,nonuang,ds11,raw_dataset/non_uang/000000138762.jpg,True
nm_000000138778,nonuang,ds11,raw_dataset/non_uang/000000138778.jpg,True
nm_000000139061,nonuang,ds11,raw_dataset/non_uang/000000139061.jpg,True
nm_000000139093,nonuang,ds11,raw_dataset/non_uang/000000139093.jpg,False
nm_000000139117,nonuang,ds11,raw_dataset/non_uang/000000139117.jpg,True
nm_000000139239,nonuang,ds11,raw_dataset/non_uang/000000139239.jpg,True
nm_000000139367,nonuang,ds11,raw_dataset/non_uang/000000139367.jpg,True
nm_000000139446,nonuang,ds11,raw_dataset/non_uang/000000139446.jpg,True
nm_000000139498,nonuang,ds11,raw_dataset/non_uang/000000139498.jpg,True
nm_000000139565,nonuang,ds11,raw_dataset/non_uang/000000139565.jpg,True
nm_000000139664,nonuang,ds11,raw_dataset/non_uang/000000139664.jpg,False
nm_000000139826,nonuang,ds11,raw_dataset/non_uang/000000139826.jpg,True
nm_000000139968,nonuang,ds11,raw_dataset/non_uang/000000139968.jpg,True
nm_000000140025,nonuang,ds11,raw_dataset/non_uang/000000140025.jpg,True
nm_000000140091,nonuang,ds11,raw_dataset/non_uang/000000140091.jpg,True
nm_000000140137,nonuang,ds11,raw_dataset/non_uang/000000140137.jpg,True
nm_000000140216,nonuang,ds11,raw_dataset/non_uang/000000140216.jpg,True
nm_000000140275,nonuang,ds11,raw_dataset/non_uang/000000140275.jpg,True
nm_000000140421,nonuang,ds11,raw_dataset/non_uang/000000140421.jpg,True
nm_000000140452,nonuang,ds11,raw_dataset/non_uang/000000140452.jpg,True
nm_000000140715,nonuang,ds11,raw_dataset/non_uang/000000140715.jpg,False
nm_000000140828,nonuang,ds11,raw_dataset/non_uang/000000140828.jpg,True
nm_000000140878,nonuang,ds11,raw_dataset/non_uang/000000140878.jpg,True
nm_000000140926,nonuang,ds11,raw_dataset/non_uang/000000140926.jpg,True
nm_000000140941,nonuang,ds11,raw_dataset/non_uang/000000140941.jpg,True
nm_000000140945,nonuang,ds11,raw_dataset/non_uang/000000140945.jpg,False
nm_000000140998,nonuang,ds11,raw_dataset/non_uang/000000140998.jpg,False
nm_000000141037,nonuang,ds11,raw_dataset/non_uang/000000141037.jpg,True
nm_000000141066,nonuang,ds11,raw_dataset/non_uang/000000141066.jpg,True
nm_000000141084,nonuang,ds11,raw_dataset/non_uang/000000141084.jpg,True
nm_000000141171,nonuang,ds11,raw_dataset/non_uang/000000141171.jpg,False
nm_000000141217,nonuang,ds11,raw_dataset/non_uang/000000141217.jpg,True
nm_000000141344,nonuang,ds11,raw_dataset/non_uang/000000141344.jpg,True
nm_000000141439,nonuang,ds11,raw_dataset/non_uang/000000141439.jpg,False
nm_000000141551,nonuang,ds11,raw_dataset/non_uang/000000141551.jpg,True
nm_000000141577,nonuang,ds11,raw_dataset/non_uang/000000141577.jpg,True
nm_000000141626,nonuang,ds11,raw_dataset/non_uang/000000141626.jpg,True
nm_000000141733,nonuang,ds11,raw_dataset/non_uang/000000141733.jpg,False
nm_000000141786,nonuang,ds11,raw_dataset/non_uang/000000141786.jpg,False
nm_000000141814,nonuang,ds11,raw_dataset/non_uang/000000141814.jpg,False
nm_000000141858,nonuang,ds11,raw_dataset/non_uang/000000141858.jpg,False
nm_000000141895,nonuang,ds11,raw_dataset/non_uang/000000141895.jpg,False
nm_000000141902,nonuang,ds11,raw_dataset/non_uang/000000141902.jpg,True
nm_000000141969,nonuang,ds11,raw_dataset/non_uang/000000141969.jpg,False
nm_000000142025,nonuang,ds11,raw_dataset/non_uang/000000142025.jpg,False
nm_000000142117,nonuang,ds11,raw_dataset/non_uang/000000142117.jpg,False
nm_000000142171,nonuang,ds11,raw_dataset/non_uang/000000142171.jpg,True
nm_000000142180,nonuang,ds11,raw_dataset/non_uang/000000142180.jpg,True
nm_000000142193,nonuang,ds11,raw_dataset/non_uang/000000142193.jpg,False
nm_000000142195,nonuang,ds11,raw_dataset/non_uang/000000142195.jpg,False
nm_000000142250,nonuang,ds11,raw_dataset/non_uang/000000142250.jpg,True
nm_000000142468,nonuang,ds11,raw_dataset/non_uang/000000142468.jpg,True
nm_000000142526,nonuang,ds11,raw_dataset/non_uang/000000142526.jpg,True
nm_000000142594,nonuang,ds11,raw_dataset/non_uang/000000142594.jpg,True
nm_000000142618,nonuang,ds11,raw_dataset/non_uang/000000142618.jpg,True
nm_000000142621,nonuang,ds11,raw_dataset/non_uang/000000142621.jpg,True
nm_000000142929,nonuang,ds11,raw_dataset/non_uang/000000142929.jpg,False
nm_000000142957,nonuang,ds11,raw_dataset/non_uang/000000142957.jpg,True
nm_000000143012,nonuang,ds11,raw_dataset/non_uang/000000143012.jpg,True
nm_000000143053,nonuang,ds11,raw_dataset/non_uang/000000143053.jpg,True
nm_000000143122,nonuang,ds11,raw_dataset/non_uang/000000143122.jpg,True
nm_000000143354,nonuang,ds11,raw_dataset/non_uang/000000143354.jpg,False
nm_000000143363,nonuang,ds11,raw_dataset/non_uang/000000143363.jpg,True
nm_000000143390,nonuang,ds11,raw_dataset/non_uang/000000143390.jpg,False
nm_000000143495,nonuang,ds11,raw_dataset/non_uang/000000143495.jpg,True
nm_000000143515,nonuang,ds11,raw_dataset/non_uang/000000143515.jpg,False
nm_000000143581,nonuang,ds11,raw_dataset/non_uang/000000143581.jpg,False
nm_000000143614,nonuang,ds11,raw_dataset/non_uang/000000143614.jpg,True
nm_000000143807,nonuang,ds11,raw_dataset/non_uang/000000143807.jpg,True
nm_000000143834,nonuang,ds11,raw_dataset/non_uang/000000143834.jpg,True
nm_000000144041,nonuang,ds11,raw_dataset/non_uang/000000144041.jpg,False
nm_000000144046,nonuang,ds11,raw_dataset/non_uang/000000144046.jpg,True
nm_000000144155,nonuang,ds11,raw_dataset/non_uang/000000144155.jpg,True
nm_000000144191,nonuang,ds11,raw_dataset/non_uang/000000144191.jpg,True
nm_000000144195,nonuang,ds11,raw_dataset/non_uang/000000144195.jpg,True
nm_000000144209,nonuang,ds11,raw_dataset/non_uang/000000144209.jpg,False
nm_000000144344,nonuang,ds11,raw_dataset/non_uang/000000144344.jpg,False
nm_000000144401,nonuang,ds11,raw_dataset/non_uang/000000144401.jpg,False
nm_000000144698,nonuang,ds11,raw_dataset/non_uang/000000144698.jpg,True
nm_000000144927,nonuang,ds11,raw_dataset/non_uang/000000144927.jpg,True
nm_000000144928,nonuang,ds11,raw_dataset/non_uang/000000144928.jpg,True
nm_000000145007,nonuang,ds11,raw_dataset/non_uang/000000145007.jpg,True
nm_000000145011,nonuang,ds11,raw_dataset/non_uang/000000145011.jpg,True
nm_000000145104,nonuang,ds11,raw_dataset/non_uang/000000145104.jpg,True
nm_000000145166,nonuang,ds11,raw_dataset/non_uang/000000145166.jpg,False
nm_000000145177,nonuang,ds11,raw_dataset/non_uang/000000145177.jpg,False
nm_000000145527,nonuang,ds11,raw_dataset/non_uang/000000145527.jpg,True
nm_000000145539,nonuang,ds11,raw_dataset/non_uang/000000145539.jpg,True
nm_000000145563,nonuang,ds11,raw_dataset/non_uang/000000145563.jpg,True
nm_000000145653,nonuang,ds11,raw_dataset/non_uang/000000145653.jpg,True
nm_000000145707,nonuang,ds11,raw_dataset/non_uang/000000145707.jpg,True
nm_000000145833,nonuang,ds11,raw_dataset/non_uang/000000145833.jpg,True
nm_000000145857,nonuang,ds11,raw_dataset/non_uang/000000145857.jpg,True
nm_000000145893,nonuang,ds11,raw_dataset/non_uang/000000145893.jpg,True
nm_000000145934,nonuang,ds11,raw_dataset/non_uang/000000145934.jpg,True
nm_000000145973,nonuang,ds11,raw_dataset/non_uang/000000145973.jpg,True
nm_000000146218,nonuang,ds11,raw_dataset/non_uang/000000146218.jpg,True
nm_000000146287,nonuang,ds11,raw_dataset/non_uang/000000146287.jpg,True
nm_000000146323,nonuang,ds11,raw_dataset/non_uang/000000146323.jpg,True
nm_000000146379,nonuang,ds11,raw_dataset/non_uang/000000146379.jpg,False
nm_000000146422,nonuang,ds11,raw_dataset/non_uang/000000146422.jpg,False
nm_000000146445,nonuang,ds11,raw_dataset/non_uang/000000146445.jpg,True
nm_000000146466,nonuang,ds11,raw_dataset/non_uang/000000146466.jpg,False
nm_000000146486,nonuang,ds11,raw_dataset/non_uang/000000146486.jpg,False
nm_000000146531,nonuang,ds11,raw_dataset/non_uang/000000146531.jpg,True
nm_000000146639,nonuang,ds11,raw_dataset/non_uang/000000146639.jpg,True
nm_000000146644,nonuang,ds11,raw_dataset/non_uang/000000146644.jpg,True
nm_000000146778,nonuang,ds11,raw_dataset/non_uang/000000146778.jpg,True
nm_000000146906,nonuang,ds11,raw_dataset/non_uang/000000146906.jpg,True
nm_000000146966,nonuang,ds11,raw_dataset/non_uang/000000146966.jpg,True
nm_000000146978,nonuang,ds11,raw_dataset/non_uang/000000146978.jpg,True
nm_000000146987,nonuang,ds11,raw_dataset/non_uang/000000146987.jpg,True
nm_000000147083,nonuang,ds11,raw_dataset/non_uang/000000147083.jpg,False
nm_000000147098,nonuang,ds11,raw_dataset/non_uang/000000147098.jpg,False
nm_000000147113,nonuang,ds11,raw_dataset/non_uang/000000147113.jpg,False
nm_000000147350,nonuang,ds11,raw_dataset/non_uang/000000147350.jpg,True
nm_000000147390,nonuang,ds11,raw_dataset/non_uang/000000147390.jpg,False
nm_000000147456,nonuang,ds11,raw_dataset/non_uang/000000147456.jpg,True
nm_000000147465,nonuang,ds11,raw_dataset/non_uang/000000147465.jpg,True
nm_000000147507,nonuang,ds11,raw_dataset/non_uang/000000147507.jpg,False
nm_000000147647,nonuang,ds11,raw_dataset/non_uang/000000147647.jpg,False
nm_000000147732,nonuang,ds11,raw_dataset/non_uang/000000147732.jpg,True
nm_000000147738,nonuang,ds11,raw_dataset/non_uang/000000147738.jpg,True
nm_000000147757,nonuang,ds11,raw_dataset/non_uang/000000147757.jpg,True
nm_000000147845,nonuang,ds11,raw_dataset/non_uang/000000147845.jpg,True
nm_000000148064,nonuang,ds11,raw_dataset/non_uang/000000148064.jpg,False
nm_000000148080,nonuang,ds11,raw_dataset/non_uang/000000148080.jpg,False
nm_000000148106,nonuang,ds11,raw_dataset/non_uang/000000148106.jpg,False
nm_000000148233,nonuang,ds11,raw_dataset/non_uang/000000148233.jpg,True
nm_000000148256,nonuang,ds11,raw_dataset/non_uang/000000148256.jpg,True
nm_000000148369,nonuang,ds11,raw_dataset/non_uang/000000148369.jpg,True
nm_000000148377,nonuang,ds11,raw_dataset/non_uang/000000148377.jpg,True
nm_000000148396,nonuang,ds11,raw_dataset/non_uang/000000148396.jpg,True
nm_000000148538,nonuang,ds11,raw_dataset/non_uang/000000148538.jpg,True
nm_000000148572,nonuang,ds11,raw_dataset/non_uang/000000148572.jpg,False
nm_000000148621,nonuang,ds11,raw_dataset/non_uang/000000148621.jpg,True
nm_000000148674,nonuang,ds11,raw_dataset/non_uang/000000148674.jpg,True
nm_000000148681,nonuang,ds11,raw_dataset/non_uang/000000148681.jpg,True
nm_000000148697,nonuang,ds11,raw_dataset/non_uang/000000148697.jpg,True
nm_000000148806,nonuang,ds11,raw_dataset/non_uang/000000148806.jpg,False
nm_000000148814,nonuang,ds11,raw_dataset/non_uang/000000148814.jpg,False
nm_000000148991,nonuang,ds11,raw_dataset/non_uang/000000148991.jpg,False
nm_000000149103,nonuang,ds11,raw_dataset/non_uang/000000149103.jpg,True
nm_000000149169,nonuang,ds11,raw_dataset/non_uang/000000149169.jpg,True
nm_000000149236,nonuang,ds11,raw_dataset/non_uang/000000149236.jpg,False
nm_000000149264,nonuang,ds11,raw_dataset/non_uang/000000149264.jpg,True
nm_000000149471,nonuang,ds11,raw_dataset/non_uang/000000149471.jpg,True
nm_000000149519,nonuang,ds11,raw_dataset/non_uang/000000149519.jpg,False
nm_000000149534,nonuang,ds11,raw_dataset/non_uang/000000149534.jpg,True
nm_000000149549,nonuang,ds11,raw_dataset/non_uang/000000149549.jpg,True
nm_000000149599,nonuang,ds11,raw_dataset/non_uang/000000149599.jpg,False
nm_000000149671,nonuang,ds11,raw_dataset/non_uang/000000149671.jpg,True
nm_000000149722,nonuang,ds11,raw_dataset/non_uang/000000149722.jpg,True
nm_000000149724,nonuang,ds11,raw_dataset/non_uang/000000149724.jpg,True
nm_000000149740,nonuang,ds11,raw_dataset/non_uang/000000149740.jpg,True
nm_000000149778,nonuang,ds11,raw_dataset/non_uang/000000149778.jpg,True
nm_000000149939,nonuang,ds11,raw_dataset/non_uang/000000149939.jpg,True
nm_000000150045,nonuang,ds11,raw_dataset/non_uang/000000150045.jpg,False
nm_000000150346,nonuang,ds11,raw_dataset/non_uang/000000150346.jpg,True
nm_000000150355,nonuang,ds11,raw_dataset/non_uang/000000150355.jpg,False
nm_000000150496,nonuang,ds11,raw_dataset/non_uang/000000150496.jpg,True
nm_000000150534,nonuang,ds11,raw_dataset/non_uang/000000150534.jpg,True
nm_000000150802,nonuang,ds11,raw_dataset/non_uang/000000150802.jpg,True
nm_000000150936,nonuang,ds11,raw_dataset/non_uang/000000150936.jpg,True
nm_000000150962,nonuang,ds11,raw_dataset/non_uang/000000150962.jpg,True
nm_000000150979,nonuang,ds11,raw_dataset/non_uang/000000150979.jpg,True
nm_000000150998,nonuang,ds11,raw_dataset/non_uang/000000150998.jpg,False
nm_000000151023,nonuang,ds11,raw_dataset/non_uang/000000151023.jpg,False
nm_000000151055,nonuang,ds11,raw_dataset/non_uang/000000151055.jpg,True
nm_000000151109,nonuang,ds11,raw_dataset/non_uang/000000151109.jpg,True
nm_000000151122,nonuang,ds11,raw_dataset/non_uang/000000151122.jpg,True
nm_000000151429,nonuang,ds11,raw_dataset/non_uang/000000151429.jpg,True
nm_000000151473,nonuang,ds11,raw_dataset/non_uang/000000151473.jpg,True
nm_000000151556,nonuang,ds11,raw_dataset/non_uang/000000151556.jpg,False
nm_000000151562,nonuang,ds11,raw_dataset/non_uang/000000151562.jpg,True
nm_000000151663,nonuang,ds11,raw_dataset/non_uang/000000151663.jpg,False
nm_000000151769,nonuang,ds11,raw_dataset/non_uang/000000151769.jpg,False
nm_000000151924,nonuang,ds11,raw_dataset/non_uang/000000151924.jpg,True
nm_000000152087,nonuang,ds11,raw_dataset/non_uang/000000152087.jpg,True
nm_000000152104,nonuang,ds11,raw_dataset/non_uang/000000152104.jpg,True
nm_000000152128,nonuang,ds11,raw_dataset/non_uang/000000152128.jpg,False
nm_000000152139,nonuang,ds11,raw_dataset/non_uang/000000152139.jpg,True
nm_000000152241,nonuang,ds11,raw_dataset/non_uang/000000152241.jpg,True
nm_000000152290,nonuang,ds11,raw_dataset/non_uang/000000152290.jpg,True
nm_000000152308,nonuang,ds11,raw_dataset/non_uang/000000152308.jpg,False
nm_000000152421,nonuang,ds11,raw_dataset/non_uang/000000152421.jpg,False
nm_000000152584,nonuang,ds11,raw_dataset/non_uang/000000152584.jpg,False
nm_000000152590,nonuang,ds11,raw_dataset/non_uang/000000152590.jpg,False
nm_000000152607,nonuang,ds11,raw_dataset/non_uang/000000152607.jpg,True
nm_000000152811,nonuang,ds11,raw_dataset/non_uang/000000152811.jpg,True
nm_000000152909,nonuang,ds11,raw_dataset/non_uang/000000152909.jpg,True
nm_000000152918,nonuang,ds11,raw_dataset/non_uang/000000152918.jpg,True
nm_000000153066,nonuang,ds11,raw_dataset/non_uang/000000153066.jpg,True
nm_000000153095,nonuang,ds11,raw_dataset/non_uang/000000153095.jpg,True
nm_000000153287,nonuang,ds11,raw_dataset/non_uang/000000153287.jpg,False
nm_000000153328,nonuang,ds11,raw_dataset/non_uang/000000153328.jpg,True
nm_000000153345,nonuang,ds11,raw_dataset/non_uang/000000153345.jpg,False
nm_000000153387,nonuang,ds11,raw_dataset/non_uang/000000153387.jpg,True
nm_000000153402,nonuang,ds11,raw_dataset/non_uang/000000153402.jpg,True
nm_000000153456,nonuang,ds11,raw_dataset/non_uang/000000153456.jpg,True
nm_000000153470,nonuang,ds11,raw_dataset/non_uang/000000153470.jpg,True
nm_000000153603,nonuang,ds11,raw_dataset/non_uang/000000153603.jpg,False
nm_000000153645,nonuang,ds11,raw_dataset/non_uang/000000153645.jpg,True
nm_000000153680,nonuang,ds11,raw_dataset/non_uang/000000153680.jpg,True
nm_000000153769,nonuang,ds11,raw_dataset/non_uang/000000153769.jpg,False
nm_000000153784,nonuang,ds11,raw_dataset/non_uang/000000153784.jpg,True
nm_000000153953,nonuang,ds11,raw_dataset/non_uang/000000153953.jpg,True
nm_000000153958,nonuang,ds11,raw_dataset/non_uang/000000153958.jpg,True
nm_000000154076,nonuang,ds11,raw_dataset/non_uang/000000154076.jpg,True
nm_000000154228,nonuang,ds11,raw_dataset/non_uang/000000154228.jpg,False
nm_000000154256,nonuang,ds11,raw_dataset/non_uang/000000154256.jpg,True
nm_000000154396,nonuang,ds11,raw_dataset/non_uang/000000154396.jpg,True
nm_000000154406,nonuang,ds11,raw_dataset/non_uang/000000154406.jpg,True
nm_000000154632,nonuang,ds11,raw_dataset/non_uang/000000154632.jpg,True
nm_000000154671,nonuang,ds11,raw_dataset/non_uang/000000154671.jpg,False
nm_000000154761,nonuang,ds11,raw_dataset/non_uang/000000154761.jpg,False
nm_000000154784,nonuang,ds11,raw_dataset/non_uang/000000154784.jpg,False
nm_000000154933,nonuang,ds11,raw_dataset/non_uang/000000154933.jpg,True
nm_000000154997,nonuang,ds11,raw_dataset/non_uang/000000154997.jpg,False
nm_000000155041,nonuang,ds11,raw_dataset/non_uang/000000155041.jpg,True
nm_000000155129,nonuang,ds11,raw_dataset/non_uang/000000155129.jpg,True
nm_000000155282,nonuang,ds11,raw_dataset/non_uang/000000155282.jpg,True
nm_000000155297,nonuang,ds11,raw_dataset/non_uang/000000155297.jpg,True
nm_000000155314,nonuang,ds11,raw_dataset/non_uang/000000155314.jpg,True
nm_000000155435,nonuang,ds11,raw_dataset/non_uang/000000155435.jpg,True
nm_000000155454,nonuang,ds11,raw_dataset/non_uang/000000155454.jpg,False
nm_000000155480,nonuang,ds11,raw_dataset/non_uang/000000155480.jpg,False
nm_000000155503,nonuang,ds11,raw_dataset/non_uang/000000155503.jpg,True
nm_000000155600,nonuang,ds11,raw_dataset/non_uang/000000155600.jpg,True
nm_000000155673,nonuang,ds11,raw_dataset/non_uang/000000155673.jpg,True
nm_000000155706,nonuang,ds11,raw_dataset/non_uang/000000155706.jpg,False
nm_000000155784,nonuang,ds11,raw_dataset/non_uang/000000155784.jpg,True
nm_000000155798,nonuang,ds11,raw_dataset/non_uang/000000155798.jpg,True
nm_000000155919,nonuang,ds11,raw_dataset/non_uang/000000155919.jpg,True
nm_000000155926,nonuang,ds11,raw_dataset/non_uang/000000155926.jpg,True
nm_000000155950,nonuang,ds11,raw_dataset/non_uang/000000155950.jpg,True
nm_000000156091,nonuang,ds11,raw_dataset/non_uang/000000156091.jpg,True
nm_000000156161,nonuang,ds11,raw_dataset/non_uang/000000156161.jpg,True
nm_000000156345,nonuang,ds11,raw_dataset/non_uang/000000156345.jpg,False
nm_000000156434,nonuang,ds11,raw_dataset/non_uang/000000156434.jpg,False
nm_000000156536,nonuang,ds11,raw_dataset/non_uang/000000156536.jpg,False
nm_000000156639,nonuang,ds11,raw_dataset/non_uang/000000156639.jpg,False
nm_000000156664,nonuang,ds11,raw_dataset/non_uang/000000156664.jpg,True
nm_000000156684,nonuang,ds11,raw_dataset/non_uang/000000156684.jpg,True
nm_000000156742,nonuang,ds11,raw_dataset/non_uang/000000156742.jpg,True
nm_000000156837,nonuang,ds11,raw_dataset/non_uang/000000156837.jpg,False
nm_000000156871,nonuang,ds11,raw_dataset/non_uang/000000156871.jpg,True
nm_000000157134,nonuang,ds11,raw_dataset/non_uang/000000157134.jpg,False
nm_000000157147,nonuang,ds11,raw_dataset/non_uang/000000157147.jpg,False
nm_000000157200,nonuang,ds11,raw_dataset/non_uang/000000157200.jpg,True
nm_000000157203,nonuang,ds11,raw_dataset/non_uang/000000157203.jpg,False
nm_000000157240,nonuang,ds11,raw_dataset/non_uang/000000157240.jpg,True
nm_000000157335,nonuang,ds11,raw_dataset/non_uang/000000157335.jpg,True
nm_000000157451,nonuang,ds11,raw_dataset/non_uang/000000157451.jpg,True
nm_000000157498,nonuang,ds11,raw_dataset/non_uang/000000157498.jpg,True
nm_000000157620,nonuang,ds11,raw_dataset/non_uang/000000157620.jpg,True
nm_000000157723,nonuang,ds11,raw_dataset/non_uang/000000157723.jpg,True
nm_000000157764,nonuang,ds11,raw_dataset/non_uang/000000157764.jpg,True
nm_000000157840,nonuang,ds11,raw_dataset/non_uang/000000157840.jpg,True
nm_000000157910,nonuang,ds11,raw_dataset/non_uang/000000157910.jpg,True
nm_000000157935,nonuang,ds11,raw_dataset/non_uang/000000157935.jpg,True
nm_000000157979,nonuang,ds11,raw_dataset/non_uang/000000157979.jpg,True
nm_000000158033,nonuang,ds11,raw_dataset/non_uang/000000158033.jpg,True
nm_000000158069,nonuang,ds11,raw_dataset/non_uang/000000158069.jpg,True
nm_000000158131,nonuang,ds11,raw_dataset/non_uang/000000158131.jpg,True
nm_000000158150,nonuang,ds11,raw_dataset/non_uang/000000158150.jpg,True
nm_000000158177,nonuang,ds11,raw_dataset/non_uang/000000158177.jpg,True
nm_000000158392,nonuang,ds11,raw_dataset/non_uang/000000158392.jpg,True
nm_000000158405,nonuang,ds11,raw_dataset/non_uang/000000158405.jpg,True
nm_000000158656,nonuang,ds11,raw_dataset/non_uang/000000158656.jpg,False
nm_000000158847,nonuang,ds11,raw_dataset/non_uang/000000158847.jpg,True
nm_000000158925,nonuang,ds11,raw_dataset/non_uang/000000158925.jpg,True
nm_000000158946,nonuang,ds11,raw_dataset/non_uang/000000158946.jpg,True
nm_000000158980,nonuang,ds11,raw_dataset/non_uang/000000158980.jpg,True
nm_000000158995,nonuang,ds11,raw_dataset/non_uang/000000158995.jpg,True
nm_000000159079,nonuang,ds11,raw_dataset/non_uang/000000159079.jpg,False
nm_000000159092,nonuang,ds11,raw_dataset/non_uang/000000159092.jpg,True
nm_000000159812,nonuang,ds11,raw_dataset/non_uang/000000159812.jpg,True
nm_000000159829,nonuang,ds11,raw_dataset/non_uang/000000159829.jpg,True
nm_000000159876,nonuang,ds11,raw_dataset/non_uang/000000159876.jpg,False
nm_000000159885,nonuang,ds11,raw_dataset/non_uang/000000159885.jpg,True
nm_000000160015,nonuang,ds11,raw_dataset/non_uang/000000160015.jpg,True
nm_000000160127,nonuang,ds11,raw_dataset/non_uang/000000160127.jpg,True
nm_000000160135,nonuang,ds11,raw_dataset/non_uang/000000160135.jpg,True
nm_000000160346,nonuang,ds11,raw_dataset/non_uang/000000160346.jpg,True
nm_000000160400,nonuang,ds11,raw_dataset/non_uang/000000160400.jpg,True
nm_000000160526,nonuang,ds11,raw_dataset/non_uang/000000160526.jpg,True
nm_000000160543,nonuang,ds11,raw_dataset/non_uang/000000160543.jpg,False
nm_000000160557,nonuang,ds11,raw_dataset/non_uang/000000160557.jpg,True
nm_000000160627,nonuang,ds11,raw_dataset/non_uang/000000160627.jpg,False
nm_000000160657,nonuang,ds11,raw_dataset/non_uang/000000160657.jpg,True
nm_000000160711,nonuang,ds11,raw_dataset/non_uang/000000160711.jpg,True
nm_000000160722,nonuang,ds11,raw_dataset/non_uang/000000160722.jpg,True
nm_000000160724,nonuang,ds11,raw_dataset/non_uang/000000160724.jpg,False
nm_000000160786,nonuang,ds11,raw_dataset/non_uang/000000160786.jpg,True
nm_000000160789,nonuang,ds11,raw_dataset/non_uang/000000160789.jpg,True
nm_000000160874,nonuang,ds11,raw_dataset/non_uang/000000160874.jpg,True
nm_000000160936,nonuang,ds11,raw_dataset/non_uang/000000160936.jpg,False
nm_000000160942,nonuang,ds11,raw_dataset/non_uang/000000160942.jpg,True
nm_000000160979,nonuang,ds11,raw_dataset/non_uang/000000160979.jpg,True
nm_000000161049,nonuang,ds11,raw_dataset/non_uang/000000161049.jpg,False
nm_000000161131,nonuang,ds11,raw_dataset/non_uang/000000161131.jpg,True
nm_000000161134,nonuang,ds11,raw_dataset/non_uang/000000161134.jpg,True
nm_000000161186,nonuang,ds11,raw_dataset/non_uang/000000161186.jpg,False
nm_000000161313,nonuang,ds11,raw_dataset/non_uang/000000161313.jpg,True
nm_000000161378,nonuang,ds11,raw_dataset/non_uang/000000161378.jpg,True
nm_000000161399,nonuang,ds11,raw_dataset/non_uang/000000161399.jpg,False
nm_000000161421,nonuang,ds11,raw_dataset/non_uang/000000161421.jpg,False
nm_000000161424,nonuang,ds11,raw_dataset/non_uang/000000161424.jpg,True
nm_000000161512,nonuang,ds11,raw_dataset/non_uang/000000161512.jpg,True
nm_000000161524,nonuang,ds11,raw_dataset/non_uang/000000161524.jpg,True
nm_000000161587,nonuang,ds11,raw_dataset/non_uang/000000161587.jpg,True
nm_000000161615,nonuang,ds11,raw_dataset/non_uang/000000161615.jpg,False
nm_000000161641,nonuang,ds11,raw_dataset/non_uang/000000161641.jpg,True
nm_000000161779,nonuang,ds11,raw_dataset/non_uang/000000161779.jpg,True
nm_000000161822,nonuang,ds11,raw_dataset/non_uang/000000161822.jpg,False
nm_000000161895,nonuang,ds11,raw_dataset/non_uang/000000161895.jpg,True
nm_000000162026,nonuang,ds11,raw_dataset/non_uang/000000162026.jpg,False
nm_000000162040,nonuang,ds11,raw_dataset/non_uang/000000162040.jpg,True
nm_000000162148,nonuang,ds11,raw_dataset/non_uang/000000162148.jpg,True
nm_000000162155,nonuang,ds11,raw_dataset/non_uang/000000162155.jpg,True
nm_000000162184,nonuang,ds11,raw_dataset/non_uang/000000162184.jpg,True
nm_000000162196,nonuang,ds11,raw_dataset/non_uang/000000162196.jpg,False
nm_000000162480,nonuang,ds11,raw_dataset/non_uang/000000162480.jpg,True
nm_000000162487,nonuang,ds11,raw_dataset/non_uang/000000162487.jpg,False
nm_000000162560,nonuang,ds11,raw_dataset/non_uang/000000162560.jpg,True
nm_000000162586,nonuang,ds11,raw_dataset/non_uang/000000162586.jpg,True
nm_000000162590,nonuang,ds11,raw_dataset/non_uang/000000162590.jpg,True
nm_000000162600,nonuang,ds11,raw_dataset/non_uang/000000162600.jpg,False
nm_000000162671,nonuang,ds11,raw_dataset/non_uang/000000162671.jpg,True
nm_000000162689,nonuang,ds11,raw_dataset/non_uang/000000162689.jpg,True
nm_000000162795,nonuang,ds11,raw_dataset/non_uang/000000162795.jpg,True
nm_000000162812,nonuang,ds11,raw_dataset/non_uang/000000162812.jpg,True
nm_000000162816,nonuang,ds11,raw_dataset/non_uang/000000162816.jpg,True
nm_000000162853,nonuang,ds11,raw_dataset/non_uang/000000162853.jpg,False
nm_000000162929,nonuang,ds11,raw_dataset/non_uang/000000162929.jpg,False
nm_000000163019,nonuang,ds11,raw_dataset/non_uang/000000163019.jpg,True
nm_000000163097,nonuang,ds11,raw_dataset/non_uang/000000163097.jpg,False
nm_000000163126,nonuang,ds11,raw_dataset/non_uang/000000163126.jpg,True
nm_000000163194,nonuang,ds11,raw_dataset/non_uang/000000163194.jpg,True
nm_000000163223,nonuang,ds11,raw_dataset/non_uang/000000163223.jpg,False
nm_000000163238,nonuang,ds11,raw_dataset/non_uang/000000163238.jpg,False
nm_000000163735,nonuang,ds11,raw_dataset/non_uang/000000163735.jpg,True
nm_000000163805,nonuang,ds11,raw_dataset/non_uang/000000163805.jpg,True
nm_000000163807,nonuang,ds11,raw_dataset/non_uang/000000163807.jpg,False
nm_000000163845,nonuang,ds11,raw_dataset/non_uang/000000163845.jpg,True
nm_000000163853,nonuang,ds11,raw_dataset/non_uang/000000163853.jpg,False
nm_000000163854,nonuang,ds11,raw_dataset/non_uang/000000163854.jpg,False
nm_000000163864,nonuang,ds11,raw_dataset/non_uang/000000163864.jpg,True
nm_000000163899,nonuang,ds11,raw_dataset/non_uang/000000163899.jpg,False
nm_000000163926,nonuang,ds11,raw_dataset/non_uang/000000163926.jpg,True
nm_000000164182,nonuang,ds11,raw_dataset/non_uang/000000164182.jpg,False
nm_000000164188,nonuang,ds11,raw_dataset/non_uang/000000164188.jpg,True
nm_000000164274,nonuang,ds11,raw_dataset/non_uang/000000164274.jpg,True
nm_000000164380,nonuang,ds11,raw_dataset/non_uang/000000164380.jpg,False
nm_000000164451,nonuang,ds11,raw_dataset/non_uang/000000164451.jpg,False
nm_000000164549,nonuang,ds11,raw_dataset/non_uang/000000164549.jpg,False
nm_000000164795,nonuang,ds11,raw_dataset/non_uang/000000164795.jpg,True
nm_000000164947,nonuang,ds11,raw_dataset/non_uang/000000164947.jpg,True
nm_000000164968,nonuang,ds11,raw_dataset/non_uang/000000164968.jpg,True
nm_000000164981,nonuang,ds11,raw_dataset/non_uang/000000164981.jpg,True
nm_000000165156,nonuang,ds11,raw_dataset/non_uang/000000165156.jpg,False
nm_000000165285,nonuang,ds11,raw_dataset/non_uang/000000165285.jpg,True
nm_000000165411,nonuang,ds11,raw_dataset/non_uang/000000165411.jpg,False
nm_000000165511,nonuang,ds11,raw_dataset/non_uang/000000165511.jpg,False
nm_000000165516,nonuang,ds11,raw_dataset/non_uang/000000165516.jpg,True
nm_000000165624,nonuang,ds11,raw_dataset/non_uang/000000165624.jpg,True
nm_000000165627,nonuang,ds11,raw_dataset/non_uang/000000165627.jpg,True
nm_000000165682,nonuang,ds11,raw_dataset/non_uang/000000165682.jpg,True
nm_000000165801,nonuang,ds11,raw_dataset/non_uang/000000165801.jpg,False
nm_000000165858,nonuang,ds11,raw_dataset/non_uang/000000165858.jpg,True
nm_000000166004,nonuang,ds11,raw_dataset/non_uang/000000166004.jpg,True
nm_000000166089,nonuang,ds11,raw_dataset/non_uang/000000166089.jpg,True
nm_000000166493,nonuang,ds11,raw_dataset/non_uang/000000166493.jpg,True
nm_000000166605,nonuang,ds11,raw_dataset/non_uang/000000166605.jpg,False
nm_000000166681,nonuang,ds11,raw_dataset/non_uang/000000166681.jpg,True
nm_000000166712,nonuang,ds11,raw_dataset/non_uang/000000166712.jpg,True
nm_000000166763,nonuang,ds11,raw_dataset/non_uang/000000166763.jpg,False
nm_000000166820,nonuang,ds11,raw_dataset/non_uang/000000166820.jpg,True
nm_000000166992,nonuang,ds11,raw_dataset/non_uang/000000166992.jpg,True
nm_000000166996,nonuang,ds11,raw_dataset/non_uang/000000166996.jpg,True
nm_000000167032,nonuang,ds11,raw_dataset/non_uang/000000167032.jpg,True
nm_000000167094,nonuang,ds11,raw_dataset/non_uang/000000167094.jpg,True
nm_000000167100,nonuang,ds11,raw_dataset/non_uang/000000167100.jpg,True
nm_000000167157,nonuang,ds11,raw_dataset/non_uang/000000167157.jpg,True
nm_000000167177,nonuang,ds11,raw_dataset/non_uang/000000167177.jpg,True
nm_000000167365,nonuang,ds11,raw_dataset/non_uang/000000167365.jpg,False
nm_000000167419,nonuang,ds11,raw_dataset/non_uang/000000167419.jpg,True
nm_000000167470,nonuang,ds11,raw_dataset/non_uang/000000167470.jpg,False
nm_000000167608,nonuang,ds11,raw_dataset/non_uang/000000167608.jpg,True
nm_000000167620,nonuang,ds11,raw_dataset/non_uang/000000167620.jpg,False
nm_000000167761,nonuang,ds11,raw_dataset/non_uang/000000167761.jpg,False
nm_000000167766,nonuang,ds11,raw_dataset/non_uang/000000167766.jpg,True
nm_000000167849,nonuang,ds11,raw_dataset/non_uang/000000167849.jpg,False
nm_000000167919,nonuang,ds11,raw_dataset/non_uang/000000167919.jpg,True
nm_000000168160,nonuang,ds11,raw_dataset/non_uang/000000168160.jpg,True
nm_000000168199,nonuang,ds11,raw_dataset/non_uang/000000168199.jpg,True
nm_000000168228,nonuang,ds11,raw_dataset/non_uang/000000168228.jpg,True
nm_000000168232,nonuang,ds11,raw_dataset/non_uang/000000168232.jpg,True
nm_000000168262,nonuang,ds11,raw_dataset/non_uang/000000168262.jpg,False
nm_000000168302,nonuang,ds11,raw_dataset/non_uang/000000168302.jpg,True
nm_000000168426,nonuang,ds11,raw_dataset/non_uang/000000168426.jpg,True
nm_000000168437,nonuang,ds11,raw_dataset/non_uang/000000168437.jpg,True
nm_000000168438,nonuang,ds11,raw_dataset/non_uang/000000168438.jpg,True
nm_000000168513,nonuang,ds11,raw_dataset/non_uang/000000168513.jpg,True
nm_000000168540,nonuang,ds11,raw_dataset/non_uang/000000168540.jpg,False
nm_000000168596,nonuang,ds11,raw_dataset/non_uang/000000168596.jpg,True
nm_000000168853,nonuang,ds11,raw_dataset/non_uang/000000168853.jpg,False
nm_000000168910,nonuang,ds11,raw_dataset/non_uang/000000168910.jpg,True
nm_000000169039,nonuang,ds11,raw_dataset/non_uang/000000169039.jpg,True
nm_000000169079,nonuang,ds11,raw_dataset/non_uang/000000169079.jpg,True
nm_000000169344,nonuang,ds11,raw_dataset/non_uang/000000169344.jpg,True
nm_000000169368,nonuang,ds11,raw_dataset/non_uang/000000169368.jpg,True
nm_000000169462,nonuang,ds11,raw_dataset/non_uang/000000169462.jpg,True
nm_000000169484,nonuang,ds11,raw_dataset/non_uang/000000169484.jpg,False
nm_000000169519,nonuang,ds11,raw_dataset/non_uang/000000169519.jpg,True
nm_000000169672,nonuang,ds11,raw_dataset/non_uang/000000169672.jpg,True
nm_000000169707,nonuang,ds11,raw_dataset/non_uang/000000169707.jpg,True
nm_000000169812,nonuang,ds11,raw_dataset/non_uang/000000169812.jpg,True
nm_000000169927,nonuang,ds11,raw_dataset/non_uang/000000169927.jpg,True
nm_000000170009,nonuang,ds11,raw_dataset/non_uang/000000170009.jpg,False
nm_000000170152,nonuang,ds11,raw_dataset/non_uang/000000170152.jpg,False
nm_000000170155,nonuang,ds11,raw_dataset/non_uang/000000170155.jpg,True
nm_000000170205,nonuang,ds11,raw_dataset/non_uang/000000170205.jpg,True
nm_000000170242,nonuang,ds11,raw_dataset/non_uang/000000170242.jpg,True
nm_000000170391,nonuang,ds11,raw_dataset/non_uang/000000170391.jpg,True
nm_000000170448,nonuang,ds11,raw_dataset/non_uang/000000170448.jpg,False
nm_000000170449,nonuang,ds11,raw_dataset/non_uang/000000170449.jpg,False
nm_000000170458,nonuang,ds11,raw_dataset/non_uang/000000170458.jpg,True
nm_000000170598,nonuang,ds11,raw_dataset/non_uang/000000170598.jpg,True
nm_000000170625,nonuang,ds11,raw_dataset/non_uang/000000170625.jpg,True
nm_000000170894,nonuang,ds11,raw_dataset/non_uang/000000170894.jpg,True
nm_000000170938,nonuang,ds11,raw_dataset/non_uang/000000170938.jpg,True
nm_000000171029,nonuang,ds11,raw_dataset/non_uang/000000171029.jpg,True
nm_000000171147,nonuang,ds11,raw_dataset/non_uang/000000171147.jpg,True
nm_000000171213,nonuang,ds11,raw_dataset/non_uang/000000171213.jpg,True
nm_000000171242,nonuang,ds11,raw_dataset/non_uang/000000171242.jpg,False
nm_000000171248,nonuang,ds11,raw_dataset/non_uang/000000171248.jpg,True
nm_000000171285,nonuang,ds11,raw_dataset/non_uang/000000171285.jpg,False
nm_000000171507,nonuang,ds11,raw_dataset/non_uang/000000171507.jpg,True
nm_000000171553,nonuang,ds11,raw_dataset/non_uang/000000171553.jpg,False
nm_000000171575,nonuang,ds11,raw_dataset/non_uang/000000171575.jpg,False
nm_000000171615,nonuang,ds11,raw_dataset/non_uang/000000171615.jpg,True
nm_000000171636,nonuang,ds11,raw_dataset/non_uang/000000171636.jpg,True
nm_000000171760,nonuang,ds11,raw_dataset/non_uang/000000171760.jpg,True
nm_000000171870,nonuang,ds11,raw_dataset/non_uang/000000171870.jpg,True
nm_000000171877,nonuang,ds11,raw_dataset/non_uang/000000171877.jpg,True
nm_000000171916,nonuang,ds11,raw_dataset/non_uang/000000171916.jpg,False
nm_000000171956,nonuang,ds11,raw_dataset/non_uang/000000171956.jpg,False
nm_000000172075,nonuang,ds11,raw_dataset/non_uang/000000172075.jpg,False
nm_000000172113,nonuang,ds11,raw_dataset/non_uang/000000172113.jpg,False
nm_000000172125,nonuang,ds11,raw_dataset/non_uang/000000172125.jpg,False
nm_000000172368,nonuang,ds11,raw_dataset/non_uang/000000172368.jpg,True
nm_000000172409,nonuang,ds11,raw_dataset/non_uang/000000172409.jpg,False
nm_000000172412,nonuang,ds11,raw_dataset/non_uang/000000172412.jpg,False
nm_000000172444,nonuang,ds11,raw_dataset/non_uang/000000172444.jpg,True
nm_000000172448,nonuang,ds11,raw_dataset/non_uang/000000172448.jpg,True
nm_000000172511,nonuang,ds11,raw_dataset/non_uang/000000172511.jpg,True
nm_000000172559,nonuang,ds11,raw_dataset/non_uang/000000172559.jpg,True
nm_000000172578,nonuang,ds11,raw_dataset/non_uang/000000172578.jpg,False
nm_000000172618,nonuang,ds11,raw_dataset/non_uang/000000172618.jpg,True
nm_000000172675,nonuang,ds11,raw_dataset/non_uang/000000172675.jpg,False
nm_000000172700,nonuang,ds11,raw_dataset/non_uang/000000172700.jpg,False
nm_000000172711,nonuang,ds11,raw_dataset/non_uang/000000172711.jpg,True
nm_000000172816,nonuang,ds11,raw_dataset/non_uang/000000172816.jpg,False
nm_000000172830,nonuang,ds11,raw_dataset/non_uang/000000172830.jpg,False
nm_000000172862,nonuang,ds11,raw_dataset/non_uang/000000172862.jpg,False
nm_000000172959,nonuang,ds11,raw_dataset/non_uang/000000172959.jpg,True
nm_000000172997,nonuang,ds11,raw_dataset/non_uang/000000172997.jpg,False
nm_000000173151,nonuang,ds11,raw_dataset/non_uang/000000173151.jpg,True
nm_000000173192,nonuang,ds11,raw_dataset/non_uang/000000173192.jpg,True
nm_000000173270,nonuang,ds11,raw_dataset/non_uang/000000173270.jpg,True
nm_000000173312,nonuang,ds11,raw_dataset/non_uang/000000173312.jpg,False
nm_000000173361,nonuang,ds11,raw_dataset/non_uang/000000173361.jpg,False
nm_000000173589,nonuang,ds11,raw_dataset/non_uang/000000173589.jpg,True
nm_000000173594,nonuang,ds11,raw_dataset/non_uang/000000173594.jpg,True
nm_000000173609,nonuang,ds11,raw_dataset/non_uang/000000173609.jpg,True
nm_000000173747,nonuang,ds11,raw_dataset/non_uang/000000173747.jpg,True
nm_000000173753,nonuang,ds11,raw_dataset/non_uang/000000173753.jpg,True
nm_000000173765,nonuang,ds11,raw_dataset/non_uang/000000173765.jpg,True
nm_000000173794,nonuang,ds11,raw_dataset/non_uang/000000173794.jpg,False
nm_000000173931,nonuang,ds11,raw_dataset/non_uang/000000173931.jpg,True
nm_000000173990,nonuang,ds11,raw_dataset/non_uang/000000173990.jpg,True
nm_000000174047,nonuang,ds11,raw_dataset/non_uang/000000174047.jpg,False
nm_000000174050,nonuang,ds11,raw_dataset/non_uang/000000174050.jpg,True
nm_000000174101,nonuang,ds11,raw_dataset/non_uang/000000174101.jpg,True
nm_000000174136,nonuang,ds11,raw_dataset/non_uang/000000174136.jpg,True
nm_000000174216,nonuang,ds11,raw_dataset/non_uang/000000174216.jpg,True
nm_000000174245,nonuang,ds11,raw_dataset/non_uang/000000174245.jpg,False
nm_000000174316,nonuang,ds11,raw_dataset/non_uang/000000174316.jpg,True
nm_000000174401,nonuang,ds11,raw_dataset/non_uang/000000174401.jpg,True
nm_000000174404,nonuang,ds11,raw_dataset/non_uang/000000174404.jpg,True
nm_000000174414,nonuang,ds11,raw_dataset/non_uang/000000174414.jpg,True
nm_000000174458,nonuang,ds11,raw_dataset/non_uang/000000174458.jpg,False
nm_000000174540,nonuang,ds11,raw_dataset/non_uang/000000174540.jpg,True
nm_000000174577,nonuang,ds11,raw_dataset/non_uang/000000174577.jpg,False
nm_000000174650,nonuang,ds11,raw_dataset/non_uang/000000174650.jpg,False
nm_000000174687,nonuang,ds11,raw_dataset/non_uang/000000174687.jpg,True
nm_000000174730,nonuang,ds11,raw_dataset/non_uang/000000174730.jpg,True
nm_000000175002,nonuang,ds11,raw_dataset/non_uang/000000175002.jpg,True
nm_000000175062,nonuang,ds11,raw_dataset/non_uang/000000175062.jpg,True
nm_000000175134,nonuang,ds11,raw_dataset/non_uang/000000175134.jpg,True
nm_000000175218,nonuang,ds11,raw_dataset/non_uang/000000175218.jpg,False
nm_000000175243,nonuang,ds11,raw_dataset/non_uang/000000175243.jpg,True
nm_000000175265,nonuang,ds11,raw_dataset/non_uang/000000175265.jpg,True
nm_000000175295,nonuang,ds11,raw_dataset/non_uang/000000175295.jpg,False
nm_000000175396,nonuang,ds11,raw_dataset/non_uang/000000175396.jpg,True
nm_000000175605,nonuang,ds11,raw_dataset/non_uang/000000175605.jpg,False
nm_000000175648,nonuang,ds11,raw_dataset/non_uang/000000175648.jpg,True
nm_000000175661,nonuang,ds11,raw_dataset/non_uang/000000175661.jpg,True
nm_000000175741,nonuang,ds11,raw_dataset/non_uang/000000175741.jpg,False
nm_000000175823,nonuang,ds11,raw_dataset/non_uang/000000175823.jpg,True
nm_000000175888,nonuang,ds11,raw_dataset/non_uang/000000175888.jpg,True
nm_000000175900,nonuang,ds11,raw_dataset/non_uang/000000175900.jpg,False
nm_000000176019,nonuang,ds11,raw_dataset/non_uang/000000176019.jpg,True
nm_000000176048,nonuang,ds11,raw_dataset/non_uang/000000176048.jpg,True
nm_000000176073,nonuang,ds11,raw_dataset/non_uang/000000176073.jpg,True
nm_000000176129,nonuang,ds11,raw_dataset/non_uang/000000176129.jpg,True
nm_000000176156,nonuang,ds11,raw_dataset/non_uang/000000176156.jpg,True
nm_000000176182,nonuang,ds11,raw_dataset/non_uang/000000176182.jpg,True
nm_000000176223,nonuang,ds11,raw_dataset/non_uang/000000176223.jpg,True
nm_000000176242,nonuang,ds11,raw_dataset/non_uang/000000176242.jpg,False
nm_000000176261,nonuang,ds11,raw_dataset/non_uang/000000176261.jpg,True
nm_000000176315,nonuang,ds11,raw_dataset/non_uang/000000176315.jpg,False
nm_000000176326,nonuang,ds11,raw_dataset/non_uang/000000176326.jpg,True
nm_000000176366,nonuang,ds11,raw_dataset/non_uang/000000176366.jpg,True
nm_000000176389,nonuang,ds11,raw_dataset/non_uang/000000176389.jpg,True
nm_000000176453,nonuang,ds11,raw_dataset/non_uang/000000176453.jpg,False
nm_000000176773,nonuang,ds11,raw_dataset/non_uang/000000176773.jpg,False
nm_000000176887,nonuang,ds11,raw_dataset/non_uang/000000176887.jpg,True
nm_000000176907,nonuang,ds11,raw_dataset/non_uang/000000176907.jpg,True
nm_000000176909,nonuang,ds11,raw_dataset/non_uang/000000176909.jpg,True
nm_000000176926,nonuang,ds11,raw_dataset/non_uang/000000176926.jpg,False
nm_000000176940,nonuang,ds11,raw_dataset/non_uang/000000176940.jpg,True
nm_000000176984,nonuang,ds11,raw_dataset/non_uang/000000176984.jpg,False
nm_000000177059,nonuang,ds11,raw_dataset/non_uang/000000177059.jpg,False
nm_000000177118,nonuang,ds11,raw_dataset/non_uang/000000177118.jpg,False
nm_000000177130,nonuang,ds11,raw_dataset/non_uang/000000177130.jpg,True
nm_000000177136,nonuang,ds11,raw_dataset/non_uang/000000177136.jpg,True
nm_000000177227,nonuang,ds11,raw_dataset/non_uang/000000177227.jpg,True
nm_000000177249,nonuang,ds11,raw_dataset/non_uang/000000177249.jpg,False
nm_000000177333,nonuang,ds11,raw_dataset/non_uang/000000177333.jpg,False
nm_000000177393,nonuang,ds11,raw_dataset/non_uang/000000177393.jpg,False
nm_000000177412,nonuang,ds11,raw_dataset/non_uang/000000177412.jpg,False
nm_000000177484,nonuang,ds11,raw_dataset/non_uang/000000177484.jpg,False
nm_000000177526,nonuang,ds11,raw_dataset/non_uang/000000177526.jpg,True
nm_000000177545,nonuang,ds11,raw_dataset/non_uang/000000177545.jpg,True
nm_000000177556,nonuang,ds11,raw_dataset/non_uang/000000177556.jpg,True
nm_000000177647,nonuang,ds11,raw_dataset/non_uang/000000177647.jpg,False
nm_000000177761,nonuang,ds11,raw_dataset/non_uang/000000177761.jpg,True
nm_000000177848,nonuang,ds11,raw_dataset/non_uang/000000177848.jpg,True
nm_000000177911,nonuang,ds11,raw_dataset/non_uang/000000177911.jpg,False
nm_000000177993,nonuang,ds11,raw_dataset/non_uang/000000177993.jpg,True
nm_000000178102,nonuang,ds11,raw_dataset/non_uang/000000178102.jpg,True
nm_000000178106,nonuang,ds11,raw_dataset/non_uang/000000178106.jpg,True
nm_000000178155,nonuang,ds11,raw_dataset/non_uang/000000178155.jpg,True
nm_000000178185,nonuang,ds11,raw_dataset/non_uang/000000178185.jpg,False
nm_000000178243,nonuang,ds11,raw_dataset/non_uang/000000178243.jpg,True
nm_000000178329,nonuang,ds11,raw_dataset/non_uang/000000178329.jpg,False
nm_000000178333,nonuang,ds11,raw_dataset/non_uang/000000178333.jpg,True
nm_000000178372,nonuang,ds11,raw_dataset/non_uang/000000178372.jpg,False
nm_000000178432,nonuang,ds11,raw_dataset/non_uang/000000178432.jpg,True
nm_000000178456,nonuang,ds11,raw_dataset/non_uang/000000178456.jpg,True
nm_000000178461,nonuang,ds11,raw_dataset/non_uang/000000178461.jpg,False
nm_000000178497,nonuang,ds11,raw_dataset/non_uang/000000178497.jpg,False
nm_000000178655,nonuang,ds11,raw_dataset/non_uang/000000178655.jpg,True
nm_000000178700,nonuang,ds11,raw_dataset/non_uang/000000178700.jpg,True
nm_000000178762,nonuang,ds11,raw_dataset/non_uang/000000178762.jpg,True
nm_000000178816,nonuang,ds11,raw_dataset/non_uang/000000178816.jpg,False
nm_000000178981,nonuang,ds11,raw_dataset/non_uang/000000178981.jpg,True
nm_000000179066,nonuang,ds11,raw_dataset/non_uang/000000179066.jpg,True
nm_000000179081,nonuang,ds11,raw_dataset/non_uang/000000179081.jpg,True
nm_000000179130,nonuang,ds11,raw_dataset/non_uang/000000179130.jpg,True
nm_000000179184,nonuang,ds11,raw_dataset/non_uang/000000179184.jpg,True
nm_000000179708,nonuang,ds11,raw_dataset/non_uang/000000179708.jpg,True
nm_000000179756,nonuang,ds11,raw_dataset/non_uang/000000179756.jpg,True
nm_000000179877,nonuang,ds11,raw_dataset/non_uang/000000179877.jpg,False
nm_000000179972,nonuang,ds11,raw_dataset/non_uang/000000179972.jpg,True
nm_000000180044,nonuang,ds11,raw_dataset/non_uang/000000180044.jpg,True
nm_000000180211,nonuang,ds11,raw_dataset/non_uang/000000180211.jpg,True
nm_000000180231,nonuang,ds11,raw_dataset/non_uang/000000180231.jpg,False
nm_000000180247,nonuang,ds11,raw_dataset/non_uang/000000180247.jpg,True
nm_000000180256,nonuang,ds11,raw_dataset/non_uang/000000180256.jpg,True
nm_000000180353,nonuang,ds11,raw_dataset/non_uang/000000180353.jpg,False
nm_000000180420,nonuang,ds11,raw_dataset/non_uang/000000180420.jpg,False
nm_000000180440,nonuang,ds11,raw_dataset/non_uang/000000180440.jpg,True
nm_000000180441,nonuang,ds11,raw_dataset/non_uang/000000180441.jpg,True
nm_000000180500,nonuang,ds11,raw_dataset/non_uang/000000180500.jpg,True
nm_000000180594,nonuang,ds11,raw_dataset/non_uang/000000180594.jpg,True
nm_000000180707,nonuang,ds11,raw_dataset/non_uang/000000180707.jpg,True
nm_000000180766,nonuang,ds11,raw_dataset/non_uang/000000180766.jpg,True
nm_000000180861,nonuang,ds11,raw_dataset/non_uang/000000180861.jpg,True
nm_000000180886,nonuang,ds11,raw_dataset/non_uang/000000180886.jpg,True
nm_000000181190,nonuang,ds11,raw_dataset/non_uang/000000181190.jpg,True
nm_000000181202,nonuang,ds11,raw_dataset/non_uang/000000181202.jpg,True
nm_000000181205,nonuang,ds11,raw_dataset/non_uang/000000181205.jpg,False
nm_000000181225,nonuang,ds11,raw_dataset/non_uang/000000181225.jpg,False
nm_000000181325,nonuang,ds11,raw_dataset/non_uang/000000181325.jpg,True
nm_000000181487,nonuang,ds11,raw_dataset/non_uang/000000181487.jpg,True
nm_000000181494,nonuang,ds11,raw_dataset/non_uang/000000181494.jpg,True
nm_000000181508,nonuang,ds11,raw_dataset/non_uang/000000181508.jpg,True
nm_000000181580,nonuang,ds11,raw_dataset/non_uang/000000181580.jpg,False
nm_000000181608,nonuang,ds11,raw_dataset/non_uang/000000181608.jpg,True
nm_000000181634,nonuang,ds11,raw_dataset/non_uang/000000181634.jpg,False
nm_000000181674,nonuang,ds11,raw_dataset/non_uang/000000181674.jpg,True
nm_000000181695,nonuang,ds11,raw_dataset/non_uang/000000181695.jpg,True
nm_000000181790,nonuang,ds11,raw_dataset/non_uang/000000181790.jpg,True
nm_000000181834,nonuang,ds11,raw_dataset/non_uang/000000181834.jpg,True
nm_000000181911,nonuang,ds11,raw_dataset/non_uang/000000181911.jpg,False
nm_000000182053,nonuang,ds11,raw_dataset/non_uang/000000182053.jpg,True
nm_000000182058,nonuang,ds11,raw_dataset/non_uang/000000182058.jpg,False
nm_000000182222,nonuang,ds11,raw_dataset/non_uang/000000182222.jpg,True
nm_000000182268,nonuang,ds11,raw_dataset/non_uang/000000182268.jpg,True
nm_000000182303,nonuang,ds11,raw_dataset/non_uang/000000182303.jpg,True
nm_000000182351,nonuang,ds11,raw_dataset/non_uang/000000182351.jpg,False
nm_000000182357,nonuang,ds11,raw_dataset/non_uang/000000182357.jpg,False
nm_000000182562,nonuang,ds11,raw_dataset/non_uang/000000182562.jpg,True
nm_000000182667,nonuang,ds11,raw_dataset/non_uang/000000182667.jpg,True
nm_000000182674,nonuang,ds11,raw_dataset/non_uang/000000182674.jpg,True
nm_000000182684,nonuang,ds11,raw_dataset/non_uang/000000182684.jpg,True
nm_000000182791,nonuang,ds11,raw_dataset/non_uang/000000182791.jpg,False
nm_000000182794,nonuang,ds11,raw_dataset/non_uang/000000182794.jpg,True
nm_000000182810,nonuang,ds11,raw_dataset/non_uang/000000182810.jpg,True
nm_000000182831,nonuang,ds11,raw_dataset/non_uang/000000182831.jpg,False
nm_000000182919,nonuang,ds11,raw_dataset/non_uang/000000182919.jpg,True
nm_000000183182,nonuang,ds11,raw_dataset/non_uang/000000183182.jpg,True
nm_000000183185,nonuang,ds11,raw_dataset/non_uang/000000183185.jpg,False
nm_000000183203,nonuang,ds11,raw_dataset/non_uang/000000183203.jpg,True
nm_000000183281,nonuang,ds11,raw_dataset/non_uang/000000183281.jpg,True
nm_000000183322,nonuang,ds11,raw_dataset/non_uang/000000183322.jpg,True
nm_000000183326,nonuang,ds11,raw_dataset/non_uang/000000183326.jpg,True
nm_000000183345,nonuang,ds11,raw_dataset/non_uang/000000183345.jpg,True
nm_000000183361,nonuang,ds11,raw_dataset/non_uang/000000183361.jpg,True
nm_000000183371,nonuang,ds11,raw_dataset/non_uang/000000183371.jpg,True
nm_000000183384,nonuang,ds11,raw_dataset/non_uang/000000183384.jpg,True
nm_000000183397,nonuang,ds11,raw_dataset/non_uang/000000183397.jpg,False
nm_000000183471,nonuang,ds11,raw_dataset/non_uang/000000183471.jpg,True
nm_000000183551,nonuang,ds11,raw_dataset/non_uang/000000183551.jpg,True
nm_000000183592,nonuang,ds11,raw_dataset/non_uang/000000183592.jpg,False
nm_000000183612,nonuang,ds11,raw_dataset/non_uang/000000183612.jpg,False
nm_000000183947,nonuang,ds11,raw_dataset/non_uang/000000183947.jpg,False
nm_000000183989,nonuang,ds11,raw_dataset/non_uang/000000183989.jpg,True
nm_000000183998,nonuang,ds11,raw_dataset/non_uang/000000183998.jpg,True
nm_000000184070,nonuang,ds11,raw_dataset/non_uang/000000184070.jpg,True
nm_000000184180,nonuang,ds11,raw_dataset/non_uang/000000184180.jpg,False
nm_000000184253,nonuang,ds11,raw_dataset/non_uang/000000184253.jpg,True
nm_000000184260,nonuang,ds11,raw_dataset/non_uang/000000184260.jpg,False
nm_000000184343,nonuang,ds11,raw_dataset/non_uang/000000184343.jpg,True
nm_000000184503,nonuang,ds11,raw_dataset/non_uang/000000184503.jpg,False
nm_000000184715,nonuang,ds11,raw_dataset/non_uang/000000184715.jpg,False
nm_000000184734,nonuang,ds11,raw_dataset/non_uang/000000184734.jpg,True
nm_000000184986,nonuang,ds11,raw_dataset/non_uang/000000184986.jpg,True
nm_000000185012,nonuang,ds11,raw_dataset/non_uang/000000185012.jpg,True
nm_000000185022,nonuang,ds11,raw_dataset/non_uang/000000185022.jpg,False
nm_000000185128,nonuang,ds11,raw_dataset/non_uang/000000185128.jpg,True
nm_000000185172,nonuang,ds11,raw_dataset/non_uang/000000185172.jpg,True
nm_000000185192,nonuang,ds11,raw_dataset/non_uang/000000185192.jpg,True
nm_000000185205,nonuang,ds11,raw_dataset/non_uang/000000185205.jpg,True
nm_000000185224,nonuang,ds11,raw_dataset/non_uang/000000185224.jpg,True
nm_000000185274,nonuang,ds11,raw_dataset/non_uang/000000185274.jpg,True
nm_000000185285,nonuang,ds11,raw_dataset/non_uang/000000185285.jpg,True
nm_000000185342,nonuang,ds11,raw_dataset/non_uang/000000185342.jpg,False
nm_000000185343,nonuang,ds11,raw_dataset/non_uang/000000185343.jpg,False
nm_000000185429,nonuang,ds11,raw_dataset/non_uang/000000185429.jpg,True
nm_000000185517,nonuang,ds11,raw_dataset/non_uang/000000185517.jpg,True
nm_000000185765,nonuang,ds11,raw_dataset/non_uang/000000185765.jpg,False
nm_000000185990,nonuang,ds11,raw_dataset/non_uang/000000185990.jpg,True
nm_000000186104,nonuang,ds11,raw_dataset/non_uang/000000186104.jpg,True
nm_000000186110,nonuang,ds11,raw_dataset/non_uang/000000186110.jpg,True
nm_000000186206,nonuang,ds11,raw_dataset/non_uang/000000186206.jpg,False
nm_000000186221,nonuang,ds11,raw_dataset/non_uang/000000186221.jpg,True
nm_000000186274,nonuang,ds11,raw_dataset/non_uang/000000186274.jpg,True
nm_000000186307,nonuang,ds11,raw_dataset/non_uang/000000186307.jpg,False
nm_000000186341,nonuang,ds11,raw_dataset/non_uang/000000186341.jpg,True
nm_000000186411,nonuang,ds11,raw_dataset/non_uang/000000186411.jpg,True
nm_000000186416,nonuang,ds11,raw_dataset/non_uang/000000186416.jpg,True
nm_000000186468,nonuang,ds11,raw_dataset/non_uang/000000186468.jpg,True
nm_000000186479,nonuang,ds11,raw_dataset/non_uang/000000186479.jpg,False
nm_000000186656,nonuang,ds11,raw_dataset/non_uang/000000186656.jpg,False
nm_000000186680,nonuang,ds11,raw_dataset/non_uang/000000186680.jpg,True
nm_000000186806,nonuang,ds11,raw_dataset/non_uang/000000186806.jpg,True
nm_000000186882,nonuang,ds11,raw_dataset/non_uang/000000186882.jpg,False
nm_000000186886,nonuang,ds11,raw_dataset/non_uang/000000186886.jpg,False
nm_000000186896,nonuang,ds11,raw_dataset/non_uang/000000186896.jpg,False
nm_000000186924,nonuang,ds11,raw_dataset/non_uang/000000186924.jpg,True
nm_000000186958,nonuang,ds11,raw_dataset/non_uang/000000186958.jpg,True
nm_000000187044,nonuang,ds11,raw_dataset/non_uang/000000187044.jpg,True
nm_000000187085,nonuang,ds11,raw_dataset/non_uang/000000187085.jpg,True
nm_000000187115,nonuang,ds11,raw_dataset/non_uang/000000187115.jpg,True
nm_000000187284,nonuang,ds11,raw_dataset/non_uang/000000187284.jpg,False
nm_000000187332,nonuang,ds11,raw_dataset/non_uang/000000187332.jpg,False
nm_000000187438,nonuang,ds11,raw_dataset/non_uang/000000187438.jpg,False
nm_000000187478,nonuang,ds11,raw_dataset/non_uang/000000187478.jpg,True
nm_000000187719,nonuang,ds11,raw_dataset/non_uang/000000187719.jpg,True
nm_000000187766,nonuang,ds11,raw_dataset/non_uang/000000187766.jpg,True
nm_000000187794,nonuang,ds11,raw_dataset/non_uang/000000187794.jpg,False
nm_000000187817,nonuang,ds11,raw_dataset/non_uang/000000187817.jpg,False
nm_000000187870,nonuang,ds11,raw_dataset/non_uang/000000187870.jpg,True
nm_000000187904,nonuang,ds11,raw_dataset/non_uang/000000187904.jpg,True
nm_000000187984,nonuang,ds11,raw_dataset/non_uang/000000187984.jpg,True
nm_000000188036,nonuang,ds11,raw_dataset/non_uang/000000188036.jpg,True
nm_000000188155,nonuang,ds11,raw_dataset/non_uang/000000188155.jpg,True
nm_000000188235,nonuang,ds11,raw_dataset/non_uang/000000188235.jpg,False
nm_000000188337,nonuang,ds11,raw_dataset/non_uang/000000188337.jpg,True
nm_000000188363,nonuang,ds11,raw_dataset/non_uang/000000188363.jpg,True
nm_000000188410,nonuang,ds11,raw_dataset/non_uang/000000188410.jpg,True
nm_000000188480,nonuang,ds11,raw_dataset/non_uang/000000188480.jpg,False
nm_000000188493,nonuang,ds11,raw_dataset/non_uang/000000188493.jpg,True
nm_000000188776,nonuang,ds11,raw_dataset/non_uang/000000188776.jpg,False
nm_000000188781,nonuang,ds11,raw_dataset/non_uang/000000188781.jpg,False
nm_000000188783,nonuang,ds11,raw_dataset/non_uang/000000188783.jpg,True
nm_000000188890,nonuang,ds11,raw_dataset/non_uang/000000188890.jpg,True
nm_000000188984,nonuang,ds11,raw_dataset/non_uang/000000188984.jpg,True
nm_000000188997,nonuang,ds11,raw_dataset/non_uang/000000188997.jpg,True
nm_000000189031,nonuang,ds11,raw_dataset/non_uang/000000189031.jpg,True
nm_000000189039,nonuang,ds11,raw_dataset/non_uang/000000189039.jpg,False
nm_000000189093,nonuang,ds11,raw_dataset/non_uang/000000189093.jpg,True
nm_000000189270,nonuang,ds11,raw_dataset/non_uang/000000189270.jpg,True
nm_000000189276,nonuang,ds11,raw_dataset/non_uang/000000189276.jpg,False
nm_000000189457,nonuang,ds11,raw_dataset/non_uang/000000189457.jpg,True
nm_000000189570,nonuang,ds11,raw_dataset/non_uang/000000189570.jpg,False
nm_000000189618,nonuang,ds11,raw_dataset/non_uang/000000189618.jpg,True
nm_000000189659,nonuang,ds11,raw_dataset/non_uang/000000189659.jpg,True
nm_000000189673,nonuang,ds11,raw_dataset/non_uang/000000189673.jpg,True
nm_000000189878,nonuang,ds11,raw_dataset/non_uang/000000189878.jpg,False
nm_000000189947,nonuang,ds11,raw_dataset/non_uang/000000189947.jpg,True
nm_000000189967,nonuang,ds11,raw_dataset/non_uang/000000189967.jpg,False
nm_000000190070,nonuang,ds11,raw_dataset/non_uang/000000190070.jpg,True
nm_000000190088,nonuang,ds11,raw_dataset/non_uang/000000190088.jpg,False
nm_000000190155,nonuang,ds11,raw_dataset/non_uang/000000190155.jpg,False
nm_000000190171,nonuang,ds11,raw_dataset/non_uang/000000190171.jpg,True
nm_000000190209,nonuang,ds11,raw_dataset/non_uang/000000190209.jpg,True
nm_000000190425,nonuang,ds11,raw_dataset/non_uang/000000190425.jpg,True
nm_000000190431,nonuang,ds11,raw_dataset/non_uang/000000190431.jpg,True
nm_000000190529,nonuang,ds11,raw_dataset/non_uang/000000190529.jpg,True
nm_000000190533,nonuang,ds11,raw_dataset/non_uang/000000190533.jpg,True
nm_000000190647,nonuang,ds11,raw_dataset/non_uang/000000190647.jpg,False
nm_000000190692,nonuang,ds11,raw_dataset/non_uang/000000190692.jpg,False
nm_000000190704,nonuang,ds11,raw_dataset/non_uang/000000190704.jpg,True
nm_000000190725,nonuang,ds11,raw_dataset/non_uang/000000190725.jpg,False
nm_000000190784,nonuang,ds11,raw_dataset/non_uang/000000190784.jpg,True
nm_000000190908,nonuang,ds11,raw_dataset/non_uang/000000190908.jpg,True
nm_000000190982,nonuang,ds11,raw_dataset/non_uang/000000190982.jpg,False
nm_000000191049,nonuang,ds11,raw_dataset/non_uang/000000191049.jpg,False
nm_000000191108,nonuang,ds11,raw_dataset/non_uang/000000191108.jpg,True
nm_000000191162,nonuang,ds11,raw_dataset/non_uang/000000191162.jpg,False
nm_000000191448,nonuang,ds11,raw_dataset/non_uang/000000191448.jpg,True
nm_000000191537,nonuang,ds11,raw_dataset/non_uang/000000191537.jpg,False
nm_000000191655,nonuang,ds11,raw_dataset/non_uang/000000191655.jpg,True
nm_000000191728,nonuang,ds11,raw_dataset/non_uang/000000191728.jpg,True
nm_000000191766,nonuang,ds11,raw_dataset/non_uang/000000191766.jpg,False
nm_000000191926,nonuang,ds11,raw_dataset/non_uang/000000191926.jpg,True
nm_000000191932,nonuang,ds11,raw_dataset/non_uang/000000191932.jpg,True
nm_000000191959,nonuang,ds11,raw_dataset/non_uang/000000191959.jpg,False
nm_000000191998,nonuang,ds11,raw_dataset/non_uang/000000191998.jpg,True
nm_000000192021,nonuang,ds11,raw_dataset/non_uang/000000192021.jpg,True
nm_000000192032,nonuang,ds11,raw_dataset/non_uang/000000192032.jpg,True
nm_000000192036,nonuang,ds11,raw_dataset/non_uang/000000192036.jpg,False
nm_000000192044,nonuang,ds11,raw_dataset/non_uang/000000192044.jpg,False
nm_000000192060,nonuang,ds11,raw_dataset/non_uang/000000192060.jpg,True
nm_000000192086,nonuang,ds11,raw_dataset/non_uang/000000192086.jpg,False
nm_000000192087,nonuang,ds11,raw_dataset/non_uang/000000192087.jpg,True
nm_000000192094,nonuang,ds11,raw_dataset/non_uang/000000192094.jpg,True
nm_000000192252,nonuang,ds11,raw_dataset/non_uang/000000192252.jpg,True
nm_000000192377,nonuang,ds11,raw_dataset/non_uang/000000192377.jpg,True
nm_000000192398,nonuang,ds11,raw_dataset/non_uang/000000192398.jpg,True
nm_000000192404,nonuang,ds11,raw_dataset/non_uang/000000192404.jpg,False
nm_000000192409,nonuang,ds11,raw_dataset/non_uang/000000192409.jpg,False
nm_000000192446,nonuang,ds11,raw_dataset/non_uang/000000192446.jpg,True
nm_000000192545,nonuang,ds11,raw_dataset/non_uang/000000192545.jpg,False
nm_000000192598,nonuang,ds11,raw_dataset/non_uang/000000192598.jpg,False
nm_000000192601,nonuang,ds11,raw_dataset/non_uang/000000192601.jpg,True
nm_000000192604,nonuang,ds11,raw_dataset/non_uang/000000192604.jpg,False
nm_000000192645,nonuang,ds11,raw_dataset/non_uang/000000192645.jpg,True
nm_000000192832,nonuang,ds11,raw_dataset/non_uang/000000192832.jpg,True
nm_000000192882,nonuang,ds11,raw_dataset/non_uang/000000192882.jpg,True
nm_000000193346,nonuang,ds11,raw_dataset/non_uang/000000193346.jpg,True
nm_000000193419,nonuang,ds11,raw_dataset/non_uang/000000193419.jpg,True
nm_000000193463,nonuang,ds11,raw_dataset/non_uang/000000193463.jpg,True
nm_000000193551,nonuang,ds11,raw_dataset/non_uang/000000193551.jpg,True
nm_000000193774,nonuang,ds11,raw_dataset/non_uang/000000193774.jpg,False
nm_000000193797,nonuang,ds11,raw_dataset/non_uang/000000193797.jpg,True
nm_000000193973,nonuang,ds11,raw_dataset/non_uang/000000193973.jpg,False
nm_000000194066,nonuang,ds11,raw_dataset/non_uang/000000194066.jpg,True
nm_000000194079,nonuang,ds11,raw_dataset/non_uang/000000194079.jpg,True
nm_000000194086,nonuang,ds11,raw_dataset/non_uang/000000194086.jpg,False
nm_000000194240,nonuang,ds11,raw_dataset/non_uang/000000194240.jpg,True
nm_000000194410,nonuang,ds11,raw_dataset/non_uang/000000194410.jpg,True
nm_000000194609,nonuang,ds11,raw_dataset/non_uang/000000194609.jpg,False
nm_000000194629,nonuang,ds11,raw_dataset/non_uang/000000194629.jpg,False
nm_000000194697,nonuang,ds11,raw_dataset/non_uang/000000194697.jpg,False
nm_000000194825,nonuang,ds11,raw_dataset/non_uang/000000194825.jpg,True
nm_000000194854,nonuang,ds11,raw_dataset/non_uang/000000194854.jpg,False
nm_000000194887,nonuang,ds11,raw_dataset/non_uang/000000194887.jpg,True
nm_000000194898,nonuang,ds11,raw_dataset/non_uang/000000194898.jpg,True
nm_000000194942,nonuang,ds11,raw_dataset/non_uang/000000194942.jpg,True
nm_000000194952,nonuang,ds11,raw_dataset/non_uang/000000194952.jpg,True
nm_000000194991,nonuang,ds11,raw_dataset/non_uang/000000194991.jpg,False
nm_000000194995,nonuang,ds11,raw_dataset/non_uang/000000194995.jpg,False
nm_000000195013,nonuang,ds11,raw_dataset/non_uang/000000195013.jpg,True
nm_000000195030,nonuang,ds11,raw_dataset/non_uang/000000195030.jpg,True
nm_000000195236,nonuang,ds11,raw_dataset/non_uang/000000195236.jpg,False
nm_000000195276,nonuang,ds11,raw_dataset/non_uang/000000195276.jpg,False
nm_000000195417,nonuang,ds11,raw_dataset/non_uang/000000195417.jpg,True
nm_000000195552,nonuang,ds11,raw_dataset/non_uang/000000195552.jpg,False
nm_000000195582,nonuang,ds11,raw_dataset/non_uang/000000195582.jpg,True
nm_000000195655,nonuang,ds11,raw_dataset/non_uang/000000195655.jpg,True
nm_000000195659,nonuang,ds11,raw_dataset/non_uang/000000195659.jpg,False
nm_000000195676,nonuang,ds11,raw_dataset/non_uang/000000195676.jpg,False
nm_000000195827,nonuang,ds11,raw_dataset/non_uang/000000195827.jpg,True
nm_000000195854,nonuang,ds11,raw_dataset/non_uang/000000195854.jpg,False
nm_000000195925,nonuang,ds11,raw_dataset/non_uang/000000195925.jpg,True
nm_000000196166,nonuang,ds11,raw_dataset/non_uang/000000196166.jpg,True
nm_000000196174,nonuang,ds11,raw_dataset/non_uang/000000196174.jpg,True
nm_000000196303,nonuang,ds11,raw_dataset/non_uang/000000196303.jpg,True
nm_000000196386,nonuang,ds11,raw_dataset/non_uang/000000196386.jpg,False
nm_000000196412,nonuang,ds11,raw_dataset/non_uang/000000196412.jpg,False
nm_000000196420,nonuang,ds11,raw_dataset/non_uang/000000196420.jpg,True
nm_000000196479,nonuang,ds11,raw_dataset/non_uang/000000196479.jpg,False
nm_000000196816,nonuang,ds11,raw_dataset/non_uang/000000196816.jpg,False
nm_000000196824,nonuang,ds11,raw_dataset/non_uang/000000196824.jpg,True
nm_000000196829,nonuang,ds11,raw_dataset/non_uang/000000196829.jpg,False
nm_000000196950,nonuang,ds11,raw_dataset/non_uang/000000196950.jpg,True
nm_000000196992,nonuang,ds11,raw_dataset/non_uang/000000196992.jpg,True
nm_000000197083,nonuang,ds11,raw_dataset/non_uang/000000197083.jpg,True
nm_000000197142,nonuang,ds11,raw_dataset/non_uang/000000197142.jpg,True
nm_000000197189,nonuang,ds11,raw_dataset/non_uang/000000197189.jpg,True
nm_000000197234,nonuang,ds11,raw_dataset/non_uang/000000197234.jpg,False
nm_000000197276,nonuang,ds11,raw_dataset/non_uang/000000197276.jpg,True
nm_000000197303,nonuang,ds11,raw_dataset/non_uang/000000197303.jpg,True
nm_000000197425,nonuang,ds11,raw_dataset/non_uang/000000197425.jpg,True
nm_000000197512,nonuang,ds11,raw_dataset/non_uang/000000197512.jpg,True
nm_000000197532,nonuang,ds11,raw_dataset/non_uang/000000197532.jpg,True
nm_000000197631,nonuang,ds11,raw_dataset/non_uang/000000197631.jpg,True
nm_000000197706,nonuang,ds11,raw_dataset/non_uang/000000197706.jpg,False
nm_000000197730,nonuang,ds11,raw_dataset/non_uang/000000197730.jpg,False
nm_000000197943,nonuang,ds11,raw_dataset/non_uang/000000197943.jpg,False
nm_000000198063,nonuang,ds11,raw_dataset/non_uang/000000198063.jpg,False
nm_000000198067,nonuang,ds11,raw_dataset/non_uang/000000198067.jpg,True
nm_000000198193,nonuang,ds11,raw_dataset/non_uang/000000198193.jpg,False
nm_000000198351,nonuang,ds11,raw_dataset/non_uang/000000198351.jpg,False
nm_000000198381,nonuang,ds11,raw_dataset/non_uang/000000198381.jpg,False
nm_000000198664,nonuang,ds11,raw_dataset/non_uang/000000198664.jpg,True
nm_000000198792,nonuang,ds11,raw_dataset/non_uang/000000198792.jpg,True
nm_000000198922,nonuang,ds11,raw_dataset/non_uang/000000198922.jpg,True
nm_000000198934,nonuang,ds11,raw_dataset/non_uang/000000198934.jpg,False
nm_000000199599,nonuang,ds11,raw_dataset/non_uang/000000199599.jpg,True
nm_000000199611,nonuang,ds11,raw_dataset/non_uang/000000199611.jpg,False
nm_000000199648,nonuang,ds11,raw_dataset/non_uang/000000199648.jpg,False
nm_000000200127,nonuang,ds11,raw_dataset/non_uang/000000200127.jpg,True
nm_000000200160,nonuang,ds11,raw_dataset/non_uang/000000200160.jpg,True
nm_000000200323,nonuang,ds11,raw_dataset/non_uang/000000200323.jpg,True
nm_000000200347,nonuang,ds11,raw_dataset/non_uang/000000200347.jpg,True
nm_000000200417,nonuang,ds11,raw_dataset/non_uang/000000200417.jpg,False
nm_000000200438,nonuang,ds11,raw_dataset/non_uang/000000200438.jpg,False
nm_000000200478,nonuang,ds11,raw_dataset/non_uang/000000200478.jpg,False
nm_000000200505,nonuang,ds11,raw_dataset/non_uang/000000200505.jpg,False
nm_000000200644,nonuang,ds11,raw_dataset/non_uang/000000200644.jpg,False
nm_000000200662,nonuang,ds11,raw_dataset/non_uang/000000200662.jpg,True
nm_000000200679,nonuang,ds11,raw_dataset/non_uang/000000200679.jpg,True
nm_000000200816,nonuang,ds11,raw_dataset/non_uang/000000200816.jpg,False
nm_000000200853,nonuang,ds11,raw_dataset/non_uang/000000200853.jpg,False
nm_000000200865,nonuang,ds11,raw_dataset/non_uang/000000200865.jpg,False
nm_000000200898,nonuang,ds11,raw_dataset/non_uang/000000200898.jpg,True
nm_000000200900,nonuang,ds11,raw_dataset/non_uang/000000200900.jpg,True
nm_000000201041,nonuang,ds11,raw_dataset/non_uang/000000201041.jpg,False
nm_000000201221,nonuang,ds11,raw_dataset/non_uang/000000201221.jpg,True
nm_000000201228,nonuang,ds11,raw_dataset/non_uang/000000201228.jpg,True
nm_000000201279,nonuang,ds11,raw_dataset/non_uang/000000201279.jpg,True
nm_000000201292,nonuang,ds11,raw_dataset/non_uang/000000201292.jpg,True
nm_000000201588,nonuang,ds11,raw_dataset/non_uang/000000201588.jpg,False
nm_000000201667,nonuang,ds11,raw_dataset/non_uang/000000201667.jpg,True
nm_000000201735,nonuang,ds11,raw_dataset/non_uang/000000201735.jpg,False
nm_000000201747,nonuang,ds11,raw_dataset/non_uang/000000201747.jpg,True
nm_000000201948,nonuang,ds11,raw_dataset/non_uang/000000201948.jpg,True
nm_000000202145,nonuang,ds11,raw_dataset/non_uang/000000202145.jpg,True
nm_000000202160,nonuang,ds11,raw_dataset/non_uang/000000202160.jpg,True
nm_000000202170,nonuang,ds11,raw_dataset/non_uang/000000202170.jpg,False
nm_000000202208,nonuang,ds11,raw_dataset/non_uang/000000202208.jpg,False
nm_000000202237,nonuang,ds11,raw_dataset/non_uang/000000202237.jpg,True
nm_000000202379,nonuang,ds11,raw_dataset/non_uang/000000202379.jpg,True
nm_000000202514,nonuang,ds11,raw_dataset/non_uang/000000202514.jpg,True
nm_000000202675,nonuang,ds11,raw_dataset/non_uang/000000202675.jpg,True
nm_000000202785,nonuang,ds11,raw_dataset/non_uang/000000202785.jpg,True
nm_000000202826,nonuang,ds11,raw_dataset/non_uang/000000202826.jpg,False
nm_000000202844,nonuang,ds11,raw_dataset/non_uang/000000202844.jpg,True
nm_000000202945,nonuang,ds11,raw_dataset/non_uang/000000202945.jpg,True
nm_000000203114,nonuang,ds11,raw_dataset/non_uang/000000203114.jpg,True
nm_000000203158,nonuang,ds11,raw_dataset/non_uang/000000203158.jpg,True
nm_000000203198,nonuang,ds11,raw_dataset/non_uang/000000203198.jpg,True
nm_000000203263,nonuang,ds11,raw_dataset/non_uang/000000203263.jpg,True
nm_000000203329,nonuang,ds11,raw_dataset/non_uang/000000203329.jpg,True
nm_000000203385,nonuang,ds11,raw_dataset/non_uang/000000203385.jpg,True
nm_000000203408,nonuang,ds11,raw_dataset/non_uang/000000203408.jpg,False
nm_000000203480,nonuang,ds11,raw_dataset/non_uang/000000203480.jpg,True
nm_000000203498,nonuang,ds11,raw_dataset/non_uang/000000203498.jpg,True
nm_000000203656,nonuang,ds11,raw_dataset/non_uang/000000203656.jpg,True
nm_000000203826,nonuang,ds11,raw_dataset/non_uang/000000203826.jpg,True
nm_000000203966,nonuang,ds11,raw_dataset/non_uang/000000203966.jpg,False
nm_000000204050,nonuang,ds11,raw_dataset/non_uang/000000204050.jpg,True
nm_000000204063,nonuang,ds11,raw_dataset/non_uang/000000204063.jpg,False
nm_000000204065,nonuang,ds11,raw_dataset/non_uang/000000204065.jpg,True
nm_000000204128,nonuang,ds11,raw_dataset/non_uang/000000204128.jpg,True
nm_000000204148,nonuang,ds11,raw_dataset/non_uang/000000204148.jpg,True
nm_000000204204,nonuang,ds11,raw_dataset/non_uang/000000204204.jpg,True
nm_000000204544,nonuang,ds11,raw_dataset/non_uang/000000204544.jpg,False
nm_000000204565,nonuang,ds11,raw_dataset/non_uang/000000204565.jpg,True
nm_000000204615,nonuang,ds11,raw_dataset/non_uang/000000204615.jpg,True
nm_000000204781,nonuang,ds11,raw_dataset/non_uang/000000204781.jpg,False
nm_000000205001,nonuang,ds11,raw_dataset/non_uang/000000205001.jpg,True
nm_000000205051,nonuang,ds11,raw_dataset/non_uang/000000205051.jpg,False
nm_000000205127,nonuang,ds11,raw_dataset/non_uang/000000205127.jpg,False
nm_000000205130,nonuang,ds11,raw_dataset/non_uang/000000205130.jpg,True
nm_000000205136,nonuang,ds11,raw_dataset/non_uang/000000205136.jpg,False
nm_000000205179,nonuang,ds11,raw_dataset/non_uang/000000205179.jpg,True
nm_000000205224,nonuang,ds11,raw_dataset/non_uang/000000205224.jpg,True
nm_000000205271,nonuang,ds11,raw_dataset/non_uang/000000205271.jpg,False
nm_000000205277,nonuang,ds11,raw_dataset/non_uang/000000205277.jpg,True
nm_000000205292,nonuang,ds11,raw_dataset/non_uang/000000205292.jpg,True
nm_000000205404,nonuang,ds11,raw_dataset/non_uang/000000205404.jpg,True
nm_000000205427,nonuang,ds11,raw_dataset/non_uang/000000205427.jpg,True
nm_000000205490,nonuang,ds11,raw_dataset/non_uang/000000205490.jpg,True
nm_000000205552,nonuang,ds11,raw_dataset/non_uang/000000205552.jpg,True
nm_000000205569,nonuang,ds11,raw_dataset/non_uang/000000205569.jpg,True
nm_000000205755,nonuang,ds11,raw_dataset/non_uang/000000205755.jpg,True
nm_000000205764,nonuang,ds11,raw_dataset/non_uang/000000205764.jpg,True
nm_000000206037,nonuang,ds11,raw_dataset/non_uang/000000206037.jpg,True
nm_000000206040,nonuang,ds11,raw_dataset/non_uang/000000206040.jpg,False
nm_000000206110,nonuang,ds11,raw_dataset/non_uang/000000206110.jpg,True
nm_000000206180,nonuang,ds11,raw_dataset/non_uang/000000206180.jpg,True
nm_000000206287,nonuang,ds11,raw_dataset/non_uang/000000206287.jpg,False
nm_000000206342,nonuang,ds11,raw_dataset/non_uang/000000206342.jpg,True
nm_000000206399,nonuang,ds11,raw_dataset/non_uang/000000206399.jpg,True
nm_000000206736,nonuang,ds11,raw_dataset/non_uang/000000206736.jpg,False
nm_000000206739,nonuang,ds11,raw_dataset/non_uang/000000206739.jpg,False
nm_000000207063,nonuang,ds11,raw_dataset/non_uang/000000207063.jpg,True
nm_000000207116,nonuang,ds11,raw_dataset/non_uang/000000207116.jpg,True
nm_000000207119,nonuang,ds11,raw_dataset/non_uang/000000207119.jpg,False
nm_000000207193,nonuang,ds11,raw_dataset/non_uang/000000207193.jpg,False
nm_000000207267,nonuang,ds11,raw_dataset/non_uang/000000207267.jpg,True
nm_000000207435,nonuang,ds11,raw_dataset/non_uang/000000207435.jpg,True
nm_000000207579,nonuang,ds11,raw_dataset/non_uang/000000207579.jpg,True
nm_000000207658,nonuang,ds11,raw_dataset/non_uang/000000207658.jpg,False
nm_000000207849,nonuang,ds11,raw_dataset/non_uang/000000207849.jpg,False
nm_000000207872,nonuang,ds11,raw_dataset/non_uang/000000207872.jpg,True
nm_000000207877,nonuang,ds11,raw_dataset/non_uang/000000207877.jpg,False
nm_000000207921,nonuang,ds11,raw_dataset/non_uang/000000207921.jpg,True
nm_000000207930,nonuang,ds11,raw_dataset/non_uang/000000207930.jpg,True
nm_000000207934,nonuang,ds11,raw_dataset/non_uang/000000207934.jpg,True
nm_000000207944,nonuang,ds11,raw_dataset/non_uang/000000207944.jpg,True
nm_000000207984,nonuang,ds11,raw_dataset/non_uang/000000207984.jpg,True
nm_000000208111,nonuang,ds11,raw_dataset/non_uang/000000208111.jpg,False
nm_000000208209,nonuang,ds11,raw_dataset/non_uang/000000208209.jpg,True
nm_000000208238,nonuang,ds11,raw_dataset/non_uang/000000208238.jpg,True
nm_000000208489,nonuang,ds11,raw_dataset/non_uang/000000208489.jpg,True
nm_000000208666,nonuang,ds11,raw_dataset/non_uang/000000208666.jpg,True
nm_000000208681,nonuang,ds11,raw_dataset/non_uang/000000208681.jpg,False
nm_000000208703,nonuang,ds11,raw_dataset/non_uang/000000208703.jpg,False
nm_000000208722,nonuang,ds11,raw_dataset/non_uang/000000208722.jpg,True
nm_000000208769,nonuang,ds11,raw_dataset/non_uang/000000208769.jpg,False
nm_000000208950,nonuang,ds11,raw_dataset/non_uang/000000208950.jpg,True
nm_000000209120,nonuang,ds11,raw_dataset/non_uang/000000209120.jpg,True
nm_000000209164,nonuang,ds11,raw_dataset/non_uang/000000209164.jpg,True
nm_000000209336,nonuang,ds11,raw_dataset/non_uang/000000209336.jpg,True
nm_000000209340,nonuang,ds11,raw_dataset/non_uang/000000209340.jpg,True
nm_000000209434,nonuang,ds11,raw_dataset/non_uang/000000209434.jpg,True
nm_000000209464,nonuang,ds11,raw_dataset/non_uang/000000209464.jpg,True
nm_000000209547,nonuang,ds11,raw_dataset/non_uang/000000209547.jpg,True
nm_000000209593,nonuang,ds11,raw_dataset/non_uang/000000209593.jpg,True
nm_000000209696,nonuang,ds11,raw_dataset/non_uang/000000209696.jpg,True
nm_000000209714,nonuang,ds11,raw_dataset/non_uang/000000209714.jpg,True
nm_000000209715,nonuang,ds11,raw_dataset/non_uang/000000209715.jpg,False
nm_000000209743,nonuang,ds11,raw_dataset/non_uang/000000209743.jpg,True
nm_000000209781,nonuang,ds11,raw_dataset/non_uang/000000209781.jpg,False
nm_000000209790,nonuang,ds11,raw_dataset/non_uang/000000209790.jpg,False
nm_000000209880,nonuang,ds11,raw_dataset/non_uang/000000209880.jpg,True
nm_000000210017,nonuang,ds11,raw_dataset/non_uang/000000210017.jpg,True
nm_000000210318,nonuang,ds11,raw_dataset/non_uang/000000210318.jpg,True
nm_000000210387,nonuang,ds11,raw_dataset/non_uang/000000210387.jpg,False
nm_000000210536,nonuang,ds11,raw_dataset/non_uang/000000210536.jpg,True
nm_000000210673,nonuang,ds11,raw_dataset/non_uang/000000210673.jpg,False
nm_000000210677,nonuang,ds11,raw_dataset/non_uang/000000210677.jpg,False
nm_000000210687,nonuang,ds11,raw_dataset/non_uang/000000210687.jpg,False
nm_000000210824,nonuang,ds11,raw_dataset/non_uang/000000210824.jpg,True
nm_000000210829,nonuang,ds11,raw_dataset/non_uang/000000210829.jpg,False
nm_000000210875,nonuang,ds11,raw_dataset/non_uang/000000210875.jpg,False
nm_000000210977,nonuang,ds11,raw_dataset/non_uang/000000210977.jpg,True
nm_000000210994,nonuang,ds11,raw_dataset/non_uang/000000210994.jpg,True
nm_000000211003,nonuang,ds11,raw_dataset/non_uang/000000211003.jpg,False
nm_000000211044,nonuang,ds11,raw_dataset/non_uang/000000211044.jpg,True
nm_000000211058,nonuang,ds11,raw_dataset/non_uang/000000211058.jpg,True
nm_000000211269,nonuang,ds11,raw_dataset/non_uang/000000211269.jpg,True
nm_000000211454,nonuang,ds11,raw_dataset/non_uang/000000211454.jpg,True
nm_000000211459,nonuang,ds11,raw_dataset/non_uang/000000211459.jpg,True
nm_000000211503,nonuang,ds11,raw_dataset/non_uang/000000211503.jpg,True
nm_000000211596,nonuang,ds11,raw_dataset/non_uang/000000211596.jpg,True
nm_000000211768,nonuang,ds11,raw_dataset/non_uang/000000211768.jpg,True
nm_000000211832,nonuang,ds11,raw_dataset/non_uang/000000211832.jpg,False
nm_000000211933,nonuang,ds11,raw_dataset/non_uang/000000211933.jpg,True
nm_000000211934,nonuang,ds11,raw_dataset/non_uang/000000211934.jpg,True
nm_000000211936,nonuang,ds11,raw_dataset/non_uang/000000211936.jpg,False
nm_000000212012,nonuang,ds11,raw_dataset/non_uang/000000212012.jpg,False
nm_000000212413,nonuang,ds11,raw_dataset/non_uang/000000212413.jpg,False
nm_000000212515,nonuang,ds11,raw_dataset/non_uang/000000212515.jpg,True
nm_000000212538,nonuang,ds11,raw_dataset/non_uang/000000212538.jpg,True
nm_000000212556,nonuang,ds11,raw_dataset/non_uang/000000212556.jpg,False
nm_000000212620,nonuang,ds11,raw_dataset/non_uang/000000212620.jpg,True
nm_000000212724,nonuang,ds11,raw_dataset/non_uang/000000212724.jpg,True
nm_000000212799,nonuang,ds11,raw_dataset/non_uang/000000212799.jpg,True
nm_000000212821,nonuang,ds11,raw_dataset/non_uang/000000212821.jpg,True
nm_000000212828,nonuang,ds11,raw_dataset/non_uang/000000212828.jpg,True
nm_000000212872,nonuang,ds11,raw_dataset/non_uang/000000212872.jpg,False
nm_000000212883,nonuang,ds11,raw_dataset/non_uang/000000212883.jpg,True
nm_000000212943,nonuang,ds11,raw_dataset/non_uang/000000212943.jpg,True
nm_000000213027,nonuang,ds11,raw_dataset/non_uang/000000213027.jpg,False
nm_000000213056,nonuang,ds11,raw_dataset/non_uang/000000213056.jpg,True
nm_000000213087,nonuang,ds11,raw_dataset/non_uang/000000213087.jpg,False
nm_000000213106,nonuang,ds11,raw_dataset/non_uang/000000213106.jpg,True
nm_000000213263,nonuang,ds11,raw_dataset/non_uang/000000213263.jpg,False
nm_000000213335,nonuang,ds11,raw_dataset/non_uang/000000213335.jpg,False
nm_000000213345,nonuang,ds11,raw_dataset/non_uang/000000213345.jpg,True
nm_000000213467,nonuang,ds11,raw_dataset/non_uang/000000213467.jpg,True
nm_000000213562,nonuang,ds11,raw_dataset/non_uang/000000213562.jpg,True
nm_000000213625,nonuang,ds11,raw_dataset/non_uang/000000213625.jpg,True
nm_000000213845,nonuang,ds11,raw_dataset/non_uang/000000213845.jpg,False
nm_000000214019,nonuang,ds11,raw_dataset/non_uang/000000214019.jpg,True
nm_000000214052,nonuang,ds11,raw_dataset/non_uang/000000214052.jpg,True
nm_000000214065,nonuang,ds11,raw_dataset/non_uang/000000214065.jpg,False
nm_000000214242,nonuang,ds11,raw_dataset/non_uang/000000214242.jpg,True
nm_000000214281,nonuang,ds11,raw_dataset/non_uang/000000214281.jpg,True
nm_000000214422,nonuang,ds11,raw_dataset/non_uang/000000214422.jpg,False
nm_000000214497,nonuang,ds11,raw_dataset/non_uang/000000214497.jpg,True
nm_000000214572,nonuang,ds11,raw_dataset/non_uang/000000214572.jpg,True
nm_000000214715,nonuang,ds11,raw_dataset/non_uang/000000214715.jpg,True
nm_000000214864,nonuang,ds11,raw_dataset/non_uang/000000214864.jpg,True
nm_000000214895,nonuang,ds11,raw_dataset/non_uang/000000214895.jpg,True
nm_000000214994,nonuang,ds11,raw_dataset/non_uang/000000214994.jpg,True
nm_000000215054,nonuang,ds11,raw_dataset/non_uang/000000215054.jpg,True
nm_000000215059,nonuang,ds11,raw_dataset/non_uang/000000215059.jpg,False
nm_000000215118,nonuang,ds11,raw_dataset/non_uang/000000215118.jpg,False
nm_000000215148,nonuang,ds11,raw_dataset/non_uang/000000215148.jpg,True
nm_000000215217,nonuang,ds11,raw_dataset/non_uang/000000215217.jpg,False
nm_000000215264,nonuang,ds11,raw_dataset/non_uang/000000215264.jpg,True
nm_000000215271,nonuang,ds11,raw_dataset/non_uang/000000215271.jpg,True
nm_000000215387,nonuang,ds11,raw_dataset/non_uang/000000215387.jpg,True
nm_000000215429,nonuang,ds11,raw_dataset/non_uang/000000215429.jpg,True
nm_000000215556,nonuang,ds11,raw_dataset/non_uang/000000215556.jpg,True
nm_000000215632,nonuang,ds11,raw_dataset/non_uang/000000215632.jpg,False
nm_000000215645,nonuang,ds11,raw_dataset/non_uang/000000215645.jpg,False
nm_000000215673,nonuang,ds11,raw_dataset/non_uang/000000215673.jpg,False
nm_000000215757,nonuang,ds11,raw_dataset/non_uang/000000215757.jpg,True
nm_000000215771,nonuang,ds11,raw_dataset/non_uang/000000215771.jpg,True
nm_000000215827,nonuang,ds11,raw_dataset/non_uang/000000215827.jpg,True
nm_000000215846,nonuang,ds11,raw_dataset/non_uang/000000215846.jpg,False
nm_000000215952,nonuang,ds11,raw_dataset/non_uang/000000215952.jpg,True
nm_000000215993,nonuang,ds11,raw_dataset/non_uang/000000215993.jpg,True
nm_000000216030,nonuang,ds11,raw_dataset/non_uang/000000216030.jpg,False
nm_000000216258,nonuang,ds11,raw_dataset/non_uang/000000216258.jpg,True
nm_000000216275,nonuang,ds11,raw_dataset/non_uang/000000216275.jpg,True
nm_000000216308,nonuang,ds11,raw_dataset/non_uang/000000216308.jpg,False
nm_000000216328,nonuang,ds11,raw_dataset/non_uang/000000216328.jpg,True
nm_000000216341,nonuang,ds11,raw_dataset/non_uang/000000216341.jpg,False
nm_000000216354,nonuang,ds11,raw_dataset/non_uang/000000216354.jpg,True
nm_000000216423,nonuang,ds11,raw_dataset/non_uang/000000216423.jpg,True
nm_000000216424,nonuang,ds11,raw_dataset/non_uang/000000216424.jpg,False
nm_000000216518,nonuang,ds11,raw_dataset/non_uang/000000216518.jpg,False
nm_000000216549,nonuang,ds11,raw_dataset/non_uang/000000216549.jpg,True
nm_000000216619,nonuang,ds11,raw_dataset/non_uang/000000216619.jpg,True
nm_000000216779,nonuang,ds11,raw_dataset/non_uang/000000216779.jpg,False
nm_000000216811,nonuang,ds11,raw_dataset/non_uang/000000216811.jpg,True
nm_000000216836,nonuang,ds11,raw_dataset/non_uang/000000216836.jpg,False
nm_000000217001,nonuang,ds11,raw_dataset/non_uang/000000217001.jpg,True
nm_000000217055,nonuang,ds11,raw_dataset/non_uang/000000217055.jpg,False
nm_000000217056,nonuang,ds11,raw_dataset/non_uang/000000217056.jpg,False
nm_000000217106,nonuang,ds11,raw_dataset/non_uang/000000217106.jpg,True
nm_000000217300,nonuang,ds11,raw_dataset/non_uang/000000217300.jpg,True
nm_000000217368,nonuang,ds11,raw_dataset/non_uang/000000217368.jpg,False
nm_000000217508,nonuang,ds11,raw_dataset/non_uang/000000217508.jpg,True
nm_000000217512,nonuang,ds11,raw_dataset/non_uang/000000217512.jpg,False
nm_000000217553,nonuang,ds11,raw_dataset/non_uang/000000217553.jpg,False
nm_000000217609,nonuang,ds11,raw_dataset/non_uang/000000217609.jpg,True
nm_000000217615,nonuang,ds11,raw_dataset/non_uang/000000217615.jpg,True
nm_000000218112,nonuang,ds11,raw_dataset/non_uang/000000218112.jpg,False
nm_000000218144,nonuang,ds11,raw_dataset/non_uang/000000218144.jpg,True
nm_000000218157,nonuang,ds11,raw_dataset/non_uang/000000218157.jpg,True
nm_000000218449,nonuang,ds11,raw_dataset/non_uang/000000218449.jpg,True
nm_000000218481,nonuang,ds11,raw_dataset/non_uang/000000218481.jpg,True
nm_000000218533,nonuang,ds11,raw_dataset/non_uang/000000218533.jpg,True
nm_000000218596,nonuang,ds11,raw_dataset/non_uang/000000218596.jpg,True
nm_000000218626,nonuang,ds11,raw_dataset/non_uang/000000218626.jpg,True
nm_000000218659,nonuang,ds11,raw_dataset/non_uang/000000218659.jpg,True
nm_000000218702,nonuang,ds11,raw_dataset/non_uang/000000218702.jpg,True
nm_000000218887,nonuang,ds11,raw_dataset/non_uang/000000218887.jpg,True
nm_000000218913,nonuang,ds11,raw_dataset/non_uang/000000218913.jpg,True
nm_000000219090,nonuang,ds11,raw_dataset/non_uang/000000219090.jpg,False
nm_000000219165,nonuang,ds11,raw_dataset/non_uang/000000219165.jpg,True
nm_000000219432,nonuang,ds11,raw_dataset/non_uang/000000219432.jpg,True
nm_000000219659,nonuang,ds11,raw_dataset/non_uang/000000219659.jpg,True
nm_000000219660,nonuang,ds11,raw_dataset/non_uang/000000219660.jpg,False
nm_000000219718,nonuang,ds11,raw_dataset/non_uang/000000219718.jpg,True
nm_000000219773,nonuang,ds11,raw_dataset/non_uang/000000219773.jpg,True
nm_000000219875,nonuang,ds11,raw_dataset/non_uang/000000219875.jpg,False
nm_000000219977,nonuang,ds11,raw_dataset/non_uang/000000219977.jpg,False
nm_000000220003,nonuang,ds11,raw_dataset/non_uang/000000220003.jpg,True
nm_000000220090,nonuang,ds11,raw_dataset/non_uang/000000220090.jpg,False
nm_000000220217,nonuang,ds11,raw_dataset/non_uang/000000220217.jpg,False
nm_000000220233,nonuang,ds11,raw_dataset/non_uang/000000220233.jpg,True
nm_000000220401,nonuang,ds11,raw_dataset/non_uang/000000220401.jpg,False
nm_000000220461,nonuang,ds11,raw_dataset/non_uang/000000220461.jpg,True
nm_000000220500,nonuang,ds11,raw_dataset/non_uang/000000220500.jpg,True
nm_000000220517,nonuang,ds11,raw_dataset/non_uang/000000220517.jpg,True
nm_000000220559,nonuang,ds11,raw_dataset/non_uang/000000220559.jpg,True
nm_000000220565,nonuang,ds11,raw_dataset/non_uang/000000220565.jpg,True
nm_000000220633,nonuang,ds11,raw_dataset/non_uang/000000220633.jpg,False
nm_000000220700,nonuang,ds11,raw_dataset/non_uang/000000220700.jpg,False
nm_000000220729,nonuang,ds11,raw_dataset/non_uang/000000220729.jpg,False
nm_000000220762,nonuang,ds11,raw_dataset/non_uang/000000220762.jpg,True
nm_000000221043,nonuang,ds11,raw_dataset/non_uang/000000221043.jpg,False
nm_000000221046,nonuang,ds11,raw_dataset/non_uang/000000221046.jpg,False
nm_000000221101,nonuang,ds11,raw_dataset/non_uang/000000221101.jpg,False
nm_000000221240,nonuang,ds11,raw_dataset/non_uang/000000221240.jpg,True
nm_000000221254,nonuang,ds11,raw_dataset/non_uang/000000221254.jpg,True
nm_000000221261,nonuang,ds11,raw_dataset/non_uang/000000221261.jpg,True
nm_000000221302,nonuang,ds11,raw_dataset/non_uang/000000221302.jpg,True
nm_000000221348,nonuang,ds11,raw_dataset/non_uang/000000221348.jpg,False
nm_000000221375,nonuang,ds11,raw_dataset/non_uang/000000221375.jpg,False
nm_000000221412,nonuang,ds11,raw_dataset/non_uang/000000221412.jpg,True
nm_000000221439,nonuang,ds11,raw_dataset/non_uang/000000221439.jpg,True
nm_000000221447,nonuang,ds11,raw_dataset/non_uang/000000221447.jpg,True
nm_000000221591,nonuang,ds11,raw_dataset/non_uang/000000221591.jpg,True
nm_000000221749,nonuang,ds11,raw_dataset/non_uang/000000221749.jpg,False
nm_000000221783,nonuang,ds11,raw_dataset/non_uang/000000221783.jpg,False
nm_000000221857,nonuang,ds11,raw_dataset/non_uang/000000221857.jpg,True
nm_000000222202,nonuang,ds11,raw_dataset/non_uang/000000222202.jpg,False
nm_000000222254,nonuang,ds11,raw_dataset/non_uang/000000222254.jpg,True
nm_000000222265,nonuang,ds11,raw_dataset/non_uang/000000222265.jpg,False
nm_000000222392,nonuang,ds11,raw_dataset/non_uang/000000222392.jpg,True
nm_000000222514,nonuang,ds11,raw_dataset/non_uang/000000222514.jpg,True
nm_000000222544,nonuang,ds11,raw_dataset/non_uang/000000222544.jpg,True
nm_000000222657,nonuang,ds11,raw_dataset/non_uang/000000222657.jpg,True
nm_000000222759,nonuang,ds11,raw_dataset/non_uang/000000222759.jpg,False
nm_000000222937,nonuang,ds11,raw_dataset/non_uang/000000222937.jpg,True
nm_000000222993,nonuang,ds11,raw_dataset/non_uang/000000222993.jpg,False
nm_000000223099,nonuang,ds11,raw_dataset/non_uang/000000223099.jpg,False
nm_000000223169,nonuang,ds11,raw_dataset/non_uang/000000223169.jpg,False
nm_000000223185,nonuang,ds11,raw_dataset/non_uang/000000223185.jpg,False
nm_000000223250,nonuang,ds11,raw_dataset/non_uang/000000223250.jpg,False
nm_000000223267,nonuang,ds11,raw_dataset/non_uang/000000223267.jpg,False
nm_000000223297,nonuang,ds11,raw_dataset/non_uang/000000223297.jpg,True
nm_000000223329,nonuang,ds11,raw_dataset/non_uang/000000223329.jpg,True
nm_000000223346,nonuang,ds11,raw_dataset/non_uang/000000223346.jpg,True
nm_000000223372,nonuang,ds11,raw_dataset/non_uang/000000223372.jpg,True
nm_000000223387,nonuang,ds11,raw_dataset/non_uang/000000223387.jpg,True
nm_000000223443,nonuang,ds11,raw_dataset/non_uang/000000223443.jpg,False
nm_000000223615,nonuang,ds11,raw_dataset/non_uang/000000223615.jpg,True
nm_000000223750,nonuang,ds11,raw_dataset/non_uang/000000223750.jpg,True
nm_000000223862,nonuang,ds11,raw_dataset/non_uang/000000223862.jpg,True
nm_000000223937,nonuang,ds11,raw_dataset/non_uang/000000223937.jpg,False
nm_000000224048,nonuang,ds11,raw_dataset/non_uang/000000224048.jpg,True
nm_000000224143,nonuang,ds11,raw_dataset/non_uang/000000224143.jpg,False
nm_000000224151,nonuang,ds11,raw_dataset/non_uang/000000224151.jpg,True
nm_000000224188,nonuang,ds11,raw_dataset/non_uang/000000224188.jpg,True
nm_000000224207,nonuang,ds11,raw_dataset/non_uang/000000224207.jpg,False
nm_000000224288,nonuang,ds11,raw_dataset/non_uang/000000224288.jpg,True
nm_000000224415,nonuang,ds11,raw_dataset/non_uang/000000224415.jpg,True
nm_000000224484,nonuang,ds11,raw_dataset/non_uang/000000224484.jpg,True
nm_000000224498,nonuang,ds11,raw_dataset/non_uang/000000224498.jpg,True
nm_000000224520,nonuang,ds11,raw_dataset/non_uang/000000224520.jpg,False
nm_000000224538,nonuang,ds11,raw_dataset/non_uang/000000224538.jpg,False
nm_000000224574,nonuang,ds11,raw_dataset/non_uang/000000224574.jpg,True
nm_000000224716,nonuang,ds11,raw_dataset/non_uang/000000224716.jpg,False
nm_000000224745,nonuang,ds11,raw_dataset/non_uang/000000224745.jpg,True
nm_000000224840,nonuang,ds11,raw_dataset/non_uang/000000224840.jpg,False
nm_000000224860,nonuang,ds11,raw_dataset/non_uang/000000224860.jpg,True
nm_000000224939,nonuang,ds11,raw_dataset/non_uang/000000224939.jpg,False
nm_000000224964,nonuang,ds11,raw_dataset/non_uang/000000224964.jpg,True
nm_000000225007,nonuang,ds11,raw_dataset/non_uang/000000225007.jpg,True
nm_000000225051,nonuang,ds11,raw_dataset/non_uang/000000225051.jpg,True
nm_000000225062,nonuang,ds11,raw_dataset/non_uang/000000225062.jpg,False
nm_000000225077,nonuang,ds11,raw_dataset/non_uang/000000225077.jpg,False
nm_000000225110,nonuang,ds11,raw_dataset/non_uang/000000225110.jpg,False
nm_000000225181,nonuang,ds11,raw_dataset/non_uang/000000225181.jpg,True
nm_000000225353,nonuang,ds11,raw_dataset/non_uang/000000225353.jpg,True
nm_000000225384,nonuang,ds11,raw_dataset/non_uang/000000225384.jpg,False
nm_000000225426,nonuang,ds11,raw_dataset/non_uang/000000225426.jpg,False
nm_000000225429,nonuang,ds11,raw_dataset/non_uang/000000225429.jpg,False
nm_000000225601,nonuang,ds11,raw_dataset/non_uang/000000225601.jpg,True
nm_000000225694,nonuang,ds11,raw_dataset/non_uang/000000225694.jpg,False
nm_000000225816,nonuang,ds11,raw_dataset/non_uang/000000225816.jpg,False
nm_000000225821,nonuang,ds11,raw_dataset/non_uang/000000225821.jpg,False
nm_000000225934,nonuang,ds11,raw_dataset/non_uang/000000225934.jpg,True
nm_000000225972,nonuang,ds11,raw_dataset/non_uang/000000225972.jpg,True
nm_000000225998,nonuang,ds11,raw_dataset/non_uang/000000225998.jpg,True
nm_000000226092,nonuang,ds11,raw_dataset/non_uang/000000226092.jpg,True
nm_000000226129,nonuang,ds11,raw_dataset/non_uang/000000226129.jpg,True
nm_000000226142,nonuang,ds11,raw_dataset/non_uang/000000226142.jpg,True
nm_000000226186,nonuang,ds11,raw_dataset/non_uang/000000226186.jpg,True
nm_000000226210,nonuang,ds11,raw_dataset/non_uang/000000226210.jpg,False
nm_000000226212,nonuang,ds11,raw_dataset/non_uang/000000226212.jpg,True
nm_000000226290,nonuang,ds11,raw_dataset/non_uang/000000226290.jpg,False
nm_000000226475,nonuang,ds11,raw_dataset/non_uang/000000226475.jpg,True
nm_000000226540,nonuang,ds11,raw_dataset/non_uang/000000226540.jpg,False
nm_000000226566,nonuang,ds11,raw_dataset/non_uang/000000226566.jpg,True
nm_000000226569,nonuang,ds11,raw_dataset/non_uang/000000226569.jpg,False
nm_000000226584,nonuang,ds11,raw_dataset/non_uang/000000226584.jpg,True
nm_000000226678,nonuang,ds11,raw_dataset/non_uang/000000226678.jpg,True
nm_000000226740,nonuang,ds11,raw_dataset/non_uang/000000226740.jpg,True
nm_000000226941,nonuang,ds11,raw_dataset/non_uang/000000226941.jpg,True
nm_000000227022,nonuang,ds11,raw_dataset/non_uang/000000227022.jpg,False
nm_000000227026,nonuang,ds11,raw_dataset/non_uang/000000227026.jpg,True
nm_000000227211,nonuang,ds11,raw_dataset/non_uang/000000227211.jpg,True
nm_000000227314,nonuang,ds11,raw_dataset/non_uang/000000227314.jpg,False
nm_000000227419,nonuang,ds11,raw_dataset/non_uang/000000227419.jpg,False
nm_000000227507,nonuang,ds11,raw_dataset/non_uang/000000227507.jpg,False
nm_000000227585,nonuang,ds11,raw_dataset/non_uang/000000227585.jpg,True
nm_000000227640,nonuang,ds11,raw_dataset/non_uang/000000227640.jpg,True
nm_000000227807,nonuang,ds11,raw_dataset/non_uang/000000227807.jpg,True
nm_000000227837,nonuang,ds11,raw_dataset/non_uang/000000227837.jpg,True
nm_000000227995,nonuang,ds11,raw_dataset/non_uang/000000227995.jpg,True
nm_000000228080,nonuang,ds11,raw_dataset/non_uang/000000228080.jpg,True
nm_000000228141,nonuang,ds11,raw_dataset/non_uang/000000228141.jpg,True
nm_000000228258,nonuang,ds11,raw_dataset/non_uang/000000228258.jpg,False
nm_000000228269,nonuang,ds11,raw_dataset/non_uang/000000228269.jpg,True
nm_000000228369,nonuang,ds11,raw_dataset/non_uang/000000228369.jpg,True
nm_000000228397,nonuang,ds11,raw_dataset/non_uang/000000228397.jpg,True
nm_000000228430,nonuang,ds11,raw_dataset/non_uang/000000228430.jpg,True
nm_000000228445,nonuang,ds11,raw_dataset/non_uang/000000228445.jpg,True
nm_000000228471,nonuang,ds11,raw_dataset/non_uang/000000228471.jpg,True
nm_000000228484,nonuang,ds11,raw_dataset/non_uang/000000228484.jpg,False
nm_000000228503,nonuang,ds11,raw_dataset/non_uang/000000228503.jpg,False
nm_000000228700,nonuang,ds11,raw_dataset/non_uang/000000228700.jpg,True
nm_000000228918,nonuang,ds11,raw_dataset/non_uang/000000228918.jpg,True
nm_000000228986,nonuang,ds11,raw_dataset/non_uang/000000228986.jpg,False
nm_000000229044,nonuang,ds11,raw_dataset/non_uang/000000229044.jpg,True
nm_000000229126,nonuang,ds11,raw_dataset/non_uang/000000229126.jpg,True
nm_000000229162,nonuang,ds11,raw_dataset/non_uang/000000229162.jpg,True
nm_000000229206,nonuang,ds11,raw_dataset/non_uang/000000229206.jpg,True
nm_000000229283,nonuang,ds11,raw_dataset/non_uang/000000229283.jpg,True
nm_000000229292,nonuang,ds11,raw_dataset/non_uang/000000229292.jpg,False
nm_000000229305,nonuang,ds11,raw_dataset/non_uang/000000229305.jpg,True
nm_000000229339,nonuang,ds11,raw_dataset/non_uang/000000229339.jpg,True
nm_000000229625,nonuang,ds11,raw_dataset/non_uang/000000229625.jpg,False
nm_000000229683,nonuang,ds11,raw_dataset/non_uang/000000229683.jpg,True
nm_000000229712,nonuang,ds11,raw_dataset/non_uang/000000229712.jpg,True
nm_000000229729,nonuang,ds11,raw_dataset/non_uang/000000229729.jpg,True
nm_000000229756,nonuang,ds11,raw_dataset/non_uang/000000229756.jpg,False
nm_000000229775,nonuang,ds11,raw_dataset/non_uang/000000229775.jpg,True
nm_000000229810,nonuang,ds11,raw_dataset/non_uang/000000229810.jpg,True
nm_000000229931,nonuang,ds11,raw_dataset/non_uang/000000229931.jpg,True
nm_000000230063,nonuang,ds11,raw_dataset/non_uang/000000230063.jpg,True
nm_000000230107,nonuang,ds11,raw_dataset/non_uang/000000230107.jpg,False
nm_000000230180,nonuang,ds11,raw_dataset/non_uang/000000230180.jpg,True
nm_000000230244,nonuang,ds11,raw_dataset/non_uang/000000230244.jpg,True
nm_000000230589,nonuang,ds11,raw_dataset/non_uang/000000230589.jpg,True
nm_000000230620,nonuang,ds11,raw_dataset/non_uang/000000230620.jpg,False
nm_000000230635,nonuang,ds11,raw_dataset/non_uang/000000230635.jpg,True
nm_000000230638,nonuang,ds11,raw_dataset/non_uang/000000230638.jpg,False
nm_000000230733,nonuang,ds11,raw_dataset/non_uang/000000230733.jpg,True
nm_000000230743,nonuang,ds11,raw_dataset/non_uang/000000230743.jpg,True
nm_000000230757,nonuang,ds11,raw_dataset/non_uang/000000230757.jpg,True
nm_000000230830,nonuang,ds11,raw_dataset/non_uang/000000230830.jpg,True
nm_000000230847,nonuang,ds11,raw_dataset/non_uang/000000230847.jpg,True
nm_000000230880,nonuang,ds11,raw_dataset/non_uang/000000230880.jpg,False
nm_000000230994,nonuang,ds11,raw_dataset/non_uang/000000230994.jpg,False
nm_000000231081,nonuang,ds11,raw_dataset/non_uang/000000231081.jpg,True
nm_000000231316,nonuang,ds11,raw_dataset/non_uang/000000231316.jpg,False
nm_000000231938,nonuang,ds11,raw_dataset/non_uang/000000231938.jpg,False
nm_000000232134,nonuang,ds11,raw_dataset/non_uang/000000232134.jpg,True
nm_000000232162,nonuang,ds11,raw_dataset/non_uang/000000232162.jpg,False
nm_000000232242,nonuang,ds11,raw_dataset/non_uang/000000232242.jpg,True
nm_000000232317,nonuang,ds11,raw_dataset/non_uang/000000232317.jpg,False
nm_000000232436,nonuang,ds11,raw_dataset/non_uang/000000232436.jpg,True
nm_000000232450,nonuang,ds11,raw_dataset/non_uang/000000232450.jpg,True
nm_000000232641,nonuang,ds11,raw_dataset/non_uang/000000232641.jpg,True
nm_000000232741,nonuang,ds11,raw_dataset/non_uang/000000232741.jpg,True
nm_000000232893,nonuang,ds11,raw_dataset/non_uang/000000232893.jpg,True
nm_000000232908,nonuang,ds11,raw_dataset/non_uang/000000232908.jpg,True
nm_000000232912,nonuang,ds11,raw_dataset/non_uang/000000232912.jpg,False
nm_000000233047,nonuang,ds11,raw_dataset/non_uang/000000233047.jpg,True
nm_000000233078,nonuang,ds11,raw_dataset/non_uang/000000233078.jpg,True
nm_000000233100,nonuang,ds11,raw_dataset/non_uang/000000233100.jpg,False
nm_000000233228,nonuang,ds11,raw_dataset/non_uang/000000233228.jpg,True
nm_000000233371,nonuang,ds11,raw_dataset/non_uang/000000233371.jpg,True
nm_000000233398,nonuang,ds11,raw_dataset/non_uang/000000233398.jpg,True
nm_000000233511,nonuang,ds11,raw_dataset/non_uang/000000233511.jpg,True
nm_000000233571,nonuang,ds11,raw_dataset/non_uang/000000233571.jpg,True
nm_000000233616,nonuang,ds11,raw_dataset/non_uang/000000233616.jpg,True
nm_000000233658,nonuang,ds11,raw_dataset/non_uang/000000233658.jpg,False
nm_000000233659,nonuang,ds11,raw_dataset/non_uang/000000233659.jpg,False
nm_000000233674,nonuang,ds11,raw_dataset/non_uang/000000233674.jpg,True
nm_000000233725,nonuang,ds11,raw_dataset/non_uang/000000233725.jpg,True
nm_000000233822,nonuang,ds11,raw_dataset/non_uang/000000233822.jpg,True
nm_000000233860,nonuang,ds11,raw_dataset/non_uang/000000233860.jpg,True
nm_000000234003,nonuang,ds11,raw_dataset/non_uang/000000234003.jpg,False
nm_000000234127,nonuang,ds11,raw_dataset/non_uang/000000234127.jpg,True
nm_000000234167,nonuang,ds11,raw_dataset/non_uang/000000234167.jpg,False
nm_000000234482,nonuang,ds11,raw_dataset/non_uang/000000234482.jpg,True
nm_000000234528,nonuang,ds11,raw_dataset/non_uang/000000234528.jpg,True
nm_000000234606,nonuang,ds11,raw_dataset/non_uang/000000234606.jpg,True
nm_000000234712,nonuang,ds11,raw_dataset/non_uang/000000234712.jpg,True
nm_000000234823,nonuang,ds11,raw_dataset/non_uang/000000234823.jpg,True
nm_000000234829,nonuang,ds11,raw_dataset/non_uang/000000234829.jpg,True
nm_000000234999,nonuang,ds11,raw_dataset/non_uang/000000234999.jpg,False
nm_000000235048,nonuang,ds11,raw_dataset/non_uang/000000235048.jpg,True
nm_000000235685,nonuang,ds11,raw_dataset/non_uang/000000235685.jpg,True
nm_000000235821,nonuang,ds11,raw_dataset/non_uang/000000235821.jpg,True
nm_000000236013,nonuang,ds11,raw_dataset/non_uang/000000236013.jpg,True
nm_000000236045,nonuang,ds11,raw_dataset/non_uang/000000236045.jpg,False
nm_000000236063,nonuang,ds11,raw_dataset/non_uang/000000236063.jpg,True
nm_000000236081,nonuang,ds11,raw_dataset/non_uang/000000236081.jpg,True
nm_000000236146,nonuang,ds11,raw_dataset/non_uang/000000236146.jpg,True
nm_000000236263,nonuang,ds11,raw_dataset/non_uang/000000236263.jpg,True
nm_000000236273,nonuang,ds11,raw_dataset/non_uang/000000236273.jpg,True
nm_000000236474,nonuang,ds11,raw_dataset/non_uang/000000236474.jpg,True
nm_000000236483,nonuang,ds11,raw_dataset/non_uang/000000236483.jpg,True
nm_000000236598,nonuang,ds11,raw_dataset/non_uang/000000236598.jpg,False
nm_000000236709,nonuang,ds11,raw_dataset/non_uang/000000236709.jpg,False
nm_000000236877,nonuang,ds11,raw_dataset/non_uang/000000236877.jpg,False
nm_000000236968,nonuang,ds11,raw_dataset/non_uang/000000236968.jpg,True
nm_000000237038,nonuang,ds11,raw_dataset/non_uang/000000237038.jpg,False
nm_000000237039,nonuang,ds11,raw_dataset/non_uang/000000237039.jpg,True
nm_000000237246,nonuang,ds11,raw_dataset/non_uang/000000237246.jpg,False
nm_000000237347,nonuang,ds11,raw_dataset/non_uang/000000237347.jpg,False
nm_000000237421,nonuang,ds11,raw_dataset/non_uang/000000237421.jpg,True
nm_000000237565,nonuang,ds11,raw_dataset/non_uang/000000237565.jpg,True
nm_000000237627,nonuang,ds11,raw_dataset/non_uang/000000237627.jpg,True
nm_000000237657,nonuang,ds11,raw_dataset/non_uang/000000237657.jpg,True
nm_000000237696,nonuang,ds11,raw_dataset/non_uang/000000237696.jpg,False
nm_000000237722,nonuang,ds11,raw_dataset/non_uang/000000237722.jpg,True
nm_000000237810,nonuang,ds11,raw_dataset/non_uang/000000237810.jpg,False
nm_000000237885,nonuang,ds11,raw_dataset/non_uang/000000237885.jpg,True
nm_000000237901,nonuang,ds11,raw_dataset/non_uang/000000237901.jpg,True
nm_000000238066,nonuang,ds11,raw_dataset/non_uang/000000238066.jpg,False
nm_000000238118,nonuang,ds11,raw_dataset/non_uang/000000238118.jpg,True
nm_000000238119,nonuang,ds11,raw_dataset/non_uang/000000238119.jpg,True
nm_000000238157,nonuang,ds11,raw_dataset/non_uang/000000238157.jpg,True
nm_000000238315,nonuang,ds11,raw_dataset/non_uang/000000238315.jpg,False
nm_000000238413,nonuang,ds11,raw_dataset/non_uang/000000238413.jpg,True
nm_000000238425,nonuang,ds11,raw_dataset/non_uang/000000238425.jpg,True
nm_000000238433,nonuang,ds11,raw_dataset/non_uang/000000238433.jpg,True
nm_000000238540,nonuang,ds11,raw_dataset/non_uang/000000238540.jpg,True
nm_000000238644,nonuang,ds11,raw_dataset/non_uang/000000238644.jpg,False
nm_000000238914,nonuang,ds11,raw_dataset/non_uang/000000238914.jpg,True
nm_000000238972,nonuang,ds11,raw_dataset/non_uang/000000238972.jpg,False
nm_000000239024,nonuang,ds11,raw_dataset/non_uang/000000239024.jpg,False
nm_000000239090,nonuang,ds11,raw_dataset/non_uang/000000239090.jpg,True
nm_000000239209,nonuang,ds11,raw_dataset/non_uang/000000239209.jpg,True
nm_000000239329,nonuang,ds11,raw_dataset/non_uang/000000239329.jpg,True
nm_000000239344,nonuang,ds11,raw_dataset/non_uang/000000239344.jpg,True
nm_000000239487,nonuang,ds11,raw_dataset/non_uang/000000239487.jpg,True
nm_000000239540,nonuang,ds11,raw_dataset/non_uang/000000239540.jpg,False
nm_000000239548,nonuang,ds11,raw_dataset/non_uang/000000239548.jpg,True
nm_000000239569,nonuang,ds11,raw_dataset/non_uang/000000239569.jpg,True
nm_000000239623,nonuang,ds11,raw_dataset/non_uang/000000239623.jpg,True
nm_000000239690,nonuang,ds11,raw_dataset/non_uang/000000239690.jpg,False
nm_000000239810,nonuang,ds11,raw_dataset/non_uang/000000239810.jpg,True
nm_000000239891,nonuang,ds11,raw_dataset/non_uang/000000239891.jpg,False
nm_000000239910,nonuang,ds11,raw_dataset/non_uang/000000239910.jpg,False
nm_000000240103,nonuang,ds11,raw_dataset/non_uang/000000240103.jpg,True
nm_000000240139,nonuang,ds11,raw_dataset/non_uang/000000240139.jpg,True
nm_000000240262,nonuang,ds11,raw_dataset/non_uang/000000240262.jpg,True
nm_000000240337,nonuang,ds11,raw_dataset/non_uang/000000240337.jpg,False
nm_000000240377,nonuang,ds11,raw_dataset/non_uang/000000240377.jpg,True
nm_000000240503,nonuang,ds11,raw_dataset/non_uang/000000240503.jpg,False
nm_000000240510,nonuang,ds11,raw_dataset/non_uang/000000240510.jpg,True
nm_000000240547,nonuang,ds11,raw_dataset/non_uang/000000240547.jpg,False
nm_000000240600,nonuang,ds11,raw_dataset/non_uang/000000240600.jpg,False
nm_000000240878,nonuang,ds11,raw_dataset/non_uang/000000240878.jpg,False
nm_000000240898,nonuang,ds11,raw_dataset/non_uang/000000240898.jpg,False
nm_000000240934,nonuang,ds11,raw_dataset/non_uang/000000240934.jpg,True
nm_000000240943,nonuang,ds11,raw_dataset/non_uang/000000240943.jpg,True
nm_000000240958,nonuang,ds11,raw_dataset/non_uang/000000240958.jpg,False
nm_000000240987,nonuang,ds11,raw_dataset/non_uang/000000240987.jpg,False
nm_000000240988,nonuang,ds11,raw_dataset/non_uang/000000240988.jpg,True
nm_000000241030,nonuang,ds11,raw_dataset/non_uang/000000241030.jpg,True
nm_000000241061,nonuang,ds11,raw_dataset/non_uang/000000241061.jpg,True
nm_000000241074,nonuang,ds11,raw_dataset/non_uang/000000241074.jpg,False
nm_000000241105,nonuang,ds11,raw_dataset/non_uang/000000241105.jpg,False
nm_000000241117,nonuang,ds11,raw_dataset/non_uang/000000241117.jpg,True
nm_000000241139,nonuang,ds11,raw_dataset/non_uang/000000241139.jpg,True
nm_000000241222,nonuang,ds11,raw_dataset/non_uang/000000241222.jpg,True
nm_000000241252,nonuang,ds11,raw_dataset/non_uang/000000241252.jpg,True
nm_000000241393,nonuang,ds11,raw_dataset/non_uang/000000241393.jpg,False
nm_000000241400,nonuang,ds11,raw_dataset/non_uang/000000241400.jpg,True
nm_000000241437,nonuang,ds11,raw_dataset/non_uang/000000241437.jpg,True
nm_000000241612,nonuang,ds11,raw_dataset/non_uang/000000241612.jpg,True
nm_000000241680,nonuang,ds11,raw_dataset/non_uang/000000241680.jpg,True
nm_000000241829,nonuang,ds11,raw_dataset/non_uang/000000241829.jpg,False
nm_000000241862,nonuang,ds11,raw_dataset/non_uang/000000241862.jpg,True
nm_000000241869,nonuang,ds11,raw_dataset/non_uang/000000241869.jpg,False
nm_000000241965,nonuang,ds11,raw_dataset/non_uang/000000241965.jpg,False
nm_000000241996,nonuang,ds11,raw_dataset/non_uang/000000241996.jpg,False
nm_000000242097,nonuang,ds11,raw_dataset/non_uang/000000242097.jpg,True
nm_000000242171,nonuang,ds11,raw_dataset/non_uang/000000242171.jpg,False
nm_000000242196,nonuang,ds11,raw_dataset/non_uang/000000242196.jpg,True
nm_000000242230,nonuang,ds11,raw_dataset/non_uang/000000242230.jpg,False
nm_000000242318,nonuang,ds11,raw_dataset/non_uang/000000242318.jpg,False
nm_000000242397,nonuang,ds11,raw_dataset/non_uang/000000242397.jpg,False
nm_000000242470,nonuang,ds11,raw_dataset/non_uang/000000242470.jpg,True
nm_000000242563,nonuang,ds11,raw_dataset/non_uang/000000242563.jpg,False
nm_000000242668,nonuang,ds11,raw_dataset/non_uang/000000242668.jpg,True
nm_000000242725,nonuang,ds11,raw_dataset/non_uang/000000242725.jpg,True
nm_000000242844,nonuang,ds11,raw_dataset/non_uang/000000242844.jpg,True
nm_000000242881,nonuang,ds11,raw_dataset/non_uang/000000242881.jpg,False
nm_000000242901,nonuang,ds11,raw_dataset/non_uang/000000242901.jpg,True
nm_000000243004,nonuang,ds11,raw_dataset/non_uang/000000243004.jpg,False
nm_000000243087,nonuang,ds11,raw_dataset/non_uang/000000243087.jpg,False
nm_000000243093,nonuang,ds11,raw_dataset/non_uang/000000243093.jpg,True
nm_000000243184,nonuang,ds11,raw_dataset/non_uang/000000243184.jpg,True
nm_000000243200,nonuang,ds11,raw_dataset/non_uang/000000243200.jpg,True
nm_000000243201,nonuang,ds11,raw_dataset/non_uang/000000243201.jpg,True
nm_000000243291,nonuang,ds11,raw_dataset/non_uang/000000243291.jpg,True
nm_000000243347,nonuang,ds11,raw_dataset/non_uang/000000243347.jpg,True
nm_000000243348,nonuang,ds11,raw_dataset/non_uang/000000243348.jpg,False
nm_000000243398,nonuang,ds11,raw_dataset/non_uang/000000243398.jpg,True
nm_000000243586,nonuang,ds11,raw_dataset/non_uang/000000243586.jpg,True
nm_000000243635,nonuang,ds11,raw_dataset/non_uang/000000243635.jpg,False
nm_000000243803,nonuang,ds11,raw_dataset/non_uang/000000243803.jpg,True
nm_000000243893,nonuang,ds11,raw_dataset/non_uang/000000243893.jpg,True
nm_000000243905,nonuang,ds11,raw_dataset/non_uang/000000243905.jpg,True
nm_000000244029,nonuang,ds11,raw_dataset/non_uang/000000244029.jpg,True
nm_000000244039,nonuang,ds11,raw_dataset/non_uang/000000244039.jpg,True
nm_000000244113,nonuang,ds11,raw_dataset/non_uang/000000244113.jpg,False
nm_000000244205,nonuang,ds11,raw_dataset/non_uang/000000244205.jpg,True
nm_000000244294,nonuang,ds11,raw_dataset/non_uang/000000244294.jpg,True
nm_000000244467,nonuang,ds11,raw_dataset/non_uang/000000244467.jpg,False
nm_000000244574,nonuang,ds11,raw_dataset/non_uang/000000244574.jpg,True
nm_000000244621,nonuang,ds11,raw_dataset/non_uang/000000244621.jpg,True
nm_000000244641,nonuang,ds11,raw_dataset/non_uang/000000244641.jpg,False
nm_000000244724,nonuang,ds11,raw_dataset/non_uang/000000244724.jpg,False
nm_000000244774,nonuang,ds11,raw_dataset/non_uang/000000244774.jpg,True
nm_000000244826,nonuang,ds11,raw_dataset/non_uang/000000244826.jpg,True
nm_000000244927,nonuang,ds11,raw_dataset/non_uang/000000244927.jpg,True
nm_000000244934,nonuang,ds11,raw_dataset/non_uang/000000244934.jpg,True
nm_000000245017,nonuang,ds11,raw_dataset/non_uang/000000245017.jpg,True
nm_000000245059,nonuang,ds11,raw_dataset/non_uang/000000245059.jpg,True
nm_000000245217,nonuang,ds11,raw_dataset/non_uang/000000245217.jpg,True
nm_000000245344,nonuang,ds11,raw_dataset/non_uang/000000245344.jpg,False
nm_000000245386,nonuang,ds11,raw_dataset/non_uang/000000245386.jpg,True
nm_000000245418,nonuang,ds11,raw_dataset/non_uang/000000245418.jpg,False
nm_000000245661,nonuang,ds11,raw_dataset/non_uang/000000245661.jpg,True
nm_000000245715,nonuang,ds11,raw_dataset/non_uang/000000245715.jpg,True
nm_000000245773,nonuang,ds11,raw_dataset/non_uang/000000245773.jpg,True
nm_000000245783,nonuang,ds11,raw_dataset/non_uang/000000245783.jpg,True
nm_000000245884,nonuang,ds11,raw_dataset/non_uang/000000245884.jpg,True
nm_000000246179,nonuang,ds11,raw_dataset/non_uang/000000246179.jpg,True
nm_000000246208,nonuang,ds11,raw_dataset/non_uang/000000246208.jpg,True
nm_000000246367,nonuang,ds11,raw_dataset/non_uang/000000246367.jpg,True
nm_000000246520,nonuang,ds11,raw_dataset/non_uang/000000246520.jpg,True
nm_000000246556,nonuang,ds11,raw_dataset/non_uang/000000246556.jpg,False
nm_000000246600,nonuang,ds11,raw_dataset/non_uang/000000246600.jpg,False
nm_000000246850,nonuang,ds11,raw_dataset/non_uang/000000246850.jpg,False
nm_000000246904,nonuang,ds11,raw_dataset/non_uang/000000246904.jpg,False
nm_000000246954,nonuang,ds11,raw_dataset/non_uang/000000246954.jpg,True
nm_000000246986,nonuang,ds11,raw_dataset/non_uang/000000246986.jpg,False
nm_000000247118,nonuang,ds11,raw_dataset/non_uang/000000247118.jpg,True
nm_000000247246,nonuang,ds11,raw_dataset/non_uang/000000247246.jpg,False
nm_000000247314,nonuang,ds11,raw_dataset/non_uang/000000247314.jpg,True
nm_000000247396,nonuang,ds11,raw_dataset/non_uang/000000247396.jpg,False
nm_000000247507,nonuang,ds11,raw_dataset/non_uang/000000247507.jpg,True
nm_000000247532,nonuang,ds11,raw_dataset/non_uang/000000247532.jpg,False
nm_000000247610,nonuang,ds11,raw_dataset/non_uang/000000247610.jpg,True
nm_000000247852,nonuang,ds11,raw_dataset/non_uang/000000247852.jpg,True
nm_000000248004,nonuang,ds11,raw_dataset/non_uang/000000248004.jpg,False
nm_000000248139,nonuang,ds11,raw_dataset/non_uang/000000248139.jpg,True
nm_000000248164,nonuang,ds11,raw_dataset/non_uang/000000248164.jpg,False
nm_000000248266,nonuang,ds11,raw_dataset/non_uang/000000248266.jpg,False
nm_000000248442,nonuang,ds11,raw_dataset/non_uang/000000248442.jpg,False
nm_000000248487,nonuang,ds11,raw_dataset/non_uang/000000248487.jpg,True
nm_000000248539,nonuang,ds11,raw_dataset/non_uang/000000248539.jpg,True
nm_000000248628,nonuang,ds11,raw_dataset/non_uang/000000248628.jpg,True
nm_000000248635,nonuang,ds11,raw_dataset/non_uang/000000248635.jpg,False
nm_000000248757,nonuang,ds11,raw_dataset/non_uang/000000248757.jpg,True
nm_000000248778,nonuang,ds11,raw_dataset/non_uang/000000248778.jpg,True
nm_000000248792,nonuang,ds11,raw_dataset/non_uang/000000248792.jpg,False
nm_000000248955,nonuang,ds11,raw_dataset/non_uang/000000248955.jpg,True
nm_000000248977,nonuang,ds11,raw_dataset/non_uang/000000248977.jpg,True
nm_000000249022,nonuang,ds11,raw_dataset/non_uang/000000249022.jpg,True
nm_000000249140,nonuang,ds11,raw_dataset/non_uang/000000249140.jpg,False
nm_000000249214,nonuang,ds11,raw_dataset/non_uang/000000249214.jpg,True
nm_000000249342,nonuang,ds11,raw_dataset/non_uang/000000249342.jpg,False
nm_000000249361,nonuang,ds11,raw_dataset/non_uang/000000249361.jpg,False
nm_000000249559,nonuang,ds11,raw_dataset/non_uang/000000249559.jpg,False
nm_000000249681,nonuang,ds11,raw_dataset/non_uang/000000249681.jpg,True
nm_000000249708,nonuang,ds11,raw_dataset/non_uang/000000249708.jpg,True
nm_000000249930,nonuang,ds11,raw_dataset/non_uang/000000249930.jpg,True
nm_000000249994,nonuang,ds11,raw_dataset/non_uang/000000249994.jpg,True
nm_000000250012,nonuang,ds11,raw_dataset/non_uang/000000250012.jpg,True
nm_000000250215,nonuang,ds11,raw_dataset/non_uang/000000250215.jpg,True
nm_000000250220,nonuang,ds11,raw_dataset/non_uang/000000250220.jpg,False
nm_000000250256,nonuang,ds11,raw_dataset/non_uang/000000250256.jpg,True
nm_000000250300,nonuang,ds11,raw_dataset/non_uang/000000250300.jpg,False
nm_000000250514,nonuang,ds11,raw_dataset/non_uang/000000250514.jpg,True
nm_000000250613,nonuang,ds11,raw_dataset/non_uang/000000250613.jpg,False
nm_000000250641,nonuang,ds11,raw_dataset/non_uang/000000250641.jpg,False
nm_000000250830,nonuang,ds11,raw_dataset/non_uang/000000250830.jpg,True
nm_000000251000,nonuang,ds11,raw_dataset/non_uang/000000251000.jpg,True
nm_000000251074,nonuang,ds11,raw_dataset/non_uang/000000251074.jpg,False
nm_000000251117,nonuang,ds11,raw_dataset/non_uang/000000251117.jpg,True
nm_000000251213,nonuang,ds11,raw_dataset/non_uang/000000251213.jpg,False
nm_000000251352,nonuang,ds11,raw_dataset/non_uang/000000251352.jpg,True
nm_000000251354,nonuang,ds11,raw_dataset/non_uang/000000251354.jpg,False
nm_000000251488,nonuang,ds11,raw_dataset/non_uang/000000251488.jpg,True
nm_000000251594,nonuang,ds11,raw_dataset/non_uang/000000251594.jpg,False
nm_000000251649,nonuang,ds11,raw_dataset/non_uang/000000251649.jpg,False
nm_000000251665,nonuang,ds11,raw_dataset/non_uang/000000251665.jpg,True
nm_000000251880,nonuang,ds11,raw_dataset/non_uang/000000251880.jpg,True
nm_000000251884,nonuang,ds11,raw_dataset/non_uang/000000251884.jpg,True
nm_000000251889,nonuang,ds11,raw_dataset/non_uang/000000251889.jpg,False
nm_000000252029,nonuang,ds11,raw_dataset/non_uang/000000252029.jpg,True
nm_000000252107,nonuang,ds11,raw_dataset/non_uang/000000252107.jpg,False
nm_000000252124,nonuang,ds11,raw_dataset/non_uang/000000252124.jpg,True
nm_000000252285,nonuang,ds11,raw_dataset/non_uang/000000252285.jpg,True
nm_000000252304,nonuang,ds11,raw_dataset/non_uang/000000252304.jpg,True
nm_000000252337,nonuang,ds11,raw_dataset/non_uang/000000252337.jpg,True
nm_000000252361,nonuang,ds11,raw_dataset/non_uang/000000252361.jpg,True
nm_000000252456,nonuang,ds11,raw_dataset/non_uang/000000252456.jpg,True
nm_000000252556,nonuang,ds11,raw_dataset/non_uang/000000252556.jpg,False
nm_000000252560,nonuang,ds11,raw_dataset/non_uang/000000252560.jpg,True
nm_000000252564,nonuang,ds11,raw_dataset/non_uang/000000252564.jpg,False
nm_000000252650,nonuang,ds11,raw_dataset/non_uang/000000252650.jpg,False
nm_000000252655,nonuang,ds11,raw_dataset/non_uang/000000252655.jpg,True
nm_000000252690,nonuang,ds11,raw_dataset/non_uang/000000252690.jpg,False
nm_000000252708,nonuang,ds11,raw_dataset/non_uang/000000252708.jpg,False
nm_000000252727,nonuang,ds11,raw_dataset/non_uang/000000252727.jpg,True
nm_000000252794,nonuang,ds11,raw_dataset/non_uang/000000252794.jpg,True
nm_000000252796,nonuang,ds11,raw_dataset/non_uang/000000252796.jpg,True
nm_000000252893,nonuang,ds11,raw_dataset/non_uang/000000252893.jpg,True
nm_000000252926,nonuang,ds11,raw_dataset/non_uang/000000252926.jpg,True
nm_000000253089,nonuang,ds11,raw_dataset/non_uang/000000253089.jpg,False
nm_000000253139,nonuang,ds11,raw_dataset/non_uang/000000253139.jpg,False
nm_000000253231,nonuang,ds11,raw_dataset/non_uang/000000253231.jpg,True
nm_000000253352,nonuang,ds11,raw_dataset/non_uang/000000253352.jpg,False
nm_000000253423,nonuang,ds11,raw_dataset/non_uang/000000253423.jpg,True
nm_000000253525,nonuang,ds11,raw_dataset/non_uang/000000253525.jpg,True
nm_000000253634,nonuang,ds11,raw_dataset/non_uang/000000253634.jpg,False
nm_000000253650,nonuang,ds11,raw_dataset/non_uang/000000253650.jpg,True
nm_000000253735,nonuang,ds11,raw_dataset/non_uang/000000253735.jpg,True
nm_000000253739,nonuang,ds11,raw_dataset/non_uang/000000253739.jpg,False
nm_000000253745,nonuang,ds11,raw_dataset/non_uang/000000253745.jpg,False
nm_000000253795,nonuang,ds11,raw_dataset/non_uang/000000253795.jpg,True
nm_000000253880,nonuang,ds11,raw_dataset/non_uang/000000253880.jpg,True
nm_000000253902,nonuang,ds11,raw_dataset/non_uang/000000253902.jpg,True
nm_000000254053,nonuang,ds11,raw_dataset/non_uang/000000254053.jpg,False
nm_000000254055,nonuang,ds11,raw_dataset/non_uang/000000254055.jpg,False
nm_000000254391,nonuang,ds11,raw_dataset/non_uang/000000254391.jpg,True
nm_000000254423,nonuang,ds11,raw_dataset/non_uang/000000254423.jpg,True
nm_000000254456,nonuang,ds11,raw_dataset/non_uang/000000254456.jpg,False
nm_000000254463,nonuang,ds11,raw_dataset/non_uang/000000254463.jpg,False
nm_000000254474,nonuang,ds11,raw_dataset/non_uang/000000254474.jpg,False
nm_000000254525,nonuang,ds11,raw_dataset/non_uang/000000254525.jpg,True
nm_000000254548,nonuang,ds11,raw_dataset/non_uang/000000254548.jpg,True
nm_000000254565,nonuang,ds11,raw_dataset/non_uang/000000254565.jpg,True
nm_000000254621,nonuang,ds11,raw_dataset/non_uang/000000254621.jpg,False
nm_000000254681,nonuang,ds11,raw_dataset/non_uang/000000254681.jpg,True
nm_000000254686,nonuang,ds11,raw_dataset/non_uang/000000254686.jpg,True
nm_000000254693,nonuang,ds11,raw_dataset/non_uang/000000254693.jpg,False
nm_000000254707,nonuang,ds11,raw_dataset/non_uang/000000254707.jpg,False
nm_000000254713,nonuang,ds11,raw_dataset/non_uang/000000254713.jpg,True
nm_000000254776,nonuang,ds11,raw_dataset/non_uang/000000254776.jpg,True
nm_000000254854,nonuang,ds11,raw_dataset/non_uang/000000254854.jpg,True
nm_000000254924,nonuang,ds11,raw_dataset/non_uang/000000254924.jpg,True
nm_000000254940,nonuang,ds11,raw_dataset/non_uang/000000254940.jpg,True
nm_000000255025,nonuang,ds11,raw_dataset/non_uang/000000255025.jpg,True
nm_000000255053,nonuang,ds11,raw_dataset/non_uang/000000255053.jpg,True
nm_000000255127,nonuang,ds11,raw_dataset/non_uang/000000255127.jpg,True
nm_000000255138,nonuang,ds11,raw_dataset/non_uang/000000255138.jpg,False
nm_000000255161,nonuang,ds11,raw_dataset/non_uang/000000255161.jpg,True
nm_000000255220,nonuang,ds11,raw_dataset/non_uang/000000255220.jpg,True
nm_000000255309,nonuang,ds11,raw_dataset/non_uang/000000255309.jpg,True
nm_000000255391,nonuang,ds11,raw_dataset/non_uang/000000255391.jpg,True
nm_000000255427,nonuang,ds11,raw_dataset/non_uang/000000255427.jpg,True
nm_000000255526,nonuang,ds11,raw_dataset/non_uang/000000255526.jpg,True
nm_000000255801,nonuang,ds11,raw_dataset/non_uang/000000255801.jpg,True
nm_000000255862,nonuang,ds11,raw_dataset/non_uang/000000255862.jpg,False
nm_000000255874,nonuang,ds11,raw_dataset/non_uang/000000255874.jpg,True
nm_000000255879,nonuang,ds11,raw_dataset/non_uang/000000255879.jpg,True
nm_000000255927,nonuang,ds11,raw_dataset/non_uang/000000255927.jpg,True
nm_000000256018,nonuang,ds11,raw_dataset/non_uang/000000256018.jpg,True
nm_000000256127,nonuang,ds11,raw_dataset/non_uang/000000256127.jpg,True
nm_000000256255,nonuang,ds11,raw_dataset/non_uang/000000256255.jpg,True
nm_000000256355,nonuang,ds11,raw_dataset/non_uang/000000256355.jpg,True
nm_000000256362,nonuang,ds11,raw_dataset/non_uang/000000256362.jpg,True
nm_000000256399,nonuang,ds11,raw_dataset/non_uang/000000256399.jpg,True
nm_000000256429,nonuang,ds11,raw_dataset/non_uang/000000256429.jpg,True
nm_000000256488,nonuang,ds11,raw_dataset/non_uang/000000256488.jpg,True
nm_000000256510,nonuang,ds11,raw_dataset/non_uang/000000256510.jpg,False
nm_000000256536,nonuang,ds11,raw_dataset/non_uang/000000256536.jpg,True
nm_000000256582,nonuang,ds11,raw_dataset/non_uang/000000256582.jpg,True
nm_000000256693,nonuang,ds11,raw_dataset/non_uang/000000256693.jpg,True
nm_000000256790,nonuang,ds11,raw_dataset/non_uang/000000256790.jpg,True
nm_000000256791,nonuang,ds11,raw_dataset/non_uang/000000256791.jpg,False
nm_000000256818,nonuang,ds11,raw_dataset/non_uang/000000256818.jpg,True
nm_000000256878,nonuang,ds11,raw_dataset/non_uang/000000256878.jpg,True
nm_000000256947,nonuang,ds11,raw_dataset/non_uang/000000256947.jpg,False
nm_000000257070,nonuang,ds11,raw_dataset/non_uang/000000257070.jpg,False
nm_000000257170,nonuang,ds11,raw_dataset/non_uang/000000257170.jpg,False
nm_000000257189,nonuang,ds11,raw_dataset/non_uang/000000257189.jpg,True
nm_000000257203,nonuang,ds11,raw_dataset/non_uang/000000257203.jpg,True
nm_000000257310,nonuang,ds11,raw_dataset/non_uang/000000257310.jpg,True
nm_000000257325,nonuang,ds11,raw_dataset/non_uang/000000257325.jpg,True
nm_000000257549,nonuang,ds11,raw_dataset/non_uang/000000257549.jpg,True
nm_000000257556,nonuang,ds11,raw_dataset/non_uang/000000257556.jpg,True
nm_000000257567,nonuang,ds11,raw_dataset/non_uang/000000257567.jpg,True
nm_000000257607,nonuang,ds11,raw_dataset/non_uang/000000257607.jpg,True
nm_000000257614,nonuang,ds11,raw_dataset/non_uang/000000257614.jpg,False
nm_000000257640,nonuang,ds11,raw_dataset/non_uang/000000257640.jpg,False
nm_000000257665,nonuang,ds11,raw_dataset/non_uang/000000257665.jpg,False
nm_000000257702,nonuang,ds11,raw_dataset/non_uang/000000257702.jpg,True
nm_000000257802,nonuang,ds11,raw_dataset/non_uang/000000257802.jpg,True
nm_000000257876,nonuang,ds11,raw_dataset/non_uang/000000257876.jpg,True
nm_000000257997,nonuang,ds11,raw_dataset/non_uang/000000257997.jpg,True
nm_000000258022,nonuang,ds11,raw_dataset/non_uang/000000258022.jpg,True
nm_000000258074,nonuang,ds11,raw_dataset/non_uang/000000258074.jpg,False
nm_000000258163,nonuang,ds11,raw_dataset/non_uang/000000258163.jpg,True
nm_000000258210,nonuang,ds11,raw_dataset/non_uang/000000258210.jpg,True
nm_000000258257,nonuang,ds11,raw_dataset/non_uang/000000258257.jpg,False
nm_000000258312,nonuang,ds11,raw_dataset/non_uang/000000258312.jpg,False
nm_000000258475,nonuang,ds11,raw_dataset/non_uang/000000258475.jpg,False
nm_000000258504,nonuang,ds11,raw_dataset/non_uang/000000258504.jpg,True
nm_000000258527,nonuang,ds11,raw_dataset/non_uang/000000258527.jpg,True
nm_000000258604,nonuang,ds11,raw_dataset/non_uang/000000258604.jpg,True
nm_000000258618,nonuang,ds11,raw_dataset/non_uang/000000258618.jpg,True
nm_000000258715,nonuang,ds11,raw_dataset/non_uang/000000258715.jpg,True
nm_000000258724,nonuang,ds11,raw_dataset/non_uang/000000258724.jpg,False
nm_000000258787,nonuang,ds11,raw_dataset/non_uang/000000258787.jpg,True
nm_000000258801,nonuang,ds11,raw_dataset/non_uang/000000258801.jpg,True
nm_000000258914,nonuang,ds11,raw_dataset/non_uang/000000258914.jpg,True
nm_000000258944,nonuang,ds11,raw_dataset/non_uang/000000258944.jpg,True
nm_000000258948,nonuang,ds11,raw_dataset/non_uang/000000258948.jpg,True
nm_000000258967,nonuang,ds11,raw_dataset/non_uang/000000258967.jpg,True
nm_000000259002,nonuang,ds11,raw_dataset/non_uang/000000259002.jpg,True
nm_000000259034,nonuang,ds11,raw_dataset/non_uang/000000259034.jpg,True
nm_000000259052,nonuang,ds11,raw_dataset/non_uang/000000259052.jpg,False
nm_000000259071,nonuang,ds11,raw_dataset/non_uang/000000259071.jpg,True
nm_000000259110,nonuang,ds11,raw_dataset/non_uang/000000259110.jpg,True
nm_000000259133,nonuang,ds11,raw_dataset/non_uang/000000259133.jpg,True
nm_000000259185,nonuang,ds11,raw_dataset/non_uang/000000259185.jpg,True
nm_000000259220,nonuang,ds11,raw_dataset/non_uang/000000259220.jpg,True
nm_000000259223,nonuang,ds11,raw_dataset/non_uang/000000259223.jpg,False
nm_000000259224,nonuang,ds11,raw_dataset/non_uang/000000259224.jpg,True
nm_000000259237,nonuang,ds11,raw_dataset/non_uang/000000259237.jpg,True
nm_000000259247,nonuang,ds11,raw_dataset/non_uang/000000259247.jpg,True
nm_000000259385,nonuang,ds11,raw_dataset/non_uang/000000259385.jpg,True
nm_000000259413,nonuang,ds11,raw_dataset/non_uang/000000259413.jpg,False
nm_000000259540,nonuang,ds11,raw_dataset/non_uang/000000259540.jpg,True
nm_000000259552,nonuang,ds11,raw_dataset/non_uang/000000259552.jpg,True
nm_000000259575,nonuang,ds11,raw_dataset/non_uang/000000259575.jpg,True
nm_000000259635,nonuang,ds11,raw_dataset/non_uang/000000259635.jpg,True
nm_000000259818,nonuang,ds11,raw_dataset/non_uang/000000259818.jpg,True
nm_000000259885,nonuang,ds11,raw_dataset/non_uang/000000259885.jpg,True
nm_000000259916,nonuang,ds11,raw_dataset/non_uang/000000259916.jpg,False
nm_000000260003,nonuang,ds11,raw_dataset/non_uang/000000260003.jpg,True
nm_000000260041,nonuang,ds11,raw_dataset/non_uang/000000260041.jpg,False
nm_000000260058,nonuang,ds11,raw_dataset/non_uang/000000260058.jpg,False
nm_000000260069,nonuang,ds11,raw_dataset/non_uang/000000260069.jpg,True
nm_000000260130,nonuang,ds11,raw_dataset/non_uang/000000260130.jpg,True
nm_000000260162,nonuang,ds11,raw_dataset/non_uang/000000260162.jpg,False
nm_000000260240,nonuang,ds11,raw_dataset/non_uang/000000260240.jpg,True
nm_000000260253,nonuang,ds11,raw_dataset/non_uang/000000260253.jpg,True
nm_000000260498,nonuang,ds11,raw_dataset/non_uang/000000260498.jpg,False
nm_000000260504,nonuang,ds11,raw_dataset/non_uang/000000260504.jpg,False
nm_000000260506,nonuang,ds11,raw_dataset/non_uang/000000260506.jpg,True
nm_000000260521,nonuang,ds11,raw_dataset/non_uang/000000260521.jpg,True
nm_000000260591,nonuang,ds11,raw_dataset/non_uang/000000260591.jpg,False
nm_000000260622,nonuang,ds11,raw_dataset/non_uang/000000260622.jpg,True
nm_000000260666,nonuang,ds11,raw_dataset/non_uang/000000260666.jpg,True
nm_000000260691,nonuang,ds11,raw_dataset/non_uang/000000260691.jpg,True
nm_000000260764,nonuang,ds11,raw_dataset/non_uang/000000260764.jpg,True
nm_000000260830,nonuang,ds11,raw_dataset/non_uang/000000260830.jpg,False
nm_000000260886,nonuang,ds11,raw_dataset/non_uang/000000260886.jpg,True
nm_000000260889,nonuang,ds11,raw_dataset/non_uang/000000260889.jpg,False
nm_000000260985,nonuang,ds11,raw_dataset/non_uang/000000260985.jpg,True
nm_000000261033,nonuang,ds11,raw_dataset/non_uang/000000261033.jpg,False
nm_000000261179,nonuang,ds11,raw_dataset/non_uang/000000261179.jpg,False
nm_000000261198,nonuang,ds11,raw_dataset/non_uang/000000261198.jpg,True
nm_000000261220,nonuang,ds11,raw_dataset/non_uang/000000261220.jpg,True
nm_000000261250,nonuang,ds11,raw_dataset/non_uang/000000261250.jpg,True
nm_000000261385,nonuang,ds11,raw_dataset/non_uang/000000261385.jpg,True
nm_000000261427,nonuang,ds11,raw_dataset/non_uang/000000261427.jpg,True
nm_000000261474,nonuang,ds11,raw_dataset/non_uang/000000261474.jpg,True
nm_000000261550,nonuang,ds11,raw_dataset/non_uang/000000261550.jpg,False
nm_000000261577,nonuang,ds11,raw_dataset/non_uang/000000261577.jpg,False
nm_000000261600,nonuang,ds11,raw_dataset/non_uang/000000261600.jpg,True
nm_000000261614,nonuang,ds11,raw_dataset/non_uang/000000261614.jpg,True
nm_000000261849,nonuang,ds11,raw_dataset/non_uang/000000261849.jpg,True
nm_000000261974,nonuang,ds11,raw_dataset/non_uang/000000261974.jpg,True
nm_000000262040,nonuang,ds11,raw_dataset/non_uang/000000262040.jpg,True
nm_000000262102,nonuang,ds11,raw_dataset/non_uang/000000262102.jpg,True
nm_000000262142,nonuang,ds11,raw_dataset/non_uang/000000262142.jpg,True
nm_000000262144,nonuang,ds11,raw_dataset/non_uang/000000262144.jpg,True
nm_000000262166,nonuang,ds11,raw_dataset/non_uang/000000262166.jpg,True
nm_000000262209,nonuang,ds11,raw_dataset/non_uang/000000262209.jpg,True
nm_000000262272,nonuang,ds11,raw_dataset/non_uang/000000262272.jpg,True
nm_000000262356,nonuang,ds11,raw_dataset/non_uang/000000262356.jpg,True
nm_000000262379,nonuang,ds11,raw_dataset/non_uang/000000262379.jpg,True
nm_000000262503,nonuang,ds11,raw_dataset/non_uang/000000262503.jpg,True
nm_000000262520,nonuang,ds11,raw_dataset/non_uang/000000262520.jpg,False
nm_000000262567,nonuang,ds11,raw_dataset/non_uang/000000262567.jpg,True
nm_000000262570,nonuang,ds11,raw_dataset/non_uang/000000262570.jpg,False
nm_000000262593,nonuang,ds11,raw_dataset/non_uang/000000262593.jpg,True
nm_000000262615,nonuang,ds11,raw_dataset/non_uang/000000262615.jpg,False
nm_000000262725,nonuang,ds11,raw_dataset/non_uang/000000262725.jpg,False
nm_000000262790,nonuang,ds11,raw_dataset/non_uang/000000262790.jpg,True
nm_000000262798,nonuang,ds11,raw_dataset/non_uang/000000262798.jpg,False
nm_000000262886,nonuang,ds11,raw_dataset/non_uang/000000262886.jpg,True
nm_000000262964,nonuang,ds11,raw_dataset/non_uang/000000262964.jpg,False
nm_000000263037,nonuang,ds11,raw_dataset/non_uang/000000263037.jpg,False
nm_000000263126,nonuang,ds11,raw_dataset/non_uang/000000263126.jpg,False
nm_000000263151,nonuang,ds11,raw_dataset/non_uang/000000263151.jpg,True
nm_000000263737,nonuang,ds11,raw_dataset/non_uang/000000263737.jpg,False
nm_000000263757,nonuang,ds11,raw_dataset/non_uang/000000263757.jpg,False
nm_000000263976,nonuang,ds11,raw_dataset/non_uang/000000263976.jpg,False
nm_000000264008,nonuang,ds11,raw_dataset/non_uang/000000264008.jpg,False
nm_000000264205,nonuang,ds11,raw_dataset/non_uang/000000264205.jpg,True
nm_000000264266,nonuang,ds11,raw_dataset/non_uang/000000264266.jpg,True
nm_000000264323,nonuang,ds11,raw_dataset/non_uang/000000264323.jpg,True
nm_000000264329,nonuang,ds11,raw_dataset/non_uang/000000264329.jpg,True
nm_000000264364,nonuang,ds11,raw_dataset/non_uang/000000264364.jpg,False
nm_000000264485,nonuang,ds11,raw_dataset/non_uang/000000264485.jpg,True
nm_000000264509,nonuang,ds11,raw_dataset/non_uang/000000264509.jpg,True
nm_000000264580,nonuang,ds11,raw_dataset/non_uang/000000264580.jpg,True
nm_000000264609,nonuang,ds11,raw_dataset/non_uang/000000264609.jpg,True
nm_000000264682,nonuang,ds11,raw_dataset/non_uang/000000264682.jpg,True
nm_000000264750,nonuang,ds11,raw_dataset/non_uang/000000264750.jpg,True
nm_000000264841,nonuang,ds11,raw_dataset/non_uang/000000264841.jpg,False
nm_000000264876,nonuang,ds11,raw_dataset/non_uang/000000264876.jpg,True
nm_000000265032,nonuang,ds11,raw_dataset/non_uang/000000265032.jpg,True
nm_000000265102,nonuang,ds11,raw_dataset/non_uang/000000265102.jpg,False
nm_000000265204,nonuang,ds11,raw_dataset/non_uang/000000265204.jpg,True
nm_000000265218,nonuang,ds11,raw_dataset/non_uang/000000265218.jpg,False
nm_000000265323,nonuang,ds11,raw_dataset/non_uang/000000265323.jpg,False
nm_000000265369,nonuang,ds11,raw_dataset/non_uang/000000265369.jpg,False
nm_000000265413,nonuang,ds11,raw_dataset/non_uang/000000265413.jpg,True
nm_000000265478,nonuang,ds11,raw_dataset/non_uang/000000265478.jpg,True
nm_000000265520,nonuang,ds11,raw_dataset/non_uang/000000265520.jpg,False
nm_000000265548,nonuang,ds11,raw_dataset/non_uang/000000265548.jpg,True
nm_000000265720,nonuang,ds11,raw_dataset/non_uang/000000265720.jpg,True
nm_000000265732,nonuang,ds11,raw_dataset/non_uang/000000265732.jpg,False
nm_000000266006,nonuang,ds11,raw_dataset/non_uang/000000266006.jpg,True
nm_000000266085,nonuang,ds11,raw_dataset/non_uang/000000266085.jpg,True
nm_000000266096,nonuang,ds11,raw_dataset/non_uang/000000266096.jpg,True
nm_000000266216,nonuang,ds11,raw_dataset/non_uang/000000266216.jpg,True
nm_000000266416,nonuang,ds11,raw_dataset/non_uang/000000266416.jpg,True
nm_000000266485,nonuang,ds11,raw_dataset/non_uang/000000266485.jpg,False
nm_000000266553,nonuang,ds11,raw_dataset/non_uang/000000266553.jpg,True
nm_000000266650,nonuang,ds11,raw_dataset/non_uang/000000266650.jpg,True
nm_000000266733,nonuang,ds11,raw_dataset/non_uang/000000266733.jpg,True
nm_000000266762,nonuang,ds11,raw_dataset/non_uang/000000266762.jpg,False
nm_000000266849,nonuang,ds11,raw_dataset/non_uang/000000266849.jpg,False
nm_000000267060,nonuang,ds11,raw_dataset/non_uang/000000267060.jpg,False
nm_000000267171,nonuang,ds11,raw_dataset/non_uang/000000267171.jpg,True
nm_000000267288,nonuang,ds11,raw_dataset/non_uang/000000267288.jpg,True
nm_000000267358,nonuang,ds11,raw_dataset/non_uang/000000267358.jpg,False
nm_000000267413,nonuang,ds11,raw_dataset/non_uang/000000267413.jpg,True
nm_000000267483,nonuang,ds11,raw_dataset/non_uang/000000267483.jpg,False
nm_000000267509,nonuang,ds11,raw_dataset/non_uang/000000267509.jpg,True
nm_000000267679,nonuang,ds11,raw_dataset/non_uang/000000267679.jpg,True
nm_000000267740,nonuang,ds11,raw_dataset/non_uang/000000267740.jpg,True
nm_000000267869,nonuang,ds11,raw_dataset/non_uang/000000267869.jpg,True
nm_000000267914,nonuang,ds11,raw_dataset/non_uang/000000267914.jpg,True
nm_000000267924,nonuang,ds11,raw_dataset/non_uang/000000267924.jpg,True
nm_000000267939,nonuang,ds11,raw_dataset/non_uang/000000267939.jpg,False
nm_000000268001,nonuang,ds11,raw_dataset/non_uang/000000268001.jpg,False
nm_000000268160,nonuang,ds11,raw_dataset/non_uang/000000268160.jpg,True
nm_000000268263,nonuang,ds11,raw_dataset/non_uang/000000268263.jpg,False
nm_000000268286,nonuang,ds11,raw_dataset/non_uang/000000268286.jpg,True
nm_000000268338,nonuang,ds11,raw_dataset/non_uang/000000268338.jpg,False
nm_000000268362,nonuang,ds11,raw_dataset/non_uang/000000268362.jpg,True
nm_000000268401,nonuang,ds11,raw_dataset/non_uang/000000268401.jpg,True
nm_000000268524,nonuang,ds11,raw_dataset/non_uang/000000268524.jpg,True
nm_000000268588,nonuang,ds11,raw_dataset/non_uang/000000268588.jpg,True
nm_000000268597,nonuang,ds11,raw_dataset/non_uang/000000268597.jpg,False
nm_000000268732,nonuang,ds11,raw_dataset/non_uang/000000268732.jpg,True
nm_000000268791,nonuang,ds11,raw_dataset/non_uang/000000268791.jpg,False
nm_000000268858,nonuang,ds11,raw_dataset/non_uang/000000268858.jpg,True
nm_000000268908,nonuang,ds11,raw_dataset/non_uang/000000268908.jpg,False
nm_000000268932,nonuang,ds11,raw_dataset/non_uang/000000268932.jpg,True
nm_000000268945,nonuang,ds11,raw_dataset/non_uang/000000268945.jpg,False
nm_000000268975,nonuang,ds11,raw_dataset/non_uang/000000268975.jpg,True
nm_000000269025,nonuang,ds11,raw_dataset/non_uang/000000269025.jpg,True
nm_000000269041,nonuang,ds11,raw_dataset/non_uang/000000269041.jpg,True
nm_000000269067,nonuang,ds11,raw_dataset/non_uang/000000269067.jpg,True
nm_000000269117,nonuang,ds11,raw_dataset/non_uang/000000269117.jpg,True
nm_000000269165,nonuang,ds11,raw_dataset/non_uang/000000269165.jpg,True
nm_000000269286,nonuang,ds11,raw_dataset/non_uang/000000269286.jpg,False
nm_000000269324,nonuang,ds11,raw_dataset/non_uang/000000269324.jpg,False
nm_000000269326,nonuang,ds11,raw_dataset/non_uang/000000269326.jpg,True
nm_000000269345,nonuang,ds11,raw_dataset/non_uang/000000269345.jpg,True
nm_000000269415,nonuang,ds11,raw_dataset/non_uang/000000269415.jpg,True
nm_000000269509,nonuang,ds11,raw_dataset/non_uang/000000269509.jpg,True
nm_000000269729,nonuang,ds11,raw_dataset/non_uang/000000269729.jpg,True
nm_000000269940,nonuang,ds11,raw_dataset/non_uang/000000269940.jpg,True
nm_000000269941,nonuang,ds11,raw_dataset/non_uang/000000269941.jpg,True
nm_000000270002,nonuang,ds11,raw_dataset/non_uang/000000270002.jpg,True
nm_000000270145,nonuang,ds11,raw_dataset/non_uang/000000270145.jpg,True
nm_000000270187,nonuang,ds11,raw_dataset/non_uang/000000270187.jpg,True
nm_000000270242,nonuang,ds11,raw_dataset/non_uang/000000270242.jpg,True
nm_000000270349,nonuang,ds11,raw_dataset/non_uang/000000270349.jpg,False
nm_000000270352,nonuang,ds11,raw_dataset/non_uang/000000270352.jpg,True
nm_000000270378,nonuang,ds11,raw_dataset/non_uang/000000270378.jpg,False
nm_000000270415,nonuang,ds11,raw_dataset/non_uang/000000270415.jpg,True
nm_000000270540,nonuang,ds11,raw_dataset/non_uang/000000270540.jpg,False
nm_000000270675,nonuang,ds11,raw_dataset/non_uang/000000270675.jpg,True
nm_000000270685,nonuang,ds11,raw_dataset/non_uang/000000270685.jpg,False
nm_000000270712,nonuang,ds11,raw_dataset/non_uang/000000270712.jpg,False
nm_000000270931,nonuang,ds11,raw_dataset/non_uang/000000270931.jpg,True
nm_000000270941,nonuang,ds11,raw_dataset/non_uang/000000270941.jpg,True
nm_000000270965,nonuang,ds11,raw_dataset/non_uang/000000270965.jpg,True
nm_000000270978,nonuang,ds11,raw_dataset/non_uang/000000270978.jpg,True
nm_000000271036,nonuang,ds11,raw_dataset/non_uang/000000271036.jpg,False
nm_000000271062,nonuang,ds11,raw_dataset/non_uang/000000271062.jpg,False
nm_000000271104,nonuang,ds11,raw_dataset/non_uang/000000271104.jpg,True
nm_000000271197,nonuang,ds11,raw_dataset/non_uang/000000271197.jpg,True
nm_000000271220,nonuang,ds11,raw_dataset/non_uang/000000271220.jpg,True
nm_000000271232,nonuang,ds11,raw_dataset/non_uang/000000271232.jpg,True
nm_000000271233,nonuang,ds11,raw_dataset/non_uang/000000271233.jpg,True
nm_000000271354,nonuang,ds11,raw_dataset/non_uang/000000271354.jpg,True
nm_000000271783,nonuang,ds11,raw_dataset/non_uang/000000271783.jpg,True
nm_000000271826,nonuang,ds11,raw_dataset/non_uang/000000271826.jpg,True
nm_000000271858,nonuang,ds11,raw_dataset/non_uang/000000271858.jpg,False
nm_000000272107,nonuang,ds11,raw_dataset/non_uang/000000272107.jpg,True
nm_000000272144,nonuang,ds11,raw_dataset/non_uang/000000272144.jpg,True
nm_000000272163,nonuang,ds11,raw_dataset/non_uang/000000272163.jpg,True
nm_000000272168,nonuang,ds11,raw_dataset/non_uang/000000272168.jpg,True
nm_000000272226,nonuang,ds11,raw_dataset/non_uang/000000272226.jpg,True
nm_000000272303,nonuang,ds11,raw_dataset/non_uang/000000272303.jpg,False
nm_000000272338,nonuang,ds11,raw_dataset/non_uang/000000272338.jpg,True
nm_000000272625,nonuang,ds11,raw_dataset/non_uang/000000272625.jpg,False
nm_000000272637,nonuang,ds11,raw_dataset/non_uang/000000272637.jpg,False
nm_000000272819,nonuang,ds11,raw_dataset/non_uang/000000272819.jpg,False
nm_000000272829,nonuang,ds11,raw_dataset/non_uang/000000272829.jpg,True
nm_000000272849,nonuang,ds11,raw_dataset/non_uang/000000272849.jpg,True
nm_000000272922,nonuang,ds11,raw_dataset/non_uang/000000272922.jpg,True
nm_000000272983,nonuang,ds11,raw_dataset/non_uang/000000272983.jpg,False
nm_000000273021,nonuang,ds11,raw_dataset/non_uang/000000273021.jpg,False
nm_000000273177,nonuang,ds11,raw_dataset/non_uang/000000273177.jpg,True
nm_000000273472,nonuang,ds11,raw_dataset/non_uang/000000273472.jpg,True
nm_000000273690,nonuang,ds11,raw_dataset/non_uang/000000273690.jpg,False
nm_000000273720,nonuang,ds11,raw_dataset/non_uang/000000273720.jpg,False
nm_000000273727,nonuang,ds11,raw_dataset/non_uang/000000273727.jpg,True
nm_000000273741,nonuang,ds11,raw_dataset/non_uang/000000273741.jpg,False
nm_000000273807,nonuang,ds11,raw_dataset/non_uang/000000273807.jpg,False
nm_000000273861,nonuang,ds11,raw_dataset/non_uang/000000273861.jpg,True
nm_000000273882,nonuang,ds11,raw_dataset/non_uang/000000273882.jpg,True
nm_000000273903,nonuang,ds11,raw_dataset/non_uang/000000273903.jpg,False
nm_000000274030,nonuang,ds11,raw_dataset/non_uang/000000274030.jpg,True
nm_000000274164,nonuang,ds11,raw_dataset/non_uang/000000274164.jpg,False
nm_000000274166,nonuang,ds11,raw_dataset/non_uang/000000274166.jpg,False
nm_000000274206,nonuang,ds11,raw_dataset/non_uang/000000274206.jpg,False
nm_000000274207,nonuang,ds11,raw_dataset/non_uang/000000274207.jpg,True
nm_000000274290,nonuang,ds11,raw_dataset/non_uang/000000274290.jpg,False
nm_000000274405,nonuang,ds11,raw_dataset/non_uang/000000274405.jpg,False
nm_000000274428,nonuang,ds11,raw_dataset/non_uang/000000274428.jpg,False
nm_000000274447,nonuang,ds11,raw_dataset/non_uang/000000274447.jpg,False
nm_000000274500,nonuang,ds11,raw_dataset/non_uang/000000274500.jpg,True
nm_000000274512,nonuang,ds11,raw_dataset/non_uang/000000274512.jpg,False
nm_000000274650,nonuang,ds11,raw_dataset/non_uang/000000274650.jpg,True
nm_000000274669,nonuang,ds11,raw_dataset/non_uang/000000274669.jpg,False
nm_000000274838,nonuang,ds11,raw_dataset/non_uang/000000274838.jpg,True
nm_000000274930,nonuang,ds11,raw_dataset/non_uang/000000274930.jpg,True
nm_000000275052,nonuang,ds11,raw_dataset/non_uang/000000275052.jpg,True
nm_000000275071,nonuang,ds11,raw_dataset/non_uang/000000275071.jpg,False
nm_000000275132,nonuang,ds11,raw_dataset/non_uang/000000275132.jpg,True
nm_000000275148,nonuang,ds11,raw_dataset/non_uang/000000275148.jpg,True
nm_000000275169,nonuang,ds11,raw_dataset/non_uang/000000275169.jpg,True
nm_000000275176,nonuang,ds11,raw_dataset/non_uang/000000275176.jpg,True
nm_000000275231,nonuang,ds11,raw_dataset/non_uang/000000275231.jpg,False
nm_000000275236,nonuang,ds11,raw_dataset/non_uang/000000275236.jpg,False
nm_000000275475,nonuang,ds11,raw_dataset/non_uang/000000275475.jpg,False
nm_000000275575,nonuang,ds11,raw_dataset/non_uang/000000275575.jpg,True
nm_000000275594,nonuang,ds11,raw_dataset/non_uang/000000275594.jpg,True
nm_000000275688,nonuang,ds11,raw_dataset/non_uang/000000275688.jpg,False
nm_000000275689,nonuang,ds11,raw_dataset/non_uang/000000275689.jpg,True
nm_000000275797,nonuang,ds11,raw_dataset/non_uang/000000275797.jpg,False
nm_000000275838,nonuang,ds11,raw_dataset/non_uang/000000275838.jpg,False
nm_000000275903,nonuang,ds11,raw_dataset/non_uang/000000275903.jpg,True
nm_000000275996,nonuang,ds11,raw_dataset/non_uang/000000275996.jpg,True
nm_000000276048,nonuang,ds11,raw_dataset/non_uang/000000276048.jpg,False
nm_000000276234,nonuang,ds11,raw_dataset/non_uang/000000276234.jpg,False
nm_000000276275,nonuang,ds11,raw_dataset/non_uang/000000276275.jpg,True
nm_000000276302,nonuang,ds11,raw_dataset/non_uang/000000276302.jpg,False
nm_000000276306,nonuang,ds11,raw_dataset/non_uang/000000276306.jpg,False
nm_000000276314,nonuang,ds11,raw_dataset/non_uang/000000276314.jpg,True
nm_000000276435,nonuang,ds11,raw_dataset/non_uang/000000276435.jpg,False
nm_000000276438,nonuang,ds11,raw_dataset/non_uang/000000276438.jpg,False
nm_000000276463,nonuang,ds11,raw_dataset/non_uang/000000276463.jpg,True
nm_000000276532,nonuang,ds11,raw_dataset/non_uang/000000276532.jpg,True
nm_000000276598,nonuang,ds11,raw_dataset/non_uang/000000276598.jpg,True
nm_000000276679,nonuang,ds11,raw_dataset/non_uang/000000276679.jpg,False
nm_000000276695,nonuang,ds11,raw_dataset/non_uang/000000276695.jpg,True
nm_000000276764,nonuang,ds11,raw_dataset/non_uang/000000276764.jpg,False
nm_000000276867,nonuang,ds11,raw_dataset/non_uang/000000276867.jpg,True
nm_000000276891,nonuang,ds11,raw_dataset/non_uang/000000276891.jpg,False
nm_000000276920,nonuang,ds11,raw_dataset/non_uang/000000276920.jpg,True
nm_000000276980,nonuang,ds11,raw_dataset/non_uang/000000276980.jpg,True
nm_000000277060,nonuang,ds11,raw_dataset/non_uang/000000277060.jpg,True
nm_000000277119,nonuang,ds11,raw_dataset/non_uang/000000277119.jpg,True
nm_000000277377,nonuang,ds11,raw_dataset/non_uang/000000277377.jpg,True
nm_000000277457,nonuang,ds11,raw_dataset/non_uang/000000277457.jpg,True
nm_000000277458,nonuang,ds11,raw_dataset/non_uang/000000277458.jpg,True
nm_000000277476,nonuang,ds11,raw_dataset/non_uang/000000277476.jpg,True
nm_000000277644,nonuang,ds11,raw_dataset/non_uang/000000277644.jpg,True
nm_000000277690,nonuang,ds11,raw_dataset/non_uang/000000277690.jpg,True
nm_000000277745,nonuang,ds11,raw_dataset/non_uang/000000277745.jpg,False
nm_000000277774,nonuang,ds11,raw_dataset/non_uang/000000277774.jpg,True
nm_000000277963,nonuang,ds11,raw_dataset/non_uang/000000277963.jpg,True
nm_000000278072,nonuang,ds11,raw_dataset/non_uang/000000278072.jpg,False
nm_000000278105,nonuang,ds11,raw_dataset/non_uang/000000278105.jpg,True
nm_000000278225,nonuang,ds11,raw_dataset/non_uang/000000278225.jpg,True
nm_000000278407,nonuang,ds11,raw_dataset/non_uang/000000278407.jpg,True
nm_000000278458,nonuang,ds11,raw_dataset/non_uang/000000278458.jpg,False
nm_000000278586,nonuang,ds11,raw_dataset/non_uang/000000278586.jpg,True
nm_000000278596,nonuang,ds11,raw_dataset/non_uang/000000278596.jpg,True
nm_000000278679,nonuang,ds11,raw_dataset/non_uang/000000278679.jpg,False
nm_000000278792,nonuang,ds11,raw_dataset/non_uang/000000278792.jpg,True
nm_000000278807,nonuang,ds11,raw_dataset/non_uang/000000278807.jpg,True
nm_000000278818,nonuang,ds11,raw_dataset/non_uang/000000278818.jpg,True
nm_000000278881,nonuang,ds11,raw_dataset/non_uang/000000278881.jpg,False
nm_000000278950,nonuang,ds11,raw_dataset/non_uang/000000278950.jpg,False
nm_000000278976,nonuang,ds11,raw_dataset/non_uang/000000278976.jpg,True
nm_000000279029,nonuang,ds11,raw_dataset/non_uang/000000279029.jpg,True
nm_000000279037,nonuang,ds11,raw_dataset/non_uang/000000279037.jpg,True
nm_000000279039,nonuang,ds11,raw_dataset/non_uang/000000279039.jpg,False
nm_000000279072,nonuang,ds11,raw_dataset/non_uang/000000279072.jpg,False
nm_000000279143,nonuang,ds11,raw_dataset/non_uang/000000279143.jpg,True
nm_000000279274,nonuang,ds11,raw_dataset/non_uang/000000279274.jpg,True
nm_000000279293,nonuang,ds11,raw_dataset/non_uang/000000279293.jpg,True
nm_000000279351,nonuang,ds11,raw_dataset/non_uang/000000279351.jpg,True
nm_000000279381,nonuang,ds11,raw_dataset/non_uang/000000279381.jpg,True
nm_000000279414,nonuang,ds11,raw_dataset/non_uang/000000279414.jpg,False
nm_000000279481,nonuang,ds11,raw_dataset/non_uang/000000279481.jpg,False
nm_000000279613,nonuang,ds11,raw_dataset/non_uang/000000279613.jpg,False
nm_000000279702,nonuang,ds11,raw_dataset/non_uang/000000279702.jpg,False
nm_000000279709,nonuang,ds11,raw_dataset/non_uang/000000279709.jpg,False
nm_000000279779,nonuang,ds11,raw_dataset/non_uang/000000279779.jpg,False
nm_000000279912,nonuang,ds11,raw_dataset/non_uang/000000279912.jpg,True
nm_000000280000,nonuang,ds11,raw_dataset/non_uang/000000280000.jpg,False
nm_000000280091,nonuang,ds11,raw_dataset/non_uang/000000280091.jpg,True
nm_000000280116,nonuang,ds11,raw_dataset/non_uang/000000280116.jpg,True
nm_000000280362,nonuang,ds11,raw_dataset/non_uang/000000280362.jpg,True
nm_000000280444,nonuang,ds11,raw_dataset/non_uang/000000280444.jpg,False
nm_000000280519,nonuang,ds11,raw_dataset/non_uang/000000280519.jpg,False
nm_000000280531,nonuang,ds11,raw_dataset/non_uang/000000280531.jpg,True
nm_000000280538,nonuang,ds11,raw_dataset/non_uang/000000280538.jpg,True
nm_000000280611,nonuang,ds11,raw_dataset/non_uang/000000280611.jpg,True
nm_000000280624,nonuang,ds11,raw_dataset/non_uang/000000280624.jpg,False
nm_000000280689,nonuang,ds11,raw_dataset/non_uang/000000280689.jpg,False
nm_000000280698,nonuang,ds11,raw_dataset/non_uang/000000280698.jpg,False
nm_000000280735,nonuang,ds11,raw_dataset/non_uang/000000280735.jpg,False
nm_000000280757,nonuang,ds11,raw_dataset/non_uang/000000280757.jpg,True
nm_000000280796,nonuang,ds11,raw_dataset/non_uang/000000280796.jpg,True
nm_000000281116,nonuang,ds11,raw_dataset/non_uang/000000281116.jpg,False
nm_000000281209,nonuang,ds11,raw_dataset/non_uang/000000281209.jpg,False
nm_000000281240,nonuang,ds11,raw_dataset/non_uang/000000281240.jpg,True
nm_000000281252,nonuang,ds11,raw_dataset/non_uang/000000281252.jpg,False
nm_000000281256,nonuang,ds11,raw_dataset/non_uang/000000281256.jpg,True
nm_000000281342,nonuang,ds11,raw_dataset/non_uang/000000281342.jpg,True
nm_000000281417,nonuang,ds11,raw_dataset/non_uang/000000281417.jpg,False
nm_000000281459,nonuang,ds11,raw_dataset/non_uang/000000281459.jpg,False
nm_000000281485,nonuang,ds11,raw_dataset/non_uang/000000281485.jpg,False
nm_000000281509,nonuang,ds11,raw_dataset/non_uang/000000281509.jpg,True
nm_000000281566,nonuang,ds11,raw_dataset/non_uang/000000281566.jpg,False
nm_000000281589,nonuang,ds11,raw_dataset/non_uang/000000281589.jpg,False
nm_000000281611,nonuang,ds11,raw_dataset/non_uang/000000281611.jpg,False
nm_000000281639,nonuang,ds11,raw_dataset/non_uang/000000281639.jpg,False
nm_000000281778,nonuang,ds11,raw_dataset/non_uang/000000281778.jpg,True
nm_000000281856,nonuang,ds11,raw_dataset/non_uang/000000281856.jpg,True
nm_000000281971,nonuang,ds11,raw_dataset/non_uang/000000281971.jpg,True
nm_000000282079,nonuang,ds11,raw_dataset/non_uang/000000282079.jpg,True
nm_000000282278,nonuang,ds11,raw_dataset/non_uang/000000282278.jpg,False
nm_000000282414,nonuang,ds11,raw_dataset/non_uang/000000282414.jpg,True
nm_000000282488,nonuang,ds11,raw_dataset/non_uang/000000282488.jpg,False
nm_000000282513,nonuang,ds11,raw_dataset/non_uang/000000282513.jpg,True
nm_000000282584,nonuang,ds11,raw_dataset/non_uang/000000282584.jpg,True
nm_000000282606,nonuang,ds11,raw_dataset/non_uang/000000282606.jpg,True
nm_000000282726,nonuang,ds11,raw_dataset/non_uang/000000282726.jpg,False
nm_000000282751,nonuang,ds11,raw_dataset/non_uang/000000282751.jpg,True
nm_000000283034,nonuang,ds11,raw_dataset/non_uang/000000283034.jpg,False
nm_000000283077,nonuang,ds11,raw_dataset/non_uang/000000283077.jpg,True
nm_000000283149,nonuang,ds11,raw_dataset/non_uang/000000283149.jpg,True
nm_000000283165,nonuang,ds11,raw_dataset/non_uang/000000283165.jpg,True
nm_000000283176,nonuang,ds11,raw_dataset/non_uang/000000283176.jpg,True
nm_000000283205,nonuang,ds11,raw_dataset/non_uang/000000283205.jpg,True
nm_000000283214,nonuang,ds11,raw_dataset/non_uang/000000283214.jpg,True
nm_000000283219,nonuang,ds11,raw_dataset/non_uang/000000283219.jpg,False
nm_000000283243,nonuang,ds11,raw_dataset/non_uang/000000283243.jpg,False
nm_000000283262,nonuang,ds11,raw_dataset/non_uang/000000283262.jpg,True
nm_000000283335,nonuang,ds11,raw_dataset/non_uang/000000283335.jpg,True
nm_000000283366,nonuang,ds11,raw_dataset/non_uang/000000283366.jpg,True
nm_000000283413,nonuang,ds11,raw_dataset/non_uang/000000283413.jpg,False
nm_000000283544,nonuang,ds11,raw_dataset/non_uang/000000283544.jpg,False
nm_000000283699,nonuang,ds11,raw_dataset/non_uang/000000283699.jpg,False
nm_000000283742,nonuang,ds11,raw_dataset/non_uang/000000283742.jpg,False
nm_000000283802,nonuang,ds11,raw_dataset/non_uang/000000283802.jpg,False
nm_000000284216,nonuang,ds11,raw_dataset/non_uang/000000284216.jpg,True
nm_000000284356,nonuang,ds11,raw_dataset/non_uang/000000284356.jpg,True
nm_000000284387,nonuang,ds11,raw_dataset/non_uang/000000284387.jpg,True
nm_000000284429,nonuang,ds11,raw_dataset/non_uang/000000284429.jpg,True
nm_000000284438,nonuang,ds11,raw_dataset/non_uang/000000284438.jpg,True
nm_000000284467,nonuang,ds11,raw_dataset/non_uang/000000284467.jpg,True
nm_000000284618,nonuang,ds11,raw_dataset/non_uang/000000284618.jpg,True
nm_000000284660,nonuang,ds11,raw_dataset/non_uang/000000284660.jpg,True
nm_000000284719,nonuang,ds11,raw_dataset/non_uang/000000284719.jpg,False
nm_000000284750,nonuang,ds11,raw_dataset/non_uang/000000284750.jpg,True
nm_000000284804,nonuang,ds11,raw_dataset/non_uang/000000284804.jpg,True
nm_000000284808,nonuang,ds11,raw_dataset/non_uang/000000284808.jpg,False
nm_000000284815,nonuang,ds11,raw_dataset/non_uang/000000284815.jpg,True
nm_000000284998,nonuang,ds11,raw_dataset/non_uang/000000284998.jpg,False
nm_000000285036,nonuang,ds11,raw_dataset/non_uang/000000285036.jpg,True
nm_000000285111,nonuang,ds11,raw_dataset/non_uang/000000285111.jpg,False
nm_000000285166,nonuang,ds11,raw_dataset/non_uang/000000285166.jpg,True
nm_000000285310,nonuang,ds11,raw_dataset/non_uang/000000285310.jpg,False
nm_000000285319,nonuang,ds11,raw_dataset/non_uang/000000285319.jpg,False
nm_000000285335,nonuang,ds11,raw_dataset/non_uang/000000285335.jpg,True
nm_000000285391,nonuang,ds11,raw_dataset/non_uang/000000285391.jpg,False
nm_000000285423,nonuang,ds11,raw_dataset/non_uang/000000285423.jpg,True
nm_000000285447,nonuang,ds11,raw_dataset/non_uang/000000285447.jpg,False
nm_000000285576,nonuang,ds11,raw_dataset/non_uang/000000285576.jpg,True
nm_000000285591,nonuang,ds11,raw_dataset/non_uang/000000285591.jpg,True
nm_000000285772,nonuang,ds11,raw_dataset/non_uang/000000285772.jpg,False
nm_000000285902,nonuang,ds11,raw_dataset/non_uang/000000285902.jpg,False
nm_000000286038,nonuang,ds11,raw_dataset/non_uang/000000286038.jpg,False
nm_000000286111,nonuang,ds11,raw_dataset/non_uang/000000286111.jpg,False
nm_000000286121,nonuang,ds11,raw_dataset/non_uang/000000286121.jpg,False
nm_000000286177,nonuang,ds11,raw_dataset/non_uang/000000286177.jpg,True
nm_000000286383,nonuang,ds11,raw_dataset/non_uang/000000286383.jpg,True
nm_000000286408,nonuang,ds11,raw_dataset/non_uang/000000286408.jpg,True
nm_000000286463,nonuang,ds11,raw_dataset/non_uang/000000286463.jpg,True
nm_000000286631,nonuang,ds11,raw_dataset/non_uang/000000286631.jpg,False
nm_000000286655,nonuang,ds11,raw_dataset/non_uang/000000286655.jpg,True
nm_000000286657,nonuang,ds11,raw_dataset/non_uang/000000286657.jpg,True
nm_000000286709,nonuang,ds11,raw_dataset/non_uang/000000286709.jpg,False
nm_000000286721,nonuang,ds11,raw_dataset/non_uang/000000286721.jpg,True
nm_000000286749,nonuang,ds11,raw_dataset/non_uang/000000286749.jpg,True
nm_000000286750,nonuang,ds11,raw_dataset/non_uang/000000286750.jpg,True
nm_000000286755,nonuang,ds11,raw_dataset/non_uang/000000286755.jpg,False
nm_000000286790,nonuang,ds11,raw_dataset/non_uang/000000286790.jpg,True
nm_000000286843,nonuang,ds11,raw_dataset/non_uang/000000286843.jpg,True
nm_000000286851,nonuang,ds11,raw_dataset/non_uang/000000286851.jpg,True
nm_000000286867,nonuang,ds11,raw_dataset/non_uang/000000286867.jpg,False
nm_000000286946,nonuang,ds11,raw_dataset/non_uang/000000286946.jpg,True
nm_000000287060,nonuang,ds11,raw_dataset/non_uang/000000287060.jpg,False
nm_000000287138,nonuang,ds11,raw_dataset/non_uang/000000287138.jpg,True
nm_000000287179,nonuang,ds11,raw_dataset/non_uang/000000287179.jpg,True
nm_000000287480,nonuang,ds11,raw_dataset/non_uang/000000287480.jpg,False
nm_000000287625,nonuang,ds11,raw_dataset/non_uang/000000287625.jpg,True
nm_000000287750,nonuang,ds11,raw_dataset/non_uang/000000287750.jpg,True
nm_000000287943,nonuang,ds11,raw_dataset/non_uang/000000287943.jpg,True
nm_000000287948,nonuang,ds11,raw_dataset/non_uang/000000287948.jpg,False
nm_000000288083,nonuang,ds11,raw_dataset/non_uang/000000288083.jpg,False
nm_000000288125,nonuang,ds11,raw_dataset/non_uang/000000288125.jpg,False
nm_000000288191,nonuang,ds11,raw_dataset/non_uang/000000288191.jpg,True
nm_000000288261,nonuang,ds11,raw_dataset/non_uang/000000288261.jpg,False
nm_000000288279,nonuang,ds11,raw_dataset/non_uang/000000288279.jpg,False
nm_000000288388,nonuang,ds11,raw_dataset/non_uang/000000288388.jpg,False
nm_000000288511,nonuang,ds11,raw_dataset/non_uang/000000288511.jpg,True
nm_000000288572,nonuang,ds11,raw_dataset/non_uang/000000288572.jpg,True
nm_000000288604,nonuang,ds11,raw_dataset/non_uang/000000288604.jpg,True
nm_000000288641,nonuang,ds11,raw_dataset/non_uang/000000288641.jpg,True
nm_000000288647,nonuang,ds11,raw_dataset/non_uang/000000288647.jpg,True
nm_000000288689,nonuang,ds11,raw_dataset/non_uang/000000288689.jpg,True
nm_000000288754,nonuang,ds11,raw_dataset/non_uang/000000288754.jpg,True
nm_000000288760,nonuang,ds11,raw_dataset/non_uang/000000288760.jpg,True
nm_000000288869,nonuang,ds11,raw_dataset/non_uang/000000288869.jpg,True
nm_000000288888,nonuang,ds11,raw_dataset/non_uang/000000288888.jpg,False
nm_000000288892,nonuang,ds11,raw_dataset/non_uang/000000288892.jpg,True
nm_000000288895,nonuang,ds11,raw_dataset/non_uang/000000288895.jpg,True
nm_000000288915,nonuang,ds11,raw_dataset/non_uang/000000288915.jpg,True
nm_000000288990,nonuang,ds11,raw_dataset/non_uang/000000288990.jpg,False
nm_000000289018,nonuang,ds11,raw_dataset/non_uang/000000289018.jpg,True
nm_000000289062,nonuang,ds11,raw_dataset/non_uang/000000289062.jpg,True
nm_000000289181,nonuang,ds11,raw_dataset/non_uang/000000289181.jpg,True
nm_000000289299,nonuang,ds11,raw_dataset/non_uang/000000289299.jpg,False
nm_000000289376,nonuang,ds11,raw_dataset/non_uang/000000289376.jpg,True
nm_000000289457,nonuang,ds11,raw_dataset/non_uang/000000289457.jpg,True
nm_000000289493,nonuang,ds11,raw_dataset/non_uang/000000289493.jpg,False
nm_000000289687,nonuang,ds11,raw_dataset/non_uang/000000289687.jpg,True
nm_000000289762,nonuang,ds11,raw_dataset/non_uang/000000289762.jpg,True
nm_000000289841,nonuang,ds11,raw_dataset/non_uang/000000289841.jpg,True
nm_000000289863,nonuang,ds11,raw_dataset/non_uang/000000289863.jpg,True
nm_000000289977,nonuang,ds11,raw_dataset/non_uang/000000289977.jpg,True
nm_000000290046,nonuang,ds11,raw_dataset/non_uang/000000290046.jpg,False
nm_000000290090,nonuang,ds11,raw_dataset/non_uang/000000290090.jpg,True
nm_000000290164,nonuang,ds11,raw_dataset/non_uang/000000290164.jpg,True
nm_000000290187,nonuang,ds11,raw_dataset/non_uang/000000290187.jpg,False
nm_000000290190,nonuang,ds11,raw_dataset/non_uang/000000290190.jpg,False
nm_000000290249,nonuang,ds11,raw_dataset/non_uang/000000290249.jpg,True
nm_000000290302,nonuang,ds11,raw_dataset/non_uang/000000290302.jpg,True
nm_000000290479,nonuang,ds11,raw_dataset/non_uang/000000290479.jpg,False
nm_000000290510,nonuang,ds11,raw_dataset/non_uang/000000290510.jpg,True
nm_000000290534,nonuang,ds11,raw_dataset/non_uang/000000290534.jpg,False
nm_000000290557,nonuang,ds11,raw_dataset/non_uang/000000290557.jpg,True
nm_000000290580,nonuang,ds11,raw_dataset/non_uang/000000290580.jpg,True
nm_000000290649,nonuang,ds11,raw_dataset/non_uang/000000290649.jpg,True
nm_000000290738,nonuang,ds11,raw_dataset/non_uang/000000290738.jpg,True
nm_000000290844,nonuang,ds11,raw_dataset/non_uang/000000290844.jpg,True
nm_000000290904,nonuang,ds11,raw_dataset/non_uang/000000290904.jpg,False
nm_000000291060,nonuang,ds11,raw_dataset/non_uang/000000291060.jpg,False
nm_000000291147,nonuang,ds11,raw_dataset/non_uang/000000291147.jpg,True
nm_000000291205,nonuang,ds11,raw_dataset/non_uang/000000291205.jpg,True
nm_000000291254,nonuang,ds11,raw_dataset/non_uang/000000291254.jpg,True
nm_000000291314,nonuang,ds11,raw_dataset/non_uang/000000291314.jpg,True
nm_000000291398,nonuang,ds11,raw_dataset/non_uang/000000291398.jpg,True
nm_000000291670,nonuang,ds11,raw_dataset/non_uang/000000291670.jpg,False
nm_000000291706,nonuang,ds11,raw_dataset/non_uang/000000291706.jpg,True
nm_000000291731,nonuang,ds11,raw_dataset/non_uang/000000291731.jpg,True
nm_000000291802,nonuang,ds11,raw_dataset/non_uang/000000291802.jpg,False
nm_000000291848,nonuang,ds11,raw_dataset/non_uang/000000291848.jpg,True
nm_000000291874,nonuang,ds11,raw_dataset/non_uang/000000291874.jpg,True
nm_000000292039,nonuang,ds11,raw_dataset/non_uang/000000292039.jpg,True
nm_000000292089,nonuang,ds11,raw_dataset/non_uang/000000292089.jpg,True
nm_000000292234,nonuang,ds11,raw_dataset/non_uang/000000292234.jpg,False
nm_000000292393,nonuang,ds11,raw_dataset/non_uang/000000292393.jpg,False
nm_000000292420,nonuang,ds11,raw_dataset/non_uang/000000292420.jpg,True
nm_000000292423,nonuang,ds11,raw_dataset/non_uang/000000292423.jpg,True
nm_000000292503,nonuang,ds11,raw_dataset/non_uang/000000292503.jpg,False
nm_000000292565,nonuang,ds11,raw_dataset/non_uang/000000292565.jpg,True
nm_000000292593,nonuang,ds11,raw_dataset/non_uang/000000292593.jpg,True
nm_000000292682,nonuang,ds11,raw_dataset/non_uang/000000292682.jpg,False
nm_000000292784,nonuang,ds11,raw_dataset/non_uang/000000292784.jpg,True
nm_000000292894,nonuang,ds11,raw_dataset/non_uang/000000292894.jpg,True
nm_000000292952,nonuang,ds11,raw_dataset/non_uang/000000292952.jpg,False
nm_000000292960,nonuang,ds11,raw_dataset/non_uang/000000292960.jpg,True
nm_000000292987,nonuang,ds11,raw_dataset/non_uang/000000292987.jpg,False
nm_000000293129,nonuang,ds11,raw_dataset/non_uang/000000293129.jpg,True
nm_000000293131,nonuang,ds11,raw_dataset/non_uang/000000293131.jpg,True
nm_000000293199,nonuang,ds11,raw_dataset/non_uang/000000293199.jpg,True
nm_000000293399,nonuang,ds11,raw_dataset/non_uang/000000293399.jpg,False
nm_000000293455,nonuang,ds11,raw_dataset/non_uang/000000293455.jpg,False
nm_000000293459,nonuang,ds11,raw_dataset/non_uang/000000293459.jpg,True
nm_000000293472,nonuang,ds11,raw_dataset/non_uang/000000293472.jpg,True
nm_000000293521,nonuang,ds11,raw_dataset/non_uang/000000293521.jpg,False
nm_000000293711,nonuang,ds11,raw_dataset/non_uang/000000293711.jpg,False
nm_000000293746,nonuang,ds11,raw_dataset/non_uang/000000293746.jpg,True
nm_000000293758,nonuang,ds11,raw_dataset/non_uang/000000293758.jpg,False
nm_000000293775,nonuang,ds11,raw_dataset/non_uang/000000293775.jpg,True
nm_000000293826,nonuang,ds11,raw_dataset/non_uang/000000293826.jpg,True
nm_000000293850,nonuang,ds11,raw_dataset/non_uang/000000293850.jpg,False
nm_000000293861,nonuang,ds11,raw_dataset/non_uang/000000293861.jpg,True
nm_000000293887,nonuang,ds11,raw_dataset/non_uang/000000293887.jpg,True
nm_000000293902,nonuang,ds11,raw_dataset/non_uang/000000293902.jpg,True
nm_000000293943,nonuang,ds11,raw_dataset/non_uang/000000293943.jpg,True
nm_000000294038,nonuang,ds11,raw_dataset/non_uang/000000294038.jpg,False
nm_000000294129,nonuang,ds11,raw_dataset/non_uang/000000294129.jpg,True
nm_000000294166,nonuang,ds11,raw_dataset/non_uang/000000294166.jpg,True
nm_000000294336,nonuang,ds11,raw_dataset/non_uang/000000294336.jpg,False
nm_000000294357,nonuang,ds11,raw_dataset/non_uang/000000294357.jpg,True
nm_000000294368,nonuang,ds11,raw_dataset/non_uang/000000294368.jpg,False
nm_000000294375,nonuang,ds11,raw_dataset/non_uang/000000294375.jpg,True
nm_000000294433,nonuang,ds11,raw_dataset/non_uang/000000294433.jpg,False
nm_000000294501,nonuang,ds11,raw_dataset/non_uang/000000294501.jpg,False
nm_000000294613,nonuang,ds11,raw_dataset/non_uang/000000294613.jpg,True
nm_000000294759,nonuang,ds11,raw_dataset/non_uang/000000294759.jpg,True
nm_000000294868,nonuang,ds11,raw_dataset/non_uang/000000294868.jpg,True
nm_000000294981,nonuang,ds11,raw_dataset/non_uang/000000294981.jpg,True
nm_000000295030,nonuang,ds11,raw_dataset/non_uang/000000295030.jpg,False
nm_000000295191,nonuang,ds11,raw_dataset/non_uang/000000295191.jpg,True
nm_000000295273,nonuang,ds11,raw_dataset/non_uang/000000295273.jpg,True
nm_000000295307,nonuang,ds11,raw_dataset/non_uang/000000295307.jpg,False
nm_000000295466,nonuang,ds11,raw_dataset/non_uang/000000295466.jpg,True
nm_000000295635,nonuang,ds11,raw_dataset/non_uang/000000295635.jpg,True
nm_000000295722,nonuang,ds11,raw_dataset/non_uang/000000295722.jpg,False
nm_000000295771,nonuang,ds11,raw_dataset/non_uang/000000295771.jpg,False
nm_000000295826,nonuang,ds11,raw_dataset/non_uang/000000295826.jpg,False
nm_000000295833,nonuang,ds11,raw_dataset/non_uang/000000295833.jpg,True
nm_000000295846,nonuang,ds11,raw_dataset/non_uang/000000295846.jpg,True
nm_000000295934,nonuang,ds11,raw_dataset/non_uang/000000295934.jpg,True
nm_000000295938,nonuang,ds11,raw_dataset/non_uang/000000295938.jpg,True
nm_000000295942,nonuang,ds11,raw_dataset/non_uang/000000295942.jpg,True
nm_000000296026,nonuang,ds11,raw_dataset/non_uang/000000296026.jpg,False
nm_000000296107,nonuang,ds11,raw_dataset/non_uang/000000296107.jpg,True
nm_000000296124,nonuang,ds11,raw_dataset/non_uang/000000296124.jpg,False
nm_000000296380,nonuang,ds11,raw_dataset/non_uang/000000296380.jpg,True
nm_000000296442,nonuang,ds11,raw_dataset/non_uang/000000296442.jpg,True
nm_000000296674,nonuang,ds11,raw_dataset/non_uang/000000296674.jpg,False
nm_000000296687,nonuang,ds11,raw_dataset/non_uang/000000296687.jpg,False
nm_000000296784,nonuang,ds11,raw_dataset/non_uang/000000296784.jpg,False
nm_000000296795,nonuang,ds11,raw_dataset/non_uang/000000296795.jpg,True
nm_000000296937,nonuang,ds11,raw_dataset/non_uang/000000296937.jpg,True
nm_000000297006,nonuang,ds11,raw_dataset/non_uang/000000297006.jpg,True
nm_000000297062,nonuang,ds11,raw_dataset/non_uang/000000297062.jpg,False
nm_000000297080,nonuang,ds11,raw_dataset/non_uang/000000297080.jpg,True
nm_000000297215,nonuang,ds11,raw_dataset/non_uang/000000297215.jpg,True
nm_000000297240,nonuang,ds11,raw_dataset/non_uang/000000297240.jpg,False
nm_000000297454,nonuang,ds11,raw_dataset/non_uang/000000297454.jpg,True
nm_000000297480,nonuang,ds11,raw_dataset/non_uang/000000297480.jpg,True
nm_000000297822,nonuang,ds11,raw_dataset/non_uang/000000297822.jpg,True
nm_000000298053,nonuang,ds11,raw_dataset/non_uang/000000298053.jpg,False
nm_000000298056,nonuang,ds11,raw_dataset/non_uang/000000298056.jpg,True
nm_000000298078,nonuang,ds11,raw_dataset/non_uang/000000298078.jpg,False
nm_000000298255,nonuang,ds11,raw_dataset/non_uang/000000298255.jpg,False
nm_000000298333,nonuang,ds11,raw_dataset/non_uang/000000298333.jpg,True
nm_000000298385,nonuang,ds11,raw_dataset/non_uang/000000298385.jpg,True
nm_000000298506,nonuang,ds11,raw_dataset/non_uang/000000298506.jpg,True
nm_000000298638,nonuang,ds11,raw_dataset/non_uang/000000298638.jpg,True
nm_000000298659,nonuang,ds11,raw_dataset/non_uang/000000298659.jpg,True
nm_000000298719,nonuang,ds11,raw_dataset/non_uang/000000298719.jpg,False
nm_000000298873,nonuang,ds11,raw_dataset/non_uang/000000298873.jpg,True
nm_000000298925,nonuang,ds11,raw_dataset/non_uang/000000298925.jpg,False
nm_000000298971,nonuang,ds11,raw_dataset/non_uang/000000298971.jpg,True
nm_000000299078,nonuang,ds11,raw_dataset/non_uang/000000299078.jpg,True
nm_000000299088,nonuang,ds11,raw_dataset/non_uang/000000299088.jpg,False
nm_000000299139,nonuang,ds11,raw_dataset/non_uang/000000299139.jpg,True
nm_000000299236,nonuang,ds11,raw_dataset/non_uang/000000299236.jpg,False
nm_000000299318,nonuang,ds11,raw_dataset/non_uang/000000299318.jpg,True
nm_000000299393,nonuang,ds11,raw_dataset/non_uang/000000299393.jpg,True
nm_000000299424,nonuang,ds11,raw_dataset/non_uang/000000299424.jpg,False
nm_000000299708,nonuang,ds11,raw_dataset/non_uang/000000299708.jpg,True
nm_000000299763,nonuang,ds11,raw_dataset/non_uang/000000299763.jpg,True
nm_000000299778,nonuang,ds11,raw_dataset/non_uang/000000299778.jpg,False
nm_000000299925,nonuang,ds11,raw_dataset/non_uang/000000299925.jpg,False
nm_000000299964,nonuang,ds11,raw_dataset/non_uang/000000299964.jpg,True
nm_000000299973,nonuang,ds11,raw_dataset/non_uang/000000299973.jpg,True
nm_000000299989,nonuang,ds11,raw_dataset/non_uang/000000299989.jpg,True
nm_000000300104,nonuang,ds11,raw_dataset/non_uang/000000300104.jpg,True
nm_000000300243,nonuang,ds11,raw_dataset/non_uang/000000300243.jpg,True
nm_000000300300,nonuang,ds11,raw_dataset/non_uang/000000300300.jpg,True
nm_000000300355,nonuang,ds11,raw_dataset/non_uang/000000300355.jpg,True
nm_000000300367,nonuang,ds11,raw_dataset/non_uang/000000300367.jpg,False
nm_000000300370,nonuang,ds11,raw_dataset/non_uang/000000300370.jpg,False
nm_000000300466,nonuang,ds11,raw_dataset/non_uang/000000300466.jpg,False
nm_000000300524,nonuang,ds11,raw_dataset/non_uang/000000300524.jpg,False
nm_000000300539,nonuang,ds11,raw_dataset/non_uang/000000300539.jpg,False
nm_000000300585,nonuang,ds11,raw_dataset/non_uang/000000300585.jpg,True
nm_000000300604,nonuang,ds11,raw_dataset/non_uang/000000300604.jpg,False
nm_000000300612,nonuang,ds11,raw_dataset/non_uang/000000300612.jpg,False
nm_000000300671,nonuang,ds11,raw_dataset/non_uang/000000300671.jpg,False
nm_000000300735,nonuang,ds11,raw_dataset/non_uang/000000300735.jpg,True
nm_000000300823,nonuang,ds11,raw_dataset/non_uang/000000300823.jpg,True
nm_000000300834,nonuang,ds11,raw_dataset/non_uang/000000300834.jpg,False
nm_000000300942,nonuang,ds11,raw_dataset/non_uang/000000300942.jpg,True
nm_000000300984,nonuang,ds11,raw_dataset/non_uang/000000300984.jpg,True
nm_000000301391,nonuang,ds11,raw_dataset/non_uang/000000301391.jpg,True
nm_000000301472,nonuang,ds11,raw_dataset/non_uang/000000301472.jpg,False
nm_000000301493,nonuang,ds11,raw_dataset/non_uang/000000301493.jpg,True
nm_000000301540,nonuang,ds11,raw_dataset/non_uang/000000301540.jpg,True
nm_000000301576,nonuang,ds11,raw_dataset/non_uang/000000301576.jpg,False
nm_000000301660,nonuang,ds11,raw_dataset/non_uang/000000301660.jpg,True
nm_000000301699,nonuang,ds11,raw_dataset/non_uang/000000301699.jpg,True
nm_000000301733,nonuang,ds11,raw_dataset/non_uang/000000301733.jpg,True
nm_000000301736,nonuang,ds11,raw_dataset/non_uang/000000301736.jpg,True
nm_000000301789,nonuang,ds11,raw_dataset/non_uang/000000301789.jpg,True
nm_000000301791,nonuang,ds11,raw_dataset/non_uang/000000301791.jpg,True
nm_000000301820,nonuang,ds11,raw_dataset/non_uang/000000301820.jpg,True
nm_000000301830,nonuang,ds11,raw_dataset/non_uang/000000301830.jpg,True
nm_000000301905,nonuang,ds11,raw_dataset/non_uang/000000301905.jpg,True
nm_000000301940,nonuang,ds11,raw_dataset/non_uang/000000301940.jpg,True
nm_000000302032,nonuang,ds11,raw_dataset/non_uang/000000302032.jpg,True
nm_000000302125,nonuang,ds11,raw_dataset/non_uang/000000302125.jpg,False
nm_000000302314,nonuang,ds11,raw_dataset/non_uang/000000302314.jpg,True
nm_000000302358,nonuang,ds11,raw_dataset/non_uang/000000302358.jpg,True
nm_000000302521,nonuang,ds11,raw_dataset/non_uang/000000302521.jpg,True
nm_000000302597,nonuang,ds11,raw_dataset/non_uang/000000302597.jpg,True
nm_000000302748,nonuang,ds11,raw_dataset/non_uang/000000302748.jpg,True
nm_000000302843,nonuang,ds11,raw_dataset/non_uang/000000302843.jpg,True
nm_000000302905,nonuang,ds11,raw_dataset/non_uang/000000302905.jpg,True
nm_000000302920,nonuang,ds11,raw_dataset/non_uang/000000302920.jpg,False
nm_000000303015,nonuang,ds11,raw_dataset/non_uang/000000303015.jpg,False
nm_000000303070,nonuang,ds11,raw_dataset/non_uang/000000303070.jpg,False
nm_000000303161,nonuang,ds11,raw_dataset/non_uang/000000303161.jpg,True
nm_000000303384,nonuang,ds11,raw_dataset/non_uang/000000303384.jpg,True
nm_000000303416,nonuang,ds11,raw_dataset/non_uang/000000303416.jpg,False
nm_000000303432,nonuang,ds11,raw_dataset/non_uang/000000303432.jpg,True
nm_000000303442,nonuang,ds11,raw_dataset/non_uang/000000303442.jpg,True
nm_000000303714,nonuang,ds11,raw_dataset/non_uang/000000303714.jpg,True
nm_000000303874,nonuang,ds11,raw_dataset/non_uang/000000303874.jpg,False
nm_000000303885,nonuang,ds11,raw_dataset/non_uang/000000303885.jpg,True
nm_000000303952,nonuang,ds11,raw_dataset/non_uang/000000303952.jpg,False
nm_000000304003,nonuang,ds11,raw_dataset/non_uang/000000304003.jpg,False
nm_000000304014,nonuang,ds11,raw_dataset/non_uang/000000304014.jpg,True
nm_000000304103,nonuang,ds11,raw_dataset/non_uang/000000304103.jpg,False
nm_000000304231,nonuang,ds11,raw_dataset/non_uang/000000304231.jpg,True
nm_000000304257,nonuang,ds11,raw_dataset/non_uang/000000304257.jpg,True
nm_000000304304,nonuang,ds11,raw_dataset/non_uang/000000304304.jpg,False
nm_000000304393,nonuang,ds11,raw_dataset/non_uang/000000304393.jpg,True
nm_000000304424,nonuang,ds11,raw_dataset/non_uang/000000304424.jpg,True
nm_000000304464,nonuang,ds11,raw_dataset/non_uang/000000304464.jpg,False
nm_000000304496,nonuang,ds11,raw_dataset/non_uang/000000304496.jpg,False
nm_000000304515,nonuang,ds11,raw_dataset/non_uang/000000304515.jpg,True
nm_000000304687,nonuang,ds11,raw_dataset/non_uang/000000304687.jpg,False
nm_000000304795,nonuang,ds11,raw_dataset/non_uang/000000304795.jpg,True
nm_000000304890,nonuang,ds11,raw_dataset/non_uang/000000304890.jpg,True
nm_000000304932,nonuang,ds11,raw_dataset/non_uang/000000304932.jpg,False
nm_000000305078,nonuang,ds11,raw_dataset/non_uang/000000305078.jpg,True
nm_000000305111,nonuang,ds11,raw_dataset/non_uang/000000305111.jpg,True
nm_000000305164,nonuang,ds11,raw_dataset/non_uang/000000305164.jpg,False
nm_000000305225,nonuang,ds11,raw_dataset/non_uang/000000305225.jpg,True
nm_000000305293,nonuang,ds11,raw_dataset/non_uang/000000305293.jpg,True
nm_000000305345,nonuang,ds11,raw_dataset/non_uang/000000305345.jpg,False
nm_000000305396,nonuang,ds11,raw_dataset/non_uang/000000305396.jpg,True
nm_000000305513,nonuang,ds11,raw_dataset/non_uang/000000305513.jpg,True
nm_000000305553,nonuang,ds11,raw_dataset/non_uang/000000305553.jpg,False
nm_000000305837,nonuang,ds11,raw_dataset/non_uang/000000305837.jpg,True
nm_000000305847,nonuang,ds11,raw_dataset/non_uang/000000305847.jpg,False
nm_000000305951,nonuang,ds11,raw_dataset/non_uang/000000305951.jpg,False
nm_000000305965,nonuang,ds11,raw_dataset/non_uang/000000305965.jpg,True
nm_000000306076,nonuang,ds11,raw_dataset/non_uang/000000306076.jpg,True
nm_000000306086,nonuang,ds11,raw_dataset/non_uang/000000306086.jpg,False
nm_000000306125,nonuang,ds11,raw_dataset/non_uang/000000306125.jpg,False
nm_000000306293,nonuang,ds11,raw_dataset/non_uang/000000306293.jpg,False
nm_000000306302,nonuang,ds11,raw_dataset/non_uang/000000306302.jpg,True
nm_000000306331,nonuang,ds11,raw_dataset/non_uang/000000306331.jpg,False
nm_000000306445,nonuang,ds11,raw_dataset/non_uang/000000306445.jpg,True
nm_000000306478,nonuang,ds11,raw_dataset/non_uang/000000306478.jpg,True
nm_000000306695,nonuang,ds11,raw_dataset/non_uang/000000306695.jpg,True
nm_000000306917,nonuang,ds11,raw_dataset/non_uang/000000306917.jpg,True
nm_000000306919,nonuang,ds11,raw_dataset/non_uang/000000306919.jpg,False
nm_000000306965,nonuang,ds11,raw_dataset/non_uang/000000306965.jpg,False
nm_000000307079,nonuang,ds11,raw_dataset/non_uang/000000307079.jpg,True
nm_000000307239,nonuang,ds11,raw_dataset/non_uang/000000307239.jpg,False
nm_000000307321,nonuang,ds11,raw_dataset/non_uang/000000307321.jpg,True
nm_000000307325,nonuang,ds11,raw_dataset/non_uang/000000307325.jpg,True
nm_000000307382,nonuang,ds11,raw_dataset/non_uang/000000307382.jpg,True
nm_000000307404,nonuang,ds11,raw_dataset/non_uang/000000307404.jpg,False
nm_000000307679,nonuang,ds11,raw_dataset/non_uang/000000307679.jpg,False
nm_000000307736,nonuang,ds11,raw_dataset/non_uang/000000307736.jpg,True
nm_000000307778,nonuang,ds11,raw_dataset/non_uang/000000307778.jpg,False
nm_000000307885,nonuang,ds11,raw_dataset/non_uang/000000307885.jpg,True
nm_000000307890,nonuang,ds11,raw_dataset/non_uang/000000307890.jpg,True
nm_000000307898,nonuang,ds11,raw_dataset/non_uang/000000307898.jpg,False
nm_000000307979,nonuang,ds11,raw_dataset/non_uang/000000307979.jpg,False
nm_000000308082,nonuang,ds11,raw_dataset/non_uang/000000308082.jpg,True
nm_000000308130,nonuang,ds11,raw_dataset/non_uang/000000308130.jpg,True
nm_000000308346,nonuang,ds11,raw_dataset/non_uang/000000308346.jpg,False
nm_000000308365,nonuang,ds11,raw_dataset/non_uang/000000308365.jpg,True
nm_000000308493,nonuang,ds11,raw_dataset/non_uang/000000308493.jpg,False
nm_000000308628,nonuang,ds11,raw_dataset/non_uang/000000308628.jpg,True
nm_000000308640,nonuang,ds11,raw_dataset/non_uang/000000308640.jpg,True
nm_000000308682,nonuang,ds11,raw_dataset/non_uang/000000308682.jpg,True
nm_000000308741,nonuang,ds11,raw_dataset/non_uang/000000308741.jpg,True
nm_000000308845,nonuang,ds11,raw_dataset/non_uang/000000308845.jpg,True
nm_000000308902,nonuang,ds11,raw_dataset/non_uang/000000308902.jpg,True
nm_000000308923,nonuang,ds11,raw_dataset/non_uang/000000308923.jpg,True
nm_000000308951,nonuang,ds11,raw_dataset/non_uang/000000308951.jpg,True
nm_000000308992,nonuang,ds11,raw_dataset/non_uang/000000308992.jpg,True
nm_000000309223,nonuang,ds11,raw_dataset/non_uang/000000309223.jpg,False
nm_000000309273,nonuang,ds11,raw_dataset/non_uang/000000309273.jpg,True
nm_000000309276,nonuang,ds11,raw_dataset/non_uang/000000309276.jpg,True
nm_000000309299,nonuang,ds11,raw_dataset/non_uang/000000309299.jpg,True
nm_000000309332,nonuang,ds11,raw_dataset/non_uang/000000309332.jpg,False
nm_000000309520,nonuang,ds11,raw_dataset/non_uang/000000309520.jpg,True
nm_000000309640,nonuang,ds11,raw_dataset/non_uang/000000309640.jpg,True
nm_000000309661,nonuang,ds11,raw_dataset/non_uang/000000309661.jpg,True
nm_000000309709,nonuang,ds11,raw_dataset/non_uang/000000309709.jpg,True
nm_000000309736,nonuang,ds11,raw_dataset/non_uang/000000309736.jpg,False
nm_000000309951,nonuang,ds11,raw_dataset/non_uang/000000309951.jpg,True
nm_000000310126,nonuang,ds11,raw_dataset/non_uang/000000310126.jpg,True
nm_000000310159,nonuang,ds11,raw_dataset/non_uang/000000310159.jpg,False
nm_000000310248,nonuang,ds11,raw_dataset/non_uang/000000310248.jpg,False
nm_000000310276,nonuang,ds11,raw_dataset/non_uang/000000310276.jpg,False
nm_000000310357,nonuang,ds11,raw_dataset/non_uang/000000310357.jpg,True
nm_000000310386,nonuang,ds11,raw_dataset/non_uang/000000310386.jpg,True
nm_000000310418,nonuang,ds11,raw_dataset/non_uang/000000310418.jpg,False
nm_000000310456,nonuang,ds11,raw_dataset/non_uang/000000310456.jpg,False
nm_000000310555,nonuang,ds11,raw_dataset/non_uang/000000310555.jpg,True
nm_000000310608,nonuang,ds11,raw_dataset/non_uang/000000310608.jpg,True
nm_000000310650,nonuang,ds11,raw_dataset/non_uang/000000310650.jpg,True
nm_000000310676,nonuang,ds11,raw_dataset/non_uang/000000310676.jpg,False
nm_000000310679,nonuang,ds11,raw_dataset/non_uang/000000310679.jpg,False
nm_000000310761,nonuang,ds11,raw_dataset/non_uang/000000310761.jpg,True
nm_000000310935,nonuang,ds11,raw_dataset/non_uang/000000310935.jpg,False
nm_000000311037,nonuang,ds11,raw_dataset/non_uang/000000311037.jpg,False
nm_000000311262,nonuang,ds11,raw_dataset/non_uang/000000311262.jpg,False
nm_000000311321,nonuang,ds11,raw_dataset/non_uang/000000311321.jpg,True
nm_000000311551,nonuang,ds11,raw_dataset/non_uang/000000311551.jpg,True
nm_000000311703,nonuang,ds11,raw_dataset/non_uang/000000311703.jpg,True
nm_000000311781,nonuang,ds11,raw_dataset/non_uang/000000311781.jpg,True
nm_000000311910,nonuang,ds11,raw_dataset/non_uang/000000311910.jpg,False
nm_000000312073,nonuang,ds11,raw_dataset/non_uang/000000312073.jpg,True
nm_000000312206,nonuang,ds11,raw_dataset/non_uang/000000312206.jpg,False
nm_000000312244,nonuang,ds11,raw_dataset/non_uang/000000312244.jpg,True
nm_000000312293,nonuang,ds11,raw_dataset/non_uang/000000312293.jpg,True
nm_000000312297,nonuang,ds11,raw_dataset/non_uang/000000312297.jpg,True
nm_000000312409,nonuang,ds11,raw_dataset/non_uang/000000312409.jpg,False
nm_000000312426,nonuang,ds11,raw_dataset/non_uang/000000312426.jpg,True
nm_000000312448,nonuang,ds11,raw_dataset/non_uang/000000312448.jpg,True
nm_000000312526,nonuang,ds11,raw_dataset/non_uang/000000312526.jpg,True
nm_000000312554,nonuang,ds11,raw_dataset/non_uang/000000312554.jpg,False
nm_000000312600,nonuang,ds11,raw_dataset/non_uang/000000312600.jpg,False
nm_000000312604,nonuang,ds11,raw_dataset/non_uang/000000312604.jpg,True
nm_000000312664,nonuang,ds11,raw_dataset/non_uang/000000312664.jpg,True
nm_000000312725,nonuang,ds11,raw_dataset/non_uang/000000312725.jpg,True
nm_000000312801,nonuang,ds11,raw_dataset/non_uang/000000312801.jpg,True
nm_000000312874,nonuang,ds11,raw_dataset/non_uang/000000312874.jpg,True
nm_000000312892,nonuang,ds11,raw_dataset/non_uang/000000312892.jpg,True
nm_000000313099,nonuang,ds11,raw_dataset/non_uang/000000313099.jpg,False
nm_000000313103,nonuang,ds11,raw_dataset/non_uang/000000313103.jpg,False
nm_000000313132,nonuang,ds11,raw_dataset/non_uang/000000313132.jpg,True
nm_000000313179,nonuang,ds11,raw_dataset/non_uang/000000313179.jpg,True
nm_000000313202,nonuang,ds11,raw_dataset/non_uang/000000313202.jpg,True
nm_000000313279,nonuang,ds11,raw_dataset/non_uang/000000313279.jpg,True
nm_000000313512,nonuang,ds11,raw_dataset/non_uang/000000313512.jpg,True
nm_000000313613,nonuang,ds11,raw_dataset/non_uang/000000313613.jpg,False
nm_000000313765,nonuang,ds11,raw_dataset/non_uang/000000313765.jpg,False
nm_000000313784,nonuang,ds11,raw_dataset/non_uang/000000313784.jpg,False
nm_000000313851,nonuang,ds11,raw_dataset/non_uang/000000313851.jpg,True
nm_000000313891,nonuang,ds11,raw_dataset/non_uang/000000313891.jpg,False
nm_000000313935,nonuang,ds11,raw_dataset/non_uang/000000313935.jpg,True
nm_000000314014,nonuang,ds11,raw_dataset/non_uang/000000314014.jpg,True
nm_000000314022,nonuang,ds11,raw_dataset/non_uang/000000314022.jpg,True
nm_000000314071,nonuang,ds11,raw_dataset/non_uang/000000314071.jpg,True
nm_000000314102,nonuang,ds11,raw_dataset/non_uang/000000314102.jpg,True
nm_000000314105,nonuang,ds11,raw_dataset/non_uang/000000314105.jpg,True
nm_000000314148,nonuang,ds11,raw_dataset/non_uang/000000314148.jpg,True
nm_000000314173,nonuang,ds11,raw_dataset/non_uang/000000314173.jpg,False
nm_000000314314,nonuang,ds11,raw_dataset/non_uang/000000314314.jpg,False
nm_000000314432,nonuang,ds11,raw_dataset/non_uang/000000314432.jpg,True
nm_000000314509,nonuang,ds11,raw_dataset/non_uang/000000314509.jpg,True
nm_000000314513,nonuang,ds11,raw_dataset/non_uang/000000314513.jpg,False
nm_000000314581,nonuang,ds11,raw_dataset/non_uang/000000314581.jpg,True
nm_000000314756,nonuang,ds11,raw_dataset/non_uang/000000314756.jpg,False
nm_000000314830,nonuang,ds11,raw_dataset/non_uang/000000314830.jpg,False
nm_000000314838,nonuang,ds11,raw_dataset/non_uang/000000314838.jpg,False
nm_000000314860,nonuang,ds11,raw_dataset/non_uang/000000314860.jpg,True
nm_000000315009,nonuang,ds11,raw_dataset/non_uang/000000315009.jpg,False
nm_000000315029,nonuang,ds11,raw_dataset/non_uang/000000315029.jpg,True
nm_000000315070,nonuang,ds11,raw_dataset/non_uang/000000315070.jpg,True
nm_000000315166,nonuang,ds11,raw_dataset/non_uang/000000315166.jpg,False
nm_000000315528,nonuang,ds11,raw_dataset/non_uang/000000315528.jpg,False
nm_000000315579,nonuang,ds11,raw_dataset/non_uang/000000315579.jpg,True
nm_000000315649,nonuang,ds11,raw_dataset/non_uang/000000315649.jpg,True
nm_000000315710,nonuang,ds11,raw_dataset/non_uang/000000315710.jpg,True
nm_000000315739,nonuang,ds11,raw_dataset/non_uang/000000315739.jpg,True
nm_000000315747,nonuang,ds11,raw_dataset/non_uang/000000315747.jpg,True
nm_000000315770,nonuang,ds11,raw_dataset/non_uang/000000315770.jpg,True
nm_000000315786,nonuang,ds11,raw_dataset/non_uang/000000315786.jpg,False
nm_000000315953,nonuang,ds11,raw_dataset/non_uang/000000315953.jpg,True
nm_000000316087,nonuang,ds11,raw_dataset/non_uang/000000316087.jpg,True
nm_000000316153,nonuang,ds11,raw_dataset/non_uang/000000316153.jpg,False
nm_000000316158,nonuang,ds11,raw_dataset/non_uang/000000316158.jpg,True
nm_000000316222,nonuang,ds11,raw_dataset/non_uang/000000316222.jpg,False
nm_000000316231,nonuang,ds11,raw_dataset/non_uang/000000316231.jpg,True
nm_000000316376,nonuang,ds11,raw_dataset/non_uang/000000316376.jpg,False
nm_000000316419,nonuang,ds11,raw_dataset/non_uang/000000316419.jpg,False
nm_000000316545,nonuang,ds11,raw_dataset/non_uang/000000316545.jpg,True
nm_000000316546,nonuang,ds11,raw_dataset/non_uang/000000316546.jpg,False
nm_000000316821,nonuang,ds11,raw_dataset/non_uang/000000316821.jpg,False
nm_000000316868,nonuang,ds11,raw_dataset/non_uang/000000316868.jpg,False
nm_000000317016,nonuang,ds11,raw_dataset/non_uang/000000317016.jpg,True
nm_000000317080,nonuang,ds11,raw_dataset/non_uang/000000317080.jpg,True
nm_000000317083,nonuang,ds11,raw_dataset/non_uang/000000317083.jpg,True
nm_000000317161,nonuang,ds11,raw_dataset/non_uang/000000317161.jpg,False
nm_000000317197,nonuang,ds11,raw_dataset/non_uang/000000317197.jpg,True
nm_000000317268,nonuang,ds11,raw_dataset/non_uang/000000317268.jpg,True
nm_000000317269,nonuang,ds11,raw_dataset/non_uang/000000317269.jpg,True
nm_000000317314,nonuang,ds11,raw_dataset/non_uang/000000317314.jpg,False
nm_000000317450,nonuang,ds11,raw_dataset/non_uang/000000317450.jpg,False
nm_000000317475,nonuang,ds11,raw_dataset/non_uang/000000317475.jpg,True
nm_000000317506,nonuang,ds11,raw_dataset/non_uang/000000317506.jpg,True
nm_000000317554,nonuang,ds11,raw_dataset/non_uang/000000317554.jpg,True
nm_000000317611,nonuang,ds11,raw_dataset/non_uang/000000317611.jpg,True
nm_000000317636,nonuang,ds11,raw_dataset/non_uang/000000317636.jpg,False
nm_000000317810,nonuang,ds11,raw_dataset/non_uang/000000317810.jpg,True
nm_000000317947,nonuang,ds11,raw_dataset/non_uang/000000317947.jpg,True
nm_000000317976,nonuang,ds11,raw_dataset/non_uang/000000317976.jpg,True
nm_000000317993,nonuang,ds11,raw_dataset/non_uang/000000317993.jpg,False
nm_000000318038,nonuang,ds11,raw_dataset/non_uang/000000318038.jpg,True
nm_000000318230,nonuang,ds11,raw_dataset/non_uang/000000318230.jpg,True
nm_000000318344,nonuang,ds11,raw_dataset/non_uang/000000318344.jpg,False
nm_000000318387,nonuang,ds11,raw_dataset/non_uang/000000318387.jpg,False
nm_000000318406,nonuang,ds11,raw_dataset/non_uang/000000318406.jpg,True
nm_000000318429,nonuang,ds11,raw_dataset/non_uang/000000318429.jpg,False
nm_000000318684,nonuang,ds11,raw_dataset/non_uang/000000318684.jpg,False
nm_000000318752,nonuang,ds11,raw_dataset/non_uang/000000318752.jpg,True
nm_000000318775,nonuang,ds11,raw_dataset/non_uang/000000318775.jpg,True
nm_000000318805,nonuang,ds11,raw_dataset/non_uang/000000318805.jpg,True
nm_000000318851,nonuang,ds11,raw_dataset/non_uang/000000318851.jpg,False
nm_000000319058,nonuang,ds11,raw_dataset/non_uang/000000319058.jpg,False
nm_000000319110,nonuang,ds11,raw_dataset/non_uang/000000319110.jpg,True
nm_000000319205,nonuang,ds11,raw_dataset/non_uang/000000319205.jpg,True
nm_000000319245,nonuang,ds11,raw_dataset/non_uang/000000319245.jpg,False
nm_000000319327,nonuang,ds11,raw_dataset/non_uang/000000319327.jpg,True
nm_000000319344,nonuang,ds11,raw_dataset/non_uang/000000319344.jpg,True
nm_000000319371,nonuang,ds11,raw_dataset/non_uang/000000319371.jpg,False
nm_000000319498,nonuang,ds11,raw_dataset/non_uang/000000319498.jpg,True
nm_000000319634,nonuang,ds11,raw_dataset/non_uang/000000319634.jpg,False
nm_000000319637,nonuang,ds11,raw_dataset/non_uang/000000319637.jpg,True
nm_000000319753,nonuang,ds11,raw_dataset/non_uang/000000319753.jpg,True
nm_000000319763,nonuang,ds11,raw_dataset/non_uang/000000319763.jpg,False
nm_000000319767,nonuang,ds11,raw_dataset/non_uang/000000319767.jpg,False
nm_000000319824,nonuang,ds11,raw_dataset/non_uang/000000319824.jpg,False
nm_000000319874,nonuang,ds11,raw_dataset/non_uang/000000319874.jpg,True
nm_000000319881,nonuang,ds11,raw_dataset/non_uang/000000319881.jpg,False
nm_000000320051,nonuang,ds11,raw_dataset/non_uang/000000320051.jpg,True
nm_000000320153,nonuang,ds11,raw_dataset/non_uang/000000320153.jpg,False
nm_000000320259,nonuang,ds11,raw_dataset/non_uang/000000320259.jpg,False
nm_000000320341,nonuang,ds11,raw_dataset/non_uang/000000320341.jpg,False
nm_000000320347,nonuang,ds11,raw_dataset/non_uang/000000320347.jpg,False
nm_000000320469,nonuang,ds11,raw_dataset/non_uang/000000320469.jpg,True
nm_000000320475,nonuang,ds11,raw_dataset/non_uang/000000320475.jpg,True
nm_000000320485,nonuang,ds11,raw_dataset/non_uang/000000320485.jpg,True
nm_000000320545,nonuang,ds11,raw_dataset/non_uang/000000320545.jpg,True
nm_000000320585,nonuang,ds11,raw_dataset/non_uang/000000320585.jpg,False
nm_000000320614,nonuang,ds11,raw_dataset/non_uang/000000320614.jpg,False
nm_000000320638,nonuang,ds11,raw_dataset/non_uang/000000320638.jpg,True
nm_000000320913,nonuang,ds11,raw_dataset/non_uang/000000320913.jpg,False
nm_000000321096,nonuang,ds11,raw_dataset/non_uang/000000321096.jpg,True
nm_000000321177,nonuang,ds11,raw_dataset/non_uang/000000321177.jpg,True
nm_000000321197,nonuang,ds11,raw_dataset/non_uang/000000321197.jpg,True
nm_000000321211,nonuang,ds11,raw_dataset/non_uang/000000321211.jpg,False
nm_000000321229,nonuang,ds11,raw_dataset/non_uang/000000321229.jpg,True
nm_000000321345,nonuang,ds11,raw_dataset/non_uang/000000321345.jpg,True
nm_000000321366,nonuang,ds11,raw_dataset/non_uang/000000321366.jpg,True
nm_000000321408,nonuang,ds11,raw_dataset/non_uang/000000321408.jpg,False
nm_000000321465,nonuang,ds11,raw_dataset/non_uang/000000321465.jpg,True
nm_000000321473,nonuang,ds11,raw_dataset/non_uang/000000321473.jpg,True
nm_000000321477,nonuang,ds11,raw_dataset/non_uang/000000321477.jpg,True
nm_000000321529,nonuang,ds11,raw_dataset/non_uang/000000321529.jpg,False
nm_000000321669,nonuang,ds11,raw_dataset/non_uang/000000321669.jpg,False
nm_000000321681,nonuang,ds11,raw_dataset/non_uang/000000321681.jpg,False
nm_000000321695,nonuang,ds11,raw_dataset/non_uang/000000321695.jpg,True
nm_000000321696,nonuang,ds11,raw_dataset/non_uang/000000321696.jpg,True
nm_000000321729,nonuang,ds11,raw_dataset/non_uang/000000321729.jpg,True
nm_000000321843,nonuang,ds11,raw_dataset/non_uang/000000321843.jpg,True
nm_000000321961,nonuang,ds11,raw_dataset/non_uang/000000321961.jpg,True
nm_000000321974,nonuang,ds11,raw_dataset/non_uang/000000321974.jpg,True
nm_000000322087,nonuang,ds11,raw_dataset/non_uang/000000322087.jpg,True
nm_000000322262,nonuang,ds11,raw_dataset/non_uang/000000322262.jpg,True
nm_000000322386,nonuang,ds11,raw_dataset/non_uang/000000322386.jpg,True
nm_000000322436,nonuang,ds11,raw_dataset/non_uang/000000322436.jpg,True
nm_000000322618,nonuang,ds11,raw_dataset/non_uang/000000322618.jpg,True
nm_000000322701,nonuang,ds11,raw_dataset/non_uang/000000322701.jpg,False
nm_000000322919,nonuang,ds11,raw_dataset/non_uang/000000322919.jpg,True
nm_000000322986,nonuang,ds11,raw_dataset/non_uang/000000322986.jpg,True
nm_000000323145,nonuang,ds11,raw_dataset/non_uang/000000323145.jpg,False
nm_000000323521,nonuang,ds11,raw_dataset/non_uang/000000323521.jpg,True
nm_000000323834,nonuang,ds11,raw_dataset/non_uang/000000323834.jpg,True
nm_000000323989,nonuang,ds11,raw_dataset/non_uang/000000323989.jpg,False
nm_000000323990,nonuang,ds11,raw_dataset/non_uang/000000323990.jpg,True
nm_000000324056,nonuang,ds11,raw_dataset/non_uang/000000324056.jpg,False
nm_000000324100,nonuang,ds11,raw_dataset/non_uang/000000324100.jpg,True
nm_000000324144,nonuang,ds11,raw_dataset/non_uang/000000324144.jpg,True
nm_000000324191,nonuang,ds11,raw_dataset/non_uang/000000324191.jpg,False
nm_000000324215,nonuang,ds11,raw_dataset/non_uang/000000324215.jpg,True
nm_000000324328,nonuang,ds11,raw_dataset/non_uang/000000324328.jpg,False
nm_000000324359,nonuang,ds11,raw_dataset/non_uang/000000324359.jpg,True
nm_000000324363,nonuang,ds11,raw_dataset/non_uang/000000324363.jpg,True
nm_000000324457,nonuang,ds11,raw_dataset/non_uang/000000324457.jpg,True
nm_000000324469,nonuang,ds11,raw_dataset/non_uang/000000324469.jpg,False
nm_000000324475,nonuang,ds11,raw_dataset/non_uang/000000324475.jpg,True
nm_000000324481,nonuang,ds11,raw_dataset/non_uang/000000324481.jpg,True
nm_000000324597,nonuang,ds11,raw_dataset/non_uang/000000324597.jpg,True
nm_000000324610,nonuang,ds11,raw_dataset/non_uang/000000324610.jpg,True
nm_000000324753,nonuang,ds11,raw_dataset/non_uang/000000324753.jpg,True
nm_000000325174,nonuang,ds11,raw_dataset/non_uang/000000325174.jpg,True
nm_000000325376,nonuang,ds11,raw_dataset/non_uang/000000325376.jpg,False
nm_000000325448,nonuang,ds11,raw_dataset/non_uang/000000325448.jpg,False
nm_000000325498,nonuang,ds11,raw_dataset/non_uang/000000325498.jpg,True
nm_000000325565,nonuang,ds11,raw_dataset/non_uang/000000325565.jpg,True
nm_000000325624,nonuang,ds11,raw_dataset/non_uang/000000325624.jpg,True
nm_000000325675,nonuang,ds11,raw_dataset/non_uang/000000325675.jpg,False
nm_000000325698,nonuang,ds11,raw_dataset/non_uang/000000325698.jpg,False
nm_000000325700,nonuang,ds11,raw_dataset/non_uang/000000325700.jpg,True
nm_000000325777,nonuang,ds11,raw_dataset/non_uang/000000325777.jpg,True
nm_000000325823,nonuang,ds11,raw_dataset/non_uang/000000325823.jpg,False
nm_000000325926,nonuang,ds11,raw_dataset/non_uang/000000325926.jpg,True
nm_000000326016,nonuang,ds11,raw_dataset/non_uang/000000326016.jpg,True
nm_000000326041,nonuang,ds11,raw_dataset/non_uang/000000326041.jpg,False
nm_000000326141,nonuang,ds11,raw_dataset/non_uang/000000326141.jpg,True
nm_000000326349,nonuang,ds11,raw_dataset/non_uang/000000326349.jpg,False
nm_000000326444,nonuang,ds11,raw_dataset/non_uang/000000326444.jpg,False
nm_000000326535,nonuang,ds11,raw_dataset/non_uang/000000326535.jpg,False
nm_000000326563,nonuang,ds11,raw_dataset/non_uang/000000326563.jpg,True
nm_000000326608,nonuang,ds11,raw_dataset/non_uang/000000326608.jpg,False
nm_000000326715,nonuang,ds11,raw_dataset/non_uang/000000326715.jpg,False
nm_000000326753,nonuang,ds11,raw_dataset/non_uang/000000326753.jpg,False
nm_000000326825,nonuang,ds11,raw_dataset/non_uang/000000326825.jpg,True
nm_000000326988,nonuang,ds11,raw_dataset/non_uang/000000326988.jpg,True
nm_000000327011,nonuang,ds11,raw_dataset/non_uang/000000327011.jpg,True
nm_000000327015,nonuang,ds11,raw_dataset/non_uang/000000327015.jpg,False
nm_000000327025,nonuang,ds11,raw_dataset/non_uang/000000327025.jpg,True
nm_000000327147,nonuang,ds11,raw_dataset/non_uang/000000327147.jpg,False
nm_000000327175,nonuang,ds11,raw_dataset/non_uang/000000327175.jpg,False
nm_000000327208,nonuang,ds11,raw_dataset/non_uang/000000327208.jpg,False
nm_000000327272,nonuang,ds11,raw_dataset/non_uang/000000327272.jpg,False
nm_000000327313,nonuang,ds11,raw_dataset/non_uang/000000327313.jpg,True
nm_000000327345,nonuang,ds11,raw_dataset/non_uang/000000327345.jpg,True
nm_000000327458,nonuang,ds11,raw_dataset/non_uang/000000327458.jpg,True
nm_000000327486,nonuang,ds11,raw_dataset/non_uang/000000327486.jpg,True
nm_000000327517,nonuang,ds11,raw_dataset/non_uang/000000327517.jpg,True
nm_000000327555,nonuang,ds11,raw_dataset/non_uang/000000327555.jpg,True
nm_000000327602,nonuang,ds11,raw_dataset/non_uang/000000327602.jpg,True
nm_000000327762,nonuang,ds11,raw_dataset/non_uang/000000327762.jpg,False
nm_000000327772,nonuang,ds11,raw_dataset/non_uang/000000327772.jpg,True
nm_000000328056,nonuang,ds11,raw_dataset/non_uang/000000328056.jpg,True
nm_000000328060,nonuang,ds11,raw_dataset/non_uang/000000328060.jpg,False
nm_000000328090,nonuang,ds11,raw_dataset/non_uang/000000328090.jpg,True
nm_000000328219,nonuang,ds11,raw_dataset/non_uang/000000328219.jpg,False
nm_000000328227,nonuang,ds11,raw_dataset/non_uang/000000328227.jpg,True
nm_000000328237,nonuang,ds11,raw_dataset/non_uang/000000328237.jpg,True
nm_000000328244,nonuang,ds11,raw_dataset/non_uang/000000328244.jpg,True
nm_000000328249,nonuang,ds11,raw_dataset/non_uang/000000328249.jpg,True
nm_000000328258,nonuang,ds11,raw_dataset/non_uang/000000328258.jpg,True
nm_000000328345,nonuang,ds11,raw_dataset/non_uang/000000328345.jpg,True
nm_000000328442,nonuang,ds11,raw_dataset/non_uang/000000328442.jpg,True
nm_000000328538,nonuang,ds11,raw_dataset/non_uang/000000328538.jpg,True
nm_000000328556,nonuang,ds11,raw_dataset/non_uang/000000328556.jpg,True
nm_000000328586,nonuang,ds11,raw_dataset/non_uang/000000328586.jpg,True
nm_000000328633,nonuang,ds11,raw_dataset/non_uang/000000328633.jpg,False
nm_000000328672,nonuang,ds11,raw_dataset/non_uang/000000328672.jpg,False
nm_000000328742,nonuang,ds11,raw_dataset/non_uang/000000328742.jpg,False
nm_000000328782,nonuang,ds11,raw_dataset/non_uang/000000328782.jpg,True
nm_000000328920,nonuang,ds11,raw_dataset/non_uang/000000328920.jpg,False
nm_000000329049,nonuang,ds11,raw_dataset/non_uang/000000329049.jpg,False
nm_000000329079,nonuang,ds11,raw_dataset/non_uang/000000329079.jpg,True
nm_000000329316,nonuang,ds11,raw_dataset/non_uang/000000329316.jpg,False
nm_000000329365,nonuang,ds11,raw_dataset/non_uang/000000329365.jpg,False
nm_000000329426,nonuang,ds11,raw_dataset/non_uang/000000329426.jpg,True
nm_000000329436,nonuang,ds11,raw_dataset/non_uang/000000329436.jpg,True
nm_000000329537,nonuang,ds11,raw_dataset/non_uang/000000329537.jpg,True
nm_000000329677,nonuang,ds11,raw_dataset/non_uang/000000329677.jpg,False
nm_000000329714,nonuang,ds11,raw_dataset/non_uang/000000329714.jpg,True
nm_000000329781,nonuang,ds11,raw_dataset/non_uang/000000329781.jpg,True
nm_000000329796,nonuang,ds11,raw_dataset/non_uang/000000329796.jpg,False
nm_000000329890,nonuang,ds11,raw_dataset/non_uang/000000329890.jpg,True
nm_000000330089,nonuang,ds11,raw_dataset/non_uang/000000330089.jpg,True
nm_000000330167,nonuang,ds11,raw_dataset/non_uang/000000330167.jpg,True
nm_000000330200,nonuang,ds11,raw_dataset/non_uang/000000330200.jpg,False
nm_000000330202,nonuang,ds11,raw_dataset/non_uang/000000330202.jpg,True
nm_000000330230,nonuang,ds11,raw_dataset/non_uang/000000330230.jpg,False
nm_000000330246,nonuang,ds11,raw_dataset/non_uang/000000330246.jpg,True
nm_000000330343,nonuang,ds11,raw_dataset/non_uang/000000330343.jpg,True
nm_000000330423,nonuang,ds11,raw_dataset/non_uang/000000330423.jpg,True
nm_000000330494,nonuang,ds11,raw_dataset/non_uang/000000330494.jpg,False
nm_000000330525,nonuang,ds11,raw_dataset/non_uang/000000330525.jpg,True
nm_000000330543,nonuang,ds11,raw_dataset/non_uang/000000330543.jpg,True
nm_000000330544,nonuang,ds11,raw_dataset/non_uang/000000330544.jpg,True
nm_000000330622,nonuang,ds11,raw_dataset/non_uang/000000330622.jpg,True
nm_000000330658,nonuang,ds11,raw_dataset/non_uang/000000330658.jpg,False
nm_000000330678,nonuang,ds11,raw_dataset/non_uang/000000330678.jpg,True
nm_000000330685,nonuang,ds11,raw_dataset/non_uang/000000330685.jpg,True
nm_000000330703,nonuang,ds11,raw_dataset/non_uang/000000330703.jpg,False
nm_000000330747,nonuang,ds11,raw_dataset/non_uang/000000330747.jpg,True
nm_000000330774,nonuang,ds11,raw_dataset/non_uang/000000330774.jpg,True
nm_000000330854,nonuang,ds11,raw_dataset/non_uang/000000330854.jpg,True
nm_000000330900,nonuang,ds11,raw_dataset/non_uang/000000330900.jpg,True
nm_000000330913,nonuang,ds11,raw_dataset/non_uang/000000330913.jpg,False
nm_000000330992,nonuang,ds11,raw_dataset/non_uang/000000330992.jpg,False
nm_000000331030,nonuang,ds11,raw_dataset/non_uang/000000331030.jpg,False
nm_000000331089,nonuang,ds11,raw_dataset/non_uang/000000331089.jpg,True
nm_000000331158,nonuang,ds11,raw_dataset/non_uang/000000331158.jpg,True
nm_000000331160,nonuang,ds11,raw_dataset/non_uang/000000331160.jpg,True
nm_000000331182,nonuang,ds11,raw_dataset/non_uang/000000331182.jpg,False
nm_000000331202,nonuang,ds11,raw_dataset/non_uang/000000331202.jpg,False
nm_000000331365,nonuang,ds11,raw_dataset/non_uang/000000331365.jpg,False
nm_000000331480,nonuang,ds11,raw_dataset/non_uang/000000331480.jpg,True
nm_000000331586,nonuang,ds11,raw_dataset/non_uang/000000331586.jpg,True
nm_000000331683,nonuang,ds11,raw_dataset/non_uang/000000331683.jpg,True
nm_000000331701,nonuang,ds11,raw_dataset/non_uang/000000331701.jpg,True
nm_000000331838,nonuang,ds11,raw_dataset/non_uang/000000331838.jpg,True
nm_000000331948,nonuang,ds11,raw_dataset/non_uang/000000331948.jpg,True
nm_000000332147,nonuang,ds11,raw_dataset/non_uang/000000332147.jpg,False
nm_000000332190,nonuang,ds11,raw_dataset/non_uang/000000332190.jpg,True
nm_000000332323,nonuang,ds11,raw_dataset/non_uang/000000332323.jpg,True
nm_000000332370,nonuang,ds11,raw_dataset/non_uang/000000332370.jpg,False
nm_000000332622,nonuang,ds11,raw_dataset/non_uang/000000332622.jpg,False
nm_000000332628,nonuang,ds11,raw_dataset/non_uang/000000332628.jpg,False
nm_000000332700,nonuang,ds11,raw_dataset/non_uang/000000332700.jpg,True
nm_000000332807,nonuang,ds11,raw_dataset/non_uang/000000332807.jpg,True
nm_000000332842,nonuang,ds11,raw_dataset/non_uang/000000332842.jpg,True
nm_000000332921,nonuang,ds11,raw_dataset/non_uang/000000332921.jpg,False
nm_000000332951,nonuang,ds11,raw_dataset/non_uang/000000332951.jpg,True
nm_000000332952,nonuang,ds11,raw_dataset/non_uang/000000332952.jpg,False
nm_000000333070,nonuang,ds11,raw_dataset/non_uang/000000333070.jpg,True
nm_000000333155,nonuang,ds11,raw_dataset/non_uang/000000333155.jpg,False
nm_000000333183,nonuang,ds11,raw_dataset/non_uang/000000333183.jpg,True
nm_000000333223,nonuang,ds11,raw_dataset/non_uang/000000333223.jpg,True
nm_000000333273,nonuang,ds11,raw_dataset/non_uang/000000333273.jpg,False
nm_000000333274,nonuang,ds11,raw_dataset/non_uang/000000333274.jpg,False
nm_000000333331,nonuang,ds11,raw_dataset/non_uang/000000333331.jpg,False
nm_000000333344,nonuang,ds11,raw_dataset/non_uang/000000333344.jpg,False
nm_000000333345,nonuang,ds11,raw_dataset/non_uang/000000333345.jpg,True
nm_000000333346,nonuang,ds11,raw_dataset/non_uang/000000333346.jpg,True
nm_000000333714,nonuang,ds11,raw_dataset/non_uang/000000333714.jpg,True
nm_000000333817,nonuang,ds11,raw_dataset/non_uang/000000333817.jpg,True
nm_000000333878,nonuang,ds11,raw_dataset/non_uang/000000333878.jpg,True
nm_000000333933,nonuang,ds11,raw_dataset/non_uang/000000333933.jpg,True
nm_000000333962,nonuang,ds11,raw_dataset/non_uang/000000333962.jpg,True
nm_000000334053,nonuang,ds11,raw_dataset/non_uang/000000334053.jpg,True
nm_000000334079,nonuang,ds11,raw_dataset/non_uang/000000334079.jpg,False
nm_000000334144,nonuang,ds11,raw_dataset/non_uang/000000334144.jpg,True
nm_000000334154,nonuang,ds11,raw_dataset/non_uang/000000334154.jpg,False
nm_000000334219,nonuang,ds11,raw_dataset/non_uang/000000334219.jpg,True
nm_000000334233,nonuang,ds11,raw_dataset/non_uang/000000334233.jpg,True
nm_000000334237,nonuang,ds11,raw_dataset/non_uang/000000334237.jpg,True
nm_000000334292,nonuang,ds11,raw_dataset/non_uang/000000334292.jpg,True
nm_000000334370,nonuang,ds11,raw_dataset/non_uang/000000334370.jpg,True
nm_000000334415,nonuang,ds11,raw_dataset/non_uang/000000334415.jpg,False
nm_000000334479,nonuang,ds11,raw_dataset/non_uang/000000334479.jpg,False
nm_000000334627,nonuang,ds11,raw_dataset/non_uang/000000334627.jpg,True
nm_000000334651,nonuang,ds11,raw_dataset/non_uang/000000334651.jpg,True
nm_000000334737,nonuang,ds11,raw_dataset/non_uang/000000334737.jpg,True
nm_000000334753,nonuang,ds11,raw_dataset/non_uang/000000334753.jpg,True
nm_000000334818,nonuang,ds11,raw_dataset/non_uang/000000334818.jpg,False
nm_000000334841,nonuang,ds11,raw_dataset/non_uang/000000334841.jpg,False
nm_000000334900,nonuang,ds11,raw_dataset/non_uang/000000334900.jpg,True
nm_000000335139,nonuang,ds11,raw_dataset/non_uang/000000335139.jpg,True
nm_000000335215,nonuang,ds11,raw_dataset/non_uang/000000335215.jpg,True
nm_000000335315,nonuang,ds11,raw_dataset/non_uang/000000335315.jpg,True
nm_000000335335,nonuang,ds11,raw_dataset/non_uang/000000335335.jpg,False
nm_000000335410,nonuang,ds11,raw_dataset/non_uang/000000335410.jpg,False
nm_000000335422,nonuang,ds11,raw_dataset/non_uang/000000335422.jpg,True
nm_000000335478,nonuang,ds11,raw_dataset/non_uang/000000335478.jpg,True
nm_000000335572,nonuang,ds11,raw_dataset/non_uang/000000335572.jpg,True
nm_000000335626,nonuang,ds11,raw_dataset/non_uang/000000335626.jpg,False
nm_000000335716,nonuang,ds11,raw_dataset/non_uang/000000335716.jpg,True
nm_000000335718,nonuang,ds11,raw_dataset/non_uang/000000335718.jpg,True
nm_000000335762,nonuang,ds11,raw_dataset/non_uang/000000335762.jpg,False
nm_000000335777,nonuang,ds11,raw_dataset/non_uang/000000335777.jpg,True
nm_000000335870,nonuang,ds11,raw_dataset/non_uang/000000335870.jpg,True
nm_000000336144,nonuang,ds11,raw_dataset/non_uang/000000336144.jpg,False
nm_000000336176,nonuang,ds11,raw_dataset/non_uang/000000336176.jpg,False
nm_000000336214,nonuang,ds11,raw_dataset/non_uang/000000336214.jpg,True
nm_000000336256,nonuang,ds11,raw_dataset/non_uang/000000336256.jpg,True
nm_000000336443,nonuang,ds11,raw_dataset/non_uang/000000336443.jpg,True
nm_000000336453,nonuang,ds11,raw_dataset/non_uang/000000336453.jpg,False
nm_000000336456,nonuang,ds11,raw_dataset/non_uang/000000336456.jpg,True
nm_000000336686,nonuang,ds11,raw_dataset/non_uang/000000336686.jpg,False
nm_000000336689,nonuang,ds11,raw_dataset/non_uang/000000336689.jpg,False
nm_000000336769,nonuang,ds11,raw_dataset/non_uang/000000336769.jpg,True
nm_000000336895,nonuang,ds11,raw_dataset/non_uang/000000336895.jpg,True
nm_000000336983,nonuang,ds11,raw_dataset/non_uang/000000336983.jpg,True
nm_000000337039,nonuang,ds11,raw_dataset/non_uang/000000337039.jpg,False
nm_000000337171,nonuang,ds11,raw_dataset/non_uang/000000337171.jpg,False
nm_000000337223,nonuang,ds11,raw_dataset/non_uang/000000337223.jpg,True
nm_000000337300,nonuang,ds11,raw_dataset/non_uang/000000337300.jpg,True
nm_000000337313,nonuang,ds11,raw_dataset/non_uang/000000337313.jpg,False
nm_000000337326,nonuang,ds11,raw_dataset/non_uang/000000337326.jpg,False
nm_000000337364,nonuang,ds11,raw_dataset/non_uang/000000337364.jpg,False
nm_000000337373,nonuang,ds11,raw_dataset/non_uang/000000337373.jpg,False
nm_000000337409,nonuang,ds11,raw_dataset/non_uang/000000337409.jpg,False
nm_000000337410,nonuang,ds11,raw_dataset/non_uang/000000337410.jpg,False
nm_000000337482,nonuang,ds11,raw_dataset/non_uang/000000337482.jpg,False
nm_000000337493,nonuang,ds11,raw_dataset/non_uang/000000337493.jpg,False
nm_000000337558,nonuang,ds11,raw_dataset/non_uang/000000337558.jpg,True
nm_000000337729,nonuang,ds11,raw_dataset/non_uang/000000337729.jpg,True
nm_000000337795,nonuang,ds11,raw_dataset/non_uang/000000337795.jpg,False
nm_000000338029,nonuang,ds11,raw_dataset/non_uang/000000338029.jpg,True
nm_000000338032,nonuang,ds11,raw_dataset/non_uang/000000338032.jpg,True
nm_000000338111,nonuang,ds11,raw_dataset/non_uang/000000338111.jpg,True
nm_000000338144,nonuang,ds11,raw_dataset/non_uang/000000338144.jpg,False
nm_000000338178,nonuang,ds11,raw_dataset/non_uang/000000338178.jpg,True
nm_000000338188,nonuang,ds11,raw_dataset/non_uang/000000338188.jpg,False
nm_000000338195,nonuang,ds11,raw_dataset/non_uang/000000338195.jpg,True
nm_000000338286,nonuang,ds11,raw_dataset/non_uang/000000338286.jpg,True
nm_000000338429,nonuang,ds11,raw_dataset/non_uang/000000338429.jpg,False
nm_000000338491,nonuang,ds11,raw_dataset/non_uang/000000338491.jpg,False
nm_000000338621,nonuang,ds11,raw_dataset/non_uang/000000338621.jpg,True
nm_000000338644,nonuang,ds11,raw_dataset/non_uang/000000338644.jpg,False
nm_000000338673,nonuang,ds11,raw_dataset/non_uang/000000338673.jpg,True
nm_000000338724,nonuang,ds11,raw_dataset/non_uang/000000338724.jpg,False
nm_000000338782,nonuang,ds11,raw_dataset/non_uang/000000338782.jpg,False
nm_000000338862,nonuang,ds11,raw_dataset/non_uang/000000338862.jpg,True
nm_000000338958,nonuang,ds11,raw_dataset/non_uang/000000338958.jpg,True
nm_000000339012,nonuang,ds11,raw_dataset/non_uang/000000339012.jpg,True
nm_000000339033,nonuang,ds11,raw_dataset/non_uang/000000339033.jpg,True
nm_000000339107,nonuang,ds11,raw_dataset/non_uang/000000339107.jpg,False
nm_000000339224,nonuang,ds11,raw_dataset/non_uang/000000339224.jpg,False
nm_000000339229,nonuang,ds11,raw_dataset/non_uang/000000339229.jpg,True
nm_000000339282,nonuang,ds11,raw_dataset/non_uang/000000339282.jpg,True
nm_000000339363,nonuang,ds11,raw_dataset/non_uang/000000339363.jpg,True
nm_000000339482,nonuang,ds11,raw_dataset/non_uang/000000339482.jpg,False
nm_000000339520,nonuang,ds11,raw_dataset/non_uang/000000339520.jpg,True
nm_000000339523,nonuang,ds11,raw_dataset/non_uang/000000339523.jpg,False
nm_000000339551,nonuang,ds11,raw_dataset/non_uang/000000339551.jpg,True
nm_000000339622,nonuang,ds11,raw_dataset/non_uang/000000339622.jpg,True
nm_000000339726,nonuang,ds11,raw_dataset/non_uang/000000339726.jpg,True
nm_000000339856,nonuang,ds11,raw_dataset/non_uang/000000339856.jpg,True
nm_000000339930,nonuang,ds11,raw_dataset/non_uang/000000339930.jpg,True
nm_000000339955,nonuang,ds11,raw_dataset/non_uang/000000339955.jpg,True
nm_000000340018,nonuang,ds11,raw_dataset/non_uang/000000340018.jpg,True
nm_000000340256,nonuang,ds11,raw_dataset/non_uang/000000340256.jpg,True
nm_000000340275,nonuang,ds11,raw_dataset/non_uang/000000340275.jpg,True
nm_000000340357,nonuang,ds11,raw_dataset/non_uang/000000340357.jpg,False
nm_000000340387,nonuang,ds11,raw_dataset/non_uang/000000340387.jpg,True
nm_000000340442,nonuang,ds11,raw_dataset/non_uang/000000340442.jpg,True
nm_000000340552,nonuang,ds11,raw_dataset/non_uang/000000340552.jpg,False
nm_000000340604,nonuang,ds11,raw_dataset/non_uang/000000340604.jpg,True
nm_000000340768,nonuang,ds11,raw_dataset/non_uang/000000340768.jpg,True
nm_000000340872,nonuang,ds11,raw_dataset/non_uang/000000340872.jpg,False
nm_000000340984,nonuang,ds11,raw_dataset/non_uang/000000340984.jpg,True
nm_000000341044,nonuang,ds11,raw_dataset/non_uang/000000341044.jpg,True
nm_000000341101,nonuang,ds11,raw_dataset/non_uang/000000341101.jpg,False
nm_000000341123,nonuang,ds11,raw_dataset/non_uang/000000341123.jpg,True
nm_000000341181,nonuang,ds11,raw_dataset/non_uang/000000341181.jpg,True
nm_000000341192,nonuang,ds11,raw_dataset/non_uang/000000341192.jpg,True
nm_000000341315,nonuang,ds11,raw_dataset/non_uang/000000341315.jpg,True
nm_000000341364,nonuang,ds11,raw_dataset/non_uang/000000341364.jpg,True
nm_000000341381,nonuang,ds11,raw_dataset/non_uang/000000341381.jpg,True
nm_000000341515,nonuang,ds11,raw_dataset/non_uang/000000341515.jpg,False
nm_000000341854,nonuang,ds11,raw_dataset/non_uang/000000341854.jpg,True
nm_000000341877,nonuang,ds11,raw_dataset/non_uang/000000341877.jpg,True
nm_000000341878,nonuang,ds11,raw_dataset/non_uang/000000341878.jpg,True
nm_000000341918,nonuang,ds11,raw_dataset/non_uang/000000341918.jpg,True
nm_000000342000,nonuang,ds11,raw_dataset/non_uang/000000342000.jpg,True
nm_000000342148,nonuang,ds11,raw_dataset/non_uang/000000342148.jpg,True
nm_000000342267,nonuang,ds11,raw_dataset/non_uang/000000342267.jpg,True
nm_000000342443,nonuang,ds11,raw_dataset/non_uang/000000342443.jpg,True
nm_000000342463,nonuang,ds11,raw_dataset/non_uang/000000342463.jpg,True
nm_000000342482,nonuang,ds11,raw_dataset/non_uang/000000342482.jpg,True
nm_000000342548,nonuang,ds11,raw_dataset/non_uang/000000342548.jpg,True
nm_000000342570,nonuang,ds11,raw_dataset/non_uang/000000342570.jpg,False
nm_000000342588,nonuang,ds11,raw_dataset/non_uang/000000342588.jpg,False
nm_000000342602,nonuang,ds11,raw_dataset/non_uang/000000342602.jpg,True
nm_000000342733,nonuang,ds11,raw_dataset/non_uang/000000342733.jpg,False
nm_000000342923,nonuang,ds11,raw_dataset/non_uang/000000342923.jpg,False
nm_000000342943,nonuang,ds11,raw_dataset/non_uang/000000342943.jpg,True
nm_000000342977,nonuang,ds11,raw_dataset/non_uang/000000342977.jpg,False
nm_000000342987,nonuang,ds11,raw_dataset/non_uang/000000342987.jpg,False
nm_000000343133,nonuang,ds11,raw_dataset/non_uang/000000343133.jpg,True
nm_000000343136,nonuang,ds11,raw_dataset/non_uang/000000343136.jpg,False
nm_000000343146,nonuang,ds11,raw_dataset/non_uang/000000343146.jpg,True
nm_000000343197,nonuang,ds11,raw_dataset/non_uang/000000343197.jpg,True
nm_000000343205,nonuang,ds11,raw_dataset/non_uang/000000343205.jpg,True
nm_000000343280,nonuang,ds11,raw_dataset/non_uang/000000343280.jpg,True
nm_000000343328,nonuang,ds11,raw_dataset/non_uang/000000343328.jpg,True
nm_000000343340,nonuang,ds11,raw_dataset/non_uang/000000343340.jpg,False
nm_000000343367,nonuang,ds11,raw_dataset/non_uang/000000343367.jpg,True
nm_000000343378,nonuang,ds11,raw_dataset/non_uang/000000343378.jpg,False
nm_000000343536,nonuang,ds11,raw_dataset/non_uang/000000343536.jpg,False
nm_000000343638,nonuang,ds11,raw_dataset/non_uang/000000343638.jpg,True
nm_000000343673,nonuang,ds11,raw_dataset/non_uang/000000343673.jpg,False
nm_000000343785,nonuang,ds11,raw_dataset/non_uang/000000343785.jpg,True
nm_000000343841,nonuang,ds11,raw_dataset/non_uang/000000343841.jpg,True
nm_000000343856,nonuang,ds11,raw_dataset/non_uang/000000343856.jpg,False
nm_000000343876,nonuang,ds11,raw_dataset/non_uang/000000343876.jpg,True
nm_000000343911,nonuang,ds11,raw_dataset/non_uang/000000343911.jpg,True
nm_000000343971,nonuang,ds11,raw_dataset/non_uang/000000343971.jpg,True
nm_000000344004,nonuang,ds11,raw_dataset/non_uang/000000344004.jpg,False
nm_000000344118,nonuang,ds11,raw_dataset/non_uang/000000344118.jpg,False
nm_000000344121,nonuang,ds11,raw_dataset/non_uang/000000344121.jpg,False
nm_000000344161,nonuang,ds11,raw_dataset/non_uang/000000344161.jpg,True
nm_000000344201,nonuang,ds11,raw_dataset/non_uang/000000344201.jpg,True
nm_000000344215,nonuang,ds11,raw_dataset/non_uang/000000344215.jpg,False
nm_000000344409,nonuang,ds11,raw_dataset/non_uang/000000344409.jpg,True
nm_000000344441,nonuang,ds11,raw_dataset/non_uang/000000344441.jpg,True
nm_000000344542,nonuang,ds11,raw_dataset/non_uang/000000344542.jpg,True
nm_000000344571,nonuang,ds11,raw_dataset/non_uang/000000344571.jpg,True
nm_000000344601,nonuang,ds11,raw_dataset/non_uang/000000344601.jpg,True
nm_000000344616,nonuang,ds11,raw_dataset/non_uang/000000344616.jpg,True
nm_000000344634,nonuang,ds11,raw_dataset/non_uang/000000344634.jpg,True
nm_000000344645,nonuang,ds11,raw_dataset/non_uang/000000344645.jpg,False
nm_000000344772,nonuang,ds11,raw_dataset/non_uang/000000344772.jpg,True
nm_000000344777,nonuang,ds11,raw_dataset/non_uang/000000344777.jpg,True
nm_000000344917,nonuang,ds11,raw_dataset/non_uang/000000344917.jpg,True
nm_000000344947,nonuang,ds11,raw_dataset/non_uang/000000344947.jpg,True
nm_000000344975,nonuang,ds11,raw_dataset/non_uang/000000344975.jpg,True
nm_000000344983,nonuang,ds11,raw_dataset/non_uang/000000344983.jpg,True
nm_000000345021,nonuang,ds11,raw_dataset/non_uang/000000345021.jpg,True
nm_000000345045,nonuang,ds11,raw_dataset/non_uang/000000345045.jpg,True
nm_000000345050,nonuang,ds11,raw_dataset/non_uang/000000345050.jpg,True
nm_000000345110,nonuang,ds11,raw_dataset/non_uang/000000345110.jpg,True
nm_000000345214,nonuang,ds11,raw_dataset/non_uang/000000345214.jpg,False
nm_000000345258,nonuang,ds11,raw_dataset/non_uang/000000345258.jpg,True
nm_000000345291,nonuang,ds11,raw_dataset/non_uang/000000345291.jpg,True
nm_000000345424,nonuang,ds11,raw_dataset/non_uang/000000345424.jpg,False
nm_000000345439,nonuang,ds11,raw_dataset/non_uang/000000345439.jpg,False
nm_000000345651,nonuang,ds11,raw_dataset/non_uang/000000345651.jpg,True
nm_000000345703,nonuang,ds11,raw_dataset/non_uang/000000345703.jpg,False
nm_000000345754,nonuang,ds11,raw_dataset/non_uang/000000345754.jpg,True
nm_000000345829,nonuang,ds11,raw_dataset/non_uang/000000345829.jpg,True
nm_000000345873,nonuang,ds11,raw_dataset/non_uang/000000345873.jpg,True
nm_000000345924,nonuang,ds11,raw_dataset/non_uang/000000345924.jpg,False
nm_000000345978,nonuang,ds11,raw_dataset/non_uang/000000345978.jpg,True
nm_000000345986,nonuang,ds11,raw_dataset/non_uang/000000345986.jpg,False
nm_000000346020,nonuang,ds11,raw_dataset/non_uang/000000346020.jpg,True
nm_000000346149,nonuang,ds11,raw_dataset/non_uang/000000346149.jpg,False
nm_000000346315,nonuang,ds11,raw_dataset/non_uang/000000346315.jpg,False
nm_000000346339,nonuang,ds11,raw_dataset/non_uang/000000346339.jpg,True
nm_000000346372,nonuang,ds11,raw_dataset/non_uang/000000346372.jpg,True
nm_000000346373,nonuang,ds11,raw_dataset/non_uang/000000346373.jpg,False
nm_000000346400,nonuang,ds11,raw_dataset/non_uang/000000346400.jpg,True
nm_000000346619,nonuang,ds11,raw_dataset/non_uang/000000346619.jpg,True
nm_000000346675,nonuang,ds11,raw_dataset/non_uang/000000346675.jpg,False
nm_000000346994,nonuang,ds11,raw_dataset/non_uang/000000346994.jpg,True
nm_000000347024,nonuang,ds11,raw_dataset/non_uang/000000347024.jpg,True
nm_000000347095,nonuang,ds11,raw_dataset/non_uang/000000347095.jpg,False
nm_000000347102,nonuang,ds11,raw_dataset/non_uang/000000347102.jpg,True
nm_000000347117,nonuang,ds11,raw_dataset/non_uang/000000347117.jpg,True
nm_000000347391,nonuang,ds11,raw_dataset/non_uang/000000347391.jpg,False
nm_000000347417,nonuang,ds11,raw_dataset/non_uang/000000347417.jpg,True
nm_000000347661,nonuang,ds11,raw_dataset/non_uang/000000347661.jpg,False
nm_000000347706,nonuang,ds11,raw_dataset/non_uang/000000347706.jpg,True
nm_000000347744,nonuang,ds11,raw_dataset/non_uang/000000347744.jpg,False
nm_000000347757,nonuang,ds11,raw_dataset/non_uang/000000347757.jpg,False
nm_000000347809,nonuang,ds11,raw_dataset/non_uang/000000347809.jpg,True
nm_000000347907,nonuang,ds11,raw_dataset/non_uang/000000347907.jpg,True
nm_000000347917,nonuang,ds11,raw_dataset/non_uang/000000347917.jpg,True
nm_000000347942,nonuang,ds11,raw_dataset/non_uang/000000347942.jpg,False
nm_000000347975,nonuang,ds11,raw_dataset/non_uang/000000347975.jpg,True
nm_000000348048,nonuang,ds11,raw_dataset/non_uang/000000348048.jpg,False
nm_000000348051,nonuang,ds11,raw_dataset/non_uang/000000348051.jpg,True
nm_000000348109,nonuang,ds11,raw_dataset/non_uang/000000348109.jpg,True
nm_000000348166,nonuang,ds11,raw_dataset/non_uang/000000348166.jpg,True
nm_000000348191,nonuang,ds11,raw_dataset/non_uang/000000348191.jpg,True
nm_000000348330,nonuang,ds11,raw_dataset/non_uang/000000348330.jpg,False
nm_000000348401,nonuang,ds11,raw_dataset/non_uang/000000348401.jpg,True
nm_000000348486,nonuang,ds11,raw_dataset/non_uang/000000348486.jpg,True
nm_000000348778,nonuang,ds11,raw_dataset/non_uang/000000348778.jpg,True
nm_000000348868,nonuang,ds11,raw_dataset/non_uang/000000348868.jpg,False
nm_000000349108,nonuang,ds11,raw_dataset/non_uang/000000349108.jpg,False
nm_000000349214,nonuang,ds11,raw_dataset/non_uang/000000349214.jpg,True
nm_000000349246,nonuang,ds11,raw_dataset/non_uang/000000349246.jpg,False
nm_000000349305,nonuang,ds11,raw_dataset/non_uang/000000349305.jpg,True
nm_000000349316,nonuang,ds11,raw_dataset/non_uang/000000349316.jpg,True
nm_000000349378,nonuang,ds11,raw_dataset/non_uang/000000349378.jpg,True
nm_000000349422,nonuang,ds11,raw_dataset/non_uang/000000349422.jpg,True
nm_000000349439,nonuang,ds11,raw_dataset/non_uang/000000349439.jpg,False
nm_000000349509,nonuang,ds11,raw_dataset/non_uang/000000349509.jpg,True
nm_000000349602,nonuang,ds11,raw_dataset/non_uang/000000349602.jpg,False
nm_000000349626,nonuang,ds11,raw_dataset/non_uang/000000349626.jpg,True
nm_000000349680,nonuang,ds11,raw_dataset/non_uang/000000349680.jpg,True
nm_000000349795,nonuang,ds11,raw_dataset/non_uang/000000349795.jpg,False
nm_000000349835,nonuang,ds11,raw_dataset/non_uang/000000349835.jpg,True
nm_000000349840,nonuang,ds11,raw_dataset/non_uang/000000349840.jpg,False
nm_000000349845,nonuang,ds11,raw_dataset/non_uang/000000349845.jpg,True
nm_000000350030,nonuang,ds11,raw_dataset/non_uang/000000350030.jpg,False
nm_000000350036,nonuang,ds11,raw_dataset/non_uang/000000350036.jpg,True
nm_000000350049,nonuang,ds11,raw_dataset/non_uang/000000350049.jpg,True
nm_000000350164,nonuang,ds11,raw_dataset/non_uang/000000350164.jpg,True
nm_000000350237,nonuang,ds11,raw_dataset/non_uang/000000350237.jpg,True
nm_000000350456,nonuang,ds11,raw_dataset/non_uang/000000350456.jpg,False
nm_000000350516,nonuang,ds11,raw_dataset/non_uang/000000350516.jpg,False
nm_000000350705,nonuang,ds11,raw_dataset/non_uang/000000350705.jpg,False
nm_000000350751,nonuang,ds11,raw_dataset/non_uang/000000350751.jpg,False
nm_000000350792,nonuang,ds11,raw_dataset/non_uang/000000350792.jpg,True
nm_000000350834,nonuang,ds11,raw_dataset/non_uang/000000350834.jpg,False
nm_000000350892,nonuang,ds11,raw_dataset/non_uang/000000350892.jpg,False
nm_000000350978,nonuang,ds11,raw_dataset/non_uang/000000350978.jpg,True
nm_000000351105,nonuang,ds11,raw_dataset/non_uang/000000351105.jpg,False
nm_000000351162,nonuang,ds11,raw_dataset/non_uang/000000351162.jpg,True
nm_000000351292,nonuang,ds11,raw_dataset/non_uang/000000351292.jpg,False
nm_000000351296,nonuang,ds11,raw_dataset/non_uang/000000351296.jpg,False
nm_000000351391,nonuang,ds11,raw_dataset/non_uang/000000351391.jpg,True
nm_000000351492,nonuang,ds11,raw_dataset/non_uang/000000351492.jpg,True
nm_000000351495,nonuang,ds11,raw_dataset/non_uang/000000351495.jpg,False
nm_000000351551,nonuang,ds11,raw_dataset/non_uang/000000351551.jpg,True
nm_000000351821,nonuang,ds11,raw_dataset/non_uang/000000351821.jpg,True
nm_000000351879,nonuang,ds11,raw_dataset/non_uang/000000351879.jpg,False
nm_000000351931,nonuang,ds11,raw_dataset/non_uang/000000351931.jpg,False
nm_000000352033,nonuang,ds11,raw_dataset/non_uang/000000352033.jpg,True
nm_000000352109,nonuang,ds11,raw_dataset/non_uang/000000352109.jpg,True
nm_000000352135,nonuang,ds11,raw_dataset/non_uang/000000352135.jpg,False
nm_000000352136,nonuang,ds11,raw_dataset/non_uang/000000352136.jpg,True
nm_000000352138,nonuang,ds11,raw_dataset/non_uang/000000352138.jpg,True
nm_000000352232,nonuang,ds11,raw_dataset/non_uang/000000352232.jpg,True
nm_000000352263,nonuang,ds11,raw_dataset/non_uang/000000352263.jpg,True
nm_000000352328,nonuang,ds11,raw_dataset/non_uang/000000352328.jpg,False
nm_000000352349,nonuang,ds11,raw_dataset/non_uang/000000352349.jpg,True
nm_000000352423,nonuang,ds11,raw_dataset/non_uang/000000352423.jpg,False
nm_000000352451,nonuang,ds11,raw_dataset/non_uang/000000352451.jpg,True
nm_000000352479,nonuang,ds11,raw_dataset/non_uang/000000352479.jpg,True
nm_000000352494,nonuang,ds11,raw_dataset/non_uang/000000352494.jpg,False
nm_000000352647,nonuang,ds11,raw_dataset/non_uang/000000352647.jpg,False
nm_000000352695,nonuang,ds11,raw_dataset/non_uang/000000352695.jpg,True
nm_000000352795,nonuang,ds11,raw_dataset/non_uang/000000352795.jpg,True
nm_000000352798,nonuang,ds11,raw_dataset/non_uang/000000352798.jpg,True
nm_000000352864,nonuang,ds11,raw_dataset/non_uang/000000352864.jpg,False
nm_000000352898,nonuang,ds11,raw_dataset/non_uang/000000352898.jpg,False
nm_000000353003,nonuang,ds11,raw_dataset/non_uang/000000353003.jpg,True
nm_000000353065,nonuang,ds11,raw_dataset/non_uang/000000353065.jpg,True
nm_000000353077,nonuang,ds11,raw_dataset/non_uang/000000353077.jpg,True
nm_000000353129,nonuang,ds11,raw_dataset/non_uang/000000353129.jpg,False
nm_000000353224,nonuang,ds11,raw_dataset/non_uang/000000353224.jpg,False
nm_000000353374,nonuang,ds11,raw_dataset/non_uang/000000353374.jpg,True
nm_000000353503,nonuang,ds11,raw_dataset/non_uang/000000353503.jpg,True
nm_000000353570,nonuang,ds11,raw_dataset/non_uang/000000353570.jpg,True
nm_000000353600,nonuang,ds11,raw_dataset/non_uang/000000353600.jpg,True
nm_000000353632,nonuang,ds11,raw_dataset/non_uang/000000353632.jpg,False
nm_000000353668,nonuang,ds11,raw_dataset/non_uang/000000353668.jpg,False
nm_000000353752,nonuang,ds11,raw_dataset/non_uang/000000353752.jpg,True
nm_000000353853,nonuang,ds11,raw_dataset/non_uang/000000353853.jpg,True
nm_000000353878,nonuang,ds11,raw_dataset/non_uang/000000353878.jpg,True
nm_000000354123,nonuang,ds11,raw_dataset/non_uang/000000354123.jpg,True
nm_000000354142,nonuang,ds11,raw_dataset/non_uang/000000354142.jpg,True
nm_000000354177,nonuang,ds11,raw_dataset/non_uang/000000354177.jpg,True
nm_000000354416,nonuang,ds11,raw_dataset/non_uang/000000354416.jpg,False
nm_000000354513,nonuang,ds11,raw_dataset/non_uang/000000354513.jpg,False
nm_000000354595,nonuang,ds11,raw_dataset/non_uang/000000354595.jpg,True
nm_000000354659,nonuang,ds11,raw_dataset/non_uang/000000354659.jpg,True
nm_000000354681,nonuang,ds11,raw_dataset/non_uang/000000354681.jpg,True
nm_000000354707,nonuang,ds11,raw_dataset/non_uang/000000354707.jpg,True
nm_000000354717,nonuang,ds11,raw_dataset/non_uang/000000354717.jpg,False
nm_000000354812,nonuang,ds11,raw_dataset/non_uang/000000354812.jpg,True
nm_000000354914,nonuang,ds11,raw_dataset/non_uang/000000354914.jpg,True
nm_000000354949,nonuang,ds11,raw_dataset/non_uang/000000354949.jpg,True
nm_000000355271,nonuang,ds11,raw_dataset/non_uang/000000355271.jpg,True
nm_000000355340,nonuang,ds11,raw_dataset/non_uang/000000355340.jpg,True
nm_000000355443,nonuang,ds11,raw_dataset/non_uang/000000355443.jpg,True
nm_000000355455,nonuang,ds11,raw_dataset/non_uang/000000355455.jpg,False
nm_000000355506,nonuang,ds11,raw_dataset/non_uang/000000355506.jpg,True
nm_000000355572,nonuang,ds11,raw_dataset/non_uang/000000355572.jpg,True
nm_000000355626,nonuang,ds11,raw_dataset/non_uang/000000355626.jpg,True
nm_000000355644,nonuang,ds11,raw_dataset/non_uang/000000355644.jpg,True
nm_000000355653,nonuang,ds11,raw_dataset/non_uang/000000355653.jpg,False
nm_000000355807,nonuang,ds11,raw_dataset/non_uang/000000355807.jpg,True
nm_000000355892,nonuang,ds11,raw_dataset/non_uang/000000355892.jpg,True
nm_000000355909,nonuang,ds11,raw_dataset/non_uang/000000355909.jpg,True
nm_000000355976,nonuang,ds11,raw_dataset/non_uang/000000355976.jpg,True
nm_000000356234,nonuang,ds11,raw_dataset/non_uang/000000356234.jpg,True
nm_000000356345,nonuang,ds11,raw_dataset/non_uang/000000356345.jpg,False
nm_000000356346,nonuang,ds11,raw_dataset/non_uang/000000356346.jpg,True
nm_000000356377,nonuang,ds11,raw_dataset/non_uang/000000356377.jpg,True
nm_000000356462,nonuang,ds11,raw_dataset/non_uang/000000356462.jpg,True
nm_000000356564,nonuang,ds11,raw_dataset/non_uang/000000356564.jpg,False
nm_000000356688,nonuang,ds11,raw_dataset/non_uang/000000356688.jpg,True
nm_000000356799,nonuang,ds11,raw_dataset/non_uang/000000356799.jpg,True
nm_000000356802,nonuang,ds11,raw_dataset/non_uang/000000356802.jpg,False
nm_000000356826,nonuang,ds11,raw_dataset/non_uang/000000356826.jpg,True
nm_000000356865,nonuang,ds11,raw_dataset/non_uang/000000356865.jpg,True
nm_000000356929,nonuang,ds11,raw_dataset/non_uang/000000356929.jpg,True
nm_000000356931,nonuang,ds11,raw_dataset/non_uang/000000356931.jpg,True
nm_000000357055,nonuang,ds11,raw_dataset/non_uang/000000357055.jpg,True
nm_000000357068,nonuang,ds11,raw_dataset/non_uang/000000357068.jpg,True
nm_000000357075,nonuang,ds11,raw_dataset/non_uang/000000357075.jpg,True
nm_000000357124,nonuang,ds11,raw_dataset/non_uang/000000357124.jpg,True
nm_000000357126,nonuang,ds11,raw_dataset/non_uang/000000357126.jpg,True
nm_000000357136,nonuang,ds11,raw_dataset/non_uang/000000357136.jpg,True
nm_000000357166,nonuang,ds11,raw_dataset/non_uang/000000357166.jpg,True
nm_000000357170,nonuang,ds11,raw_dataset/non_uang/000000357170.jpg,True
nm_000000357295,nonuang,ds11,raw_dataset/non_uang/000000357295.jpg,True
nm_000000357328,nonuang,ds11,raw_dataset/non_uang/000000357328.jpg,True
nm_000000357357,nonuang,ds11,raw_dataset/non_uang/000000357357.jpg,True
nm_000000357376,nonuang,ds11,raw_dataset/non_uang/000000357376.jpg,True
nm_000000357447,nonuang,ds11,raw_dataset/non_uang/000000357447.jpg,True
nm_000000357473,nonuang,ds11,raw_dataset/non_uang/000000357473.jpg,False
nm_000000357566,nonuang,ds11,raw_dataset/non_uang/000000357566.jpg,False
nm_000000357720,nonuang,ds11,raw_dataset/non_uang/000000357720.jpg,True
nm_000000358052,nonuang,ds11,raw_dataset/non_uang/000000358052.jpg,True
nm_000000358146,nonuang,ds11,raw_dataset/non_uang/000000358146.jpg,False
nm_000000358159,nonuang,ds11,raw_dataset/non_uang/000000358159.jpg,False
nm_000000358164,nonuang,ds11,raw_dataset/non_uang/000000358164.jpg,True
nm_000000358316,nonuang,ds11,raw_dataset/non_uang/000000358316.jpg,False
nm_000000358364,nonuang,ds11,raw_dataset/non_uang/000000358364.jpg,True
nm_000000358501,nonuang,ds11,raw_dataset/non_uang/000000358501.jpg,True
nm_000000358609,nonuang,ds11,raw_dataset/non_uang/000000358609.jpg,True
nm_000000358618,nonuang,ds11,raw_dataset/non_uang/000000358618.jpg,True
nm_000000358632,nonuang,ds11,raw_dataset/non_uang/000000358632.jpg,True
nm_000000358641,nonuang,ds11,raw_dataset/non_uang/000000358641.jpg,True
nm_000000358663,nonuang,ds11,raw_dataset/non_uang/000000358663.jpg,False
nm_000000358733,nonuang,ds11,raw_dataset/non_uang/000000358733.jpg,False
nm_000000358876,nonuang,ds11,raw_dataset/non_uang/000000358876.jpg,True
nm_000000358906,nonuang,ds11,raw_dataset/non_uang/000000358906.jpg,False
nm_000000358913,nonuang,ds11,raw_dataset/non_uang/000000358913.jpg,True
nm_000000358955,nonuang,ds11,raw_dataset/non_uang/000000358955.jpg,False
nm_000000359194,nonuang,ds11,raw_dataset/non_uang/000000359194.jpg,True
nm_000000359297,nonuang,ds11,raw_dataset/non_uang/000000359297.jpg,True
nm_000000359355,nonuang,ds11,raw_dataset/non_uang/000000359355.jpg,True
nm_000000359391,nonuang,ds11,raw_dataset/non_uang/000000359391.jpg,True
nm_000000359522,nonuang,ds11,raw_dataset/non_uang/000000359522.jpg,False
nm_000000359612,nonuang,ds11,raw_dataset/non_uang/000000359612.jpg,True
nm_000000359654,nonuang,ds11,raw_dataset/non_uang/000000359654.jpg,True
nm_000000359657,nonuang,ds11,raw_dataset/non_uang/000000359657.jpg,True
nm_000000359663,nonuang,ds11,raw_dataset/non_uang/000000359663.jpg,True
nm_000000359728,nonuang,ds11,raw_dataset/non_uang/000000359728.jpg,True
nm_000000359782,nonuang,ds11,raw_dataset/non_uang/000000359782.jpg,False
nm_000000359788,nonuang,ds11,raw_dataset/non_uang/000000359788.jpg,True
nm_000000359817,nonuang,ds11,raw_dataset/non_uang/000000359817.jpg,True
nm_000000359819,nonuang,ds11,raw_dataset/non_uang/000000359819.jpg,True
nm_000000359914,nonuang,ds11,raw_dataset/non_uang/000000359914.jpg,False
nm_000000359953,nonuang,ds11,raw_dataset/non_uang/000000359953.jpg,False
nm_000000359975,nonuang,ds11,raw_dataset/non_uang/000000359975.jpg,True
nm_000000360131,nonuang,ds11,raw_dataset/non_uang/000000360131.jpg,True
nm_000000360134,nonuang,ds11,raw_dataset/non_uang/000000360134.jpg,True
nm_000000360272,nonuang,ds11,raw_dataset/non_uang/000000360272.jpg,True
nm_000000360360,nonuang,ds11,raw_dataset/non_uang/000000360360.jpg,False
nm_000000360391,nonuang,ds11,raw_dataset/non_uang/000000360391.jpg,True
nm_000000360609,nonuang,ds11,raw_dataset/non_uang/000000360609.jpg,False
nm_000000360621,nonuang,ds11,raw_dataset/non_uang/000000360621.jpg,False
nm_000000360770,nonuang,ds11,raw_dataset/non_uang/000000360770.jpg,True
nm_000000360892,nonuang,ds11,raw_dataset/non_uang/000000360892.jpg,True
nm_000000360944,nonuang,ds11,raw_dataset/non_uang/000000360944.jpg,False
nm_000000361082,nonuang,ds11,raw_dataset/non_uang/000000361082.jpg,True
nm_000000361175,nonuang,ds11,raw_dataset/non_uang/000000361175.jpg,False
nm_000000361178,nonuang,ds11,raw_dataset/non_uang/000000361178.jpg,True
nm_000000361187,nonuang,ds11,raw_dataset/non_uang/000000361187.jpg,True
nm_000000361261,nonuang,ds11,raw_dataset/non_uang/000000361261.jpg,True
nm_000000361301,nonuang,ds11,raw_dataset/non_uang/000000361301.jpg,False
nm_000000361345,nonuang,ds11,raw_dataset/non_uang/000000361345.jpg,True
nm_000000361348,nonuang,ds11,raw_dataset/non_uang/000000361348.jpg,True
nm_000000361404,nonuang,ds11,raw_dataset/non_uang/000000361404.jpg,True
nm_000000361473,nonuang,ds11,raw_dataset/non_uang/000000361473.jpg,True
nm_000000361483,nonuang,ds11,raw_dataset/non_uang/000000361483.jpg,True
nm_000000361510,nonuang,ds11,raw_dataset/non_uang/000000361510.jpg,True
nm_000000361530,nonuang,ds11,raw_dataset/non_uang/000000361530.jpg,True
nm_000000361558,nonuang,ds11,raw_dataset/non_uang/000000361558.jpg,True
nm_000000361566,nonuang,ds11,raw_dataset/non_uang/000000361566.jpg,False
nm_000000361582,nonuang,ds11,raw_dataset/non_uang/000000361582.jpg,True
nm_000000361606,nonuang,ds11,raw_dataset/non_uang/000000361606.jpg,False
nm_000000361616,nonuang,ds11,raw_dataset/non_uang/000000361616.jpg,True
nm_000000361663,nonuang,ds11,raw_dataset/non_uang/000000361663.jpg,False
nm_000000361713,nonuang,ds11,raw_dataset/non_uang/000000361713.jpg,True
nm_000000361818,nonuang,ds11,raw_dataset/non_uang/000000361818.jpg,True
nm_000000361879,nonuang,ds11,raw_dataset/non_uang/000000361879.jpg,True
nm_000000361880,nonuang,ds11,raw_dataset/non_uang/000000361880.jpg,False
nm_000000361906,nonuang,ds11,raw_dataset/non_uang/000000361906.jpg,False
nm_000000361961,nonuang,ds11,raw_dataset/non_uang/000000361961.jpg,False
nm_000000362260,nonuang,ds11,raw_dataset/non_uang/000000362260.jpg,True
nm_000000362316,nonuang,ds11,raw_dataset/non_uang/000000362316.jpg,True
nm_000000362366,nonuang,ds11,raw_dataset/non_uang/000000362366.jpg,True
nm_000000362454,nonuang,ds11,raw_dataset/non_uang/000000362454.jpg,True
nm_000000362501,nonuang,ds11,raw_dataset/non_uang/000000362501.jpg,True
nm_000000362559,nonuang,ds11,raw_dataset/non_uang/000000362559.jpg,True
nm_000000362609,nonuang,ds11,raw_dataset/non_uang/000000362609.jpg,True
nm_000000362631,nonuang,ds11,raw_dataset/non_uang/000000362631.jpg,False
nm_000000362635,nonuang,ds11,raw_dataset/non_uang/000000362635.jpg,True
nm_000000362669,nonuang,ds11,raw_dataset/non_uang/000000362669.jpg,False
nm_000000362687,nonuang,ds11,raw_dataset/non_uang/000000362687.jpg,True
nm_000000362829,nonuang,ds11,raw_dataset/non_uang/000000362829.jpg,True
nm_000000363049,nonuang,ds11,raw_dataset/non_uang/000000363049.jpg,True
nm_000000363268,nonuang,ds11,raw_dataset/non_uang/000000363268.jpg,False
nm_000000363311,nonuang,ds11,raw_dataset/non_uang/000000363311.jpg,True
nm_000000363330,nonuang,ds11,raw_dataset/non_uang/000000363330.jpg,False
nm_000000363382,nonuang,ds11,raw_dataset/non_uang/000000363382.jpg,True
nm_000000363445,nonuang,ds11,raw_dataset/non_uang/000000363445.jpg,True
nm_000000363535,nonuang,ds11,raw_dataset/non_uang/000000363535.jpg,True
nm_000000363556,nonuang,ds11,raw_dataset/non_uang/000000363556.jpg,True
nm_000000363772,nonuang,ds11,raw_dataset/non_uang/000000363772.jpg,False
nm_000000363864,nonuang,ds11,raw_dataset/non_uang/000000363864.jpg,False
nm_000000363918,nonuang,ds11,raw_dataset/non_uang/000000363918.jpg,False
nm_000000363967,nonuang,ds11,raw_dataset/non_uang/000000363967.jpg,True
nm_000000364014,nonuang,ds11,raw_dataset/non_uang/000000364014.jpg,True
nm_000000364036,nonuang,ds11,raw_dataset/non_uang/000000364036.jpg,True
nm_000000364156,nonuang,ds11,raw_dataset/non_uang/000000364156.jpg,True
nm_000000364163,nonuang,ds11,raw_dataset/non_uang/000000364163.jpg,True
nm_000000364381,nonuang,ds11,raw_dataset/non_uang/000000364381.jpg,True
nm_000000364475,nonuang,ds11,raw_dataset/non_uang/000000364475.jpg,False
nm_000000364483,nonuang,ds11,raw_dataset/non_uang/000000364483.jpg,False
nm_000000364527,nonuang,ds11,raw_dataset/non_uang/000000364527.jpg,False
nm_000000364654,nonuang,ds11,raw_dataset/non_uang/000000364654.jpg,False
nm_000000364682,nonuang,ds11,raw_dataset/non_uang/000000364682.jpg,False
nm_000000364706,nonuang,ds11,raw_dataset/non_uang/000000364706.jpg,False
nm_000000365019,nonuang,ds11,raw_dataset/non_uang/000000365019.jpg,True
nm_000000365280,nonuang,ds11,raw_dataset/non_uang/000000365280.jpg,False
nm_000000365399,nonuang,ds11,raw_dataset/non_uang/000000365399.jpg,True
nm_000000365516,nonuang,ds11,raw_dataset/non_uang/000000365516.jpg,False
nm_000000365539,nonuang,ds11,raw_dataset/non_uang/000000365539.jpg,True
nm_000000365605,nonuang,ds11,raw_dataset/non_uang/000000365605.jpg,True
nm_000000365742,nonuang,ds11,raw_dataset/non_uang/000000365742.jpg,True
nm_000000365788,nonuang,ds11,raw_dataset/non_uang/000000365788.jpg,True
nm_000000365929,nonuang,ds11,raw_dataset/non_uang/000000365929.jpg,True
nm_000000365978,nonuang,ds11,raw_dataset/non_uang/000000365978.jpg,True
nm_000000365995,nonuang,ds11,raw_dataset/non_uang/000000365995.jpg,True
nm_000000366169,nonuang,ds11,raw_dataset/non_uang/000000366169.jpg,False
nm_000000366188,nonuang,ds11,raw_dataset/non_uang/000000366188.jpg,True
nm_000000366193,nonuang,ds11,raw_dataset/non_uang/000000366193.jpg,False
nm_000000366212,nonuang,ds11,raw_dataset/non_uang/000000366212.jpg,True
nm_000000366317,nonuang,ds11,raw_dataset/non_uang/000000366317.jpg,True
nm_000000366376,nonuang,ds11,raw_dataset/non_uang/000000366376.jpg,False
nm_000000366552,nonuang,ds11,raw_dataset/non_uang/000000366552.jpg,False
nm_000000366561,nonuang,ds11,raw_dataset/non_uang/000000366561.jpg,True
nm_000000366578,nonuang,ds11,raw_dataset/non_uang/000000366578.jpg,False
nm_000000366626,nonuang,ds11,raw_dataset/non_uang/000000366626.jpg,True
nm_000000366771,nonuang,ds11,raw_dataset/non_uang/000000366771.jpg,True
nm_000000366828,nonuang,ds11,raw_dataset/non_uang/000000366828.jpg,False
nm_000000366875,nonuang,ds11,raw_dataset/non_uang/000000366875.jpg,False
nm_000000367217,nonuang,ds11,raw_dataset/non_uang/000000367217.jpg,False
nm_000000367333,nonuang,ds11,raw_dataset/non_uang/000000367333.jpg,True
nm_000000367348,nonuang,ds11,raw_dataset/non_uang/000000367348.jpg,True
nm_000000367475,nonuang,ds11,raw_dataset/non_uang/000000367475.jpg,True
nm_000000367781,nonuang,ds11,raw_dataset/non_uang/000000367781.jpg,True
nm_000000367842,nonuang,ds11,raw_dataset/non_uang/000000367842.jpg,False
nm_000000367894,nonuang,ds11,raw_dataset/non_uang/000000367894.jpg,True
nm_000000367918,nonuang,ds11,raw_dataset/non_uang/000000367918.jpg,True
nm_000000368059,nonuang,ds11,raw_dataset/non_uang/000000368059.jpg,True
nm_000000368068,nonuang,ds11,raw_dataset/non_uang/000000368068.jpg,True
nm_000000368354,nonuang,ds11,raw_dataset/non_uang/000000368354.jpg,True
nm_000000368552,nonuang,ds11,raw_dataset/non_uang/000000368552.jpg,True
nm_000000368685,nonuang,ds11,raw_dataset/non_uang/000000368685.jpg,True
nm_000000368835,nonuang,ds11,raw_dataset/non_uang/000000368835.jpg,True
nm_000000368851,nonuang,ds11,raw_dataset/non_uang/000000368851.jpg,True
nm_000000368860,nonuang,ds11,raw_dataset/non_uang/000000368860.jpg,True
nm_000000369051,nonuang,ds11,raw_dataset/non_uang/000000369051.jpg,False
nm_000000369108,nonuang,ds11,raw_dataset/non_uang/000000369108.jpg,False
nm_000000369165,nonuang,ds11,raw_dataset/non_uang/000000369165.jpg,True
nm_000000369209,nonuang,ds11,raw_dataset/non_uang/000000369209.jpg,False
nm_000000369399,nonuang,ds11,raw_dataset/non_uang/000000369399.jpg,False
nm_000000369417,nonuang,ds11,raw_dataset/non_uang/000000369417.jpg,False
nm_000000369464,nonuang,ds11,raw_dataset/non_uang/000000369464.jpg,False
nm_000000369628,nonuang,ds11,raw_dataset/non_uang/000000369628.jpg,True
nm_000000369760,nonuang,ds11,raw_dataset/non_uang/000000369760.jpg,True
nm_000000369783,nonuang,ds11,raw_dataset/non_uang/000000369783.jpg,True
nm_000000369827,nonuang,ds11,raw_dataset/non_uang/000000369827.jpg,False
nm_000000370074,nonuang,ds11,raw_dataset/non_uang/000000370074.jpg,False
nm_000000370129,nonuang,ds11,raw_dataset/non_uang/000000370129.jpg,True
nm_000000370159,nonuang,ds11,raw_dataset/non_uang/000000370159.jpg,True
nm_000000370221,nonuang,ds11,raw_dataset/non_uang/000000370221.jpg,True
nm_000000370241,nonuang,ds11,raw_dataset/non_uang/000000370241.jpg,False
nm_000000370262,nonuang,ds11,raw_dataset/non_uang/000000370262.jpg,True
nm_000000370286,nonuang,ds11,raw_dataset/non_uang/000000370286.jpg,True
nm_000000370398,nonuang,ds11,raw_dataset/non_uang/000000370398.jpg,True
nm_000000370463,nonuang,ds11,raw_dataset/non_uang/000000370463.jpg,True
nm_000000370508,nonuang,ds11,raw_dataset/non_uang/000000370508.jpg,False
nm_000000370656,nonuang,ds11,raw_dataset/non_uang/000000370656.jpg,False
nm_000000370668,nonuang,ds11,raw_dataset/non_uang/000000370668.jpg,True
nm_000000370680,nonuang,ds11,raw_dataset/non_uang/000000370680.jpg,True
nm_000000370901,nonuang,ds11,raw_dataset/non_uang/000000370901.jpg,True
nm_000000370981,nonuang,ds11,raw_dataset/non_uang/000000370981.jpg,True
nm_000000371040,nonuang,ds11,raw_dataset/non_uang/000000371040.jpg,True
nm_000000371075,nonuang,ds11,raw_dataset/non_uang/000000371075.jpg,True
nm_000000371101,nonuang,ds11,raw_dataset/non_uang/000000371101.jpg,True
nm_000000371202,nonuang,ds11,raw_dataset/non_uang/000000371202.jpg,True
nm_000000371247,nonuang,ds11,raw_dataset/non_uang/000000371247.jpg,False
nm_000000371346,nonuang,ds11,raw_dataset/non_uang/000000371346.jpg,True
nm_000000371518,nonuang,ds11,raw_dataset/non_uang/000000371518.jpg,False
nm_000000371727,nonuang,ds11,raw_dataset/non_uang/000000371727.jpg,True
nm_000000371751,nonuang,ds11,raw_dataset/non_uang/000000371751.jpg,True
nm_000000371784,nonuang,ds11,raw_dataset/non_uang/000000371784.jpg,False
nm_000000371820,nonuang,ds11,raw_dataset/non_uang/000000371820.jpg,True
nm_000000372041,nonuang,ds11,raw_dataset/non_uang/000000372041.jpg,True
nm_000000372131,nonuang,ds11,raw_dataset/non_uang/000000372131.jpg,True
nm_000000372177,nonuang,ds11,raw_dataset/non_uang/000000372177.jpg,True
nm_000000372189,nonuang,ds11,raw_dataset/non_uang/000000372189.jpg,True
nm_000000372354,nonuang,ds11,raw_dataset/non_uang/000000372354.jpg,True
nm_000000372450,nonuang,ds11,raw_dataset/non_uang/000000372450.jpg,True
nm_000000372485,nonuang,ds11,raw_dataset/non_uang/000000372485.jpg,False
nm_000000372505,nonuang,ds11,raw_dataset/non_uang/000000372505.jpg,True
nm_000000372626,nonuang,ds11,raw_dataset/non_uang/000000372626.jpg,False
nm_000000372751,nonuang,ds11,raw_dataset/non_uang/000000372751.jpg,True
nm_000000372918,nonuang,ds11,raw_dataset/non_uang/000000372918.jpg,True
nm_000000372995,nonuang,ds11,raw_dataset/non_uang/000000372995.jpg,True
nm_000000373002,nonuang,ds11,raw_dataset/non_uang/000000373002.jpg,False
nm_000000373025,nonuang,ds11,raw_dataset/non_uang/000000373025.jpg,True
nm_000000373028,nonuang,ds11,raw_dataset/non_uang/000000373028.jpg,False
nm_000000373059,nonuang,ds11,raw_dataset/non_uang/000000373059.jpg,True
nm_000000373114,nonuang,ds11,raw_dataset/non_uang/000000373114.jpg,False
nm_000000373213,nonuang,ds11,raw_dataset/non_uang/000000373213.jpg,False
nm_000000373233,nonuang,ds11,raw_dataset/non_uang/000000373233.jpg,True
nm_000000373448,nonuang,ds11,raw_dataset/non_uang/000000373448.jpg,True
nm_000000373489,nonuang,ds11,raw_dataset/non_uang/000000373489.jpg,False
nm_000000373547,nonuang,ds11,raw_dataset/non_uang/000000373547.jpg,True
nm_000000373553,nonuang,ds11,raw_dataset/non_uang/000000373553.jpg,True
nm_000000373565,nonuang,ds11,raw_dataset/non_uang/000000373565.jpg,False
nm_000000373626,nonuang,ds11,raw_dataset/non_uang/000000373626.jpg,False
nm_000000373656,nonuang,ds11,raw_dataset/non_uang/000000373656.jpg,False
nm_000000373763,nonuang,ds11,raw_dataset/non_uang/000000373763.jpg,False
nm_000000373873,nonuang,ds11,raw_dataset/non_uang/000000373873.jpg,True
nm_000000373925,nonuang,ds11,raw_dataset/non_uang/000000373925.jpg,True
nm_000000373944,nonuang,ds11,raw_dataset/non_uang/000000373944.jpg,True
nm_000000374117,nonuang,ds11,raw_dataset/non_uang/000000374117.jpg,True
nm_000000374138,nonuang,ds11,raw_dataset/non_uang/000000374138.jpg,False
nm_000000374320,nonuang,ds11,raw_dataset/non_uang/000000374320.jpg,True
nm_000000374335,nonuang,ds11,raw_dataset/non_uang/000000374335.jpg,False
nm_000000374353,nonuang,ds11,raw_dataset/non_uang/000000374353.jpg,False
nm_000000374404,nonuang,ds11,raw_dataset/non_uang/000000374404.jpg,True
nm_000000374478,nonuang,ds11,raw_dataset/non_uang/000000374478.jpg,True
nm_000000374504,nonuang,ds11,raw_dataset/non_uang/000000374504.jpg,True
nm_000000374566,nonuang,ds11,raw_dataset/non_uang/000000374566.jpg,True
nm_000000374653,nonuang,ds11,raw_dataset/non_uang/000000374653.jpg,False
nm_000000374682,nonuang,ds11,raw_dataset/non_uang/000000374682.jpg,True
nm_000000374705,nonuang,ds11,raw_dataset/non_uang/000000374705.jpg,False
nm_000000374821,nonuang,ds11,raw_dataset/non_uang/000000374821.jpg,False
nm_000000374923,nonuang,ds11,raw_dataset/non_uang/000000374923.jpg,False
nm_000000374932,nonuang,ds11,raw_dataset/non_uang/000000374932.jpg,True
nm_000000375026,nonuang,ds11,raw_dataset/non_uang/000000375026.jpg,False
nm_000000375227,nonuang,ds11,raw_dataset/non_uang/000000375227.jpg,True
nm_000000375297,nonuang,ds11,raw_dataset/non_uang/000000375297.jpg,True
nm_000000375327,nonuang,ds11,raw_dataset/non_uang/000000375327.jpg,True
nm_000000375368,nonuang,ds11,raw_dataset/non_uang/000000375368.jpg,False
nm_000000375507,nonuang,ds11,raw_dataset/non_uang/000000375507.jpg,False
nm_000000375553,nonuang,ds11,raw_dataset/non_uang/000000375553.jpg,True
nm_000000375572,nonuang,ds11,raw_dataset/non_uang/000000375572.jpg,False
nm_000000375775,nonuang,ds11,raw_dataset/non_uang/000000375775.jpg,False
nm_000000375924,nonuang,ds11,raw_dataset/non_uang/000000375924.jpg,False
nm_000000375935,nonuang,ds11,raw_dataset/non_uang/000000375935.jpg,True
nm_000000376023,nonuang,ds11,raw_dataset/non_uang/000000376023.jpg,True
nm_000000376149,nonuang,ds11,raw_dataset/non_uang/000000376149.jpg,False
nm_000000376170,nonuang,ds11,raw_dataset/non_uang/000000376170.jpg,True
nm_000000376212,nonuang,ds11,raw_dataset/non_uang/000000376212.jpg,True
nm_000000376268,nonuang,ds11,raw_dataset/non_uang/000000376268.jpg,False
nm_000000376276,nonuang,ds11,raw_dataset/non_uang/000000376276.jpg,True
nm_000000376338,nonuang,ds11,raw_dataset/non_uang/000000376338.jpg,False
nm_000000376546,nonuang,ds11,raw_dataset/non_uang/000000376546.jpg,False
nm_000000376664,nonuang,ds11,raw_dataset/non_uang/000000376664.jpg,True
nm_000000376805,nonuang,ds11,raw_dataset/non_uang/000000376805.jpg,True
nm_000000376823,nonuang,ds11,raw_dataset/non_uang/000000376823.jpg,False
nm_000000376827,nonuang,ds11,raw_dataset/non_uang/000000376827.jpg,False
nm_000000376860,nonuang,ds11,raw_dataset/non_uang/000000376860.jpg,True
nm_000000376949,nonuang,ds11,raw_dataset/non_uang/000000376949.jpg,True
nm_000000377129,nonuang,ds11,raw_dataset/non_uang/000000377129.jpg,False
nm_000000377151,nonuang,ds11,raw_dataset/non_uang/000000377151.jpg,True
nm_000000377224,nonuang,ds11,raw_dataset/non_uang/000000377224.jpg,True
nm_000000377229,nonuang,ds11,raw_dataset/non_uang/000000377229.jpg,False
nm_000000377288,nonuang,ds11,raw_dataset/non_uang/000000377288.jpg,True
nm_000000377292,nonuang,ds11,raw_dataset/non_uang/000000377292.jpg,True
nm_000000377374,nonuang,ds11,raw_dataset/non_uang/000000377374.jpg,True
nm_000000377503,nonuang,ds11,raw_dataset/non_uang/000000377503.jpg,True
nm_000000377531,nonuang,ds11,raw_dataset/non_uang/000000377531.jpg,True
nm_000000377550,nonuang,ds11,raw_dataset/non_uang/000000377550.jpg,False
nm_000000377617,nonuang,ds11,raw_dataset/non_uang/000000377617.jpg,True
nm_000000377663,nonuang,ds11,raw_dataset/non_uang/000000377663.jpg,True
nm_000000377677,nonuang,ds11,raw_dataset/non_uang/000000377677.jpg,True
nm_000000377693,nonuang,ds11,raw_dataset/non_uang/000000377693.jpg,True
nm_000000377736,nonuang,ds11,raw_dataset/non_uang/000000377736.jpg,False
nm_000000377773,nonuang,ds11,raw_dataset/non_uang/000000377773.jpg,True
nm_000000377907,nonuang,ds11,raw_dataset/non_uang/000000377907.jpg,True
nm_000000378008,nonuang,ds11,raw_dataset/non_uang/000000378008.jpg,True
nm_000000378062,nonuang,ds11,raw_dataset/non_uang/000000378062.jpg,True
nm_000000378180,nonuang,ds11,raw_dataset/non_uang/000000378180.jpg,True
nm_000000378228,nonuang,ds11,raw_dataset/non_uang/000000378228.jpg,True
nm_000000378406,nonuang,ds11,raw_dataset/non_uang/000000378406.jpg,True
nm_000000378470,nonuang,ds11,raw_dataset/non_uang/000000378470.jpg,False
nm_000000378483,nonuang,ds11,raw_dataset/non_uang/000000378483.jpg,True
nm_000000378505,nonuang,ds11,raw_dataset/non_uang/000000378505.jpg,True
nm_000000378587,nonuang,ds11,raw_dataset/non_uang/000000378587.jpg,False
nm_000000378593,nonuang,ds11,raw_dataset/non_uang/000000378593.jpg,True
nm_000000378597,nonuang,ds11,raw_dataset/non_uang/000000378597.jpg,True
nm_000000378691,nonuang,ds11,raw_dataset/non_uang/000000378691.jpg,False
nm_000000378715,nonuang,ds11,raw_dataset/non_uang/000000378715.jpg,True
nm_000000378731,nonuang,ds11,raw_dataset/non_uang/000000378731.jpg,True
nm_000000378843,nonuang,ds11,raw_dataset/non_uang/000000378843.jpg,True
nm_000000378854,nonuang,ds11,raw_dataset/non_uang/000000378854.jpg,False
nm_000000378900,nonuang,ds11,raw_dataset/non_uang/000000378900.jpg,True
nm_000000378920,nonuang,ds11,raw_dataset/non_uang/000000378920.jpg,True
nm_000000378964,nonuang,ds11,raw_dataset/non_uang/000000378964.jpg,True
nm_000000378984,nonuang,ds11,raw_dataset/non_uang/000000378984.jpg,False
nm_000000379195,nonuang,ds11,raw_dataset/non_uang/000000379195.jpg,True
nm_000000379200,nonuang,ds11,raw_dataset/non_uang/000000379200.jpg,False
nm_000000379323,nonuang,ds11,raw_dataset/non_uang/000000379323.jpg,True
nm_000000379621,nonuang,ds11,raw_dataset/non_uang/000000379621.jpg,True
nm_000000379673,nonuang,ds11,raw_dataset/non_uang/000000379673.jpg,True
nm_000000379710,nonuang,ds11,raw_dataset/non_uang/000000379710.jpg,False
nm_000000379802,nonuang,ds11,raw_dataset/non_uang/000000379802.jpg,True
nm_000000379835,nonuang,ds11,raw_dataset/non_uang/000000379835.jpg,True
nm_000000379851,nonuang,ds11,raw_dataset/non_uang/000000379851.jpg,False
nm_000000379975,nonuang,ds11,raw_dataset/non_uang/000000379975.jpg,True
nm_000000380004,nonuang,ds11,raw_dataset/non_uang/000000380004.jpg,True
nm_000000380018,nonuang,ds11,raw_dataset/non_uang/000000380018.jpg,False
nm_000000380123,nonuang,ds11,raw_dataset/non_uang/000000380123.jpg,True
nm_000000380324,nonuang,ds11,raw_dataset/non_uang/000000380324.jpg,True
nm_000000380331,nonuang,ds11,raw_dataset/non_uang/000000380331.jpg,True
nm_000000380365,nonuang,ds11,raw_dataset/non_uang/000000380365.jpg,False
nm_000000380407,nonuang,ds11,raw_dataset/non_uang/000000380407.jpg,True
nm_000000380507,nonuang,ds11,raw_dataset/non_uang/000000380507.jpg,True
nm_000000380518,nonuang,ds11,raw_dataset/non_uang/000000380518.jpg,False
nm_000000380571,nonuang,ds11,raw_dataset/non_uang/000000380571.jpg,False
nm_000000380618,nonuang,ds11,raw_dataset/non_uang/000000380618.jpg,False
nm_000000380627,nonuang,ds11,raw_dataset/non_uang/000000380627.jpg,True
nm_000000380659,nonuang,ds11,raw_dataset/non_uang/000000380659.jpg,True
nm_000000380783,nonuang,ds11,raw_dataset/non_uang/000000380783.jpg,False
nm_000000380841,nonuang,ds11,raw_dataset/non_uang/000000380841.jpg,True
nm_000000380857,nonuang,ds11,raw_dataset/non_uang/000000380857.jpg,True
nm_000000380923,nonuang,ds11,raw_dataset/non_uang/000000380923.jpg,True
nm_000000380985,nonuang,ds11,raw_dataset/non_uang/000000380985.jpg,False
nm_000000381072,nonuang,ds11,raw_dataset/non_uang/000000381072.jpg,True
nm_000000381111,nonuang,ds11,raw_dataset/non_uang/000000381111.jpg,True
nm_000000381225,nonuang,ds11,raw_dataset/non_uang/000000381225.jpg,True
nm_000000381312,nonuang,ds11,raw_dataset/non_uang/000000381312.jpg,True
nm_000000381325,nonuang,ds11,raw_dataset/non_uang/000000381325.jpg,False
nm_000000381473,nonuang,ds11,raw_dataset/non_uang/000000381473.jpg,True
nm_000000381515,nonuang,ds11,raw_dataset/non_uang/000000381515.jpg,True
nm_000000381720,nonuang,ds11,raw_dataset/non_uang/000000381720.jpg,True
nm_000000381827,nonuang,ds11,raw_dataset/non_uang/000000381827.jpg,True
nm_000000381866,nonuang,ds11,raw_dataset/non_uang/000000381866.jpg,True
nm_000000381872,nonuang,ds11,raw_dataset/non_uang/000000381872.jpg,True
nm_000000381883,nonuang,ds11,raw_dataset/non_uang/000000381883.jpg,False
nm_000000381920,nonuang,ds11,raw_dataset/non_uang/000000381920.jpg,True
nm_000000382021,nonuang,ds11,raw_dataset/non_uang/000000382021.jpg,True
nm_000000382060,nonuang,ds11,raw_dataset/non_uang/000000382060.jpg,False
nm_000000382225,nonuang,ds11,raw_dataset/non_uang/000000382225.jpg,False
nm_000000382238,nonuang,ds11,raw_dataset/non_uang/000000382238.jpg,True
nm_000000382249,nonuang,ds11,raw_dataset/non_uang/000000382249.jpg,True
nm_000000382294,nonuang,ds11,raw_dataset/non_uang/000000382294.jpg,True
nm_000000382311,nonuang,ds11,raw_dataset/non_uang/000000382311.jpg,False
nm_000000382481,nonuang,ds11,raw_dataset/non_uang/000000382481.jpg,True
nm_000000382496,nonuang,ds11,raw_dataset/non_uang/000000382496.jpg,False
nm_000000382562,nonuang,ds11,raw_dataset/non_uang/000000382562.jpg,True
nm_000000382634,nonuang,ds11,raw_dataset/non_uang/000000382634.jpg,True
nm_000000382647,nonuang,ds11,raw_dataset/non_uang/000000382647.jpg,True
nm_000000382708,nonuang,ds11,raw_dataset/non_uang/000000382708.jpg,True
nm_000000382795,nonuang,ds11,raw_dataset/non_uang/000000382795.jpg,True
nm_000000382829,nonuang,ds11,raw_dataset/non_uang/000000382829.jpg,True
nm_000000382941,nonuang,ds11,raw_dataset/non_uang/000000382941.jpg,False
nm_000000382948,nonuang,ds11,raw_dataset/non_uang/000000382948.jpg,True
nm_000000382967,nonuang,ds11,raw_dataset/non_uang/000000382967.jpg,True
nm_000000382970,nonuang,ds11,raw_dataset/non_uang/000000382970.jpg,True
nm_000000383146,nonuang,ds11,raw_dataset/non_uang/000000383146.jpg,True
nm_000000383353,nonuang,ds11,raw_dataset/non_uang/000000383353.jpg,False
nm_000000383408,nonuang,ds11,raw_dataset/non_uang/000000383408.jpg,False
nm_000000383683,nonuang,ds11,raw_dataset/non_uang/000000383683.jpg,True
nm_000000383718,nonuang,ds11,raw_dataset/non_uang/000000383718.jpg,False
nm_000000383783,nonuang,ds11,raw_dataset/non_uang/000000383783.jpg,True
nm_000000383800,nonuang,ds11,raw_dataset/non_uang/000000383800.jpg,True
nm_000000383836,nonuang,ds11,raw_dataset/non_uang/000000383836.jpg,True
nm_000000384102,nonuang,ds11,raw_dataset/non_uang/000000384102.jpg,False
nm_000000384148,nonuang,ds11,raw_dataset/non_uang/000000384148.jpg,False
nm_000000384214,nonuang,ds11,raw_dataset/non_uang/000000384214.jpg,True
nm_000000384246,nonuang,ds11,raw_dataset/non_uang/000000384246.jpg,True
nm_000000384278,nonuang,ds11,raw_dataset/non_uang/000000384278.jpg,True
nm_000000384295,nonuang,ds11,raw_dataset/non_uang/000000384295.jpg,False
nm_000000384383,nonuang,ds11,raw_dataset/non_uang/000000384383.jpg,False
nm_000000384490,nonuang,ds11,raw_dataset/non_uang/000000384490.jpg,True
nm_000000384606,nonuang,ds11,raw_dataset/non_uang/000000384606.jpg,False
nm_000000384720,nonuang,ds11,raw_dataset/non_uang/000000384720.jpg,False
nm_000000384758,nonuang,ds11,raw_dataset/non_uang/000000384758.jpg,True
nm_000000384830,nonuang,ds11,raw_dataset/non_uang/000000384830.jpg,True
nm_000000384867,nonuang,ds11,raw_dataset/non_uang/000000384867.jpg,True
nm_000000384876,nonuang,ds11,raw_dataset/non_uang/000000384876.jpg,False
nm_000000385040,nonuang,ds11,raw_dataset/non_uang/000000385040.jpg,True
nm_000000385058,nonuang,ds11,raw_dataset/non_uang/000000385058.jpg,False
nm_000000385073,nonuang,ds11,raw_dataset/non_uang/000000385073.jpg,False
nm_000000385221,nonuang,ds11,raw_dataset/non_uang/000000385221.jpg,True
nm_000000385321,nonuang,ds11,raw_dataset/non_uang/000000385321.jpg,True
nm_000000385368,nonuang,ds11,raw_dataset/non_uang/000000385368.jpg,True
nm_000000385440,nonuang,ds11,raw_dataset/non_uang/000000385440.jpg,True
nm_000000385466,nonuang,ds11,raw_dataset/non_uang/000000385466.jpg,False
nm_000000385495,nonuang,ds11,raw_dataset/non_uang/000000385495.jpg,False
nm_000000385608,nonuang,ds11,raw_dataset/non_uang/000000385608.jpg,True
nm_000000385630,nonuang,ds11,raw_dataset/non_uang/000000385630.jpg,True
nm_000000385791,nonuang,ds11,raw_dataset/non_uang/000000385791.jpg,True
nm_000000385800,nonuang,ds11,raw_dataset/non_uang/000000385800.jpg,True
nm_000000385900,nonuang,ds11,raw_dataset/non_uang/000000385900.jpg,False
nm_000000385946,nonuang,ds11,raw_dataset/non_uang/000000385946.jpg,True
nm_000000386098,nonuang,ds11,raw_dataset/non_uang/000000386098.jpg,True
nm_000000386180,nonuang,ds11,raw_dataset/non_uang/000000386180.jpg,True
nm_000000386328,nonuang,ds11,raw_dataset/non_uang/000000386328.jpg,True
nm_000000386366,nonuang,ds11,raw_dataset/non_uang/000000386366.jpg,False
nm_000000386391,nonuang,ds11,raw_dataset/non_uang/000000386391.jpg,True
nm_000000386448,nonuang,ds11,raw_dataset/non_uang/000000386448.jpg,True
nm_000000386522,nonuang,ds11,raw_dataset/non_uang/000000386522.jpg,True
nm_000000386690,nonuang,ds11,raw_dataset/non_uang/000000386690.jpg,False
nm_000000386703,nonuang,ds11,raw_dataset/non_uang/000000386703.jpg,True
nm_000000387019,nonuang,ds11,raw_dataset/non_uang/000000387019.jpg,False
nm_000000387115,nonuang,ds11,raw_dataset/non_uang/000000387115.jpg,True
nm_000000387120,nonuang,ds11,raw_dataset/non_uang/000000387120.jpg,False
nm_000000387238,nonuang,ds11,raw_dataset/non_uang/000000387238.jpg,True
nm_000000387302,nonuang,ds11,raw_dataset/non_uang/000000387302.jpg,True
nm_000000387612,nonuang,ds11,raw_dataset/non_uang/000000387612.jpg,True
nm_000000387637,nonuang,ds11,raw_dataset/non_uang/000000387637.jpg,True
nm_000000387668,nonuang,ds11,raw_dataset/non_uang/000000387668.jpg,False
nm_000000387722,nonuang,ds11,raw_dataset/non_uang/000000387722.jpg,True
nm_000000387756,nonuang,ds11,raw_dataset/non_uang/000000387756.jpg,True
nm_000000387771,nonuang,ds11,raw_dataset/non_uang/000000387771.jpg,True
nm_000000387882,nonuang,ds11,raw_dataset/non_uang/000000387882.jpg,False
nm_000000387907,nonuang,ds11,raw_dataset/non_uang/000000387907.jpg,False
nm_000000387963,nonuang,ds11,raw_dataset/non_uang/000000387963.jpg,True
nm_000000387988,nonuang,ds11,raw_dataset/non_uang/000000387988.jpg,False
nm_000000388077,nonuang,ds11,raw_dataset/non_uang/000000388077.jpg,True
nm_000000388111,nonuang,ds11,raw_dataset/non_uang/000000388111.jpg,False
nm_000000388175,nonuang,ds11,raw_dataset/non_uang/000000388175.jpg,True
nm_000000388221,nonuang,ds11,raw_dataset/non_uang/000000388221.jpg,False
nm_000000388280,nonuang,ds11,raw_dataset/non_uang/000000388280.jpg,True
nm_000000388389,nonuang,ds11,raw_dataset/non_uang/000000388389.jpg,False
nm_000000388450,nonuang,ds11,raw_dataset/non_uang/000000388450.jpg,True
nm_000000388451,nonuang,ds11,raw_dataset/non_uang/000000388451.jpg,True
nm_000000388470,nonuang,ds11,raw_dataset/non_uang/000000388470.jpg,False
nm_000000388513,nonuang,ds11,raw_dataset/non_uang/000000388513.jpg,True
nm_000000388546,nonuang,ds11,raw_dataset/non_uang/000000388546.jpg,True
nm_000000388573,nonuang,ds11,raw_dataset/non_uang/000000388573.jpg,True
nm_000000388694,nonuang,ds11,raw_dataset/non_uang/000000388694.jpg,False
nm_000000388749,nonuang,ds11,raw_dataset/non_uang/000000388749.jpg,False
nm_000000388870,nonuang,ds11,raw_dataset/non_uang/000000388870.jpg,True
nm_000000388879,nonuang,ds11,raw_dataset/non_uang/000000388879.jpg,False
nm_000000389046,nonuang,ds11,raw_dataset/non_uang/000000389046.jpg,True
nm_000000389120,nonuang,ds11,raw_dataset/non_uang/000000389120.jpg,False
nm_000000389203,nonuang,ds11,raw_dataset/non_uang/000000389203.jpg,False
nm_000000389333,nonuang,ds11,raw_dataset/non_uang/000000389333.jpg,False
nm_000000389556,nonuang,ds11,raw_dataset/non_uang/000000389556.jpg,True
nm_000000389635,nonuang,ds11,raw_dataset/non_uang/000000389635.jpg,True
nm_000000389664,nonuang,ds11,raw_dataset/non_uang/000000389664.jpg,True
nm_000000389794,nonuang,ds11,raw_dataset/non_uang/000000389794.jpg,True
nm_000000389852,nonuang,ds11,raw_dataset/non_uang/000000389852.jpg,False
nm_000000389917,nonuang,ds11,raw_dataset/non_uang/000000389917.jpg,True
nm_000000389958,nonuang,ds11,raw_dataset/non_uang/000000389958.jpg,True
nm_000000390150,nonuang,ds11,raw_dataset/non_uang/000000390150.jpg,True
nm_000000390185,nonuang,ds11,raw_dataset/non_uang/000000390185.jpg,False
nm_000000390273,nonuang,ds11,raw_dataset/non_uang/000000390273.jpg,True
nm_000000390299,nonuang,ds11,raw_dataset/non_uang/000000390299.jpg,True
nm_000000390316,nonuang,ds11,raw_dataset/non_uang/000000390316.jpg,True
nm_000000390384,nonuang,ds11,raw_dataset/non_uang/000000390384.jpg,True
nm_000000390415,nonuang,ds11,raw_dataset/non_uang/000000390415.jpg,True
nm_000000390523,nonuang,ds11,raw_dataset/non_uang/000000390523.jpg,False
nm_000000390538,nonuang,ds11,raw_dataset/non_uang/000000390538.jpg,False
nm_000000390553,nonuang,ds11,raw_dataset/non_uang/000000390553.jpg,False
nm_000000390558,nonuang,ds11,raw_dataset/non_uang/000000390558.jpg,True
nm_000000390665,nonuang,ds11,raw_dataset/non_uang/000000390665.jpg,False
nm_000000390707,nonuang,ds11,raw_dataset/non_uang/000000390707.jpg,False
nm_000000390712,nonuang,ds11,raw_dataset/non_uang/000000390712.jpg,True
nm_000000390867,nonuang,ds11,raw_dataset/non_uang/000000390867.jpg,True
nm_000000391025,nonuang,ds11,raw_dataset/non_uang/000000391025.jpg,True
nm_000000391069,nonuang,ds11,raw_dataset/non_uang/000000391069.jpg,True
nm_000000391083,nonuang,ds11,raw_dataset/non_uang/000000391083.jpg,True
nm_000000391129,nonuang,ds11,raw_dataset/non_uang/000000391129.jpg,True
nm_000000391257,nonuang,ds11,raw_dataset/non_uang/000000391257.jpg,True
nm_000000391289,nonuang,ds11,raw_dataset/non_uang/000000391289.jpg,False
nm_000000391431,nonuang,ds11,raw_dataset/non_uang/000000391431.jpg,False
nm_000000391457,nonuang,ds11,raw_dataset/non_uang/000000391457.jpg,True
nm_000000391472,nonuang,ds11,raw_dataset/non_uang/000000391472.jpg,True
nm_000000391649,nonuang,ds11,raw_dataset/non_uang/000000391649.jpg,False
nm_000000391705,nonuang,ds11,raw_dataset/non_uang/000000391705.jpg,True
nm_000000391737,nonuang,ds11,raw_dataset/non_uang/000000391737.jpg,False
nm_000000391836,nonuang,ds11,raw_dataset/non_uang/000000391836.jpg,False
nm_000000391959,nonuang,ds11,raw_dataset/non_uang/000000391959.jpg,True
nm_000000391987,nonuang,ds11,raw_dataset/non_uang/000000391987.jpg,True
nm_000000392044,nonuang,ds11,raw_dataset/non_uang/000000392044.jpg,True
nm_000000392101,nonuang,ds11,raw_dataset/non_uang/000000392101.jpg,True
nm_000000392159,nonuang,ds11,raw_dataset/non_uang/000000392159.jpg,True
nm_000000392327,nonuang,ds11,raw_dataset/non_uang/000000392327.jpg,False
nm_000000392361,nonuang,ds11,raw_dataset/non_uang/000000392361.jpg,True
nm_000000392414,nonuang,ds11,raw_dataset/non_uang/000000392414.jpg,True
nm_000000392455,nonuang,ds11,raw_dataset/non_uang/000000392455.jpg,True
nm_000000392524,nonuang,ds11,raw_dataset/non_uang/000000392524.jpg,True
nm_000000392586,nonuang,ds11,raw_dataset/non_uang/000000392586.jpg,False
nm_000000392660,nonuang,ds11,raw_dataset/non_uang/000000392660.jpg,True
nm_000000392698,nonuang,ds11,raw_dataset/non_uang/000000392698.jpg,False
nm_000000392742,nonuang,ds11,raw_dataset/non_uang/000000392742.jpg,False
nm_000000392752,nonuang,ds11,raw_dataset/non_uang/000000392752.jpg,True
nm_000000392799,nonuang,ds11,raw_dataset/non_uang/000000392799.jpg,True
nm_000000392824,nonuang,ds11,raw_dataset/non_uang/000000392824.jpg,True
nm_000000392828,nonuang,ds11,raw_dataset/non_uang/000000392828.jpg,True
nm_000000392846,nonuang,ds11,raw_dataset/non_uang/000000392846.jpg,True
nm_000000392886,nonuang,ds11,raw_dataset/non_uang/000000392886.jpg,True
nm_000000392900,nonuang,ds11,raw_dataset/non_uang/000000392900.jpg,True
nm_000000393019,nonuang,ds11,raw_dataset/non_uang/000000393019.jpg,False
nm_000000393032,nonuang,ds11,raw_dataset/non_uang/000000393032.jpg,True
nm_000000393057,nonuang,ds11,raw_dataset/non_uang/000000393057.jpg,True
nm_000000393066,nonuang,ds11,raw_dataset/non_uang/000000393066.jpg,True
nm_000000393133,nonuang,ds11,raw_dataset/non_uang/000000393133.jpg,False
nm_000000393281,nonuang,ds11,raw_dataset/non_uang/000000393281.jpg,True
nm_000000393305,nonuang,ds11,raw_dataset/non_uang/000000393305.jpg,True
nm_000000393476,nonuang,ds11,raw_dataset/non_uang/000000393476.jpg,True
nm_000000393581,nonuang,ds11,raw_dataset/non_uang/000000393581.jpg,True
nm_000000393758,nonuang,ds11,raw_dataset/non_uang/000000393758.jpg,False
nm_000000393763,nonuang,ds11,raw_dataset/non_uang/000000393763.jpg,True
nm_000000393848,nonuang,ds11,raw_dataset/non_uang/000000393848.jpg,False
nm_000000393920,nonuang,ds11,raw_dataset/non_uang/000000393920.jpg,False
nm_000000394038,nonuang,ds11,raw_dataset/non_uang/000000394038.jpg,True
nm_000000394077,nonuang,ds11,raw_dataset/non_uang/000000394077.jpg,True
nm_000000394094,nonuang,ds11,raw_dataset/non_uang/000000394094.jpg,True
nm_000000394107,nonuang,ds11,raw_dataset/non_uang/000000394107.jpg,False
nm_000000394161,nonuang,ds11,raw_dataset/non_uang/000000394161.jpg,False
nm_000000394274,nonuang,ds11,raw_dataset/non_uang/000000394274.jpg,True
nm_000000394350,nonuang,ds11,raw_dataset/non_uang/000000394350.jpg,False
nm_000000394496,nonuang,ds11,raw_dataset/non_uang/000000394496.jpg,False
nm_000000394727,nonuang,ds11,raw_dataset/non_uang/000000394727.jpg,True
nm_000000394758,nonuang,ds11,raw_dataset/non_uang/000000394758.jpg,True
nm_000000394846,nonuang,ds11,raw_dataset/non_uang/000000394846.jpg,True
nm_000000394938,nonuang,ds11,raw_dataset/non_uang/000000394938.jpg,True
nm_000000395110,nonuang,ds11,raw_dataset/non_uang/000000395110.jpg,False
nm_000000395119,nonuang,ds11,raw_dataset/non_uang/000000395119.jpg,False
nm_000000395126,nonuang,ds11,raw_dataset/non_uang/000000395126.jpg,False
nm_000000395224,nonuang,ds11,raw_dataset/non_uang/000000395224.jpg,True
nm_000000395387,nonuang,ds11,raw_dataset/non_uang/000000395387.jpg,True
nm_000000395389,nonuang,ds11,raw_dataset/non_uang/000000395389.jpg,True
nm_000000395460,nonuang,ds11,raw_dataset/non_uang/000000395460.jpg,False
nm_000000395620,nonuang,ds11,raw_dataset/non_uang/000000395620.jpg,False
nm_000000395674,nonuang,ds11,raw_dataset/non_uang/000000395674.jpg,True
nm_000000395760,nonuang,ds11,raw_dataset/non_uang/000000395760.jpg,True
nm_000000395767,nonuang,ds11,raw_dataset/non_uang/000000395767.jpg,True
nm_000000395825,nonuang,ds11,raw_dataset/non_uang/000000395825.jpg,True
nm_000000395832,nonuang,ds11,raw_dataset/non_uang/000000395832.jpg,True
nm_000000395835,nonuang,ds11,raw_dataset/non_uang/000000395835.jpg,False
nm_000000395869,nonuang,ds11,raw_dataset/non_uang/000000395869.jpg,True
nm_000000395896,nonuang,ds11,raw_dataset/non_uang/000000395896.jpg,True
nm_000000396041,nonuang,ds11,raw_dataset/non_uang/000000396041.jpg,True
nm_000000396092,nonuang,ds11,raw_dataset/non_uang/000000396092.jpg,True
nm_000000396114,nonuang,ds11,raw_dataset/non_uang/000000396114.jpg,True
nm_000000396241,nonuang,ds11,raw_dataset/non_uang/000000396241.jpg,True
nm_000000396438,nonuang,ds11,raw_dataset/non_uang/000000396438.jpg,True
nm_000000396554,nonuang,ds11,raw_dataset/non_uang/000000396554.jpg,True
nm_000000396709,nonuang,ds11,raw_dataset/non_uang/000000396709.jpg,True
nm_000000396816,nonuang,ds11,raw_dataset/non_uang/000000396816.jpg,True
nm_000000396873,nonuang,ds11,raw_dataset/non_uang/000000396873.jpg,False
nm_000000397140,nonuang,ds11,raw_dataset/non_uang/000000397140.jpg,True
nm_000000397150,nonuang,ds11,raw_dataset/non_uang/000000397150.jpg,True
nm_000000397493,nonuang,ds11,raw_dataset/non_uang/000000397493.jpg,False
nm_000000397495,nonuang,ds11,raw_dataset/non_uang/000000397495.jpg,True
nm_000000397556,nonuang,ds11,raw_dataset/non_uang/000000397556.jpg,True
nm_000000397588,nonuang,ds11,raw_dataset/non_uang/000000397588.jpg,False
nm_000000397614,nonuang,ds11,raw_dataset/non_uang/000000397614.jpg,False
nm_000000397680,nonuang,ds11,raw_dataset/non_uang/000000397680.jpg,True
nm_000000397699,nonuang,ds11,raw_dataset/non_uang/000000397699.jpg,True
nm_000000397722,nonuang,ds11,raw_dataset/non_uang/000000397722.jpg,False
nm_000000397902,nonuang,ds11,raw_dataset/non_uang/000000397902.jpg,False
nm_000000397924,nonuang,ds11,raw_dataset/non_uang/000000397924.jpg,True
nm_000000398020,nonuang,ds11,raw_dataset/non_uang/000000398020.jpg,False
nm_000000398145,nonuang,ds11,raw_dataset/non_uang/000000398145.jpg,False
nm_000000398152,nonuang,ds11,raw_dataset/non_uang/000000398152.jpg,True
nm_000000398218,nonuang,ds11,raw_dataset/non_uang/000000398218.jpg,False
nm_000000398363,nonuang,ds11,raw_dataset/non_uang/000000398363.jpg,True
nm_000000398460,nonuang,ds11,raw_dataset/non_uang/000000398460.jpg,True
nm_000000398464,nonuang,ds11,raw_dataset/non_uang/000000398464.jpg,True
nm_000000398530,nonuang,ds11,raw_dataset/non_uang/000000398530.jpg,False
nm_000000398531,nonuang,ds11,raw_dataset/non_uang/000000398531.jpg,True
nm_000000398614,nonuang,ds11,raw_dataset/non_uang/000000398614.jpg,True
nm_000000398625,nonuang,ds11,raw_dataset/non_uang/000000398625.jpg,True
nm_000000398656,nonuang,ds11,raw_dataset/non_uang/000000398656.jpg,False
nm_000000398707,nonuang,ds11,raw_dataset/non_uang/000000398707.jpg,True
nm_000000398805,nonuang,ds11,raw_dataset/non_uang/000000398805.jpg,False
nm_000000398816,nonuang,ds11,raw_dataset/non_uang/000000398816.jpg,False
nm_000000398832,nonuang,ds11,raw_dataset/non_uang/000000398832.jpg,True
nm_000000398874,nonuang,ds11,raw_dataset/non_uang/000000398874.jpg,False
nm_000000398914,nonuang,ds11,raw_dataset/non_uang/000000398914.jpg,False
nm_000000398987,nonuang,ds11,raw_dataset/non_uang/000000398987.jpg,True
nm_000000399093,nonuang,ds11,raw_dataset/non_uang/000000399093.jpg,True
nm_000000399234,nonuang,ds11,raw_dataset/non_uang/000000399234.jpg,True
nm_000000399355,nonuang,ds11,raw_dataset/non_uang/000000399355.jpg,True
nm_000000399424,nonuang,ds11,raw_dataset/non_uang/000000399424.jpg,True
nm_000000399776,nonuang,ds11,raw_dataset/non_uang/000000399776.jpg,True
nm_000000399786,nonuang,ds11,raw_dataset/non_uang/000000399786.jpg,False
nm_000000399789,nonuang,ds11,raw_dataset/non_uang/000000399789.jpg,False
nm_000000399823,nonuang,ds11,raw_dataset/non_uang/000000399823.jpg,True
nm_000000399826,nonuang,ds11,raw_dataset/non_uang/000000399826.jpg,False
nm_000000399855,nonuang,ds11,raw_dataset/non_uang/000000399855.jpg,True
nm_000000399928,nonuang,ds11,raw_dataset/non_uang/000000399928.jpg,False
nm_000000399980,nonuang,ds11,raw_dataset/non_uang/000000399980.jpg,True
nm_000000400026,nonuang,ds11,raw_dataset/non_uang/000000400026.jpg,False
nm_000000400034,nonuang,ds11,raw_dataset/non_uang/000000400034.jpg,False
nm_000000400047,nonuang,ds11,raw_dataset/non_uang/000000400047.jpg,True
nm_000000400066,nonuang,ds11,raw_dataset/non_uang/000000400066.jpg,False
nm_000000400291,nonuang,ds11,raw_dataset/non_uang/000000400291.jpg,True
nm_000000400325,nonuang,ds11,raw_dataset/non_uang/000000400325.jpg,False
nm_000000400486,nonuang,ds11,raw_dataset/non_uang/000000400486.jpg,True
nm_000000400574,nonuang,ds11,raw_dataset/non_uang/000000400574.jpg,True
nm_000000400629,nonuang,ds11,raw_dataset/non_uang/000000400629.jpg,False
nm_000000400827,nonuang,ds11,raw_dataset/non_uang/000000400827.jpg,False
nm_000000400910,nonuang,ds11,raw_dataset/non_uang/000000400910.jpg,True
nm_000000400946,nonuang,ds11,raw_dataset/non_uang/000000400946.jpg,True
nm_000000400972,nonuang,ds11,raw_dataset/non_uang/000000400972.jpg,True
nm_000000401039,nonuang,ds11,raw_dataset/non_uang/000000401039.jpg,True
nm_000000401069,nonuang,ds11,raw_dataset/non_uang/000000401069.jpg,False
nm_000000401104,nonuang,ds11,raw_dataset/non_uang/000000401104.jpg,False
nm_000000401185,nonuang,ds11,raw_dataset/non_uang/000000401185.jpg,False
nm_000000401186,nonuang,ds11,raw_dataset/non_uang/000000401186.jpg,True
nm_000000401205,nonuang,ds11,raw_dataset/non_uang/000000401205.jpg,True
nm_000000401222,nonuang,ds11,raw_dataset/non_uang/000000401222.jpg,False
nm_000000401230,nonuang,ds11,raw_dataset/non_uang/000000401230.jpg,True
nm_000000401259,nonuang,ds11,raw_dataset/non_uang/000000401259.jpg,True
nm_000000401304,nonuang,ds11,raw_dataset/non_uang/000000401304.jpg,True
nm_000000401356,nonuang,ds11,raw_dataset/non_uang/000000401356.jpg,False
nm_000000401377,nonuang,ds11,raw_dataset/non_uang/000000401377.jpg,True
nm_000000401388,nonuang,ds11,raw_dataset/non_uang/000000401388.jpg,True
nm_000000401421,nonuang,ds11,raw_dataset/non_uang/000000401421.jpg,True
nm_000000401454,nonuang,ds11,raw_dataset/non_uang/000000401454.jpg,True
nm_000000401662,nonuang,ds11,raw_dataset/non_uang/000000401662.jpg,True
nm_000000401668,nonuang,ds11,raw_dataset/non_uang/000000401668.jpg,False
nm_000000401933,nonuang,ds11,raw_dataset/non_uang/000000401933.jpg,True
nm_000000401992,nonuang,ds11,raw_dataset/non_uang/000000401992.jpg,True
nm_000000402005,nonuang,ds11,raw_dataset/non_uang/000000402005.jpg,True
nm_000000402033,nonuang,ds11,raw_dataset/non_uang/000000402033.jpg,False
nm_000000402037,nonuang,ds11,raw_dataset/non_uang/000000402037.jpg,True
nm_000000402111,nonuang,ds11,raw_dataset/non_uang/000000402111.jpg,True
nm_000000402160,nonuang,ds11,raw_dataset/non_uang/000000402160.jpg,False
nm_000000402165,nonuang,ds11,raw_dataset/non_uang/000000402165.jpg,False
nm_000000402218,nonuang,ds11,raw_dataset/non_uang/000000402218.jpg,True
nm_000000402230,nonuang,ds11,raw_dataset/non_uang/000000402230.jpg,True
nm_000000402286,nonuang,ds11,raw_dataset/non_uang/000000402286.jpg,True
nm_000000402349,nonuang,ds11,raw_dataset/non_uang/000000402349.jpg,True
nm_000000402376,nonuang,ds11,raw_dataset/non_uang/000000402376.jpg,True
nm_000000402399,nonuang,ds11,raw_dataset/non_uang/000000402399.jpg,True
nm_000000402482,nonuang,ds11,raw_dataset/non_uang/000000402482.jpg,True
nm_000000402517,nonuang,ds11,raw_dataset/non_uang/000000402517.jpg,False
nm_000000402617,nonuang,ds11,raw_dataset/non_uang/000000402617.jpg,False
nm_000000402832,nonuang,ds11,raw_dataset/non_uang/000000402832.jpg,True
nm_000000402886,nonuang,ds11,raw_dataset/non_uang/000000402886.jpg,True
nm_000000402907,nonuang,ds11,raw_dataset/non_uang/000000402907.jpg,True
nm_000000403001,nonuang,ds11,raw_dataset/non_uang/000000403001.jpg,True
nm_000000403082,nonuang,ds11,raw_dataset/non_uang/000000403082.jpg,False
nm_000000403125,nonuang,ds11,raw_dataset/non_uang/000000403125.jpg,True
nm_000000403247,nonuang,ds11,raw_dataset/non_uang/000000403247.jpg,False
nm_000000403416,nonuang,ds11,raw_dataset/non_uang/000000403416.jpg,True
nm_000000403453,nonuang,ds11,raw_dataset/non_uang/000000403453.jpg,True
nm_000000403493,nonuang,ds11,raw_dataset/non_uang/000000403493.jpg,False
nm_000000403496,nonuang,ds11,raw_dataset/non_uang/000000403496.jpg,True
nm_000000403566,nonuang,ds11,raw_dataset/non_uang/000000403566.jpg,False
nm_000000403714,nonuang,ds11,raw_dataset/non_uang/000000403714.jpg,False
nm_000000403884,nonuang,ds11,raw_dataset/non_uang/000000403884.jpg,False
nm_000000403945,nonuang,ds11,raw_dataset/non_uang/000000403945.jpg,False
nm_000000404073,nonuang,ds11,raw_dataset/non_uang/000000404073.jpg,True
nm_000000404126,nonuang,ds11,raw_dataset/non_uang/000000404126.jpg,False
nm_000000404130,nonuang,ds11,raw_dataset/non_uang/000000404130.jpg,False
nm_000000404155,nonuang,ds11,raw_dataset/non_uang/000000404155.jpg,False
nm_000000404219,nonuang,ds11,raw_dataset/non_uang/000000404219.jpg,False
nm_000000404240,nonuang,ds11,raw_dataset/non_uang/000000404240.jpg,True
nm_000000404251,nonuang,ds11,raw_dataset/non_uang/000000404251.jpg,True
nm_000000404334,nonuang,ds11,raw_dataset/non_uang/000000404334.jpg,False
nm_000000404498,nonuang,ds11,raw_dataset/non_uang/000000404498.jpg,True
nm_000000404589,nonuang,ds11,raw_dataset/non_uang/000000404589.jpg,True
nm_000000404716,nonuang,ds11,raw_dataset/non_uang/000000404716.jpg,False
nm_000000404763,nonuang,ds11,raw_dataset/non_uang/000000404763.jpg,True
nm_000000404768,nonuang,ds11,raw_dataset/non_uang/000000404768.jpg,True
nm_000000404920,nonuang,ds11,raw_dataset/non_uang/000000404920.jpg,False
nm_000000404932,nonuang,ds11,raw_dataset/non_uang/000000404932.jpg,False
nm_000000404938,nonuang,ds11,raw_dataset/non_uang/000000404938.jpg,True
nm_000000404939,nonuang,ds11,raw_dataset/non_uang/000000404939.jpg,False
nm_000000404993,nonuang,ds11,raw_dataset/non_uang/000000404993.jpg,False
nm_000000405070,nonuang,ds11,raw_dataset/non_uang/000000405070.jpg,True
nm_000000405124,nonuang,ds11,raw_dataset/non_uang/000000405124.jpg,False
nm_000000405139,nonuang,ds11,raw_dataset/non_uang/000000405139.jpg,True
nm_000000405171,nonuang,ds11,raw_dataset/non_uang/000000405171.jpg,True
nm_000000405212,nonuang,ds11,raw_dataset/non_uang/000000405212.jpg,False
nm_000000405298,nonuang,ds11,raw_dataset/non_uang/000000405298.jpg,False
nm_000000405386,nonuang,ds11,raw_dataset/non_uang/000000405386.jpg,True
nm_000000405411,nonuang,ds11,raw_dataset/non_uang/000000405411.jpg,True
nm_000000405495,nonuang,ds11,raw_dataset/non_uang/000000405495.jpg,False
nm_000000405513,nonuang,ds11,raw_dataset/non_uang/000000405513.jpg,True
nm_000000405532,nonuang,ds11,raw_dataset/non_uang/000000405532.jpg,False
nm_000000405598,nonuang,ds11,raw_dataset/non_uang/000000405598.jpg,True
nm_000000405634,nonuang,ds11,raw_dataset/non_uang/000000405634.jpg,False
nm_000000405688,nonuang,ds11,raw_dataset/non_uang/000000405688.jpg,False
nm_000000405785,nonuang,ds11,raw_dataset/non_uang/000000405785.jpg,True
nm_000000405921,nonuang,ds11,raw_dataset/non_uang/000000405921.jpg,False
nm_000000405938,nonuang,ds11,raw_dataset/non_uang/000000405938.jpg,True
nm_000000406041,nonuang,ds11,raw_dataset/non_uang/000000406041.jpg,True
nm_000000406088,nonuang,ds11,raw_dataset/non_uang/000000406088.jpg,True
nm_000000406183,nonuang,ds11,raw_dataset/non_uang/000000406183.jpg,True
nm_000000406236,nonuang,ds11,raw_dataset/non_uang/000000406236.jpg,False
nm_000000406255,nonuang,ds11,raw_dataset/non_uang/000000406255.jpg,False
nm_000000406262,nonuang,ds11,raw_dataset/non_uang/000000406262.jpg,False
nm_000000406264,nonuang,ds11,raw_dataset/non_uang/000000406264.jpg,True
nm_000000406367,nonuang,ds11,raw_dataset/non_uang/000000406367.jpg,True
nm_000000406416,nonuang,ds11,raw_dataset/non_uang/000000406416.jpg,True
nm_000000406465,nonuang,ds11,raw_dataset/non_uang/000000406465.jpg,True
nm_000000406467,nonuang,ds11,raw_dataset/non_uang/000000406467.jpg,True
nm_000000406576,nonuang,ds11,raw_dataset/non_uang/000000406576.jpg,True
nm_000000406583,nonuang,ds11,raw_dataset/non_uang/000000406583.jpg,True
nm_000000406612,nonuang,ds11,raw_dataset/non_uang/000000406612.jpg,False
nm_000000406715,nonuang,ds11,raw_dataset/non_uang/000000406715.jpg,True
nm_000000406763,nonuang,ds11,raw_dataset/non_uang/000000406763.jpg,True
nm_000000406806,nonuang,ds11,raw_dataset/non_uang/000000406806.jpg,False
nm_000000406902,nonuang,ds11,raw_dataset/non_uang/000000406902.jpg,True
nm_000000406905,nonuang,ds11,raw_dataset/non_uang/000000406905.jpg,True
nm_000000406950,nonuang,ds11,raw_dataset/non_uang/000000406950.jpg,False
nm_000000406991,nonuang,ds11,raw_dataset/non_uang/000000406991.jpg,False
nm_000000407085,nonuang,ds11,raw_dataset/non_uang/000000407085.jpg,False
nm_000000407094,nonuang,ds11,raw_dataset/non_uang/000000407094.jpg,True
nm_000000407107,nonuang,ds11,raw_dataset/non_uang/000000407107.jpg,True
nm_000000407189,nonuang,ds11,raw_dataset/non_uang/000000407189.jpg,True
nm_000000407258,nonuang,ds11,raw_dataset/non_uang/000000407258.jpg,True
nm_000000407333,nonuang,ds11,raw_dataset/non_uang/000000407333.jpg,True
nm_000000407418,nonuang,ds11,raw_dataset/non_uang/000000407418.jpg,True
nm_000000407513,nonuang,ds11,raw_dataset/non_uang/000000407513.jpg,True
nm_000000407514,nonuang,ds11,raw_dataset/non_uang/000000407514.jpg,False
nm_000000407554,nonuang,ds11,raw_dataset/non_uang/000000407554.jpg,True
nm_000000407563,nonuang,ds11,raw_dataset/non_uang/000000407563.jpg,False
nm_000000407572,nonuang,ds11,raw_dataset/non_uang/000000407572.jpg,True
nm_000000407638,nonuang,ds11,raw_dataset/non_uang/000000407638.jpg,False
nm_000000407675,nonuang,ds11,raw_dataset/non_uang/000000407675.jpg,True
nm_000000407729,nonuang,ds11,raw_dataset/non_uang/000000407729.jpg,True
nm_000000407872,nonuang,ds11,raw_dataset/non_uang/000000407872.jpg,True
nm_000000407919,nonuang,ds11,raw_dataset/non_uang/000000407919.jpg,True
nm_000000408052,nonuang,ds11,raw_dataset/non_uang/000000408052.jpg,False
nm_000000408107,nonuang,ds11,raw_dataset/non_uang/000000408107.jpg,True
nm_000000408109,nonuang,ds11,raw_dataset/non_uang/000000408109.jpg,True
nm_000000408118,nonuang,ds11,raw_dataset/non_uang/000000408118.jpg,True
nm_000000408128,nonuang,ds11,raw_dataset/non_uang/000000408128.jpg,False
nm_000000408231,nonuang,ds11,raw_dataset/non_uang/000000408231.jpg,True
nm_000000408237,nonuang,ds11,raw_dataset/non_uang/000000408237.jpg,False
nm_000000408566,nonuang,ds11,raw_dataset/non_uang/000000408566.jpg,False
nm_000000408598,nonuang,ds11,raw_dataset/non_uang/000000408598.jpg,True
nm_000000408605,nonuang,ds11,raw_dataset/non_uang/000000408605.jpg,True
nm_000000408663,nonuang,ds11,raw_dataset/non_uang/000000408663.jpg,False
nm_000000408690,nonuang,ds11,raw_dataset/non_uang/000000408690.jpg,True
nm_000000408782,nonuang,ds11,raw_dataset/non_uang/000000408782.jpg,True
nm_000000408847,nonuang,ds11,raw_dataset/non_uang/000000408847.jpg,True
nm_000000408915,nonuang,ds11,raw_dataset/non_uang/000000408915.jpg,True
nm_000000409004,nonuang,ds11,raw_dataset/non_uang/000000409004.jpg,True
nm_000000409096,nonuang,ds11,raw_dataset/non_uang/000000409096.jpg,True
nm_000000409136,nonuang,ds11,raw_dataset/non_uang/000000409136.jpg,False
nm_000000409164,nonuang,ds11,raw_dataset/non_uang/000000409164.jpg,True
nm_000000409167,nonuang,ds11,raw_dataset/non_uang/000000409167.jpg,True
nm_000000409258,nonuang,ds11,raw_dataset/non_uang/000000409258.jpg,True
nm_000000409306,nonuang,ds11,raw_dataset/non_uang/000000409306.jpg,False
nm_000000409401,nonuang,ds11,raw_dataset/non_uang/000000409401.jpg,True
nm_000000409474,nonuang,ds11,raw_dataset/non_uang/000000409474.jpg,True
nm_000000409502,nonuang,ds11,raw_dataset/non_uang/000000409502.jpg,False
nm_000000409663,nonuang,ds11,raw_dataset/non_uang/000000409663.jpg,True
nm_000000409677,nonuang,ds11,raw_dataset/non_uang/000000409677.jpg,False
nm_000000409729,nonuang,ds11,raw_dataset/non_uang/000000409729.jpg,False
nm_000000409783,nonuang,ds11,raw_dataset/non_uang/000000409783.jpg,True
nm_000000409810,nonuang,ds11,raw_dataset/non_uang/000000409810.jpg,False
nm_000000409812,nonuang,ds11,raw_dataset/non_uang/000000409812.jpg,True
nm_000000409846,nonuang,ds11,raw_dataset/non_uang/000000409846.jpg,False
nm_000000409943,nonuang,ds11,raw_dataset/non_uang/000000409943.jpg,True
nm_000000410025,nonuang,ds11,raw_dataset/non_uang/000000410025.jpg,False
nm_000000410206,nonuang,ds11,raw_dataset/non_uang/000000410206.jpg,False
nm_000000410257,nonuang,ds11,raw_dataset/non_uang/000000410257.jpg,True
nm_000000410438,nonuang,ds11,raw_dataset/non_uang/000000410438.jpg,True
nm_000000410497,nonuang,ds11,raw_dataset/non_uang/000000410497.jpg,False
nm_000000410565,nonuang,ds11,raw_dataset/non_uang/000000410565.jpg,False
nm_000000410685,nonuang,ds11,raw_dataset/non_uang/000000410685.jpg,False
nm_000000410820,nonuang,ds11,raw_dataset/non_uang/000000410820.jpg,False
nm_000000410858,nonuang,ds11,raw_dataset/non_uang/000000410858.jpg,True
nm_000000410941,nonuang,ds11,raw_dataset/non_uang/000000410941.jpg,True
nm_000000410974,nonuang,ds11,raw_dataset/non_uang/000000410974.jpg,False
nm_000000410989,nonuang,ds11,raw_dataset/non_uang/000000410989.jpg,True
nm_000000411023,nonuang,ds11,raw_dataset/non_uang/000000411023.jpg,True
nm_000000411045,nonuang,ds11,raw_dataset/non_uang/000000411045.jpg,True
nm_000000411135,nonuang,ds11,raw_dataset/non_uang/000000411135.jpg,True
nm_000000411139,nonuang,ds11,raw_dataset/non_uang/000000411139.jpg,True
nm_000000411179,nonuang,ds11,raw_dataset/non_uang/000000411179.jpg,True
nm_000000411286,nonuang,ds11,raw_dataset/non_uang/000000411286.jpg,True
nm_000000411401,nonuang,ds11,raw_dataset/non_uang/000000411401.jpg,True
nm_000000411452,nonuang,ds11,raw_dataset/non_uang/000000411452.jpg,True
nm_000000411483,nonuang,ds11,raw_dataset/non_uang/000000411483.jpg,True
nm_000000411809,nonuang,ds11,raw_dataset/non_uang/000000411809.jpg,False
nm_000000411843,nonuang,ds11,raw_dataset/non_uang/000000411843.jpg,True
nm_000000411867,nonuang,ds11,raw_dataset/non_uang/000000411867.jpg,True
nm_000000411909,nonuang,ds11,raw_dataset/non_uang/000000411909.jpg,False
nm_000000411911,nonuang,ds11,raw_dataset/non_uang/000000411911.jpg,False
nm_000000412006,nonuang,ds11,raw_dataset/non_uang/000000412006.jpg,False
nm_000000412055,nonuang,ds11,raw_dataset/non_uang/000000412055.jpg,False
nm_000000412154,nonuang,ds11,raw_dataset/non_uang/000000412154.jpg,False
nm_000000412186,nonuang,ds11,raw_dataset/non_uang/000000412186.jpg,True
nm_000000412260,nonuang,ds11,raw_dataset/non_uang/000000412260.jpg,False
nm_000000412416,nonuang,ds11,raw_dataset/non_uang/000000412416.jpg,True
nm_000000412550,nonuang,ds11,raw_dataset/non_uang/000000412550.jpg,False
nm_000000412601,nonuang,ds11,raw_dataset/non_uang/000000412601.jpg,True
nm_000000412667,nonuang,ds11,raw_dataset/non_uang/000000412667.jpg,True
nm_000000412796,nonuang,ds11,raw_dataset/non_uang/000000412796.jpg,True
nm_000000412846,nonuang,ds11,raw_dataset/non_uang/000000412846.jpg,True
nm_000000412895,nonuang,ds11,raw_dataset/non_uang/000000412895.jpg,True
nm_000000413064,nonuang,ds11,raw_dataset/non_uang/000000413064.jpg,True
nm_000000413171,nonuang,ds11,raw_dataset/non_uang/000000413171.jpg,True
nm_000000413319,nonuang,ds11,raw_dataset/non_uang/000000413319.jpg,False
nm_000000413403,nonuang,ds11,raw_dataset/non_uang/000000413403.jpg,True
nm_000000413433,nonuang,ds11,raw_dataset/non_uang/000000413433.jpg,True
nm_000000413536,nonuang,ds11,raw_dataset/non_uang/000000413536.jpg,True
nm_000000413589,nonuang,ds11,raw_dataset/non_uang/000000413589.jpg,True
nm_000000413670,nonuang,ds11,raw_dataset/non_uang/000000413670.jpg,False
nm_000000413721,nonuang,ds11,raw_dataset/non_uang/000000413721.jpg,True
nm_000000413759,nonuang,ds11,raw_dataset/non_uang/000000413759.jpg,True
nm_000000413890,nonuang,ds11,raw_dataset/non_uang/000000413890.jpg,False
nm_000000414084,nonuang,ds11,raw_dataset/non_uang/000000414084.jpg,False
nm_000000414252,nonuang,ds11,raw_dataset/non_uang/000000414252.jpg,True
nm_000000414322,nonuang,ds11,raw_dataset/non_uang/000000414322.jpg,False
nm_000000414470,nonuang,ds11,raw_dataset/non_uang/000000414470.jpg,True
nm_000000414567,nonuang,ds11,raw_dataset/non_uang/000000414567.jpg,True
nm_000000414631,nonuang,ds11,raw_dataset/non_uang/000000414631.jpg,True
nm_000000414644,nonuang,ds11,raw_dataset/non_uang/000000414644.jpg,False
nm_000000414685,nonuang,ds11,raw_dataset/non_uang/000000414685.jpg,True
nm_000000414751,nonuang,ds11,raw_dataset/non_uang/000000414751.jpg,True
nm_000000414769,nonuang,ds11,raw_dataset/non_uang/000000414769.jpg,False
nm_000000414784,nonuang,ds11,raw_dataset/non_uang/000000414784.jpg,True
nm_000000414818,nonuang,ds11,raw_dataset/non_uang/000000414818.jpg,True
nm_000000414944,nonuang,ds11,raw_dataset/non_uang/000000414944.jpg,True
nm_000000414992,nonuang,ds11,raw_dataset/non_uang/000000414992.jpg,True
nm_000000414997,nonuang,ds11,raw_dataset/non_uang/000000414997.jpg,True
nm_000000415233,nonuang,ds11,raw_dataset/non_uang/000000415233.jpg,False
nm_000000415236,nonuang,ds11,raw_dataset/non_uang/000000415236.jpg,False
nm_000000415245,nonuang,ds11,raw_dataset/non_uang/000000415245.jpg,True
nm_000000415257,nonuang,ds11,raw_dataset/non_uang/000000415257.jpg,True
nm_000000415522,nonuang,ds11,raw_dataset/non_uang/000000415522.jpg,False
nm_000000415541,nonuang,ds11,raw_dataset/non_uang/000000415541.jpg,True
nm_000000415581,nonuang,ds11,raw_dataset/non_uang/000000415581.jpg,True
nm_000000415591,nonuang,ds11,raw_dataset/non_uang/000000415591.jpg,False
nm_000000415729,nonuang,ds11,raw_dataset/non_uang/000000415729.jpg,False
nm_000000415846,nonuang,ds11,raw_dataset/non_uang/000000415846.jpg,True
nm_000000415893,nonuang,ds11,raw_dataset/non_uang/000000415893.jpg,False
nm_000000415992,nonuang,ds11,raw_dataset/non_uang/000000415992.jpg,True
nm_000000416017,nonuang,ds11,raw_dataset/non_uang/000000416017.jpg,True
nm_000000416236,nonuang,ds11,raw_dataset/non_uang/000000416236.jpg,True
nm_000000416280,nonuang,ds11,raw_dataset/non_uang/000000416280.jpg,True
nm_000000416288,nonuang,ds11,raw_dataset/non_uang/000000416288.jpg,True
nm_000000416295,nonuang,ds11,raw_dataset/non_uang/000000416295.jpg,True
nm_000000416433,nonuang,ds11,raw_dataset/non_uang/000000416433.jpg,False
nm_000000416507,nonuang,ds11,raw_dataset/non_uang/000000416507.jpg,False
nm_000000416587,nonuang,ds11,raw_dataset/non_uang/000000416587.jpg,True
nm_000000416602,nonuang,ds11,raw_dataset/non_uang/000000416602.jpg,False
nm_000000416833,nonuang,ds11,raw_dataset/non_uang/000000416833.jpg,True
nm_000000416941,nonuang,ds11,raw_dataset/non_uang/000000416941.jpg,True
nm_000000417108,nonuang,ds11,raw_dataset/non_uang/000000417108.jpg,True
nm_000000417117,nonuang,ds11,raw_dataset/non_uang/000000417117.jpg,False
nm_000000417146,nonuang,ds11,raw_dataset/non_uang/000000417146.jpg,False
nm_000000417148,nonuang,ds11,raw_dataset/non_uang/000000417148.jpg,False
nm_000000417192,nonuang,ds11,raw_dataset/non_uang/000000417192.jpg,True
nm_000000417213,nonuang,ds11,raw_dataset/non_uang/000000417213.jpg,True
nm_000000417255,nonuang,ds11,raw_dataset/non_uang/000000417255.jpg,True
nm_000000417670,nonuang,ds11,raw_dataset/non_uang/000000417670.jpg,True
nm_000000417770,nonuang,ds11,raw_dataset/non_uang/000000417770.jpg,True
nm_000000417892,nonuang,ds11,raw_dataset/non_uang/000000417892.jpg,True
nm_000000417908,nonuang,ds11,raw_dataset/non_uang/000000417908.jpg,False
nm_000000417979,nonuang,ds11,raw_dataset/non_uang/000000417979.jpg,True
nm_000000418080,nonuang,ds11,raw_dataset/non_uang/000000418080.jpg,True
nm_000000418100,nonuang,ds11,raw_dataset/non_uang/000000418100.jpg,True
nm_000000418375,nonuang,ds11,raw_dataset/non_uang/000000418375.jpg,False
nm_000000418392,nonuang,ds11,raw_dataset/non_uang/000000418392.jpg,True
nm_000000418417,nonuang,ds11,raw_dataset/non_uang/000000418417.jpg,True
nm_000000418465,nonuang,ds11,raw_dataset/non_uang/000000418465.jpg,False
nm_000000418497,nonuang,ds11,raw_dataset/non_uang/000000418497.jpg,False
nm_000000418499,nonuang,ds11,raw_dataset/non_uang/000000418499.jpg,True
nm_000000418567,nonuang,ds11,raw_dataset/non_uang/000000418567.jpg,True
nm_000000418626,nonuang,ds11,raw_dataset/non_uang/000000418626.jpg,False
nm_000000418631,nonuang,ds11,raw_dataset/non_uang/000000418631.jpg,True
nm_000000418766,nonuang,ds11,raw_dataset/non_uang/000000418766.jpg,True
nm_000000418795,nonuang,ds11,raw_dataset/non_uang/000000418795.jpg,False
nm_000000418841,nonuang,ds11,raw_dataset/non_uang/000000418841.jpg,False
nm_000000418849,nonuang,ds11,raw_dataset/non_uang/000000418849.jpg,True
nm_000000418863,nonuang,ds11,raw_dataset/non_uang/000000418863.jpg,True
nm_000000418914,nonuang,ds11,raw_dataset/non_uang/000000418914.jpg,True
nm_000000418941,nonuang,ds11,raw_dataset/non_uang/000000418941.jpg,False
nm_000000419010,nonuang,ds11,raw_dataset/non_uang/000000419010.jpg,True
nm_000000419034,nonuang,ds11,raw_dataset/non_uang/000000419034.jpg,False
nm_000000419072,nonuang,ds11,raw_dataset/non_uang/000000419072.jpg,True
nm_000000419118,nonuang,ds11,raw_dataset/non_uang/000000419118.jpg,False
nm_000000419140,nonuang,ds11,raw_dataset/non_uang/000000419140.jpg,False
nm_000000419240,nonuang,ds11,raw_dataset/non_uang/000000419240.jpg,False
nm_000000419490,nonuang,ds11,raw_dataset/non_uang/000000419490.jpg,True
nm_000000419515,nonuang,ds11,raw_dataset/non_uang/000000419515.jpg,True
nm_000000419634,nonuang,ds11,raw_dataset/non_uang/000000419634.jpg,True
nm_000000419654,nonuang,ds11,raw_dataset/non_uang/000000419654.jpg,True
nm_000000419707,nonuang,ds11,raw_dataset/non_uang/000000419707.jpg,True
nm_000000419742,nonuang,ds11,raw_dataset/non_uang/000000419742.jpg,True
nm_000000420092,nonuang,ds11,raw_dataset/non_uang/000000420092.jpg,True
nm_000000420191,nonuang,ds11,raw_dataset/non_uang/000000420191.jpg,False
nm_000000420256,nonuang,ds11,raw_dataset/non_uang/000000420256.jpg,True
nm_000000420301,nonuang,ds11,raw_dataset/non_uang/000000420301.jpg,False
nm_000000420383,nonuang,ds11,raw_dataset/non_uang/000000420383.jpg,False
nm_000000420391,nonuang,ds11,raw_dataset/non_uang/000000420391.jpg,True
nm_000000420470,nonuang,ds11,raw_dataset/non_uang/000000420470.jpg,True
nm_000000420828,nonuang,ds11,raw_dataset/non_uang/000000420828.jpg,True
nm_000000420903,nonuang,ds11,raw_dataset/non_uang/000000420903.jpg,False
nm_000000421011,nonuang,ds11,raw_dataset/non_uang/000000421011.jpg,True
nm_000000421230,nonuang,ds11,raw_dataset/non_uang/000000421230.jpg,False
nm_000000421425,nonuang,ds11,raw_dataset/non_uang/000000421425.jpg,True
nm_000000421438,nonuang,ds11,raw_dataset/non_uang/000000421438.jpg,True
nm_000000421799,nonuang,ds11,raw_dataset/non_uang/000000421799.jpg,False
nm_000000421872,nonuang,ds11,raw_dataset/non_uang/000000421872.jpg,True
nm_000000421880,nonuang,ds11,raw_dataset/non_uang/000000421880.jpg,False
nm_000000421981,nonuang,ds11,raw_dataset/non_uang/000000421981.jpg,False
nm_000000422012,nonuang,ds11,raw_dataset/non_uang/000000422012.jpg,False
nm_000000422074,nonuang,ds11,raw_dataset/non_uang/000000422074.jpg,True
nm_000000422076,nonuang,ds11,raw_dataset/non_uang/000000422076.jpg,False
nm_000000422098,nonuang,ds11,raw_dataset/non_uang/000000422098.jpg,True
nm_000000422150,nonuang,ds11,raw_dataset/non_uang/000000422150.jpg,False
nm_000000422235,nonuang,ds11,raw_dataset/non_uang/000000422235.jpg,True
nm_000000422249,nonuang,ds11,raw_dataset/non_uang/000000422249.jpg,True
nm_000000422312,nonuang,ds11,raw_dataset/non_uang/000000422312.jpg,True
nm_000000422392,nonuang,ds11,raw_dataset/non_uang/000000422392.jpg,True
nm_000000422484,nonuang,ds11,raw_dataset/non_uang/000000422484.jpg,False
nm_000000422494,nonuang,ds11,raw_dataset/non_uang/000000422494.jpg,True
nm_000000422501,nonuang,ds11,raw_dataset/non_uang/000000422501.jpg,True
nm_000000422514,nonuang,ds11,raw_dataset/non_uang/000000422514.jpg,True
nm_000000422618,nonuang,ds11,raw_dataset/non_uang/000000422618.jpg,False
nm_000000422671,nonuang,ds11,raw_dataset/non_uang/000000422671.jpg,False
nm_000000422694,nonuang,ds11,raw_dataset/non_uang/000000422694.jpg,False
nm_000000422789,nonuang,ds11,raw_dataset/non_uang/000000422789.jpg,True
nm_000000422817,nonuang,ds11,raw_dataset/non_uang/000000422817.jpg,True
nm_000000422925,nonuang,ds11,raw_dataset/non_uang/000000422925.jpg,True
nm_000000422993,nonuang,ds11,raw_dataset/non_uang/000000422993.jpg,True
nm_000000423059,nonuang,ds11,raw_dataset/non_uang/000000423059.jpg,False
nm_000000423084,nonuang,ds11,raw_dataset/non_uang/000000423084.jpg,True
nm_000000423115,nonuang,ds11,raw_dataset/non_uang/000000423115.jpg,True
nm_000000423133,nonuang,ds11,raw_dataset/non_uang/000000423133.jpg,False
nm_000000423167,nonuang,ds11,raw_dataset/non_uang/000000423167.jpg,False
nm_000000423280,nonuang,ds11,raw_dataset/non_uang/000000423280.jpg,True
nm_000000423286,nonuang,ds11,raw_dataset/non_uang/000000423286.jpg,True
nm_000000423329,nonuang,ds11,raw_dataset/non_uang/000000423329.jpg,False
nm_000000423457,nonuang,ds11,raw_dataset/non_uang/000000423457.jpg,True
nm_000000423531,nonuang,ds11,raw_dataset/non_uang/000000423531.jpg,True
nm_000000423687,nonuang,ds11,raw_dataset/non_uang/000000423687.jpg,True
nm_000000423728,nonuang,ds11,raw_dataset/non_uang/000000423728.jpg,False
nm_000000423847,nonuang,ds11,raw_dataset/non_uang/000000423847.jpg,True
nm_000000424004,nonuang,ds11,raw_dataset/non_uang/000000424004.jpg,False
nm_000000424027,nonuang,ds11,raw_dataset/non_uang/000000424027.jpg,True
nm_000000424072,nonuang,ds11,raw_dataset/non_uang/000000424072.jpg,False
nm_000000424116,nonuang,ds11,raw_dataset/non_uang/000000424116.jpg,True
nm_000000424166,nonuang,ds11,raw_dataset/non_uang/000000424166.jpg,False
nm_000000424280,nonuang,ds11,raw_dataset/non_uang/000000424280.jpg,False
nm_000000424311,nonuang,ds11,raw_dataset/non_uang/000000424311.jpg,True
nm_000000424371,nonuang,ds11,raw_dataset/non_uang/000000424371.jpg,True
nm_000000424414,nonuang,ds11,raw_dataset/non_uang/000000424414.jpg,False
nm_000000424415,nonuang,ds11,raw_dataset/non_uang/000000424415.jpg,True
nm_000000424587,nonuang,ds11,raw_dataset/non_uang/000000424587.jpg,True
nm_000000424619,nonuang,ds11,raw_dataset/non_uang/000000424619.jpg,False
nm_000000424667,nonuang,ds11,raw_dataset/non_uang/000000424667.jpg,True
nm_000000424892,nonuang,ds11,raw_dataset/non_uang/000000424892.jpg,True
nm_000000424930,nonuang,ds11,raw_dataset/non_uang/000000424930.jpg,True
nm_000000424961,nonuang,ds11,raw_dataset/non_uang/000000424961.jpg,True
nm_000000424988,nonuang,ds11,raw_dataset/non_uang/000000424988.jpg,True
nm_000000425084,nonuang,ds11,raw_dataset/non_uang/000000425084.jpg,True
nm_000000425115,nonuang,ds11,raw_dataset/non_uang/000000425115.jpg,False
nm_000000425143,nonuang,ds11,raw_dataset/non_uang/000000425143.jpg,True
nm_000000425223,nonuang,ds11,raw_dataset/non_uang/000000425223.jpg,False
nm_000000425286,nonuang,ds11,raw_dataset/non_uang/000000425286.jpg,True
nm_000000425366,nonuang,ds11,raw_dataset/non_uang/000000425366.jpg,True
nm_000000425606,nonuang,ds11,raw_dataset/non_uang/000000425606.jpg,True
nm_000000425671,nonuang,ds11,raw_dataset/non_uang/000000425671.jpg,True
nm_000000425809,nonuang,ds11,raw_dataset/non_uang/000000425809.jpg,True
nm_000000425835,nonuang,ds11,raw_dataset/non_uang/000000425835.jpg,False
nm_000000425872,nonuang,ds11,raw_dataset/non_uang/000000425872.jpg,True
nm_000000425885,nonuang,ds11,raw_dataset/non_uang/000000425885.jpg,True
nm_000000425919,nonuang,ds11,raw_dataset/non_uang/000000425919.jpg,True
nm_000000426017,nonuang,ds11,raw_dataset/non_uang/000000426017.jpg,True
nm_000000426066,nonuang,ds11,raw_dataset/non_uang/000000426066.jpg,True
nm_000000426067,nonuang,ds11,raw_dataset/non_uang/000000426067.jpg,False
nm_000000426068,nonuang,ds11,raw_dataset/non_uang/000000426068.jpg,False
nm_000000426114,nonuang,ds11,raw_dataset/non_uang/000000426114.jpg,False
nm_000000426163,nonuang,ds11,raw_dataset/non_uang/000000426163.jpg,True
nm_000000426276,nonuang,ds11,raw_dataset/non_uang/000000426276.jpg,True
nm_000000426287,nonuang,ds11,raw_dataset/non_uang/000000426287.jpg,True
nm_000000426450,nonuang,ds11,raw_dataset/non_uang/000000426450.jpg,True
nm_000000426515,nonuang,ds11,raw_dataset/non_uang/000000426515.jpg,False
nm_000000426540,nonuang,ds11,raw_dataset/non_uang/000000426540.jpg,True
nm_000000426619,nonuang,ds11,raw_dataset/non_uang/000000426619.jpg,True
nm_000000426647,nonuang,ds11,raw_dataset/non_uang/000000426647.jpg,True
nm_000000426799,nonuang,ds11,raw_dataset/non_uang/000000426799.jpg,True
nm_000000426819,nonuang,ds11,raw_dataset/non_uang/000000426819.jpg,False
nm_000000426927,nonuang,ds11,raw_dataset/non_uang/000000426927.jpg,True
nm_000000426949,nonuang,ds11,raw_dataset/non_uang/000000426949.jpg,True
nm_000000426969,nonuang,ds11,raw_dataset/non_uang/000000426969.jpg,False
nm_000000426977,nonuang,ds11,raw_dataset/non_uang/000000426977.jpg,True
nm_000000427222,nonuang,ds11,raw_dataset/non_uang/000000427222.jpg,True
nm_000000427294,nonuang,ds11,raw_dataset/non_uang/000000427294.jpg,False
nm_000000427327,nonuang,ds11,raw_dataset/non_uang/000000427327.jpg,True
nm_000000427535,nonuang,ds11,raw_dataset/non_uang/000000427535.jpg,True
nm_000000427634,nonuang,ds11,raw_dataset/non_uang/000000427634.jpg,False
nm_000000427676,nonuang,ds11,raw_dataset/non_uang/000000427676.jpg,False
nm_000000427720,nonuang,ds11,raw_dataset/non_uang/000000427720.jpg,False
nm_000000427741,nonuang,ds11,raw_dataset/non_uang/000000427741.jpg,False
nm_000000427742,nonuang,ds11,raw_dataset/non_uang/000000427742.jpg,True
nm_000000427806,nonuang,ds11,raw_dataset/non_uang/000000427806.jpg,True
nm_000000427851,nonuang,ds11,raw_dataset/non_uang/000000427851.jpg,False
nm_000000427942,nonuang,ds11,raw_dataset/non_uang/000000427942.jpg,False
nm_000000428070,nonuang,ds11,raw_dataset/non_uang/000000428070.jpg,True
nm_000000428275,nonuang,ds11,raw_dataset/non_uang/000000428275.jpg,True
nm_000000428285,nonuang,ds11,raw_dataset/non_uang/000000428285.jpg,False
nm_000000428339,nonuang,ds11,raw_dataset/non_uang/000000428339.jpg,True
nm_000000428353,nonuang,ds11,raw_dataset/non_uang/000000428353.jpg,True
nm_000000428604,nonuang,ds11,raw_dataset/non_uang/000000428604.jpg,False
nm_000000428627,nonuang,ds11,raw_dataset/non_uang/000000428627.jpg,True
nm_000000428678,nonuang,ds11,raw_dataset/non_uang/000000428678.jpg,True
nm_000000428768,nonuang,ds11,raw_dataset/non_uang/000000428768.jpg,True
nm_000000428859,nonuang,ds11,raw_dataset/non_uang/000000428859.jpg,False
nm_000000428879,nonuang,ds11,raw_dataset/non_uang/000000428879.jpg,False
nm_000000428884,nonuang,ds11,raw_dataset/non_uang/000000428884.jpg,False
nm_000000429062,nonuang,ds11,raw_dataset/non_uang/000000429062.jpg,True
nm_000000429272,nonuang,ds11,raw_dataset/non_uang/000000429272.jpg,False
nm_000000429348,nonuang,ds11,raw_dataset/non_uang/000000429348.jpg,True
nm_000000429375,nonuang,ds11,raw_dataset/non_uang/000000429375.jpg,True
nm_000000429498,nonuang,ds11,raw_dataset/non_uang/000000429498.jpg,False
nm_000000429502,nonuang,ds11,raw_dataset/non_uang/000000429502.jpg,False
nm_000000429723,nonuang,ds11,raw_dataset/non_uang/000000429723.jpg,True
nm_000000429972,nonuang,ds11,raw_dataset/non_uang/000000429972.jpg,False
nm_000000430000,nonuang,ds11,raw_dataset/non_uang/000000430000.jpg,True
nm_000000430045,nonuang,ds11,raw_dataset/non_uang/000000430045.jpg,False
nm_000000430098,nonuang,ds11,raw_dataset/non_uang/000000430098.jpg,False
nm_000000430179,nonuang,ds11,raw_dataset/non_uang/000000430179.jpg,False
nm_000000430470,nonuang,ds11,raw_dataset/non_uang/000000430470.jpg,True
nm_000000430488,nonuang,ds11,raw_dataset/non_uang/000000430488.jpg,True
nm_000000430619,nonuang,ds11,raw_dataset/non_uang/000000430619.jpg,False
nm_000000430699,nonuang,ds11,raw_dataset/non_uang/000000430699.jpg,False
nm_000000431055,nonuang,ds11,raw_dataset/non_uang/000000431055.jpg,True
nm_000000431183,nonuang,ds11,raw_dataset/non_uang/000000431183.jpg,True
nm_000000431196,nonuang,ds11,raw_dataset/non_uang/000000431196.jpg,True
nm_000000431221,nonuang,ds11,raw_dataset/non_uang/000000431221.jpg,True
nm_000000431270,nonuang,ds11,raw_dataset/non_uang/000000431270.jpg,True
nm_000000431320,nonuang,ds11,raw_dataset/non_uang/000000431320.jpg,True
nm_000000431358,nonuang,ds11,raw_dataset/non_uang/000000431358.jpg,True
nm_000000431409,nonuang,ds11,raw_dataset/non_uang/000000431409.jpg,True
nm_000000431514,nonuang,ds11,raw_dataset/non_uang/000000431514.jpg,False
nm_000000431583,nonuang,ds11,raw_dataset/non_uang/000000431583.jpg,False
nm_000000431584,nonuang,ds11,raw_dataset/non_uang/000000431584.jpg,False
nm_000000431730,nonuang,ds11,raw_dataset/non_uang/000000431730.jpg,True
nm_000000431736,nonuang,ds11,raw_dataset/non_uang/000000431736.jpg,False
nm_000000431783,nonuang,ds11,raw_dataset/non_uang/000000431783.jpg,True
nm_000000431815,nonuang,ds11,raw_dataset/non_uang/000000431815.jpg,False
nm_000000431845,nonuang,ds11,raw_dataset/non_uang/000000431845.jpg,True
nm_000000432006,nonuang,ds11,raw_dataset/non_uang/000000432006.jpg,True
nm_000000432177,nonuang,ds11,raw_dataset/non_uang/000000432177.jpg,True
nm_000000432227,nonuang,ds11,raw_dataset/non_uang/000000432227.jpg,True
nm_000000432284,nonuang,ds11,raw_dataset/non_uang/000000432284.jpg,True
nm_000000432416,nonuang,ds11,raw_dataset/non_uang/000000432416.jpg,False
nm_000000432470,nonuang,ds11,raw_dataset/non_uang/000000432470.jpg,False
nm_000000432549,nonuang,ds11,raw_dataset/non_uang/000000432549.jpg,True
nm_000000432595,nonuang,ds11,raw_dataset/non_uang/000000432595.jpg,True
nm_000000432601,nonuang,ds11,raw_dataset/non_uang/000000432601.jpg,True
nm_000000432650,nonuang,ds11,raw_dataset/non_uang/000000432650.jpg,True
nm_000000432919,nonuang,ds11,raw_dataset/non_uang/000000432919.jpg,True
nm_000000432973,nonuang,ds11,raw_dataset/non_uang/000000432973.jpg,True
nm_000000433038,nonuang,ds11,raw_dataset/non_uang/000000433038.jpg,True
nm_000000433057,nonuang,ds11,raw_dataset/non_uang/000000433057.jpg,True
nm_000000433087,nonuang,ds11,raw_dataset/non_uang/000000433087.jpg,False
nm_000000433088,nonuang,ds11,raw_dataset/non_uang/000000433088.jpg,True
nm_000000433126,nonuang,ds11,raw_dataset/non_uang/000000433126.jpg,True
nm_000000433162,nonuang,ds11,raw_dataset/non_uang/000000433162.jpg,False
nm_000000433201,nonuang,ds11,raw_dataset/non_uang/000000433201.jpg,False
nm_000000433369,nonuang,ds11,raw_dataset/non_uang/000000433369.jpg,True
nm_000000433457,nonuang,ds11,raw_dataset/non_uang/000000433457.jpg,False
nm_000000433458,nonuang,ds11,raw_dataset/non_uang/000000433458.jpg,True
nm_000000433514,nonuang,ds11,raw_dataset/non_uang/000000433514.jpg,False
nm_000000433532,nonuang,ds11,raw_dataset/non_uang/000000433532.jpg,True
nm_000000433620,nonuang,ds11,raw_dataset/non_uang/000000433620.jpg,True
nm_000000433681,nonuang,ds11,raw_dataset/non_uang/000000433681.jpg,True
nm_000000433692,nonuang,ds11,raw_dataset/non_uang/000000433692.jpg,True
nm_000000433745,nonuang,ds11,raw_dataset/non_uang/000000433745.jpg,False
nm_000000433768,nonuang,ds11,raw_dataset/non_uang/000000433768.jpg,True
nm_000000433798,nonuang,ds11,raw_dataset/non_uang/000000433798.jpg,True
nm_000000433834,nonuang,ds11,raw_dataset/non_uang/000000433834.jpg,True
nm_000000433881,nonuang,ds11,raw_dataset/non_uang/000000433881.jpg,False
nm_000000433922,nonuang,ds11,raw_dataset/non_uang/000000433922.jpg,False
nm_000000434108,nonuang,ds11,raw_dataset/non_uang/000000434108.jpg,True
nm_000000434155,nonuang,ds11,raw_dataset/non_uang/000000434155.jpg,True
nm_000000434260,nonuang,ds11,raw_dataset/non_uang/000000434260.jpg,False
nm_000000434348,nonuang,ds11,raw_dataset/non_uang/000000434348.jpg,True
nm_000000434395,nonuang,ds11,raw_dataset/non_uang/000000434395.jpg,True
nm_000000434529,nonuang,ds11,raw_dataset/non_uang/000000434529.jpg,False
nm_000000434770,nonuang,ds11,raw_dataset/non_uang/000000434770.jpg,True
nm_000000434776,nonuang,ds11,raw_dataset/non_uang/000000434776.jpg,True
nm_000000434801,nonuang,ds11,raw_dataset/non_uang/000000434801.jpg,False
nm_000000434811,nonuang,ds11,raw_dataset/non_uang/000000434811.jpg,False
nm_000000434826,nonuang,ds11,raw_dataset/non_uang/000000434826.jpg,True
nm_000000434863,nonuang,ds11,raw_dataset/non_uang/000000434863.jpg,True
nm_000000434907,nonuang,ds11,raw_dataset/non_uang/000000434907.jpg,True
nm_000000434931,nonuang,ds11,raw_dataset/non_uang/000000434931.jpg,True
nm_000000434939,nonuang,ds11,raw_dataset/non_uang/000000434939.jpg,False
nm_000000435044,nonuang,ds11,raw_dataset/non_uang/000000435044.jpg,True
nm_000000435049,nonuang,ds11,raw_dataset/non_uang/000000435049.jpg,True
nm_000000435132,nonuang,ds11,raw_dataset/non_uang/000000435132.jpg,True
nm_000000435409,nonuang,ds11,raw_dataset/non_uang/000000435409.jpg,False
nm_000000435411,nonuang,ds11,raw_dataset/non_uang/000000435411.jpg,False
nm_000000435547,nonuang,ds11,raw_dataset/non_uang/000000435547.jpg,False
nm_000000435557,nonuang,ds11,raw_dataset/non_uang/000000435557.jpg,True
nm_000000435594,nonuang,ds11,raw_dataset/non_uang/000000435594.jpg,False
nm_000000435650,nonuang,ds11,raw_dataset/non_uang/000000435650.jpg,True
nm_000000435657,nonuang,ds11,raw_dataset/non_uang/000000435657.jpg,False
nm_000000435693,nonuang,ds11,raw_dataset/non_uang/000000435693.jpg,True
nm_000000435722,nonuang,ds11,raw_dataset/non_uang/000000435722.jpg,True
nm_000000435724,nonuang,ds11,raw_dataset/non_uang/000000435724.jpg,True
nm_000000435744,nonuang,ds11,raw_dataset/non_uang/000000435744.jpg,True
nm_000000435780,nonuang,ds11,raw_dataset/non_uang/000000435780.jpg,False
nm_000000435808,nonuang,ds11,raw_dataset/non_uang/000000435808.jpg,False
nm_000000435821,nonuang,ds11,raw_dataset/non_uang/000000435821.jpg,False
nm_000000435831,nonuang,ds11,raw_dataset/non_uang/000000435831.jpg,True
nm_000000435881,nonuang,ds11,raw_dataset/non_uang/000000435881.jpg,True
nm_000000435899,nonuang,ds11,raw_dataset/non_uang/000000435899.jpg,False
nm_000000435925,nonuang,ds11,raw_dataset/non_uang/000000435925.jpg,True
nm_000000435944,nonuang,ds11,raw_dataset/non_uang/000000435944.jpg,True
nm_000000436083,nonuang,ds11,raw_dataset/non_uang/000000436083.jpg,False
nm_000000436093,nonuang,ds11,raw_dataset/non_uang/000000436093.jpg,True
nm_000000436181,nonuang,ds11,raw_dataset/non_uang/000000436181.jpg,True
nm_000000436194,nonuang,ds11,raw_dataset/non_uang/000000436194.jpg,True
nm_000000436322,nonuang,ds11,raw_dataset/non_uang/000000436322.jpg,True
nm_000000436324,nonuang,ds11,raw_dataset/non_uang/000000436324.jpg,True
nm_000000436359,nonuang,ds11,raw_dataset/non_uang/000000436359.jpg,False
nm_000000436373,nonuang,ds11,raw_dataset/non_uang/000000436373.jpg,True
nm_000000436497,nonuang,ds11,raw_dataset/non_uang/000000436497.jpg,False
nm_000000436543,nonuang,ds11,raw_dataset/non_uang/000000436543.jpg,True
nm_000000436639,nonuang,ds11,raw_dataset/non_uang/000000436639.jpg,True
nm_000000436804,nonuang,ds11,raw_dataset/non_uang/000000436804.jpg,True
nm_000000437147,nonuang,ds11,raw_dataset/non_uang/000000437147.jpg,True
nm_000000437230,nonuang,ds11,raw_dataset/non_uang/000000437230.jpg,True
nm_000000437438,nonuang,ds11,raw_dataset/non_uang/000000437438.jpg,True
nm_000000437524,nonuang,ds11,raw_dataset/non_uang/000000437524.jpg,False
nm_000000437659,nonuang,ds11,raw_dataset/non_uang/000000437659.jpg,False
nm_000000437730,nonuang,ds11,raw_dataset/non_uang/000000437730.jpg,True
nm_000000437746,nonuang,ds11,raw_dataset/non_uang/000000437746.jpg,True
nm_000000437925,nonuang,ds11,raw_dataset/non_uang/000000437925.jpg,True
nm_000000438019,nonuang,ds11,raw_dataset/non_uang/000000438019.jpg,True
nm_000000438036,nonuang,ds11,raw_dataset/non_uang/000000438036.jpg,True
nm_000000438042,nonuang,ds11,raw_dataset/non_uang/000000438042.jpg,False
nm_000000438050,nonuang,ds11,raw_dataset/non_uang/000000438050.jpg,True
nm_000000438242,nonuang,ds11,raw_dataset/non_uang/000000438242.jpg,False
nm_000000438437,nonuang,ds11,raw_dataset/non_uang/000000438437.jpg,False
nm_000000438515,nonuang,ds11,raw_dataset/non_uang/000000438515.jpg,True
nm_000000438536,nonuang,ds11,raw_dataset/non_uang/000000438536.jpg,True
nm_000000438585,nonuang,ds11,raw_dataset/non_uang/000000438585.jpg,True
nm_000000438656,nonuang,ds11,raw_dataset/non_uang/000000438656.jpg,False
nm_000000438665,nonuang,ds11,raw_dataset/non_uang/000000438665.jpg,False
nm_000000438685,nonuang,ds11,raw_dataset/non_uang/000000438685.jpg,True
nm_000000438713,nonuang,ds11,raw_dataset/non_uang/000000438713.jpg,True
nm_000000438770,nonuang,ds11,raw_dataset/non_uang/000000438770.jpg,True
nm_000000438840,nonuang,ds11,raw_dataset/non_uang/000000438840.jpg,False
nm_000000438847,nonuang,ds11,raw_dataset/non_uang/000000438847.jpg,True
nm_000000438853,nonuang,ds11,raw_dataset/non_uang/000000438853.jpg,True
nm_000000438868,nonuang,ds11,raw_dataset/non_uang/000000438868.jpg,True
nm_000000438877,nonuang,ds11,raw_dataset/non_uang/000000438877.jpg,True
nm_000000438951,nonuang,ds11,raw_dataset/non_uang/000000438951.jpg,False
nm_000000439046,nonuang,ds11,raw_dataset/non_uang/000000439046.jpg,True
nm_000000439269,nonuang,ds11,raw_dataset/non_uang/000000439269.jpg,False
nm_000000439437,nonuang,ds11,raw_dataset/non_uang/000000439437.jpg,True
nm_000000439498,nonuang,ds11,raw_dataset/non_uang/000000439498.jpg,False
nm_000000439524,nonuang,ds11,raw_dataset/non_uang/000000439524.jpg,False
nm_000000439554,nonuang,ds11,raw_dataset/non_uang/000000439554.jpg,False
nm_000000439612,nonuang,ds11,raw_dataset/non_uang/000000439612.jpg,False
nm_000000439616,nonuang,ds11,raw_dataset/non_uang/000000439616.jpg,True
nm_000000439620,nonuang,ds11,raw_dataset/non_uang/000000439620.jpg,True
nm_000000439671,nonuang,ds11,raw_dataset/non_uang/000000439671.jpg,True
nm_000000439729,nonuang,ds11,raw_dataset/non_uang/000000439729.jpg,False
nm_000000439804,nonuang,ds11,raw_dataset/non_uang/000000439804.jpg,True
nm_000000439996,nonuang,ds11,raw_dataset/non_uang/000000439996.jpg,False
nm_000000440053,nonuang,ds11,raw_dataset/non_uang/000000440053.jpg,False
nm_000000440073,nonuang,ds11,raw_dataset/non_uang/000000440073.jpg,True
nm_000000440146,nonuang,ds11,raw_dataset/non_uang/000000440146.jpg,False
nm_000000440276,nonuang,ds11,raw_dataset/non_uang/000000440276.jpg,True
nm_000000440305,nonuang,ds11,raw_dataset/non_uang/000000440305.jpg,True
nm_000000440394,nonuang,ds11,raw_dataset/non_uang/000000440394.jpg,False
nm_000000440464,nonuang,ds11,raw_dataset/non_uang/000000440464.jpg,True
nm_000000440535,nonuang,ds11,raw_dataset/non_uang/000000440535.jpg,True
nm_000000440585,nonuang,ds11,raw_dataset/non_uang/000000440585.jpg,True
nm_000000440606,nonuang,ds11,raw_dataset/non_uang/000000440606.jpg,True
nm_000000440719,nonuang,ds11,raw_dataset/non_uang/000000440719.jpg,True
nm_000000440821,nonuang,ds11,raw_dataset/non_uang/000000440821.jpg,True
nm_000000440980,nonuang,ds11,raw_dataset/non_uang/000000440980.jpg,True
nm_000000441016,nonuang,ds11,raw_dataset/non_uang/000000441016.jpg,True
nm_000000441047,nonuang,ds11,raw_dataset/non_uang/000000441047.jpg,False
nm_000000441050,nonuang,ds11,raw_dataset/non_uang/000000441050.jpg,True
nm_000000441065,nonuang,ds11,raw_dataset/non_uang/000000441065.jpg,True
nm_000000441161,nonuang,ds11,raw_dataset/non_uang/000000441161.jpg,True
nm_000000441209,nonuang,ds11,raw_dataset/non_uang/000000441209.jpg,True
nm_000000441217,nonuang,ds11,raw_dataset/non_uang/000000441217.jpg,False
nm_000000441235,nonuang,ds11,raw_dataset/non_uang/000000441235.jpg,True
nm_000000441262,nonuang,ds11,raw_dataset/non_uang/000000441262.jpg,True
nm_000000441326,nonuang,ds11,raw_dataset/non_uang/000000441326.jpg,True
nm_000000441342,nonuang,ds11,raw_dataset/non_uang/000000441342.jpg,True
nm_000000441431,nonuang,ds11,raw_dataset/non_uang/000000441431.jpg,True
nm_000000441603,nonuang,ds11,raw_dataset/non_uang/000000441603.jpg,True
nm_000000441648,nonuang,ds11,raw_dataset/non_uang/000000441648.jpg,True
nm_000000441668,nonuang,ds11,raw_dataset/non_uang/000000441668.jpg,True
nm_000000441692,nonuang,ds11,raw_dataset/non_uang/000000441692.jpg,True
nm_000000441740,nonuang,ds11,raw_dataset/non_uang/000000441740.jpg,True
nm_000000441811,nonuang,ds11,raw_dataset/non_uang/000000441811.jpg,True
nm_000000441820,nonuang,ds11,raw_dataset/non_uang/000000441820.jpg,True
nm_000000441925,nonuang,ds11,raw_dataset/non_uang/000000441925.jpg,True
nm_000000441927,nonuang,ds11,raw_dataset/non_uang/000000441927.jpg,True
nm_000000442046,nonuang,ds11,raw_dataset/non_uang/000000442046.jpg,True
nm_000000442233,nonuang,ds11,raw_dataset/non_uang/000000442233.jpg,False
nm_000000442263,nonuang,ds11,raw_dataset/non_uang/000000442263.jpg,True
nm_000000442423,nonuang,ds11,raw_dataset/non_uang/000000442423.jpg,False
nm_000000442519,nonuang,ds11,raw_dataset/non_uang/000000442519.jpg,True
nm_000000442525,nonuang,ds11,raw_dataset/non_uang/000000442525.jpg,False
nm_000000442617,nonuang,ds11,raw_dataset/non_uang/000000442617.jpg,False
nm_000000442851,nonuang,ds11,raw_dataset/non_uang/000000442851.jpg,True
nm_000000442964,nonuang,ds11,raw_dataset/non_uang/000000442964.jpg,True
nm_000000443022,nonuang,ds11,raw_dataset/non_uang/000000443022.jpg,False
nm_000000443060,nonuang,ds11,raw_dataset/non_uang/000000443060.jpg,True
nm_000000443115,nonuang,ds11,raw_dataset/non_uang/000000443115.jpg,True
nm_000000443195,nonuang,ds11,raw_dataset/non_uang/000000443195.jpg,True
nm_000000443211,nonuang,ds11,raw_dataset/non_uang/000000443211.jpg,False
nm_000000443219,nonuang,ds11,raw_dataset/non_uang/000000443219.jpg,True
nm_000000443277,nonuang,ds11,raw_dataset/non_uang/000000443277.jpg,True
nm_000000443295,nonuang,ds11,raw_dataset/non_uang/000000443295.jpg,True
nm_000000443312,nonuang,ds11,raw_dataset/non_uang/000000443312.jpg,True
nm_000000443378,nonuang,ds11,raw_dataset/non_uang/000000443378.jpg,True
nm_000000443439,nonuang,ds11,raw_dataset/non_uang/000000443439.jpg,True
nm_000000443468,nonuang,ds11,raw_dataset/non_uang/000000443468.jpg,False
nm_000000443471,nonuang,ds11,raw_dataset/non_uang/000000443471.jpg,False
nm_000000443495,nonuang,ds11,raw_dataset/non_uang/000000443495.jpg,True
nm_000000443532,nonuang,ds11,raw_dataset/non_uang/000000443532.jpg,True
nm_000000443557,nonuang,ds11,raw_dataset/non_uang/000000443557.jpg,True
nm_000000443560,nonuang,ds11,raw_dataset/non_uang/000000443560.jpg,False
nm_000000443582,nonuang,ds11,raw_dataset/non_uang/000000443582.jpg,True
nm_000000443628,nonuang,ds11,raw_dataset/non_uang/000000443628.jpg,True
nm_000000443660,nonuang,ds11,raw_dataset/non_uang/000000443660.jpg,True
nm_000000443748,nonuang,ds11,raw_dataset/non_uang/000000443748.jpg,True
nm_000000443791,nonuang,ds11,raw_dataset/non_uang/000000443791.jpg,True
nm_000000443793,nonuang,ds11,raw_dataset/non_uang/000000443793.jpg,True
nm_000000443798,nonuang,ds11,raw_dataset/non_uang/000000443798.jpg,True
nm_000000443856,nonuang,ds11,raw_dataset/non_uang/000000443856.jpg,False
nm_000000443897,nonuang,ds11,raw_dataset/non_uang/000000443897.jpg,True
nm_000000443998,nonuang,ds11,raw_dataset/non_uang/000000443998.jpg,False
nm_000000444029,nonuang,ds11,raw_dataset/non_uang/000000444029.jpg,False
nm_000000444124,nonuang,ds11,raw_dataset/non_uang/000000444124.jpg,True
nm_000000444128,nonuang,ds11,raw_dataset/non_uang/000000444128.jpg,True
nm_000000444256,nonuang,ds11,raw_dataset/non_uang/000000444256.jpg,True
nm_000000444284,nonuang,ds11,raw_dataset/non_uang/000000444284.jpg,True
nm_000000444317,nonuang,ds11,raw_dataset/non_uang/000000444317.jpg,False
nm_000000444370,nonuang,ds11,raw_dataset/non_uang/000000444370.jpg,True
nm_000000444458,nonuang,ds11,raw_dataset/non_uang/000000444458.jpg,True
nm_000000444605,nonuang,ds11,raw_dataset/non_uang/000000444605.jpg,True
nm_000000444707,nonuang,ds11,raw_dataset/non_uang/000000444707.jpg,True
nm_000000444807,nonuang,ds11,raw_dataset/non_uang/000000444807.jpg,True
nm_000000444883,nonuang,ds11,raw_dataset/non_uang/000000444883.jpg,False
nm_000000444936,nonuang,ds11,raw_dataset/non_uang/000000444936.jpg,False
nm_000000444946,nonuang,ds11,raw_dataset/non_uang/000000444946.jpg,False
nm_000000444975,nonuang,ds11,raw_dataset/non_uang/000000444975.jpg,True
nm_000000445023,nonuang,ds11,raw_dataset/non_uang/000000445023.jpg,True
nm_000000445052,nonuang,ds11,raw_dataset/non_uang/000000445052.jpg,False
nm_000000445282,nonuang,ds11,raw_dataset/non_uang/000000445282.jpg,True
nm_000000445342,nonuang,ds11,raw_dataset/non_uang/000000445342.jpg,False
nm_000000445391,nonuang,ds11,raw_dataset/non_uang/000000445391.jpg,True
nm_000000445424,nonuang,ds11,raw_dataset/non_uang/000000445424.jpg,False
nm_000000445470,nonuang,ds11,raw_dataset/non_uang/000000445470.jpg,True
nm_000000445480,nonuang,ds11,raw_dataset/non_uang/000000445480.jpg,True
nm_000000445504,nonuang,ds11,raw_dataset/non_uang/000000445504.jpg,True
nm_000000445560,nonuang,ds11,raw_dataset/non_uang/000000445560.jpg,True
nm_000000445576,nonuang,ds11,raw_dataset/non_uang/000000445576.jpg,False
nm_000000445654,nonuang,ds11,raw_dataset/non_uang/000000445654.jpg,True
nm_000000445676,nonuang,ds11,raw_dataset/non_uang/000000445676.jpg,False
nm_000000445827,nonuang,ds11,raw_dataset/non_uang/000000445827.jpg,False
nm_000000445930,nonuang,ds11,raw_dataset/non_uang/000000445930.jpg,True
nm_000000446012,nonuang,ds11,raw_dataset/non_uang/000000446012.jpg,True
nm_000000446092,nonuang,ds11,raw_dataset/non_uang/000000446092.jpg,False
nm_000000446121,nonuang,ds11,raw_dataset/non_uang/000000446121.jpg,False
nm_000000446140,nonuang,ds11,raw_dataset/non_uang/000000446140.jpg,True
nm_000000446179,nonuang,ds11,raw_dataset/non_uang/000000446179.jpg,True
nm_000000446276,nonuang,ds11,raw_dataset/non_uang/000000446276.jpg,True
nm_000000446282,nonuang,ds11,raw_dataset/non_uang/000000446282.jpg,True
nm_000000446590,nonuang,ds11,raw_dataset/non_uang/000000446590.jpg,True
nm_000000446596,nonuang,ds11,raw_dataset/non_uang/000000446596.jpg,True
nm_000000446665,nonuang,ds11,raw_dataset/non_uang/000000446665.jpg,True
nm_000000446666,nonuang,ds11,raw_dataset/non_uang/000000446666.jpg,True
nm_000000446669,nonuang,ds11,raw_dataset/non_uang/000000446669.jpg,True
nm_000000446696,nonuang,ds11,raw_dataset/non_uang/000000446696.jpg,True
nm_000000446741,nonuang,ds11,raw_dataset/non_uang/000000446741.jpg,True
nm_000000446749,nonuang,ds11,raw_dataset/non_uang/000000446749.jpg,True
nm_000000446784,nonuang,ds11,raw_dataset/non_uang/000000446784.jpg,False
nm_000000446893,nonuang,ds11,raw_dataset/non_uang/000000446893.jpg,True
nm_000000446972,nonuang,ds11,raw_dataset/non_uang/000000446972.jpg,True
nm_000000447072,nonuang,ds11,raw_dataset/non_uang/000000447072.jpg,False
nm_000000447172,nonuang,ds11,raw_dataset/non_uang/000000447172.jpg,True
nm_000000447263,nonuang,ds11,raw_dataset/non_uang/000000447263.jpg,True
nm_000000447264,nonuang,ds11,raw_dataset/non_uang/000000447264.jpg,False
nm_000000447381,nonuang,ds11,raw_dataset/non_uang/000000447381.jpg,True
nm_000000447441,nonuang,ds11,raw_dataset/non_uang/000000447441.jpg,True
nm_000000447447,nonuang,ds11,raw_dataset/non_uang/000000447447.jpg,True
nm_000000447683,nonuang,ds11,raw_dataset/non_uang/000000447683.jpg,False
nm_000000447805,nonuang,ds11,raw_dataset/non_uang/000000447805.jpg,True
nm_000000447900,nonuang,ds11,raw_dataset/non_uang/000000447900.jpg,False
nm_000000447925,nonuang,ds11,raw_dataset/non_uang/000000447925.jpg,True
nm_000000447962,nonuang,ds11,raw_dataset/non_uang/000000447962.jpg,True
nm_000000448066,nonuang,ds11,raw_dataset/non_uang/000000448066.jpg,False
nm_000000448087,nonuang,ds11,raw_dataset/non_uang/000000448087.jpg,False
nm_000000448166,nonuang,ds11,raw_dataset/non_uang/000000448166.jpg,True
nm_000000448387,nonuang,ds11,raw_dataset/non_uang/000000448387.jpg,False
nm_000000448458,nonuang,ds11,raw_dataset/non_uang/000000448458.jpg,True
nm_000000448481,nonuang,ds11,raw_dataset/non_uang/000000448481.jpg,False
nm_000000448515,nonuang,ds11,raw_dataset/non_uang/000000448515.jpg,False
nm_000000448588,nonuang,ds11,raw_dataset/non_uang/000000448588.jpg,False
nm_000000448665,nonuang,ds11,raw_dataset/non_uang/000000448665.jpg,False
nm_000000448735,nonuang,ds11,raw_dataset/non_uang/000000448735.jpg,False
nm_000000448781,nonuang,ds11,raw_dataset/non_uang/000000448781.jpg,False
nm_000000448793,nonuang,ds11,raw_dataset/non_uang/000000448793.jpg,False
nm_000000448848,nonuang,ds11,raw_dataset/non_uang/000000448848.jpg,True
nm_000000448972,nonuang,ds11,raw_dataset/non_uang/000000448972.jpg,True
nm_000000449165,nonuang,ds11,raw_dataset/non_uang/000000449165.jpg,True
nm_000000449181,nonuang,ds11,raw_dataset/non_uang/000000449181.jpg,True
nm_000000449255,nonuang,ds11,raw_dataset/non_uang/000000449255.jpg,True
nm_000000449332,nonuang,ds11,raw_dataset/non_uang/000000449332.jpg,True
nm_000000449470,nonuang,ds11,raw_dataset/non_uang/000000449470.jpg,True
nm_000000449547,nonuang,ds11,raw_dataset/non_uang/000000449547.jpg,True
nm_000000449568,nonuang,ds11,raw_dataset/non_uang/000000449568.jpg,True
nm_000000449585,nonuang,ds11,raw_dataset/non_uang/000000449585.jpg,True
nm_000000449668,nonuang,ds11,raw_dataset/non_uang/000000449668.jpg,True
nm_000000449696,nonuang,ds11,raw_dataset/non_uang/000000449696.jpg,True
nm_000000449785,nonuang,ds11,raw_dataset/non_uang/000000449785.jpg,False
nm_000000449923,nonuang,ds11,raw_dataset/non_uang/000000449923.jpg,False
nm_000000450097,nonuang,ds11,raw_dataset/non_uang/000000450097.jpg,True
nm_000000450207,nonuang,ds11,raw_dataset/non_uang/000000450207.jpg,True
nm_000000450316,nonuang,ds11,raw_dataset/non_uang/000000450316.jpg,True
nm_000000450431,nonuang,ds11,raw_dataset/non_uang/000000450431.jpg,True
nm_000000450520,nonuang,ds11,raw_dataset/non_uang/000000450520.jpg,False
nm_000000450635,nonuang,ds11,raw_dataset/non_uang/000000450635.jpg,False
nm_000000450742,nonuang,ds11,raw_dataset/non_uang/000000450742.jpg,True
nm_000000450887,nonuang,ds11,raw_dataset/non_uang/000000450887.jpg,False
nm_000000451002,nonuang,ds11,raw_dataset/non_uang/000000451002.jpg,True
nm_000000451091,nonuang,ds11,raw_dataset/non_uang/000000451091.jpg,False
nm_000000451199,nonuang,ds11,raw_dataset/non_uang/000000451199.jpg,True
nm_000000451209,nonuang,ds11,raw_dataset/non_uang/000000451209.jpg,True
nm_000000451220,nonuang,ds11,raw_dataset/non_uang/000000451220.jpg,True
nm_000000451286,nonuang,ds11,raw_dataset/non_uang/000000451286.jpg,True
nm_000000451325,nonuang,ds11,raw_dataset/non_uang/000000451325.jpg,True
nm_000000451357,nonuang,ds11,raw_dataset/non_uang/000000451357.jpg,True
nm_000000451393,nonuang,ds11,raw_dataset/non_uang/000000451393.jpg,False
nm_000000451445,nonuang,ds11,raw_dataset/non_uang/000000451445.jpg,True
nm_000000451451,nonuang,ds11,raw_dataset/non_uang/000000451451.jpg,True
nm_000000451607,nonuang,ds11,raw_dataset/non_uang/000000451607.jpg,True
nm_000000451625,nonuang,ds11,raw_dataset/non_uang/000000451625.jpg,True
nm_000000451628,nonuang,ds11,raw_dataset/non_uang/000000451628.jpg,True
nm_000000451728,nonuang,ds11,raw_dataset/non_uang/000000451728.jpg,True
nm_000000451731,nonuang,ds11,raw_dataset/non_uang/000000451731.jpg,True
nm_000000451851,nonuang,ds11,raw_dataset/non_uang/000000451851.jpg,True
nm_000000451936,nonuang,ds11,raw_dataset/non_uang/000000451936.jpg,False
nm_000000451939,nonuang,ds11,raw_dataset/non_uang/000000451939.jpg,False
nm_000000451964,nonuang,ds11,raw_dataset/non_uang/000000451964.jpg,True
nm_000000452007,nonuang,ds11,raw_dataset/non_uang/000000452007.jpg,True
nm_000000452026,nonuang,ds11,raw_dataset/non_uang/000000452026.jpg,True
nm_000000452109,nonuang,ds11,raw_dataset/non_uang/000000452109.jpg,True
nm_000000452206,nonuang,ds11,raw_dataset/non_uang/000000452206.jpg,False
nm_000000452209,nonuang,ds11,raw_dataset/non_uang/000000452209.jpg,False
nm_000000452212,nonuang,ds11,raw_dataset/non_uang/000000452212.jpg,False
nm_000000452289,nonuang,ds11,raw_dataset/non_uang/000000452289.jpg,True
nm_000000452290,nonuang,ds11,raw_dataset/non_uang/000000452290.jpg,True
nm_000000452317,nonuang,ds11,raw_dataset/non_uang/000000452317.jpg,True
nm_000000452323,nonuang,ds11,raw_dataset/non_uang/000000452323.jpg,True
nm_000000452360,nonuang,ds11,raw_dataset/non_uang/000000452360.jpg,True
nm_000000452361,nonuang,ds11,raw_dataset/non_uang/000000452361.jpg,False
nm_000000452396,nonuang,ds11,raw_dataset/non_uang/000000452396.jpg,False
nm_000000452440,nonuang,ds11,raw_dataset/non_uang/000000452440.jpg,True
nm_000000452445,nonuang,ds11,raw_dataset/non_uang/000000452445.jpg,True
nm_000000452453,nonuang,ds11,raw_dataset/non_uang/000000452453.jpg,False
nm_000000452476,nonuang,ds11,raw_dataset/non_uang/000000452476.jpg,False
nm_000000452493,nonuang,ds11,raw_dataset/non_uang/000000452493.jpg,False
nm_000000452629,nonuang,ds11,raw_dataset/non_uang/000000452629.jpg,False
nm_000000452839,nonuang,ds11,raw_dataset/non_uang/000000452839.jpg,True
nm_000000452840,nonuang,ds11,raw_dataset/non_uang/000000452840.jpg,True
nm_000000452940,nonuang,ds11,raw_dataset/non_uang/000000452940.jpg,False
nm_000000453081,nonuang,ds11,raw_dataset/non_uang/000000453081.jpg,False
nm_000000453085,nonuang,ds11,raw_dataset/non_uang/000000453085.jpg,True
nm_000000453572,nonuang,ds11,raw_dataset/non_uang/000000453572.jpg,True
nm_000000453758,nonuang,ds11,raw_dataset/non_uang/000000453758.jpg,True
nm_000000453808,nonuang,ds11,raw_dataset/non_uang/000000453808.jpg,True
nm_000000453816,nonuang,ds11,raw_dataset/non_uang/000000453816.jpg,True
nm_000000453992,nonuang,ds11,raw_dataset/non_uang/000000453992.jpg,True
nm_000000454093,nonuang,ds11,raw_dataset/non_uang/000000454093.jpg,True
nm_000000454096,nonuang,ds11,raw_dataset/non_uang/000000454096.jpg,True
nm_000000454124,nonuang,ds11,raw_dataset/non_uang/000000454124.jpg,False
nm_000000454173,nonuang,ds11,raw_dataset/non_uang/000000454173.jpg,False
nm_000000454189,nonuang,ds11,raw_dataset/non_uang/000000454189.jpg,True
nm_000000454328,nonuang,ds11,raw_dataset/non_uang/000000454328.jpg,False
nm_000000454363,nonuang,ds11,raw_dataset/non_uang/000000454363.jpg,True
nm_000000454390,nonuang,ds11,raw_dataset/non_uang/000000454390.jpg,True
nm_000000454463,nonuang,ds11,raw_dataset/non_uang/000000454463.jpg,True
nm_000000454815,nonuang,ds11,raw_dataset/non_uang/000000454815.jpg,True
nm_000000454964,nonuang,ds11,raw_dataset/non_uang/000000454964.jpg,False
nm_000000455093,nonuang,ds11,raw_dataset/non_uang/000000455093.jpg,True
nm_000000455114,nonuang,ds11,raw_dataset/non_uang/000000455114.jpg,True
nm_000000455242,nonuang,ds11,raw_dataset/non_uang/000000455242.jpg,True
nm_000000455256,nonuang,ds11,raw_dataset/non_uang/000000455256.jpg,False
nm_000000455344,nonuang,ds11,raw_dataset/non_uang/000000455344.jpg,True
nm_000000455357,nonuang,ds11,raw_dataset/non_uang/000000455357.jpg,True
nm_000000455517,nonuang,ds11,raw_dataset/non_uang/000000455517.jpg,True
nm_000000455605,nonuang,ds11,raw_dataset/non_uang/000000455605.jpg,False
nm_000000455761,nonuang,ds11,raw_dataset/non_uang/000000455761.jpg,False
nm_000000455851,nonuang,ds11,raw_dataset/non_uang/000000455851.jpg,False
nm_000000455919,nonuang,ds11,raw_dataset/non_uang/000000455919.jpg,True
nm_000000456193,nonuang,ds11,raw_dataset/non_uang/000000456193.jpg,True
nm_000000456242,nonuang,ds11,raw_dataset/non_uang/000000456242.jpg,False
nm_000000456298,nonuang,ds11,raw_dataset/non_uang/000000456298.jpg,False
nm_000000456386,nonuang,ds11,raw_dataset/non_uang/000000456386.jpg,True
nm_000000456410,nonuang,ds11,raw_dataset/non_uang/000000456410.jpg,False
nm_000000456474,nonuang,ds11,raw_dataset/non_uang/000000456474.jpg,False
nm_000000456609,nonuang,ds11,raw_dataset/non_uang/000000456609.jpg,True
nm_000000456646,nonuang,ds11,raw_dataset/non_uang/000000456646.jpg,False
nm_000000456671,nonuang,ds11,raw_dataset/non_uang/000000456671.jpg,False
nm_000000456830,nonuang,ds11,raw_dataset/non_uang/000000456830.jpg,False
nm_000000456841,nonuang,ds11,raw_dataset/non_uang/000000456841.jpg,True
nm_000000457165,nonuang,ds11,raw_dataset/non_uang/000000457165.jpg,False
nm_000000457210,nonuang,ds11,raw_dataset/non_uang/000000457210.jpg,True
nm_000000457280,nonuang,ds11,raw_dataset/non_uang/000000457280.jpg,True
nm_000000457295,nonuang,ds11,raw_dataset/non_uang/000000457295.jpg,True
nm_000000457299,nonuang,ds11,raw_dataset/non_uang/000000457299.jpg,True
nm_000000457551,nonuang,ds11,raw_dataset/non_uang/000000457551.jpg,True
nm_000000457867,nonuang,ds11,raw_dataset/non_uang/000000457867.jpg,True
nm_000000457896,nonuang,ds11,raw_dataset/non_uang/000000457896.jpg,False
nm_000000458063,nonuang,ds11,raw_dataset/non_uang/000000458063.jpg,True
nm_000000458070,nonuang,ds11,raw_dataset/non_uang/000000458070.jpg,False
nm_000000458144,nonuang,ds11,raw_dataset/non_uang/000000458144.jpg,False
nm_000000458241,nonuang,ds11,raw_dataset/non_uang/000000458241.jpg,True
nm_000000458438,nonuang,ds11,raw_dataset/non_uang/000000458438.jpg,False
nm_000000458685,nonuang,ds11,raw_dataset/non_uang/000000458685.jpg,True
nm_000000458805,nonuang,ds11,raw_dataset/non_uang/000000458805.jpg,True
nm_000000458813,nonuang,ds11,raw_dataset/non_uang/000000458813.jpg,False
nm_000000458865,nonuang,ds11,raw_dataset/non_uang/000000458865.jpg,True
nm_000000459013,nonuang,ds11,raw_dataset/non_uang/000000459013.jpg,False
nm_000000459047,nonuang,ds11,raw_dataset/non_uang/000000459047.jpg,True
nm_000000459072,nonuang,ds11,raw_dataset/non_uang/000000459072.jpg,True
nm_000000459368,nonuang,ds11,raw_dataset/non_uang/000000459368.jpg,True
nm_000000459568,nonuang,ds11,raw_dataset/non_uang/000000459568.jpg,False
nm_000000459593,nonuang,ds11,raw_dataset/non_uang/000000459593.jpg,False
nm_000000459656,nonuang,ds11,raw_dataset/non_uang/000000459656.jpg,True
nm_000000459962,nonuang,ds11,raw_dataset/non_uang/000000459962.jpg,True
nm_000000460071,nonuang,ds11,raw_dataset/non_uang/000000460071.jpg,True
nm_000000460140,nonuang,ds11,raw_dataset/non_uang/000000460140.jpg,True
nm_000000460142,nonuang,ds11,raw_dataset/non_uang/000000460142.jpg,False
nm_000000460214,nonuang,ds11,raw_dataset/non_uang/000000460214.jpg,True
nm_000000460271,nonuang,ds11,raw_dataset/non_uang/000000460271.jpg,True
nm_000000460278,nonuang,ds11,raw_dataset/non_uang/000000460278.jpg,True
nm_000000460282,nonuang,ds11,raw_dataset/non_uang/000000460282.jpg,False
nm_000000460381,nonuang,ds11,raw_dataset/non_uang/000000460381.jpg,True
nm_000000460424,nonuang,ds11,raw_dataset/non_uang/000000460424.jpg,True
nm_000000460488,nonuang,ds11,raw_dataset/non_uang/000000460488.jpg,True
nm_000000460489,nonuang,ds11,raw_dataset/non_uang/000000460489.jpg,False
nm_000000460556,nonuang,ds11,raw_dataset/non_uang/000000460556.jpg,False
nm_000000460573,nonuang,ds11,raw_dataset/non_uang/000000460573.jpg,False
nm_000000460597,nonuang,ds11,raw_dataset/non_uang/000000460597.jpg,True
nm_000000460672,nonuang,ds11,raw_dataset/non_uang/000000460672.jpg,True
nm_000000460768,nonuang,ds11,raw_dataset/non_uang/000000460768.jpg,True
nm_000000460797,nonuang,ds11,raw_dataset/non_uang/000000460797.jpg,True
nm_000000460836,nonuang,ds11,raw_dataset/non_uang/000000460836.jpg,False
nm_000000460842,nonuang,ds11,raw_dataset/non_uang/000000460842.jpg,True
nm_000000460977,nonuang,ds11,raw_dataset/non_uang/000000460977.jpg,True
nm_000000461108,nonuang,ds11,raw_dataset/non_uang/000000461108.jpg,True
nm_000000461171,nonuang,ds11,raw_dataset/non_uang/000000461171.jpg,True
nm_000000461249,nonuang,ds11,raw_dataset/non_uang/000000461249.jpg,False
nm_000000461253,nonuang,ds11,raw_dataset/non_uang/000000461253.jpg,True
nm_000000461264,nonuang,ds11,raw_dataset/non_uang/000000461264.jpg,True
nm_000000461312,nonuang,ds11,raw_dataset/non_uang/000000461312.jpg,False
nm_000000461354,nonuang,ds11,raw_dataset/non_uang/000000461354.jpg,True
nm_000000461360,nonuang,ds11,raw_dataset/non_uang/000000461360.jpg,True
nm_000000461528,nonuang,ds11,raw_dataset/non_uang/000000461528.jpg,True
nm_000000461607,nonuang,ds11,raw_dataset/non_uang/000000461607.jpg,True
nm_000000461672,nonuang,ds11,raw_dataset/non_uang/000000461672.jpg,False
nm_000000461807,nonuang,ds11,raw_dataset/non_uang/000000461807.jpg,False
nm_000000461852,nonuang,ds11,raw_dataset/non_uang/000000461852.jpg,True
nm_000000462218,nonuang,ds11,raw_dataset/non_uang/000000462218.jpg,True
nm_000000462307,nonuang,ds11,raw_dataset/non_uang/000000462307.jpg,True
nm_000000462318,nonuang,ds11,raw_dataset/non_uang/000000462318.jpg,False
nm_000000462453,nonuang,ds11,raw_dataset/non_uang/000000462453.jpg,True
nm_000000462628,nonuang,ds11,raw_dataset/non_uang/000000462628.jpg,True
nm_000000462637,nonuang,ds11,raw_dataset/non_uang/000000462637.jpg,True
nm_000000462697,nonuang,ds11,raw_dataset/non_uang/000000462697.jpg,False
nm_000000462725,nonuang,ds11,raw_dataset/non_uang/000000462725.jpg,True
nm_000000462815,nonuang,ds11,raw_dataset/non_uang/000000462815.jpg,True
nm_000000463181,nonuang,ds11,raw_dataset/non_uang/000000463181.jpg,True
nm_000000463195,nonuang,ds11,raw_dataset/non_uang/000000463195.jpg,False
nm_000000463343,nonuang,ds11,raw_dataset/non_uang/000000463343.jpg,False
nm_000000463393,nonuang,ds11,raw_dataset/non_uang/000000463393.jpg,True
nm_000000463627,nonuang,ds11,raw_dataset/non_uang/000000463627.jpg,True
nm_000000463797,nonuang,ds11,raw_dataset/non_uang/000000463797.jpg,True
nm_000000463831,nonuang,ds11,raw_dataset/non_uang/000000463831.jpg,True
nm_000000463834,nonuang,ds11,raw_dataset/non_uang/000000463834.jpg,True
nm_000000463873,nonuang,ds11,raw_dataset/non_uang/000000463873.jpg,True
nm_000000463922,nonuang,ds11,raw_dataset/non_uang/000000463922.jpg,True
nm_000000463931,nonuang,ds11,raw_dataset/non_uang/000000463931.jpg,True
nm_000000463978,nonuang,ds11,raw_dataset/non_uang/000000463978.jpg,True
nm_000000464168,nonuang,ds11,raw_dataset/non_uang/000000464168.jpg,True
nm_000000464205,nonuang,ds11,raw_dataset/non_uang/000000464205.jpg,False
nm_000000464206,nonuang,ds11,raw_dataset/non_uang/000000464206.jpg,True
nm_000000464287,nonuang,ds11,raw_dataset/non_uang/000000464287.jpg,True
nm_000000464344,nonuang,ds11,raw_dataset/non_uang/000000464344.jpg,False
nm_000000464495,nonuang,ds11,raw_dataset/non_uang/000000464495.jpg,False
nm_000000464656,nonuang,ds11,raw_dataset/non_uang/000000464656.jpg,True
nm_000000464683,nonuang,ds11,raw_dataset/non_uang/000000464683.jpg,False
nm_000000464769,nonuang,ds11,raw_dataset/non_uang/000000464769.jpg,True
nm_000000464796,nonuang,ds11,raw_dataset/non_uang/000000464796.jpg,False
nm_000000464852,nonuang,ds11,raw_dataset/non_uang/000000464852.jpg,True
nm_000000464855,nonuang,ds11,raw_dataset/non_uang/000000464855.jpg,True
nm_000000464864,nonuang,ds11,raw_dataset/non_uang/000000464864.jpg,False
nm_000000464944,nonuang,ds11,raw_dataset/non_uang/000000464944.jpg,True
nm_000000465026,nonuang,ds11,raw_dataset/non_uang/000000465026.jpg,False
nm_000000465079,nonuang,ds11,raw_dataset/non_uang/000000465079.jpg,False
nm_000000465120,nonuang,ds11,raw_dataset/non_uang/000000465120.jpg,False
nm_000000465217,nonuang,ds11,raw_dataset/non_uang/000000465217.jpg,True
nm_000000465319,nonuang,ds11,raw_dataset/non_uang/000000465319.jpg,True
nm_000000465329,nonuang,ds11,raw_dataset/non_uang/000000465329.jpg,False
nm_000000465510,nonuang,ds11,raw_dataset/non_uang/000000465510.jpg,False
nm_000000465521,nonuang,ds11,raw_dataset/non_uang/000000465521.jpg,True
nm_000000465543,nonuang,ds11,raw_dataset/non_uang/000000465543.jpg,True
nm_000000465651,nonuang,ds11,raw_dataset/non_uang/000000465651.jpg,False
nm_000000465662,nonuang,ds11,raw_dataset/non_uang/000000465662.jpg,False
nm_000000465680,nonuang,ds11,raw_dataset/non_uang/000000465680.jpg,True
nm_000000465714,nonuang,ds11,raw_dataset/non_uang/000000465714.jpg,True
nm_000000465753,nonuang,ds11,raw_dataset/non_uang/000000465753.jpg,False
nm_000000465998,nonuang,ds11,raw_dataset/non_uang/000000465998.jpg,False
nm_000000466053,nonuang,ds11,raw_dataset/non_uang/000000466053.jpg,True
nm_000000466099,nonuang,ds11,raw_dataset/non_uang/000000466099.jpg,True
nm_000000466106,nonuang,ds11,raw_dataset/non_uang/000000466106.jpg,False
nm_000000466127,nonuang,ds11,raw_dataset/non_uang/000000466127.jpg,True
nm_000000466141,nonuang,ds11,raw_dataset/non_uang/000000466141.jpg,True
nm_000000466248,nonuang,ds11,raw_dataset/non_uang/000000466248.jpg,True
nm_000000466411,nonuang,ds11,raw_dataset/non_uang/000000466411.jpg,True
nm_000000466494,nonuang,ds11,raw_dataset/non_uang/000000466494.jpg,True
nm_000000466629,nonuang,ds11,raw_dataset/non_uang/000000466629.jpg,False
nm_000000466747,nonuang,ds11,raw_dataset/non_uang/000000466747.jpg,True
nm_000000466748,nonuang,ds11,raw_dataset/non_uang/000000466748.jpg,True
nm_000000466765,nonuang,ds11,raw_dataset/non_uang/000000466765.jpg,True
nm_000000466778,nonuang,ds11,raw_dataset/non_uang/000000466778.jpg,False
nm_000000467058,nonuang,ds11,raw_dataset/non_uang/000000467058.jpg,True
nm_000000467312,nonuang,ds11,raw_dataset/non_uang/000000467312.jpg,True
nm_000000467316,nonuang,ds11,raw_dataset/non_uang/000000467316.jpg,True
nm_000000467402,nonuang,ds11,raw_dataset/non_uang/000000467402.jpg,True
nm_000000467565,nonuang,ds11,raw_dataset/non_uang/000000467565.jpg,True
nm_000000467828,nonuang,ds11,raw_dataset/non_uang/000000467828.jpg,False
nm_000000467850,nonuang,ds11,raw_dataset/non_uang/000000467850.jpg,True
nm_000000467923,nonuang,ds11,raw_dataset/non_uang/000000467923.jpg,True
nm_000000467952,nonuang,ds11,raw_dataset/non_uang/000000467952.jpg,True
nm_000000468051,nonuang,ds11,raw_dataset/non_uang/000000468051.jpg,True
nm_000000468081,nonuang,ds11,raw_dataset/non_uang/000000468081.jpg,False
nm_000000468102,nonuang,ds11,raw_dataset/non_uang/000000468102.jpg,True
nm_000000468138,nonuang,ds11,raw_dataset/non_uang/000000468138.jpg,False
nm_000000468152,nonuang,ds11,raw_dataset/non_uang/000000468152.jpg,True
nm_000000468327,nonuang,ds11,raw_dataset/non_uang/000000468327.jpg,True
nm_000000468367,nonuang,ds11,raw_dataset/non_uang/000000468367.jpg,True
nm_000000468426,nonuang,ds11,raw_dataset/non_uang/000000468426.jpg,False
nm_000000468430,nonuang,ds11,raw_dataset/non_uang/000000468430.jpg,True
nm_000000468459,nonuang,ds11,raw_dataset/non_uang/000000468459.jpg,True
nm_000000468567,nonuang,ds11,raw_dataset/non_uang/000000468567.jpg,True
nm_000000468571,nonuang,ds11,raw_dataset/non_uang/000000468571.jpg,False
nm_000000468640,nonuang,ds11,raw_dataset/non_uang/000000468640.jpg,True
nm_000000468641,nonuang,ds11,raw_dataset/non_uang/000000468641.jpg,True
nm_000000468681,nonuang,ds11,raw_dataset/non_uang/000000468681.jpg,False
nm_000000468754,nonuang,ds11,raw_dataset/non_uang/000000468754.jpg,True
nm_000000468990,nonuang,ds11,raw_dataset/non_uang/000000468990.jpg,True
nm_000000469132,nonuang,ds11,raw_dataset/non_uang/000000469132.jpg,True
nm_000000469156,nonuang,ds11,raw_dataset/non_uang/000000469156.jpg,False
nm_000000469176,nonuang,ds11,raw_dataset/non_uang/000000469176.jpg,True
nm_000000469204,nonuang,ds11,raw_dataset/non_uang/000000469204.jpg,True
nm_000000469230,nonuang,ds11,raw_dataset/non_uang/000000469230.jpg,False
nm_000000469309,nonuang,ds11,raw_dataset/non_uang/000000469309.jpg,False
nm_000000469346,nonuang,ds11,raw_dataset/non_uang/000000469346.jpg,True
nm_000000469494,nonuang,ds11,raw_dataset/non_uang/000000469494.jpg,False
nm_000000469538,nonuang,ds11,raw_dataset/non_uang/000000469538.jpg,True
nm_000000469541,nonuang,ds11,raw_dataset/non_uang/000000469541.jpg,True
nm_000000469557,nonuang,ds11,raw_dataset/non_uang/000000469557.jpg,True
nm_000000469600,nonuang,ds11,raw_dataset/non_uang/000000469600.jpg,True
nm_000000469654,nonuang,ds11,raw_dataset/non_uang/000000469654.jpg,True
nm_000000470022,nonuang,ds11,raw_dataset/non_uang/000000470022.jpg,True
nm_000000470177,nonuang,ds11,raw_dataset/non_uang/000000470177.jpg,True
nm_000000470222,nonuang,ds11,raw_dataset/non_uang/000000470222.jpg,True
nm_000000470459,nonuang,ds11,raw_dataset/non_uang/000000470459.jpg,True
nm_000000470557,nonuang,ds11,raw_dataset/non_uang/000000470557.jpg,False
nm_000000470630,nonuang,ds11,raw_dataset/non_uang/000000470630.jpg,True
nm_000000470664,nonuang,ds11,raw_dataset/non_uang/000000470664.jpg,True
nm_000000470731,nonuang,ds11,raw_dataset/non_uang/000000470731.jpg,True
nm_000000470755,nonuang,ds11,raw_dataset/non_uang/000000470755.jpg,True
nm_000000470859,nonuang,ds11,raw_dataset/non_uang/000000470859.jpg,False
nm_000000471114,nonuang,ds11,raw_dataset/non_uang/000000471114.jpg,False
nm_000000471319,nonuang,ds11,raw_dataset/non_uang/000000471319.jpg,False
nm_000000471333,nonuang,ds11,raw_dataset/non_uang/000000471333.jpg,False
nm_000000471461,nonuang,ds11,raw_dataset/non_uang/000000471461.jpg,True
nm_000000471485,nonuang,ds11,raw_dataset/non_uang/000000471485.jpg,True
nm_000000471581,nonuang,ds11,raw_dataset/non_uang/000000471581.jpg,False
nm_000000471657,nonuang,ds11,raw_dataset/non_uang/000000471657.jpg,True
nm_000000471794,nonuang,ds11,raw_dataset/non_uang/000000471794.jpg,True
nm_000000471892,nonuang,ds11,raw_dataset/non_uang/000000471892.jpg,True
nm_000000471925,nonuang,ds11,raw_dataset/non_uang/000000471925.jpg,True
nm_000000471970,nonuang,ds11,raw_dataset/non_uang/000000471970.jpg,True
nm_000000472447,nonuang,ds11,raw_dataset/non_uang/000000472447.jpg,True
nm_000000472468,nonuang,ds11,raw_dataset/non_uang/000000472468.jpg,True
nm_000000472527,nonuang,ds11,raw_dataset/non_uang/000000472527.jpg,False
nm_000000472685,nonuang,ds11,raw_dataset/non_uang/000000472685.jpg,False
nm_000000472712,nonuang,ds11,raw_dataset/non_uang/000000472712.jpg,True
nm_000000472849,nonuang,ds11,raw_dataset/non_uang/000000472849.jpg,True
nm_000000472931,nonuang,ds11,raw_dataset/non_uang/000000472931.jpg,False
nm_000000472991,nonuang,ds11,raw_dataset/non_uang/000000472991.jpg,True
nm_000000473174,nonuang,ds11,raw_dataset/non_uang/000000473174.jpg,True
nm_000000473228,nonuang,ds11,raw_dataset/non_uang/000000473228.jpg,True
nm_000000473361,nonuang,ds11,raw_dataset/non_uang/000000473361.jpg,False
nm_000000473484,nonuang,ds11,raw_dataset/non_uang/000000473484.jpg,True
nm_000000473544,nonuang,ds11,raw_dataset/non_uang/000000473544.jpg,True
nm_000000473589,nonuang,ds11,raw_dataset/non_uang/000000473589.jpg,True
nm_000000473687,nonuang,ds11,raw_dataset/non_uang/000000473687.jpg,False
nm_000000473738,nonuang,ds11,raw_dataset/non_uang/000000473738.jpg,True
nm_000000473924,nonuang,ds11,raw_dataset/non_uang/000000473924.jpg,True
nm_000000474137,nonuang,ds11,raw_dataset/non_uang/000000474137.jpg,False
nm_000000474175,nonuang,ds11,raw_dataset/non_uang/000000474175.jpg,False
nm_000000474262,nonuang,ds11,raw_dataset/non_uang/000000474262.jpg,True
nm_000000474282,nonuang,ds11,raw_dataset/non_uang/000000474282.jpg,True
nm_000000474323,nonuang,ds11,raw_dataset/non_uang/000000474323.jpg,False
nm_000000474379,nonuang,ds11,raw_dataset/non_uang/000000474379.jpg,False
nm_000000474397,nonuang,ds11,raw_dataset/non_uang/000000474397.jpg,True
nm_000000474615,nonuang,ds11,raw_dataset/non_uang/000000474615.jpg,False
nm_000000474631,nonuang,ds11,raw_dataset/non_uang/000000474631.jpg,True
nm_000000474812,nonuang,ds11,raw_dataset/non_uang/000000474812.jpg,True
nm_000000474875,nonuang,ds11,raw_dataset/non_uang/000000474875.jpg,False
nm_000000475049,nonuang,ds11,raw_dataset/non_uang/000000475049.jpg,False
nm_000000475249,nonuang,ds11,raw_dataset/non_uang/000000475249.jpg,True
nm_000000475288,nonuang,ds11,raw_dataset/non_uang/000000475288.jpg,True
nm_000000475515,nonuang,ds11,raw_dataset/non_uang/000000475515.jpg,False
nm_000000475557,nonuang,ds11,raw_dataset/non_uang/000000475557.jpg,True
nm_000000475648,nonuang,ds11,raw_dataset/non_uang/000000475648.jpg,True
nm_000000475671,nonuang,ds11,raw_dataset/non_uang/000000475671.jpg,True
nm_000000475831,nonuang,ds11,raw_dataset/non_uang/000000475831.jpg,True
nm_000000475921,nonuang,ds11,raw_dataset/non_uang/000000475921.jpg,True
nm_000000475948,nonuang,ds11,raw_dataset/non_uang/000000475948.jpg,True
nm_000000476084,nonuang,ds11,raw_dataset/non_uang/000000476084.jpg,True
nm_000000476337,nonuang,ds11,raw_dataset/non_uang/000000476337.jpg,True
nm_000000476505,nonuang,ds11,raw_dataset/non_uang/000000476505.jpg,True
nm_000000476567,nonuang,ds11,raw_dataset/non_uang/000000476567.jpg,True
nm_000000476698,nonuang,ds11,raw_dataset/non_uang/000000476698.jpg,False
nm_000000476746,nonuang,ds11,raw_dataset/non_uang/000000476746.jpg,True
nm_000000476863,nonuang,ds11,raw_dataset/non_uang/000000476863.jpg,True
nm_000000476899,nonuang,ds11,raw_dataset/non_uang/000000476899.jpg,True
nm_000000476922,nonuang,ds11,raw_dataset/non_uang/000000476922.jpg,True
nm_000000477008,nonuang,ds11,raw_dataset/non_uang/000000477008.jpg,False
nm_000000477058,nonuang,ds11,raw_dataset/non_uang/000000477058.jpg,True
nm_000000477267,nonuang,ds11,raw_dataset/non_uang/000000477267.jpg,True
nm_000000477269,nonuang,ds11,raw_dataset/non_uang/000000477269.jpg,True
nm_000000477323,nonuang,ds11,raw_dataset/non_uang/000000477323.jpg,False
nm_000000477370,nonuang,ds11,raw_dataset/non_uang/000000477370.jpg,True
nm_000000477510,nonuang,ds11,raw_dataset/non_uang/000000477510.jpg,True
nm_000000477551,nonuang,ds11,raw_dataset/non_uang/000000477551.jpg,True
nm_000000477588,nonuang,ds11,raw_dataset/non_uang/000000477588.jpg,False
nm_000000477730,nonuang,ds11,raw_dataset/non_uang/000000477730.jpg,True
nm_000000477804,nonuang,ds11,raw_dataset/non_uang/000000477804.jpg,True
nm_000000477806,nonuang,ds11,raw_dataset/non_uang/000000477806.jpg,True
nm_000000477962,nonuang,ds11,raw_dataset/non_uang/000000477962.jpg,False
nm_000000477970,nonuang,ds11,raw_dataset/non_uang/000000477970.jpg,False
nm_000000477992,nonuang,ds11,raw_dataset/non_uang/000000477992.jpg,True
nm_000000478165,nonuang,ds11,raw_dataset/non_uang/000000478165.jpg,True
nm_000000478218,nonuang,ds11,raw_dataset/non_uang/000000478218.jpg,True
nm_000000478359,nonuang,ds11,raw_dataset/non_uang/000000478359.jpg,True
nm_000000478467,nonuang,ds11,raw_dataset/non_uang/000000478467.jpg,True
nm_000000478607,nonuang,ds11,raw_dataset/non_uang/000000478607.jpg,False
nm_000000478703,nonuang,ds11,raw_dataset/non_uang/000000478703.jpg,False
nm_000000478705,nonuang,ds11,raw_dataset/non_uang/000000478705.jpg,True
nm_000000478760,nonuang,ds11,raw_dataset/non_uang/000000478760.jpg,False
nm_000000478888,nonuang,ds11,raw_dataset/non_uang/000000478888.jpg,True
nm_000000478923,nonuang,ds11,raw_dataset/non_uang/000000478923.jpg,False
nm_000000478930,nonuang,ds11,raw_dataset/non_uang/000000478930.jpg,False
nm_000000478998,nonuang,ds11,raw_dataset/non_uang/000000478998.jpg,True
nm_000000479001,nonuang,ds11,raw_dataset/non_uang/000000479001.jpg,True
nm_000000479215,nonuang,ds11,raw_dataset/non_uang/000000479215.jpg,True
nm_000000479324,nonuang,ds11,raw_dataset/non_uang/000000479324.jpg,True
nm_000000479434,nonuang,ds11,raw_dataset/non_uang/000000479434.jpg,True
nm_000000479488,nonuang,ds11,raw_dataset/non_uang/000000479488.jpg,True
nm_000000479758,nonuang,ds11,raw_dataset/non_uang/000000479758.jpg,False
nm_000000479776,nonuang,ds11,raw_dataset/non_uang/000000479776.jpg,True
nm_000000479796,nonuang,ds11,raw_dataset/non_uang/000000479796.jpg,True
nm_000000480024,nonuang,ds11,raw_dataset/non_uang/000000480024.jpg,True
nm_000000480054,nonuang,ds11,raw_dataset/non_uang/000000480054.jpg,True
nm_000000480067,nonuang,ds11,raw_dataset/non_uang/000000480067.jpg,False
nm_000000480315,nonuang,ds11,raw_dataset/non_uang/000000480315.jpg,False
nm_000000480578,nonuang,ds11,raw_dataset/non_uang/000000480578.jpg,True
nm_000000480592,nonuang,ds11,raw_dataset/non_uang/000000480592.jpg,False
nm_000000480886,nonuang,ds11,raw_dataset/non_uang/000000480886.jpg,True
nm_000000480896,nonuang,ds11,raw_dataset/non_uang/000000480896.jpg,False
nm_000000481033,nonuang,ds11,raw_dataset/non_uang/000000481033.jpg,True
nm_000000481249,nonuang,ds11,raw_dataset/non_uang/000000481249.jpg,True
nm_000000481268,nonuang,ds11,raw_dataset/non_uang/000000481268.jpg,False
nm_000000481388,nonuang,ds11,raw_dataset/non_uang/000000481388.jpg,True
nm_000000481412,nonuang,ds11,raw_dataset/non_uang/000000481412.jpg,False
nm_000000481485,nonuang,ds11,raw_dataset/non_uang/000000481485.jpg,True
nm_000000481606,nonuang,ds11,raw_dataset/non_uang/000000481606.jpg,True
nm_000000481657,nonuang,ds11,raw_dataset/non_uang/000000481657.jpg,True
nm_000000481755,nonuang,ds11,raw_dataset/non_uang/000000481755.jpg,False
nm_000000481840,nonuang,ds11,raw_dataset/non_uang/000000481840.jpg,False
nm_000000481869,nonuang,ds11,raw_dataset/non_uang/000000481869.jpg,True
nm_000000481871,nonuang,ds11,raw_dataset/non_uang/000000481871.jpg,True
nm_000000481892,nonuang,ds11,raw_dataset/non_uang/000000481892.jpg,False
nm_000000481956,nonuang,ds11,raw_dataset/non_uang/000000481956.jpg,False
nm_000000481980,nonuang,ds11,raw_dataset/non_uang/000000481980.jpg,True
nm_000000482018,nonuang,ds11,raw_dataset/non_uang/000000482018.jpg,False
nm_000000482047,nonuang,ds11,raw_dataset/non_uang/000000482047.jpg,False
nm_000000482111,nonuang,ds11,raw_dataset/non_uang/000000482111.jpg,False
nm_000000482135,nonuang,ds11,raw_dataset/non_uang/000000482135.jpg,True
nm_000000482154,nonuang,ds11,raw_dataset/non_uang/000000482154.jpg,True
nm_000000482238,nonuang,ds11,raw_dataset/non_uang/000000482238.jpg,False
nm_000000482336,nonuang,ds11,raw_dataset/non_uang/000000482336.jpg,False
nm_000000482453,nonuang,ds11,raw_dataset/non_uang/000000482453.jpg,True
nm_000000482491,nonuang,ds11,raw_dataset/non_uang/000000482491.jpg,True
nm_000000482578,nonuang,ds11,raw_dataset/non_uang/000000482578.jpg,True
nm_000000482639,nonuang,ds11,raw_dataset/non_uang/000000482639.jpg,True
nm_000000482641,nonuang,ds11,raw_dataset/non_uang/000000482641.jpg,False
nm_000000482670,nonuang,ds11,raw_dataset/non_uang/000000482670.jpg,False
nm_000000482681,nonuang,ds11,raw_dataset/non_uang/000000482681.jpg,True
nm_000000482882,nonuang,ds11,raw_dataset/non_uang/000000482882.jpg,False
nm_000000482903,nonuang,ds11,raw_dataset/non_uang/000000482903.jpg,True
nm_000000483026,nonuang,ds11,raw_dataset/non_uang/000000483026.jpg,True
nm_000000483286,nonuang,ds11,raw_dataset/non_uang/000000483286.jpg,True
nm_000000483400,nonuang,ds11,raw_dataset/non_uang/000000483400.jpg,True
nm_000000483540,nonuang,ds11,raw_dataset/non_uang/000000483540.jpg,True
nm_000000483542,nonuang,ds11,raw_dataset/non_uang/000000483542.jpg,False
nm_000000483619,nonuang,ds11,raw_dataset/non_uang/000000483619.jpg,True
nm_000000483973,nonuang,ds11,raw_dataset/non_uang/000000483973.jpg,False
nm_000000483982,nonuang,ds11,raw_dataset/non_uang/000000483982.jpg,False
nm_000000484093,nonuang,ds11,raw_dataset/non_uang/000000484093.jpg,True
nm_000000484107,nonuang,ds11,raw_dataset/non_uang/000000484107.jpg,False
nm_000000484117,nonuang,ds11,raw_dataset/non_uang/000000484117.jpg,True
nm_000000484274,nonuang,ds11,raw_dataset/non_uang/000000484274.jpg,True
nm_000000484309,nonuang,ds11,raw_dataset/non_uang/000000484309.jpg,False
nm_000000484333,nonuang,ds11,raw_dataset/non_uang/000000484333.jpg,False
nm_000000484361,nonuang,ds11,raw_dataset/non_uang/000000484361.jpg,False
nm_000000484374,nonuang,ds11,raw_dataset/non_uang/000000484374.jpg,True
nm_000000484460,nonuang,ds11,raw_dataset/non_uang/000000484460.jpg,False
nm_000000484461,nonuang,ds11,raw_dataset/non_uang/000000484461.jpg,True
nm_000000484495,nonuang,ds11,raw_dataset/non_uang/000000484495.jpg,False
nm_000000484611,nonuang,ds11,raw_dataset/non_uang/000000484611.jpg,False
nm_000000484630,nonuang,ds11,raw_dataset/non_uang/000000484630.jpg,True
nm_000000484805,nonuang,ds11,raw_dataset/non_uang/000000484805.jpg,True
nm_000000485151,nonuang,ds11,raw_dataset/non_uang/000000485151.jpg,True
nm_000000485183,nonuang,ds11,raw_dataset/non_uang/000000485183.jpg,True
nm_000000485206,nonuang,ds11,raw_dataset/non_uang/000000485206.jpg,True
nm_000000485218,nonuang,ds11,raw_dataset/non_uang/000000485218.jpg,False
nm_000000485223,nonuang,ds11,raw_dataset/non_uang/000000485223.jpg,False
nm_000000485254,nonuang,ds11,raw_dataset/non_uang/000000485254.jpg,False
nm_000000485289,nonuang,ds11,raw_dataset/non_uang/000000485289.jpg,True
nm_000000485542,nonuang,ds11,raw_dataset/non_uang/000000485542.jpg,True
nm_000000485728,nonuang,ds11,raw_dataset/non_uang/000000485728.jpg,False
nm_000000485880,nonuang,ds11,raw_dataset/non_uang/000000485880.jpg,False
nm_000000486085,nonuang,ds11,raw_dataset/non_uang/000000486085.jpg,True
nm_000000486103,nonuang,ds11,raw_dataset/non_uang/000000486103.jpg,False
nm_000000486106,nonuang,ds11,raw_dataset/non_uang/000000486106.jpg,True
nm_000000486183,nonuang,ds11,raw_dataset/non_uang/000000486183.jpg,True
nm_000000486200,nonuang,ds11,raw_dataset/non_uang/000000486200.jpg,True
nm_000000486270,nonuang,ds11,raw_dataset/non_uang/000000486270.jpg,True
nm_000000486395,nonuang,ds11,raw_dataset/non_uang/000000486395.jpg,True
nm_000000486398,nonuang,ds11,raw_dataset/non_uang/000000486398.jpg,False
nm_000000486407,nonuang,ds11,raw_dataset/non_uang/000000486407.jpg,False
nm_000000486505,nonuang,ds11,raw_dataset/non_uang/000000486505.jpg,True
nm_000000486528,nonuang,ds11,raw_dataset/non_uang/000000486528.jpg,True
nm_000000486672,nonuang,ds11,raw_dataset/non_uang/000000486672.jpg,True
nm_000000486755,nonuang,ds11,raw_dataset/non_uang/000000486755.jpg,True
nm_000000486813,nonuang,ds11,raw_dataset/non_uang/000000486813.jpg,False
nm_000000486828,nonuang,ds11,raw_dataset/non_uang/000000486828.jpg,True
nm_000000486881,nonuang,ds11,raw_dataset/non_uang/000000486881.jpg,True
nm_000000486909,nonuang,ds11,raw_dataset/non_uang/000000486909.jpg,True
nm_000000486924,nonuang,ds11,raw_dataset/non_uang/000000486924.jpg,True
nm_000000487372,nonuang,ds11,raw_dataset/non_uang/000000487372.jpg,True
nm_000000487405,nonuang,ds11,raw_dataset/non_uang/000000487405.jpg,True
nm_000000487454,nonuang,ds11,raw_dataset/non_uang/000000487454.jpg,False
nm_000000487455,nonuang,ds11,raw_dataset/non_uang/000000487455.jpg,True
nm_000000487490,nonuang,ds11,raw_dataset/non_uang/000000487490.jpg,False
nm_000000487492,nonuang,ds11,raw_dataset/non_uang/000000487492.jpg,False
nm_000000487686,nonuang,ds11,raw_dataset/non_uang/000000487686.jpg,False
nm_000000487715,nonuang,ds11,raw_dataset/non_uang/000000487715.jpg,False
nm_000000487733,nonuang,ds11,raw_dataset/non_uang/000000487733.jpg,True
nm_000000487955,nonuang,ds11,raw_dataset/non_uang/000000487955.jpg,True
nm_000000488000,nonuang,ds11,raw_dataset/non_uang/000000488000.jpg,False
nm_000000488051,nonuang,ds11,raw_dataset/non_uang/000000488051.jpg,True
nm_000000488131,nonuang,ds11,raw_dataset/non_uang/000000488131.jpg,True
nm_000000488222,nonuang,ds11,raw_dataset/non_uang/000000488222.jpg,False
nm_000000488398,nonuang,ds11,raw_dataset/non_uang/000000488398.jpg,False
nm_000000488426,nonuang,ds11,raw_dataset/non_uang/000000488426.jpg,True
nm_000000488462,nonuang,ds11,raw_dataset/non_uang/000000488462.jpg,False
nm_000000488572,nonuang,ds11,raw_dataset/non_uang/000000488572.jpg,True
nm_000000488603,nonuang,ds11,raw_dataset/non_uang/000000488603.jpg,False
nm_000000488651,nonuang,ds11,raw_dataset/non_uang/000000488651.jpg,True
nm_000000488899,nonuang,ds11,raw_dataset/non_uang/000000488899.jpg,False
nm_000000488986,nonuang,ds11,raw_dataset/non_uang/000000488986.jpg,True
nm_000000489087,nonuang,ds11,raw_dataset/non_uang/000000489087.jpg,False
nm_000000489096,nonuang,ds11,raw_dataset/non_uang/000000489096.jpg,False
nm_000000489141,nonuang,ds11,raw_dataset/non_uang/000000489141.jpg,False
nm_000000489158,nonuang,ds11,raw_dataset/non_uang/000000489158.jpg,True
nm_000000489170,nonuang,ds11,raw_dataset/non_uang/000000489170.jpg,False
nm_000000489265,nonuang,ds11,raw_dataset/non_uang/000000489265.jpg,False
nm_000000489445,nonuang,ds11,raw_dataset/non_uang/000000489445.jpg,False
nm_000000489473,nonuang,ds11,raw_dataset/non_uang/000000489473.jpg,False
nm_000000489536,nonuang,ds11,raw_dataset/non_uang/000000489536.jpg,False
nm_000000489548,nonuang,ds11,raw_dataset/non_uang/000000489548.jpg,True
nm_000000489562,nonuang,ds11,raw_dataset/non_uang/000000489562.jpg,True
nm_000000489578,nonuang,ds11,raw_dataset/non_uang/000000489578.jpg,False
nm_000000489630,nonuang,ds11,raw_dataset/non_uang/000000489630.jpg,True
nm_000000489716,nonuang,ds11,raw_dataset/non_uang/000000489716.jpg,False
nm_000000489792,nonuang,ds11,raw_dataset/non_uang/000000489792.jpg,True
nm_000000489822,nonuang,ds11,raw_dataset/non_uang/000000489822.jpg,True
nm_000000489880,nonuang,ds11,raw_dataset/non_uang/000000489880.jpg,True
nm_000000489925,nonuang,ds11,raw_dataset/non_uang/000000489925.jpg,False
nm_000000489948,nonuang,ds11,raw_dataset/non_uang/000000489948.jpg,True
nm_000000489976,nonuang,ds11,raw_dataset/non_uang/000000489976.jpg,False
nm_000000490208,nonuang,ds11,raw_dataset/non_uang/000000490208.jpg,True
nm_000000490354,nonuang,ds11,raw_dataset/non_uang/000000490354.jpg,True
nm_000000490551,nonuang,ds11,raw_dataset/non_uang/000000490551.jpg,False
nm_000000490566,nonuang,ds11,raw_dataset/non_uang/000000490566.jpg,True
nm_000000490576,nonuang,ds11,raw_dataset/non_uang/000000490576.jpg,True
nm_000000490698,nonuang,ds11,raw_dataset/non_uang/000000490698.jpg,False
nm_000000490806,nonuang,ds11,raw_dataset/non_uang/000000490806.jpg,True
nm_000000490896,nonuang,ds11,raw_dataset/non_uang/000000490896.jpg,True
nm_000000491276,nonuang,ds11,raw_dataset/non_uang/000000491276.jpg,False
nm_000000491404,nonuang,ds11,raw_dataset/non_uang/000000491404.jpg,True
nm_000000491775,nonuang,ds11,raw_dataset/non_uang/000000491775.jpg,False
nm_000000491776,nonuang,ds11,raw_dataset/non_uang/000000491776.jpg,True
nm_000000491800,nonuang,ds11,raw_dataset/non_uang/000000491800.jpg,True
nm_000000491960,nonuang,ds11,raw_dataset/non_uang/000000491960.jpg,False
nm_000000492122,nonuang,ds11,raw_dataset/non_uang/000000492122.jpg,True
nm_000000492197,nonuang,ds11,raw_dataset/non_uang/000000492197.jpg,False
nm_000000492326,nonuang,ds11,raw_dataset/non_uang/000000492326.jpg,True
nm_000000492688,nonuang,ds11,raw_dataset/non_uang/000000492688.jpg,True
nm_000000492689,nonuang,ds11,raw_dataset/non_uang/000000492689.jpg,False
nm_000000492787,nonuang,ds11,raw_dataset/non_uang/000000492787.jpg,True
nm_000000492799,nonuang,ds11,raw_dataset/non_uang/000000492799.jpg,False
nm_000000493008,nonuang,ds11,raw_dataset/non_uang/000000493008.jpg,True
nm_000000493116,nonuang,ds11,raw_dataset/non_uang/000000493116.jpg,True
nm_000000493324,nonuang,ds11,raw_dataset/non_uang/000000493324.jpg,True
nm_000000493389,nonuang,ds11,raw_dataset/non_uang/000000493389.jpg,False
nm_000000493478,nonuang,ds11,raw_dataset/non_uang/000000493478.jpg,True
nm_000000493488,nonuang,ds11,raw_dataset/non_uang/000000493488.jpg,True
nm_000000493646,nonuang,ds11,raw_dataset/non_uang/000000493646.jpg,False
nm_000000493861,nonuang,ds11,raw_dataset/non_uang/000000493861.jpg,False
nm_000000493924,nonuang,ds11,raw_dataset/non_uang/000000493924.jpg,False
nm_000000494052,nonuang,ds11,raw_dataset/non_uang/000000494052.jpg,True
nm_000000494116,nonuang,ds11,raw_dataset/non_uang/000000494116.jpg,False
nm_000000494151,nonuang,ds11,raw_dataset/non_uang/000000494151.jpg,False
nm_000000494178,nonuang,ds11,raw_dataset/non_uang/000000494178.jpg,True
nm_000000494294,nonuang,ds11,raw_dataset/non_uang/000000494294.jpg,False
nm_000000494350,nonuang,ds11,raw_dataset/non_uang/000000494350.jpg,False
nm_000000494353,nonuang,ds11,raw_dataset/non_uang/000000494353.jpg,False
nm_000000494474,nonuang,ds11,raw_dataset/non_uang/000000494474.jpg,False
nm_000000494476,nonuang,ds11,raw_dataset/non_uang/000000494476.jpg,True
nm_000000494483,nonuang,ds11,raw_dataset/non_uang/000000494483.jpg,True
nm_000000494549,nonuang,ds11,raw_dataset/non_uang/000000494549.jpg,True
nm_000000494635,nonuang,ds11,raw_dataset/non_uang/000000494635.jpg,False
nm_000000494717,nonuang,ds11,raw_dataset/non_uang/000000494717.jpg,True
nm_000000494797,nonuang,ds11,raw_dataset/non_uang/000000494797.jpg,False
nm_000000494830,nonuang,ds11,raw_dataset/non_uang/000000494830.jpg,True
nm_000000494871,nonuang,ds11,raw_dataset/non_uang/000000494871.jpg,True
nm_000000494971,nonuang,ds11,raw_dataset/non_uang/000000494971.jpg,False
nm_000000494994,nonuang,ds11,raw_dataset/non_uang/000000494994.jpg,False
nm_000000495016,nonuang,ds11,raw_dataset/non_uang/000000495016.jpg,True
nm_000000495057,nonuang,ds11,raw_dataset/non_uang/000000495057.jpg,True
nm_000000495209,nonuang,ds11,raw_dataset/non_uang/000000495209.jpg,False
nm_000000495238,nonuang,ds11,raw_dataset/non_uang/000000495238.jpg,True
nm_000000495260,nonuang,ds11,raw_dataset/non_uang/000000495260.jpg,False
nm_000000495307,nonuang,ds11,raw_dataset/non_uang/000000495307.jpg,True
nm_000000495605,nonuang,ds11,raw_dataset/non_uang/000000495605.jpg,True
nm_000000495653,nonuang,ds11,raw_dataset/non_uang/000000495653.jpg,False
nm_000000495735,nonuang,ds11,raw_dataset/non_uang/000000495735.jpg,True
nm_000000495751,nonuang,ds11,raw_dataset/non_uang/000000495751.jpg,True
nm_000000495862,nonuang,ds11,raw_dataset/non_uang/000000495862.jpg,False
nm_000000495898,nonuang,ds11,raw_dataset/non_uang/000000495898.jpg,True
nm_000000495952,nonuang,ds11,raw_dataset/non_uang/000000495952.jpg,True
nm_000000495998,nonuang,ds11,raw_dataset/non_uang/000000495998.jpg,True
nm_000000496024,nonuang,ds11,raw_dataset/non_uang/000000496024.jpg,False
nm_000000496060,nonuang,ds11,raw_dataset/non_uang/000000496060.jpg,True
nm_000000496171,nonuang,ds11,raw_dataset/non_uang/000000496171.jpg,True
nm_000000496319,nonuang,ds11,raw_dataset/non_uang/000000496319.jpg,True
nm_000000496465,nonuang,ds11,raw_dataset/non_uang/000000496465.jpg,True
nm_000000496579,nonuang,ds11,raw_dataset/non_uang/000000496579.jpg,True
nm_000000496821,nonuang,ds11,raw_dataset/non_uang/000000496821.jpg,False
nm_000000496827,nonuang,ds11,raw_dataset/non_uang/000000496827.jpg,True
nm_000000496923,nonuang,ds11,raw_dataset/non_uang/000000496923.jpg,True
nm_000000497026,nonuang,ds11,raw_dataset/non_uang/000000497026.jpg,False
nm_000000497105,nonuang,ds11,raw_dataset/non_uang/000000497105.jpg,True
nm_000000497112,nonuang,ds11,raw_dataset/non_uang/000000497112.jpg,False
nm_000000497153,nonuang,ds11,raw_dataset/non_uang/000000497153.jpg,True
nm_000000497192,nonuang,ds11,raw_dataset/non_uang/000000497192.jpg,True
nm_000000497231,nonuang,ds11,raw_dataset/non_uang/000000497231.jpg,False
nm_000000497291,nonuang,ds11,raw_dataset/non_uang/000000497291.jpg,True
nm_000000497403,nonuang,ds11,raw_dataset/non_uang/000000497403.jpg,True
nm_000000497418,nonuang,ds11,raw_dataset/non_uang/000000497418.jpg,False
nm_000000497486,nonuang,ds11,raw_dataset/non_uang/000000497486.jpg,False
nm_000000497574,nonuang,ds11,raw_dataset/non_uang/000000497574.jpg,False
nm_000000497597,nonuang,ds11,raw_dataset/non_uang/000000497597.jpg,False
nm_000000497810,nonuang,ds11,raw_dataset/non_uang/000000497810.jpg,True
nm_000000497861,nonuang,ds11,raw_dataset/non_uang/000000497861.jpg,True
nm_000000497890,nonuang,ds11,raw_dataset/non_uang/000000497890.jpg,False
nm_000000497949,nonuang,ds11,raw_dataset/non_uang/000000497949.jpg,True
nm_000000498095,nonuang,ds11,raw_dataset/non_uang/000000498095.jpg,False
nm_000000498240,nonuang,ds11,raw_dataset/non_uang/000000498240.jpg,False
nm_000000498361,nonuang,ds11,raw_dataset/non_uang/000000498361.jpg,True
nm_000000498590,nonuang,ds11,raw_dataset/non_uang/000000498590.jpg,False
nm_000000498646,nonuang,ds11,raw_dataset/non_uang/000000498646.jpg,False
nm_000000498676,nonuang,ds11,raw_dataset/non_uang/000000498676.jpg,True
nm_000000498731,nonuang,ds11,raw_dataset/non_uang/000000498731.jpg,False
nm_000000499043,nonuang,ds11,raw_dataset/non_uang/000000499043.jpg,True
nm_000000499075,nonuang,ds11,raw_dataset/non_uang/000000499075.jpg,True
nm_000000499081,nonuang,ds11,raw_dataset/non_uang/000000499081.jpg,True
nm_000000499175,nonuang,ds11,raw_dataset/non_uang/000000499175.jpg,True
nm_000000499199,nonuang,ds11,raw_dataset/non_uang/000000499199.jpg,False
nm_000000499231,nonuang,ds11,raw_dataset/non_uang/000000499231.jpg,True
nm_000000499310,nonuang,ds11,raw_dataset/non_uang/000000499310.jpg,True
nm_000000499312,nonuang,ds11,raw_dataset/non_uang/000000499312.jpg,False
nm_000000499387,nonuang,ds11,raw_dataset/non_uang/000000499387.jpg,True
nm_000000499647,nonuang,ds11,raw_dataset/non_uang/000000499647.jpg,False
nm_000000499654,nonuang,ds11,raw_dataset/non_uang/000000499654.jpg,True
nm_000000499699,nonuang,ds11,raw_dataset/non_uang/000000499699.jpg,True
nm_000000499992,nonuang,ds11,raw_dataset/non_uang/000000499992.jpg,True
nm_000000500038,nonuang,ds11,raw_dataset/non_uang/000000500038.jpg,False
nm_000000500119,nonuang,ds11,raw_dataset/non_uang/000000500119.jpg,False
nm_000000500176,nonuang,ds11,raw_dataset/non_uang/000000500176.jpg,True
nm_000000500279,nonuang,ds11,raw_dataset/non_uang/000000500279.jpg,True
nm_000000500308,nonuang,ds11,raw_dataset/non_uang/000000500308.jpg,True
nm_000000500510,nonuang,ds11,raw_dataset/non_uang/000000500510.jpg,True
nm_000000500636,nonuang,ds11,raw_dataset/non_uang/000000500636.jpg,True
nm_000000500643,nonuang,ds11,raw_dataset/non_uang/000000500643.jpg,True
nm_000000500695,nonuang,ds11,raw_dataset/non_uang/000000500695.jpg,False
nm_000000500719,nonuang,ds11,raw_dataset/non_uang/000000500719.jpg,True
nm_000000500798,nonuang,ds11,raw_dataset/non_uang/000000500798.jpg,True
nm_000000500860,nonuang,ds11,raw_dataset/non_uang/000000500860.jpg,False
nm_000000500887,nonuang,ds11,raw_dataset/non_uang/000000500887.jpg,False
nm_000000500970,nonuang,ds11,raw_dataset/non_uang/000000500970.jpg,False
nm_000000501130,nonuang,ds11,raw_dataset/non_uang/000000501130.jpg,True
nm_000000501157,nonuang,ds11,raw_dataset/non_uang/000000501157.jpg,False
nm_000000501194,nonuang,ds11,raw_dataset/non_uang/000000501194.jpg,False
nm_000000501228,nonuang,ds11,raw_dataset/non_uang/000000501228.jpg,False
nm_000000501344,nonuang,ds11,raw_dataset/non_uang/000000501344.jpg,True
nm_000000501492,nonuang,ds11,raw_dataset/non_uang/000000501492.jpg,True
nm_000000501626,nonuang,ds11,raw_dataset/non_uang/000000501626.jpg,True
nm_000000501627,nonuang,ds11,raw_dataset/non_uang/000000501627.jpg,True
nm_000000501644,nonuang,ds11,raw_dataset/non_uang/000000501644.jpg,True
nm_000000501749,nonuang,ds11,raw_dataset/non_uang/000000501749.jpg,False
nm_000000501985,nonuang,ds11,raw_dataset/non_uang/000000501985.jpg,False
nm_000000502008,nonuang,ds11,raw_dataset/non_uang/000000502008.jpg,False
nm_000000502040,nonuang,ds11,raw_dataset/non_uang/000000502040.jpg,False
nm_000000502051,nonuang,ds11,raw_dataset/non_uang/000000502051.jpg,True
nm_000000502085,nonuang,ds11,raw_dataset/non_uang/000000502085.jpg,True
nm_000000502096,nonuang,ds11,raw_dataset/non_uang/000000502096.jpg,True
nm_000000502111,nonuang,ds11,raw_dataset/non_uang/000000502111.jpg,True
nm_000000502133,nonuang,ds11,raw_dataset/non_uang/000000502133.jpg,True
nm_000000502147,nonuang,ds11,raw_dataset/non_uang/000000502147.jpg,False
nm_000000502233,nonuang,ds11,raw_dataset/non_uang/000000502233.jpg,False
nm_000000502332,nonuang,ds11,raw_dataset/non_uang/000000502332.jpg,True
nm_000000502372,nonuang,ds11,raw_dataset/non_uang/000000502372.jpg,True
nm_000000502523,nonuang,ds11,raw_dataset/non_uang/000000502523.jpg,True
nm_000000502524,nonuang,ds11,raw_dataset/non_uang/000000502524.jpg,True
nm_000000502639,nonuang,ds11,raw_dataset/non_uang/000000502639.jpg,True
nm_000000502646,nonuang,ds11,raw_dataset/non_uang/000000502646.jpg,False
nm_000000502688,nonuang,ds11,raw_dataset/non_uang/000000502688.jpg,True
nm_000000502720,nonuang,ds11,raw_dataset/non_uang/000000502720.jpg,False
nm_000000502750,nonuang,ds11,raw_dataset/non_uang/000000502750.jpg,True
nm_000000502904,nonuang,ds11,raw_dataset/non_uang/000000502904.jpg,True
nm_000000503039,nonuang,ds11,raw_dataset/non_uang/000000503039.jpg,True
nm_000000503062,nonuang,ds11,raw_dataset/non_uang/000000503062.jpg,False
nm_000000503134,nonuang,ds11,raw_dataset/non_uang/000000503134.jpg,False
nm_000000503198,nonuang,ds11,raw_dataset/non_uang/000000503198.jpg,False
nm_000000503239,nonuang,ds11,raw_dataset/non_uang/000000503239.jpg,True
nm_000000503247,nonuang,ds11,raw_dataset/non_uang/000000503247.jpg,True
nm_000000503279,nonuang,ds11,raw_dataset/non_uang/000000503279.jpg,False
nm_000000503280,nonuang,ds11,raw_dataset/non_uang/000000503280.jpg,False
nm_000000503377,nonuang,ds11,raw_dataset/non_uang/000000503377.jpg,True
nm_000000503425,nonuang,ds11,raw_dataset/non_uang/000000503425.jpg,True
nm_000000503550,nonuang,ds11,raw_dataset/non_uang/000000503550.jpg,True
nm_000000503699,nonuang,ds11,raw_dataset/non_uang/000000503699.jpg,False
nm_000000503773,nonuang,ds11,raw_dataset/non_uang/000000503773.jpg,True
nm_000000503783,nonuang,ds11,raw_dataset/non_uang/000000503783.jpg,False
nm_000000503881,nonuang,ds11,raw_dataset/non_uang/000000503881.jpg,True
nm_000000504001,nonuang,ds11,raw_dataset/non_uang/000000504001.jpg,True
nm_000000504062,nonuang,ds11,raw_dataset/non_uang/000000504062.jpg,True
nm_000000504278,nonuang,ds11,raw_dataset/non_uang/000000504278.jpg,True
nm_000000504364,nonuang,ds11,raw_dataset/non_uang/000000504364.jpg,True
nm_000000504395,nonuang,ds11,raw_dataset/non_uang/000000504395.jpg,False
nm_000000504474,nonuang,ds11,raw_dataset/non_uang/000000504474.jpg,False
nm_000000504628,nonuang,ds11,raw_dataset/non_uang/000000504628.jpg,True
nm_000000504742,nonuang,ds11,raw_dataset/non_uang/000000504742.jpg,False
nm_000000504846,nonuang,ds11,raw_dataset/non_uang/000000504846.jpg,True
nm_000000504865,nonuang,ds11,raw_dataset/non_uang/000000504865.jpg,True
nm_000000504880,nonuang,ds11,raw_dataset/non_uang/000000504880.jpg,True
nm_000000505115,nonuang,ds11,raw_dataset/non_uang/000000505115.jpg,True
nm_000000505137,nonuang,ds11,raw_dataset/non_uang/000000505137.jpg,False
nm_000000505250,nonuang,ds11,raw_dataset/non_uang/000000505250.jpg,False
nm_000000505298,nonuang,ds11,raw_dataset/non_uang/000000505298.jpg,True
nm_000000505302,nonuang,ds11,raw_dataset/non_uang/000000505302.jpg,False
nm_000000505390,nonuang,ds11,raw_dataset/non_uang/000000505390.jpg,False
nm_000000505434,nonuang,ds11,raw_dataset/non_uang/000000505434.jpg,False
nm_000000505499,nonuang,ds11,raw_dataset/non_uang/000000505499.jpg,False
nm_000000505734,nonuang,ds11,raw_dataset/non_uang/000000505734.jpg,False
nm_000000505747,nonuang,ds11,raw_dataset/non_uang/000000505747.jpg,True
nm_000000505816,nonuang,ds11,raw_dataset/non_uang/000000505816.jpg,False
nm_000000506086,nonuang,ds11,raw_dataset/non_uang/000000506086.jpg,True
nm_000000506211,nonuang,ds11,raw_dataset/non_uang/000000506211.jpg,False
nm_000000506423,nonuang,ds11,raw_dataset/non_uang/000000506423.jpg,True
nm_000000506532,nonuang,ds11,raw_dataset/non_uang/000000506532.jpg,False
nm_000000506594,nonuang,ds11,raw_dataset/non_uang/000000506594.jpg,False
nm_000000506606,nonuang,ds11,raw_dataset/non_uang/000000506606.jpg,True
nm_000000506646,nonuang,ds11,raw_dataset/non_uang/000000506646.jpg,True
nm_000000506676,nonuang,ds11,raw_dataset/non_uang/000000506676.jpg,True
nm_000000506765,nonuang,ds11,raw_dataset/non_uang/000000506765.jpg,True
nm_000000506776,nonuang,ds11,raw_dataset/non_uang/000000506776.jpg,True
nm_000000506853,nonuang,ds11,raw_dataset/non_uang/000000506853.jpg,True
nm_000000506864,nonuang,ds11,raw_dataset/non_uang/000000506864.jpg,True
nm_000000506888,nonuang,ds11,raw_dataset/non_uang/000000506888.jpg,True
nm_000000506912,nonuang,ds11,raw_dataset/non_uang/000000506912.jpg,True
nm_000000506963,nonuang,ds11,raw_dataset/non_uang/000000506963.jpg,True
nm_000000507030,nonuang,ds11,raw_dataset/non_uang/000000507030.jpg,True
nm_000000507355,nonuang,ds11,raw_dataset/non_uang/000000507355.jpg,True
nm_000000507401,nonuang,ds11,raw_dataset/non_uang/000000507401.jpg,False
nm_000000507571,nonuang,ds11,raw_dataset/non_uang/000000507571.jpg,False
nm_000000507619,nonuang,ds11,raw_dataset/non_uang/000000507619.jpg,True
nm_000000507636,nonuang,ds11,raw_dataset/non_uang/000000507636.jpg,True
nm_000000507716,nonuang,ds11,raw_dataset/non_uang/000000507716.jpg,True
nm_000000507731,nonuang,ds11,raw_dataset/non_uang/000000507731.jpg,True
nm_000000507860,nonuang,ds11,raw_dataset/non_uang/000000507860.jpg,True
nm_000000507924,nonuang,ds11,raw_dataset/non_uang/000000507924.jpg,True
nm_000000508002,nonuang,ds11,raw_dataset/non_uang/000000508002.jpg,True
nm_000000508019,nonuang,ds11,raw_dataset/non_uang/000000508019.jpg,True
nm_000000508127,nonuang,ds11,raw_dataset/non_uang/000000508127.jpg,True
nm_000000508137,nonuang,ds11,raw_dataset/non_uang/000000508137.jpg,True
nm_000000508254,nonuang,ds11,raw_dataset/non_uang/000000508254.jpg,False
nm_000000508408,nonuang,ds11,raw_dataset/non_uang/000000508408.jpg,False
nm_000000508685,nonuang,ds11,raw_dataset/non_uang/000000508685.jpg,True
nm_000000508691,nonuang,ds11,raw_dataset/non_uang/000000508691.jpg,True
nm_000000508708,nonuang,ds11,raw_dataset/non_uang/000000508708.jpg,False
nm_000000508873,nonuang,ds11,raw_dataset/non_uang/000000508873.jpg,False
nm_000000509068,nonuang,ds11,raw_dataset/non_uang/000000509068.jpg,False
nm_000000509186,nonuang,ds11,raw_dataset/non_uang/000000509186.jpg,True
nm_000000509249,nonuang,ds11,raw_dataset/non_uang/000000509249.jpg,True
nm_000000509284,nonuang,ds11,raw_dataset/non_uang/000000509284.jpg,True
nm_000000509425,nonuang,ds11,raw_dataset/non_uang/000000509425.jpg,True
nm_000000509455,nonuang,ds11,raw_dataset/non_uang/000000509455.jpg,True
nm_000000509491,nonuang,ds11,raw_dataset/non_uang/000000509491.jpg,True
nm_000000509559,nonuang,ds11,raw_dataset/non_uang/000000509559.jpg,False
nm_000000509605,nonuang,ds11,raw_dataset/non_uang/000000509605.jpg,True
nm_000000509614,nonuang,ds11,raw_dataset/non_uang/000000509614.jpg,True
nm_000000509651,nonuang,ds11,raw_dataset/non_uang/000000509651.jpg,True
nm_000000509670,nonuang,ds11,raw_dataset/non_uang/000000509670.jpg,False
nm_000000509716,nonuang,ds11,raw_dataset/non_uang/000000509716.jpg,False
nm_000000509717,nonuang,ds11,raw_dataset/non_uang/000000509717.jpg,False
nm_000000509724,nonuang,ds11,raw_dataset/non_uang/000000509724.jpg,True
nm_000000509861,nonuang,ds11,raw_dataset/non_uang/000000509861.jpg,True
nm_000000510070,nonuang,ds11,raw_dataset/non_uang/000000510070.jpg,False
nm_000000510104,nonuang,ds11,raw_dataset/non_uang/000000510104.jpg,True
nm_000000510133,nonuang,ds11,raw_dataset/non_uang/000000510133.jpg,False
nm_000000510148,nonuang,ds11,raw_dataset/non_uang/000000510148.jpg,True
nm_000000510151,nonuang,ds11,raw_dataset/non_uang/000000510151.jpg,True
nm_000000510165,nonuang,ds11,raw_dataset/non_uang/000000510165.jpg,False
nm_000000510231,nonuang,ds11,raw_dataset/non_uang/000000510231.jpg,True
nm_000000510242,nonuang,ds11,raw_dataset/non_uang/000000510242.jpg,False
nm_000000510288,nonuang,ds11,raw_dataset/non_uang/000000510288.jpg,True
nm_000000510386,nonuang,ds11,raw_dataset/non_uang/000000510386.jpg,True
nm_000000510396,nonuang,ds11,raw_dataset/non_uang/000000510396.jpg,True
nm_000000510441,nonuang,ds11,raw_dataset/non_uang/000000510441.jpg,True
nm_000000510443,nonuang,ds11,raw_dataset/non_uang/000000510443.jpg,True
nm_000000510544,nonuang,ds11,raw_dataset/non_uang/000000510544.jpg,False
nm_000000510595,nonuang,ds11,raw_dataset/non_uang/000000510595.jpg,False
nm_000000510641,nonuang,ds11,raw_dataset/non_uang/000000510641.jpg,True
nm_000000510653,nonuang,ds11,raw_dataset/non_uang/000000510653.jpg,True
nm_000000510682,nonuang,ds11,raw_dataset/non_uang/000000510682.jpg,False
nm_000000510713,nonuang,ds11,raw_dataset/non_uang/000000510713.jpg,True
nm_000000510843,nonuang,ds11,raw_dataset/non_uang/000000510843.jpg,True
nm_000000510927,nonuang,ds11,raw_dataset/non_uang/000000510927.jpg,True
nm_000000511010,nonuang,ds11,raw_dataset/non_uang/000000511010.jpg,False
nm_000000511018,nonuang,ds11,raw_dataset/non_uang/000000511018.jpg,True
nm_000000511095,nonuang,ds11,raw_dataset/non_uang/000000511095.jpg,True
nm_000000511315,nonuang,ds11,raw_dataset/non_uang/000000511315.jpg,True
nm_000000511380,nonuang,ds11,raw_dataset/non_uang/000000511380.jpg,True
nm_000000511397,nonuang,ds11,raw_dataset/non_uang/000000511397.jpg,True
nm_000000511437,nonuang,ds11,raw_dataset/non_uang/000000511437.jpg,False
nm_000000511442,nonuang,ds11,raw_dataset/non_uang/000000511442.jpg,False
nm_000000511487,nonuang,ds11,raw_dataset/non_uang/000000511487.jpg,True
nm_000000511489,nonuang,ds11,raw_dataset/non_uang/000000511489.jpg,False
nm_000000511540,nonuang,ds11,raw_dataset/non_uang/000000511540.jpg,False
nm_000000511556,nonuang,ds11,raw_dataset/non_uang/000000511556.jpg,True
nm_000000511563,nonuang,ds11,raw_dataset/non_uang/000000511563.jpg,True
nm_000000511702,nonuang,ds11,raw_dataset/non_uang/000000511702.jpg,False
nm_000000511731,nonuang,ds11,raw_dataset/non_uang/000000511731.jpg,True
nm_000000511864,nonuang,ds11,raw_dataset/non_uang/000000511864.jpg,False
nm_000000511889,nonuang,ds11,raw_dataset/non_uang/000000511889.jpg,True
nm_000000511913,nonuang,ds11,raw_dataset/non_uang/000000511913.jpg,True
nm_000000511985,nonuang,ds11,raw_dataset/non_uang/000000511985.jpg,False
nm_000000512074,nonuang,ds11,raw_dataset/non_uang/000000512074.jpg,False
nm_000000512128,nonuang,ds11,raw_dataset/non_uang/000000512128.jpg,False
nm_000000512197,nonuang,ds11,raw_dataset/non_uang/000000512197.jpg,False
nm_000000512235,nonuang,ds11,raw_dataset/non_uang/000000512235.jpg,True
nm_000000512278,nonuang,ds11,raw_dataset/non_uang/000000512278.jpg,True
nm_000000512318,nonuang,ds11,raw_dataset/non_uang/000000512318.jpg,True
nm_000000512649,nonuang,ds11,raw_dataset/non_uang/000000512649.jpg,False
nm_000000512804,nonuang,ds11,raw_dataset/non_uang/000000512804.jpg,True
nm_000000512805,nonuang,ds11,raw_dataset/non_uang/000000512805.jpg,False
nm_000000512822,nonuang,ds11,raw_dataset/non_uang/000000512822.jpg,True
nm_000000513058,nonuang,ds11,raw_dataset/non_uang/000000513058.jpg,True
nm_000000513104,nonuang,ds11,raw_dataset/non_uang/000000513104.jpg,True
nm_000000513157,nonuang,ds11,raw_dataset/non_uang/000000513157.jpg,False
nm_000000513193,nonuang,ds11,raw_dataset/non_uang/000000513193.jpg,False
nm_000000513215,nonuang,ds11,raw_dataset/non_uang/000000513215.jpg,False
nm_000000513246,nonuang,ds11,raw_dataset/non_uang/000000513246.jpg,False
nm_000000513259,nonuang,ds11,raw_dataset/non_uang/000000513259.jpg,True
nm_000000513272,nonuang,ds11,raw_dataset/non_uang/000000513272.jpg,False
nm_000000513304,nonuang,ds11,raw_dataset/non_uang/000000513304.jpg,False
nm_000000513407,nonuang,ds11,raw_dataset/non_uang/000000513407.jpg,True
nm_000000513411,nonuang,ds11,raw_dataset/non_uang/000000513411.jpg,True
nm_000000513562,nonuang,ds11,raw_dataset/non_uang/000000513562.jpg,False
nm_000000513668,nonuang,ds11,raw_dataset/non_uang/000000513668.jpg,True
nm_000000513773,nonuang,ds11,raw_dataset/non_uang/000000513773.jpg,True
nm_000000513816,nonuang,ds11,raw_dataset/non_uang/000000513816.jpg,False
nm_000000513972,nonuang,ds11,raw_dataset/non_uang/000000513972.jpg,True
nm_000000514042,nonuang,ds11,raw_dataset/non_uang/000000514042.jpg,True
nm_000000514150,nonuang,ds11,raw_dataset/non_uang/000000514150.jpg,True
nm_000000514157,nonuang,ds11,raw_dataset/non_uang/000000514157.jpg,True
nm_000000514203,nonuang,ds11,raw_dataset/non_uang/000000514203.jpg,False
nm_000000514455,nonuang,ds11,raw_dataset/non_uang/000000514455.jpg,False
nm_000000514589,nonuang,ds11,raw_dataset/non_uang/000000514589.jpg,False
nm_000000514610,nonuang,ds11,raw_dataset/non_uang/000000514610.jpg,True
nm_000000514657,nonuang,ds11,raw_dataset/non_uang/000000514657.jpg,True
nm_000000514876,nonuang,ds11,raw_dataset/non_uang/000000514876.jpg,True
nm_000000514884,nonuang,ds11,raw_dataset/non_uang/000000514884.jpg,False
nm_000000515015,nonuang,ds11,raw_dataset/non_uang/000000515015.jpg,True
nm_000000515120,nonuang,ds11,raw_dataset/non_uang/000000515120.jpg,True
nm_000000515154,nonuang,ds11,raw_dataset/non_uang/000000515154.jpg,True
nm_000000515166,nonuang,ds11,raw_dataset/non_uang/000000515166.jpg,False
nm_000000515246,nonuang,ds11,raw_dataset/non_uang/000000515246.jpg,False
nm_000000515291,nonuang,ds11,raw_dataset/non_uang/000000515291.jpg,True
nm_000000515295,nonuang,ds11,raw_dataset/non_uang/000000515295.jpg,True
nm_000000515382,nonuang,ds11,raw_dataset/non_uang/000000515382.jpg,False
nm_000000515557,nonuang,ds11,raw_dataset/non_uang/000000515557.jpg,True
nm_000000515629,nonuang,ds11,raw_dataset/non_uang/000000515629.jpg,False
nm_000000515671,nonuang,ds11,raw_dataset/non_uang/000000515671.jpg,False
nm_000000515817,nonuang,ds11,raw_dataset/non_uang/000000515817.jpg,True
nm_000000515877,nonuang,ds11,raw_dataset/non_uang/000000515877.jpg,True
nm_000000515901,nonuang,ds11,raw_dataset/non_uang/000000515901.jpg,False
nm_000000515951,nonuang,ds11,raw_dataset/non_uang/000000515951.jpg,False
nm_000000515994,nonuang,ds11,raw_dataset/non_uang/000000515994.jpg,True
nm_000000516055,nonuang,ds11,raw_dataset/non_uang/000000516055.jpg,False
nm_000000516057,nonuang,ds11,raw_dataset/non_uang/000000516057.jpg,True
nm_000000516064,nonuang,ds11,raw_dataset/non_uang/000000516064.jpg,True
nm_000000516272,nonuang,ds11,raw_dataset/non_uang/000000516272.jpg,True
nm_000000516331,nonuang,ds11,raw_dataset/non_uang/000000516331.jpg,True
nm_000000516373,nonuang,ds11,raw_dataset/non_uang/000000516373.jpg,False
nm_000000516400,nonuang,ds11,raw_dataset/non_uang/000000516400.jpg,True
nm_000000516522,nonuang,ds11,raw_dataset/non_uang/000000516522.jpg,False
nm_000000516562,nonuang,ds11,raw_dataset/non_uang/000000516562.jpg,True
nm_000000516574,nonuang,ds11,raw_dataset/non_uang/000000516574.jpg,False
nm_000000516621,nonuang,ds11,raw_dataset/non_uang/000000516621.jpg,True
nm_000000516642,nonuang,ds11,raw_dataset/non_uang/000000516642.jpg,False
nm_000000516765,nonuang,ds11,raw_dataset/non_uang/000000516765.jpg,True
nm_000000516928,nonuang,ds11,raw_dataset/non_uang/000000516928.jpg,True
nm_000000516939,nonuang,ds11,raw_dataset/non_uang/000000516939.jpg,False
nm_000000516959,nonuang,ds11,raw_dataset/non_uang/000000516959.jpg,True
nm_000000517060,nonuang,ds11,raw_dataset/non_uang/000000517060.jpg,True
nm_000000517078,nonuang,ds11,raw_dataset/non_uang/000000517078.jpg,True
nm_000000517183,nonuang,ds11,raw_dataset/non_uang/000000517183.jpg,False
nm_000000517229,nonuang,ds11,raw_dataset/non_uang/000000517229.jpg,True
nm_000000517310,nonuang,ds11,raw_dataset/non_uang/000000517310.jpg,True
nm_000000517350,nonuang,ds11,raw_dataset/non_uang/000000517350.jpg,True
nm_000000517486,nonuang,ds11,raw_dataset/non_uang/000000517486.jpg,True
nm_000000517514,nonuang,ds11,raw_dataset/non_uang/000000517514.jpg,True
nm_000000517540,nonuang,ds11,raw_dataset/non_uang/000000517540.jpg,True
nm_000000517657,nonuang,ds11,raw_dataset/non_uang/000000517657.jpg,True
nm_000000517709,nonuang,ds11,raw_dataset/non_uang/000000517709.jpg,True
nm_000000518013,nonuang,ds11,raw_dataset/non_uang/000000518013.jpg,True
nm_000000518175,nonuang,ds11,raw_dataset/non_uang/000000518175.jpg,True
nm_000000518211,nonuang,ds11,raw_dataset/non_uang/000000518211.jpg,True
nm_000000518362,nonuang,ds11,raw_dataset/non_uang/000000518362.jpg,True
nm_000000518391,nonuang,ds11,raw_dataset/non_uang/000000518391.jpg,False
nm_000000518414,nonuang,ds11,raw_dataset/non_uang/000000518414.jpg,True
nm_000000518461,nonuang,ds11,raw_dataset/non_uang/000000518461.jpg,False
nm_000000518532,nonuang,ds11,raw_dataset/non_uang/000000518532.jpg,True
nm_000000518560,nonuang,ds11,raw_dataset/non_uang/000000518560.jpg,True
nm_000000518606,nonuang,ds11,raw_dataset/non_uang/000000518606.jpg,True
nm_000000518742,nonuang,ds11,raw_dataset/non_uang/000000518742.jpg,True
nm_000000518815,nonuang,ds11,raw_dataset/non_uang/000000518815.jpg,True
nm_000000518851,nonuang,ds11,raw_dataset/non_uang/000000518851.jpg,True
nm_000000518912,nonuang,ds11,raw_dataset/non_uang/000000518912.jpg,False
nm_000000518963,nonuang,ds11,raw_dataset/non_uang/000000518963.jpg,True
nm_000000518967,nonuang,ds11,raw_dataset/non_uang/000000518967.jpg,False
nm_000000518994,nonuang,ds11,raw_dataset/non_uang/000000518994.jpg,True
nm_000000519052,nonuang,ds11,raw_dataset/non_uang/000000519052.jpg,False
nm_000000519084,nonuang,ds11,raw_dataset/non_uang/000000519084.jpg,True
nm_000000519130,nonuang,ds11,raw_dataset/non_uang/000000519130.jpg,False
nm_000000519167,nonuang,ds11,raw_dataset/non_uang/000000519167.jpg,True
nm_000000519276,nonuang,ds11,raw_dataset/non_uang/000000519276.jpg,True
nm_000000519325,nonuang,ds11,raw_dataset/non_uang/000000519325.jpg,True
nm_000000519394,nonuang,ds11,raw_dataset/non_uang/000000519394.jpg,False
nm_000000519464,nonuang,ds11,raw_dataset/non_uang/000000519464.jpg,True
nm_000000519735,nonuang,ds11,raw_dataset/non_uang/000000519735.jpg,True
nm_000000519881,nonuang,ds11,raw_dataset/non_uang/000000519881.jpg,True
nm_000000519941,nonuang,ds11,raw_dataset/non_uang/000000519941.jpg,True
nm_000000520071,nonuang,ds11,raw_dataset/non_uang/000000520071.jpg,True
nm_000000520202,nonuang,ds11,raw_dataset/non_uang/000000520202.jpg,False
nm_000000520288,nonuang,ds11,raw_dataset/non_uang/000000520288.jpg,True
nm_000000520380,nonuang,ds11,raw_dataset/non_uang/000000520380.jpg,False
nm_000000520463,nonuang,ds11,raw_dataset/non_uang/000000520463.jpg,True
nm_000000520495,nonuang,ds11,raw_dataset/non_uang/000000520495.jpg,True
nm_000000520543,nonuang,ds11,raw_dataset/non_uang/000000520543.jpg,True
nm_000000520575,nonuang,ds11,raw_dataset/non_uang/000000520575.jpg,True
nm_000000520619,nonuang,ds11,raw_dataset/non_uang/000000520619.jpg,True
nm_000000520626,nonuang,ds11,raw_dataset/non_uang/000000520626.jpg,False
nm_000000520675,nonuang,ds11,raw_dataset/non_uang/000000520675.jpg,True
nm_000000520811,nonuang,ds11,raw_dataset/non_uang/000000520811.jpg,True
nm_000000520954,nonuang,ds11,raw_dataset/non_uang/000000520954.jpg,True
nm_000000520985,nonuang,ds11,raw_dataset/non_uang/000000520985.jpg,True
nm_000000520990,nonuang,ds11,raw_dataset/non_uang/000000520990.jpg,True
nm_000000520999,nonuang,ds11,raw_dataset/non_uang/000000520999.jpg,True
nm_000000521009,nonuang,ds11,raw_dataset/non_uang/000000521009.jpg,False
nm_000000521061,nonuang,ds11,raw_dataset/non_uang/000000521061.jpg,False
nm_000000521081,nonuang,ds11,raw_dataset/non_uang/000000521081.jpg,True
nm_000000521157,nonuang,ds11,raw_dataset/non_uang/000000521157.jpg,False
nm_000000521272,nonuang,ds11,raw_dataset/non_uang/000000521272.jpg,False
nm_000000521291,nonuang,ds11,raw_dataset/non_uang/000000521291.jpg,False
nm_000000521341,nonuang,ds11,raw_dataset/non_uang/000000521341.jpg,False
nm_000000521397,nonuang,ds11,raw_dataset/non_uang/000000521397.jpg,True
nm_000000521417,nonuang,ds11,raw_dataset/non_uang/000000521417.jpg,True
nm_000000521430,nonuang,ds11,raw_dataset/non_uang/000000521430.jpg,True
nm_000000521512,nonuang,ds11,raw_dataset/non_uang/000000521512.jpg,True
nm_000000521780,nonuang,ds11,raw_dataset/non_uang/000000521780.jpg,True
nm_000000521807,nonuang,ds11,raw_dataset/non_uang/000000521807.jpg,True
nm_000000521852,nonuang,ds11,raw_dataset/non_uang/000000521852.jpg,False
nm_000000521920,nonuang,ds11,raw_dataset/non_uang/000000521920.jpg,True
nm_000000522060,nonuang,ds11,raw_dataset/non_uang/000000522060.jpg,False
nm_000000522215,nonuang,ds11,raw_dataset/non_uang/000000522215.jpg,False
nm_000000522381,nonuang,ds11,raw_dataset/non_uang/000000522381.jpg,True
nm_000000522403,nonuang,ds11,raw_dataset/non_uang/000000522403.jpg,True
nm_000000522420,nonuang,ds11,raw_dataset/non_uang/000000522420.jpg,True
nm_000000522505,nonuang,ds11,raw_dataset/non_uang/000000522505.jpg,False
nm_000000522515,nonuang,ds11,raw_dataset/non_uang/000000522515.jpg,False
nm_000000522518,nonuang,ds11,raw_dataset/non_uang/000000522518.jpg,True
nm_000000522593,nonuang,ds11,raw_dataset/non_uang/000000522593.jpg,True
nm_000000522648,nonuang,ds11,raw_dataset/non_uang/000000522648.jpg,True
nm_000000522684,nonuang,ds11,raw_dataset/non_uang/000000522684.jpg,True
nm_000000522725,nonuang,ds11,raw_dataset/non_uang/000000522725.jpg,True
nm_000000522733,nonuang,ds11,raw_dataset/non_uang/000000522733.jpg,False
nm_000000522753,nonuang,ds11,raw_dataset/non_uang/000000522753.jpg,True
nm_000000522863,nonuang,ds11,raw_dataset/non_uang/000000522863.jpg,True
nm_000000522986,nonuang,ds11,raw_dataset/non_uang/000000522986.jpg,True
nm_000000523071,nonuang,ds11,raw_dataset/non_uang/000000523071.jpg,False
nm_000000523122,nonuang,ds11,raw_dataset/non_uang/000000523122.jpg,False
nm_000000523131,nonuang,ds11,raw_dataset/non_uang/000000523131.jpg,True
nm_000000523188,nonuang,ds11,raw_dataset/non_uang/000000523188.jpg,True
nm_000000523219,nonuang,ds11,raw_dataset/non_uang/000000523219.jpg,True
nm_000000523227,nonuang,ds11,raw_dataset/non_uang/000000523227.jpg,False
nm_000000523294,nonuang,ds11,raw_dataset/non_uang/000000523294.jpg,True
nm_000000523596,nonuang,ds11,raw_dataset/non_uang/000000523596.jpg,True
nm_000000523652,nonuang,ds11,raw_dataset/non_uang/000000523652.jpg,True
nm_000000523874,nonuang,ds11,raw_dataset/non_uang/000000523874.jpg,True
nm_000000524016,nonuang,ds11,raw_dataset/non_uang/000000524016.jpg,True
nm_000000524116,nonuang,ds11,raw_dataset/non_uang/000000524116.jpg,True
nm_000000524160,nonuang,ds11,raw_dataset/non_uang/000000524160.jpg,True
nm_000000524169,nonuang,ds11,raw_dataset/non_uang/000000524169.jpg,False
nm_000000524185,nonuang,ds11,raw_dataset/non_uang/000000524185.jpg,False
nm_000000524203,nonuang,ds11,raw_dataset/non_uang/000000524203.jpg,False
nm_000000524235,nonuang,ds11,raw_dataset/non_uang/000000524235.jpg,True
nm_000000524349,nonuang,ds11,raw_dataset/non_uang/000000524349.jpg,False
nm_000000524555,nonuang,ds11,raw_dataset/non_uang/000000524555.jpg,True
nm_000000524566,nonuang,ds11,raw_dataset/non_uang/000000524566.jpg,True
nm_000000524588,nonuang,ds11,raw_dataset/non_uang/000000524588.jpg,False
nm_000000524659,nonuang,ds11,raw_dataset/non_uang/000000524659.jpg,False
nm_000000524697,nonuang,ds11,raw_dataset/non_uang/000000524697.jpg,True
nm_000000524856,nonuang,ds11,raw_dataset/non_uang/000000524856.jpg,True
nm_000000524870,nonuang,ds11,raw_dataset/non_uang/000000524870.jpg,False
nm_000000524974,nonuang,ds11,raw_dataset/non_uang/000000524974.jpg,True
nm_000000524978,nonuang,ds11,raw_dataset/non_uang/000000524978.jpg,True
nm_000000524985,nonuang,ds11,raw_dataset/non_uang/000000524985.jpg,False
nm_000000525105,nonuang,ds11,raw_dataset/non_uang/000000525105.jpg,True
nm_000000525122,nonuang,ds11,raw_dataset/non_uang/000000525122.jpg,True
nm_000000525279,nonuang,ds11,raw_dataset/non_uang/000000525279.jpg,True
nm_000000525366,nonuang,ds11,raw_dataset/non_uang/000000525366.jpg,True
nm_000000525571,nonuang,ds11,raw_dataset/non_uang/000000525571.jpg,True
nm_000000525718,nonuang,ds11,raw_dataset/non_uang/000000525718.jpg,True
nm_000000525765,nonuang,ds11,raw_dataset/non_uang/000000525765.jpg,True
nm_000000525769,nonuang,ds11,raw_dataset/non_uang/000000525769.jpg,True
nm_000000525919,nonuang,ds11,raw_dataset/non_uang/000000525919.jpg,False
nm_000000525940,nonuang,ds11,raw_dataset/non_uang/000000525940.jpg,True
nm_000000526002,nonuang,ds11,raw_dataset/non_uang/000000526002.jpg,True
nm_000000526076,nonuang,ds11,raw_dataset/non_uang/000000526076.jpg,True
nm_000000526134,nonuang,ds11,raw_dataset/non_uang/000000526134.jpg,True
nm_000000526215,nonuang,ds11,raw_dataset/non_uang/000000526215.jpg,False
nm_000000526221,nonuang,ds11,raw_dataset/non_uang/000000526221.jpg,True
nm_000000526298,nonuang,ds11,raw_dataset/non_uang/000000526298.jpg,False
nm_000000526327,nonuang,ds11,raw_dataset/non_uang/000000526327.jpg,True
nm_000000526358,nonuang,ds11,raw_dataset/non_uang/000000526358.jpg,True
nm_000000526393,nonuang,ds11,raw_dataset/non_uang/000000526393.jpg,True
nm_000000526429,nonuang,ds11,raw_dataset/non_uang/000000526429.jpg,True
nm_000000526539,nonuang,ds11,raw_dataset/non_uang/000000526539.jpg,True
nm_000000526573,nonuang,ds11,raw_dataset/non_uang/000000526573.jpg,False
nm_000000526629,nonuang,ds11,raw_dataset/non_uang/000000526629.jpg,True
nm_000000526634,nonuang,ds11,raw_dataset/non_uang/000000526634.jpg,True
nm_000000526659,nonuang,ds11,raw_dataset/non_uang/000000526659.jpg,False
nm_000000526699,nonuang,ds11,raw_dataset/non_uang/000000526699.jpg,False
nm_000000526763,nonuang,ds11,raw_dataset/non_uang/000000526763.jpg,True
nm_000000526812,nonuang,ds11,raw_dataset/non_uang/000000526812.jpg,True
nm_000000526823,nonuang,ds11,raw_dataset/non_uang/000000526823.jpg,True
nm_000000526846,nonuang,ds11,raw_dataset/non_uang/000000526846.jpg,False
nm_000000526883,nonuang,ds11,raw_dataset/non_uang/000000526883.jpg,True
nm_000000526938,nonuang,ds11,raw_dataset/non_uang/000000526938.jpg,True
nm_000000527148,nonuang,ds11,raw_dataset/non_uang/000000527148.jpg,False
nm_000000527218,nonuang,ds11,raw_dataset/non_uang/000000527218.jpg,True
nm_000000527230,nonuang,ds11,raw_dataset/non_uang/000000527230.jpg,False
nm_000000527331,nonuang,ds11,raw_dataset/non_uang/000000527331.jpg,True
nm_000000527340,nonuang,ds11,raw_dataset/non_uang/000000527340.jpg,True
nm_000000527346,nonuang,ds11,raw_dataset/non_uang/000000527346.jpg,False
nm_000000527385,nonuang,ds11,raw_dataset/non_uang/000000527385.jpg,True
nm_000000527405,nonuang,ds11,raw_dataset/non_uang/000000527405.jpg,True
nm_000000527798,nonuang,ds11,raw_dataset/non_uang/000000527798.jpg,True
nm_000000527818,nonuang,ds11,raw_dataset/non_uang/000000527818.jpg,False
nm_000000527826,nonuang,ds11,raw_dataset/non_uang/000000527826.jpg,False
nm_000000527849,nonuang,ds11,raw_dataset/non_uang/000000527849.jpg,True
nm_000000528025,nonuang,ds11,raw_dataset/non_uang/000000528025.jpg,False
nm_000000528093,nonuang,ds11,raw_dataset/non_uang/000000528093.jpg,False
nm_000000528163,nonuang,ds11,raw_dataset/non_uang/000000528163.jpg,False
nm_000000528179,nonuang,ds11,raw_dataset/non_uang/000000528179.jpg,False
nm_000000528222,nonuang,ds11,raw_dataset/non_uang/000000528222.jpg,False
nm_000000528234,nonuang,ds11,raw_dataset/non_uang/000000528234.jpg,True
nm_000000528306,nonuang,ds11,raw_dataset/non_uang/000000528306.jpg,False
nm_000000528324,nonuang,ds11,raw_dataset/non_uang/000000528324.jpg,False
nm_000000528376,nonuang,ds11,raw_dataset/non_uang/000000528376.jpg,False
nm_000000528419,nonuang,ds11,raw_dataset/non_uang/000000528419.jpg,False
nm_000000528558,nonuang,ds11,raw_dataset/non_uang/000000528558.jpg,True
nm_000000528559,nonuang,ds11,raw_dataset/non_uang/000000528559.jpg,False
nm_000000528652,nonuang,ds11,raw_dataset/non_uang/000000528652.jpg,True
nm_000000528656,nonuang,ds11,raw_dataset/non_uang/000000528656.jpg,True
nm_000000528763,nonuang,ds11,raw_dataset/non_uang/000000528763.jpg,True
nm_000000528768,nonuang,ds11,raw_dataset/non_uang/000000528768.jpg,False
nm_000000528787,nonuang,ds11,raw_dataset/non_uang/000000528787.jpg,True
nm_000000528823,nonuang,ds11,raw_dataset/non_uang/000000528823.jpg,False
nm_000000528871,nonuang,ds11,raw_dataset/non_uang/000000528871.jpg,False
nm_000000528967,nonuang,ds11,raw_dataset/non_uang/000000528967.jpg,True
nm_000000529005,nonuang,ds11,raw_dataset/non_uang/000000529005.jpg,False
nm_000000529021,nonuang,ds11,raw_dataset/non_uang/000000529021.jpg,False
nm_000000529138,nonuang,ds11,raw_dataset/non_uang/000000529138.jpg,True
nm_000000529180,nonuang,ds11,raw_dataset/non_uang/000000529180.jpg,False
nm_000000529190,nonuang,ds11,raw_dataset/non_uang/000000529190.jpg,True
nm_000000529403,nonuang,ds11,raw_dataset/non_uang/000000529403.jpg,False
nm_000000529440,nonuang,ds11,raw_dataset/non_uang/000000529440.jpg,False
nm_000000529564,nonuang,ds11,raw_dataset/non_uang/000000529564.jpg,True
nm_000000529573,nonuang,ds11,raw_dataset/non_uang/000000529573.jpg,False
nm_000000529579,nonuang,ds11,raw_dataset/non_uang/000000529579.jpg,True
nm_000000529595,nonuang,ds11,raw_dataset/non_uang/000000529595.jpg,True
nm_000000529717,nonuang,ds11,raw_dataset/non_uang/000000529717.jpg,False
nm_000000529768,nonuang,ds11,raw_dataset/non_uang/000000529768.jpg,True
nm_000000529841,nonuang,ds11,raw_dataset/non_uang/000000529841.jpg,True
nm_000000529948,nonuang,ds11,raw_dataset/non_uang/000000529948.jpg,True
nm_000000529971,nonuang,ds11,raw_dataset/non_uang/000000529971.jpg,True
nm_000000529976,nonuang,ds11,raw_dataset/non_uang/000000529976.jpg,False
nm_000000530032,nonuang,ds11,raw_dataset/non_uang/000000530032.jpg,True
nm_000000530169,nonuang,ds11,raw_dataset/non_uang/000000530169.jpg,True
nm_000000530199,nonuang,ds11,raw_dataset/non_uang/000000530199.jpg,False
nm_000000530346,nonuang,ds11,raw_dataset/non_uang/000000530346.jpg,False
nm_000000530395,nonuang,ds11,raw_dataset/non_uang/000000530395.jpg,False
nm_000000530911,nonuang,ds11,raw_dataset/non_uang/000000530911.jpg,False
nm_000000530955,nonuang,ds11,raw_dataset/non_uang/000000530955.jpg,True
nm_000000531028,nonuang,ds11,raw_dataset/non_uang/000000531028.jpg,True
nm_000000531247,nonuang,ds11,raw_dataset/non_uang/000000531247.jpg,True
nm_000000531257,nonuang,ds11,raw_dataset/non_uang/000000531257.jpg,True
nm_000000531294,nonuang,ds11,raw_dataset/non_uang/000000531294.jpg,True
nm_000000531310,nonuang,ds11,raw_dataset/non_uang/000000531310.jpg,True
nm_000000531363,nonuang,ds11,raw_dataset/non_uang/000000531363.jpg,True
nm_000000531530,nonuang,ds11,raw_dataset/non_uang/000000531530.jpg,True
nm_000000531630,nonuang,ds11,raw_dataset/non_uang/000000531630.jpg,False
nm_000000531694,nonuang,ds11,raw_dataset/non_uang/000000531694.jpg,False
nm_000000531940,nonuang,ds11,raw_dataset/non_uang/000000531940.jpg,False
nm_000000532051,nonuang,ds11,raw_dataset/non_uang/000000532051.jpg,False
nm_000000532113,nonuang,ds11,raw_dataset/non_uang/000000532113.jpg,True
nm_000000532114,nonuang,ds11,raw_dataset/non_uang/000000532114.jpg,True
nm_000000532150,nonuang,ds11,raw_dataset/non_uang/000000532150.jpg,True
nm_000000532223,nonuang,ds11,raw_dataset/non_uang/000000532223.jpg,True
nm_000000532255,nonuang,ds11,raw_dataset/non_uang/000000532255.jpg,False
nm_000000532258,nonuang,ds11,raw_dataset/non_uang/000000532258.jpg,True
nm_000000532334,nonuang,ds11,raw_dataset/non_uang/000000532334.jpg,True
nm_000000532418,nonuang,ds11,raw_dataset/non_uang/000000532418.jpg,True
nm_000000532551,nonuang,ds11,raw_dataset/non_uang/000000532551.jpg,True
nm_000000532602,nonuang,ds11,raw_dataset/non_uang/000000532602.jpg,True
nm_000000532648,nonuang,ds11,raw_dataset/non_uang/000000532648.jpg,False
nm_000000532794,nonuang,ds11,raw_dataset/non_uang/000000532794.jpg,True
nm_000000532870,nonuang,ds11,raw_dataset/non_uang/000000532870.jpg,True
nm_000000532939,nonuang,ds11,raw_dataset/non_uang/000000532939.jpg,True
nm_000000532951,nonuang,ds11,raw_dataset/non_uang/000000532951.jpg,True
nm_000000532992,nonuang,ds11,raw_dataset/non_uang/000000532992.jpg,False
nm_000000533306,nonuang,ds11,raw_dataset/non_uang/000000533306.jpg,False
nm_000000533352,nonuang,ds11,raw_dataset/non_uang/000000533352.jpg,False
nm_000000533366,nonuang,ds11,raw_dataset/non_uang/000000533366.jpg,False
nm_000000533390,nonuang,ds11,raw_dataset/non_uang/000000533390.jpg,True
nm_000000533572,nonuang,ds11,raw_dataset/non_uang/000000533572.jpg,True
nm_000000533580,nonuang,ds11,raw_dataset/non_uang/000000533580.jpg,False
nm_000000533594,nonuang,ds11,raw_dataset/non_uang/000000533594.jpg,False
nm_000000533626,nonuang,ds11,raw_dataset/non_uang/000000533626.jpg,True
nm_000000533642,nonuang,ds11,raw_dataset/non_uang/000000533642.jpg,True
nm_000000533708,nonuang,ds11,raw_dataset/non_uang/000000533708.jpg,False
nm_000000533818,nonuang,ds11,raw_dataset/non_uang/000000533818.jpg,False
nm_000000533893,nonuang,ds11,raw_dataset/non_uang/000000533893.jpg,True
nm_000000533984,nonuang,ds11,raw_dataset/non_uang/000000533984.jpg,True
nm_000000534059,nonuang,ds11,raw_dataset/non_uang/000000534059.jpg,True
nm_000000534221,nonuang,ds11,raw_dataset/non_uang/000000534221.jpg,True
nm_000000534280,nonuang,ds11,raw_dataset/non_uang/000000534280.jpg,False
nm_000000534433,nonuang,ds11,raw_dataset/non_uang/000000534433.jpg,True
nm_000000534560,nonuang,ds11,raw_dataset/non_uang/000000534560.jpg,True
nm_000000534563,nonuang,ds11,raw_dataset/non_uang/000000534563.jpg,True
nm_000000534745,nonuang,ds11,raw_dataset/non_uang/000000534745.jpg,True
nm_000000534755,nonuang,ds11,raw_dataset/non_uang/000000534755.jpg,False
nm_000000534921,nonuang,ds11,raw_dataset/non_uang/000000534921.jpg,True
nm_000000534936,nonuang,ds11,raw_dataset/non_uang/000000534936.jpg,True
nm_000000535018,nonuang,ds11,raw_dataset/non_uang/000000535018.jpg,True
nm_000000535068,nonuang,ds11,raw_dataset/non_uang/000000535068.jpg,True
nm_000000535105,nonuang,ds11,raw_dataset/non_uang/000000535105.jpg,True
nm_000000535149,nonuang,ds11,raw_dataset/non_uang/000000535149.jpg,False
nm_000000535319,nonuang,ds11,raw_dataset/non_uang/000000535319.jpg,True
nm_000000535421,nonuang,ds11,raw_dataset/non_uang/000000535421.jpg,True
nm_000000535518,nonuang,ds11,raw_dataset/non_uang/000000535518.jpg,False
nm_000000535610,nonuang,ds11,raw_dataset/non_uang/000000535610.jpg,True
nm_000000535616,nonuang,ds11,raw_dataset/non_uang/000000535616.jpg,True
nm_000000535747,nonuang,ds11,raw_dataset/non_uang/000000535747.jpg,True
nm_000000535761,nonuang,ds11,raw_dataset/non_uang/000000535761.jpg,True
nm_000000535773,nonuang,ds11,raw_dataset/non_uang/000000535773.jpg,True
nm_000000535846,nonuang,ds11,raw_dataset/non_uang/000000535846.jpg,True
nm_000000535848,nonuang,ds11,raw_dataset/non_uang/000000535848.jpg,False
nm_000000535894,nonuang,ds11,raw_dataset/non_uang/000000535894.jpg,True
nm_000000536082,nonuang,ds11,raw_dataset/non_uang/000000536082.jpg,True
nm_000000536099,nonuang,ds11,raw_dataset/non_uang/000000536099.jpg,False
nm_000000536116,nonuang,ds11,raw_dataset/non_uang/000000536116.jpg,True
nm_000000536139,nonuang,ds11,raw_dataset/non_uang/000000536139.jpg,False
nm_000000536176,nonuang,ds11,raw_dataset/non_uang/000000536176.jpg,True
nm_000000536208,nonuang,ds11,raw_dataset/non_uang/000000536208.jpg,False
nm_000000536296,nonuang,ds11,raw_dataset/non_uang/000000536296.jpg,True
nm_000000536305,nonuang,ds11,raw_dataset/non_uang/000000536305.jpg,True
nm_000000536388,nonuang,ds11,raw_dataset/non_uang/000000536388.jpg,True
nm_000000536527,nonuang,ds11,raw_dataset/non_uang/000000536527.jpg,True
nm_000000536666,nonuang,ds11,raw_dataset/non_uang/000000536666.jpg,True
nm_000000536690,nonuang,ds11,raw_dataset/non_uang/000000536690.jpg,True
nm_000000536844,nonuang,ds11,raw_dataset/non_uang/000000536844.jpg,True
nm_000000536919,nonuang,ds11,raw_dataset/non_uang/000000536919.jpg,True
nm_000000537034,nonuang,ds11,raw_dataset/non_uang/000000537034.jpg,False
nm_000000537036,nonuang,ds11,raw_dataset/non_uang/000000537036.jpg,True
nm_000000537214,nonuang,ds11,raw_dataset/non_uang/000000537214.jpg,True
nm_000000537317,nonuang,ds11,raw_dataset/non_uang/000000537317.jpg,True
nm_000000537380,nonuang,ds11,raw_dataset/non_uang/000000537380.jpg,True
nm_000000537462,nonuang,ds11,raw_dataset/non_uang/000000537462.jpg,False
nm_000000537471,nonuang,ds11,raw_dataset/non_uang/000000537471.jpg,True
nm_000000537590,nonuang,ds11,raw_dataset/non_uang/000000537590.jpg,False
nm_000000537601,nonuang,ds11,raw_dataset/non_uang/000000537601.jpg,True
nm_000000537800,nonuang,ds11,raw_dataset/non_uang/000000537800.jpg,False
nm_000000537883,nonuang,ds11,raw_dataset/non_uang/000000537883.jpg,False
nm_000000537994,nonuang,ds11,raw_dataset/non_uang/000000537994.jpg,True
nm_000000538076,nonuang,ds11,raw_dataset/non_uang/000000538076.jpg,True
nm_000000538139,nonuang,ds11,raw_dataset/non_uang/000000538139.jpg,True
nm_000000538189,nonuang,ds11,raw_dataset/non_uang/000000538189.jpg,False
nm_000000538224,nonuang,ds11,raw_dataset/non_uang/000000538224.jpg,True
nm_000000538450,nonuang,ds11,raw_dataset/non_uang/000000538450.jpg,False
nm_000000538584,nonuang,ds11,raw_dataset/non_uang/000000538584.jpg,False
nm_000000538622,nonuang,ds11,raw_dataset/non_uang/000000538622.jpg,False
nm_000000538648,nonuang,ds11,raw_dataset/non_uang/000000538648.jpg,False
nm_000000538684,nonuang,ds11,raw_dataset/non_uang/000000538684.jpg,True
nm_000000538825,nonuang,ds11,raw_dataset/non_uang/000000538825.jpg,True
nm_000000538834,nonuang,ds11,raw_dataset/non_uang/000000538834.jpg,False
nm_000000538866,nonuang,ds11,raw_dataset/non_uang/000000538866.jpg,False
nm_000000538906,nonuang,ds11,raw_dataset/non_uang/000000538906.jpg,True
nm_000000538935,nonuang,ds11,raw_dataset/non_uang/000000538935.jpg,True
nm_000000538953,nonuang,ds11,raw_dataset/non_uang/000000538953.jpg,True
nm_000000538988,nonuang,ds11,raw_dataset/non_uang/000000538988.jpg,True
nm_000000538998,nonuang,ds11,raw_dataset/non_uang/000000538998.jpg,True
nm_000000539050,nonuang,ds11,raw_dataset/non_uang/000000539050.jpg,True
nm_000000539094,nonuang,ds11,raw_dataset/non_uang/000000539094.jpg,True
nm_000000539203,nonuang,ds11,raw_dataset/non_uang/000000539203.jpg,True
nm_000000539232,nonuang,ds11,raw_dataset/non_uang/000000539232.jpg,True
nm_000000539281,nonuang,ds11,raw_dataset/non_uang/000000539281.jpg,False
nm_000000539325,nonuang,ds11,raw_dataset/non_uang/000000539325.jpg,True
nm_000000539382,nonuang,ds11,raw_dataset/non_uang/000000539382.jpg,False
nm_000000539469,nonuang,ds11,raw_dataset/non_uang/000000539469.jpg,True
nm_000000539549,nonuang,ds11,raw_dataset/non_uang/000000539549.jpg,False
nm_000000539585,nonuang,ds11,raw_dataset/non_uang/000000539585.jpg,True
nm_000000539587,nonuang,ds11,raw_dataset/non_uang/000000539587.jpg,True
nm_000000539625,nonuang,ds11,raw_dataset/non_uang/000000539625.jpg,True
nm_000000539646,nonuang,ds11,raw_dataset/non_uang/000000539646.jpg,True
nm_000000539661,nonuang,ds11,raw_dataset/non_uang/000000539661.jpg,True
nm_000000539889,nonuang,ds11,raw_dataset/non_uang/000000539889.jpg,True
nm_000000539907,nonuang,ds11,raw_dataset/non_uang/000000539907.jpg,False
nm_000000539931,nonuang,ds11,raw_dataset/non_uang/000000539931.jpg,False
nm_000000540034,nonuang,ds11,raw_dataset/non_uang/000000540034.jpg,True
nm_000000540058,nonuang,ds11,raw_dataset/non_uang/000000540058.jpg,True
nm_000000540105,nonuang,ds11,raw_dataset/non_uang/000000540105.jpg,True
nm_000000540151,nonuang,ds11,raw_dataset/non_uang/000000540151.jpg,True
nm_000000540163,nonuang,ds11,raw_dataset/non_uang/000000540163.jpg,False
nm_000000540318,nonuang,ds11,raw_dataset/non_uang/000000540318.jpg,False
nm_000000540399,nonuang,ds11,raw_dataset/non_uang/000000540399.jpg,True
nm_000000540417,nonuang,ds11,raw_dataset/non_uang/000000540417.jpg,False
nm_000000540443,nonuang,ds11,raw_dataset/non_uang/000000540443.jpg,False
nm_000000540676,nonuang,ds11,raw_dataset/non_uang/000000540676.jpg,True
nm_000000540713,nonuang,ds11,raw_dataset/non_uang/000000540713.jpg,True
nm_000000540745,nonuang,ds11,raw_dataset/non_uang/000000540745.jpg,True
nm_000000540897,nonuang,ds11,raw_dataset/non_uang/000000540897.jpg,False
nm_000000540908,nonuang,ds11,raw_dataset/non_uang/000000540908.jpg,True
nm_000000540944,nonuang,ds11,raw_dataset/non_uang/000000540944.jpg,True
nm_000000541056,nonuang,ds11,raw_dataset/non_uang/000000541056.jpg,False
nm_000000541064,nonuang,ds11,raw_dataset/non_uang/000000541064.jpg,True
nm_000000541261,nonuang,ds11,raw_dataset/non_uang/000000541261.jpg,True
nm_000000541331,nonuang,ds11,raw_dataset/non_uang/000000541331.jpg,True
nm_000000541344,nonuang,ds11,raw_dataset/non_uang/000000541344.jpg,False
nm_000000541389,nonuang,ds11,raw_dataset/non_uang/000000541389.jpg,True
nm_000000541549,nonuang,ds11,raw_dataset/non_uang/000000541549.jpg,True
nm_000000541582,nonuang,ds11,raw_dataset/non_uang/000000541582.jpg,True
nm_000000541624,nonuang,ds11,raw_dataset/non_uang/000000541624.jpg,True
nm_000000541646,nonuang,ds11,raw_dataset/non_uang/000000541646.jpg,True
nm_000000541659,nonuang,ds11,raw_dataset/non_uang/000000541659.jpg,False
nm_000000541722,nonuang,ds11,raw_dataset/non_uang/000000541722.jpg,False
nm_000000541795,nonuang,ds11,raw_dataset/non_uang/000000541795.jpg,False
nm_000000541852,nonuang,ds11,raw_dataset/non_uang/000000541852.jpg,True
nm_000000541885,nonuang,ds11,raw_dataset/non_uang/000000541885.jpg,True
nm_000000541937,nonuang,ds11,raw_dataset/non_uang/000000541937.jpg,False
nm_000000541971,nonuang,ds11,raw_dataset/non_uang/000000541971.jpg,True
nm_000000542030,nonuang,ds11,raw_dataset/non_uang/000000542030.jpg,True
nm_000000542085,nonuang,ds11,raw_dataset/non_uang/000000542085.jpg,False
nm_000000542120,nonuang,ds11,raw_dataset/non_uang/000000542120.jpg,True
nm_000000542204,nonuang,ds11,raw_dataset/non_uang/000000542204.jpg,True
nm_000000542209,nonuang,ds11,raw_dataset/non_uang/000000542209.jpg,False
nm_000000542370,nonuang,ds11,raw_dataset/non_uang/000000542370.jpg,True
nm_000000542635,nonuang,ds11,raw_dataset/non_uang/000000542635.jpg,True
nm_000000542648,nonuang,ds11,raw_dataset/non_uang/000000542648.jpg,True
nm_000000542686,nonuang,ds11,raw_dataset/non_uang/000000542686.jpg,False
nm_000000543023,nonuang,ds11,raw_dataset/non_uang/000000543023.jpg,False
nm_000000543070,nonuang,ds11,raw_dataset/non_uang/000000543070.jpg,False
nm_000000543072,nonuang,ds11,raw_dataset/non_uang/000000543072.jpg,True
nm_000000543107,nonuang,ds11,raw_dataset/non_uang/000000543107.jpg,True
nm_000000543187,nonuang,ds11,raw_dataset/non_uang/000000543187.jpg,True
nm_000000543191,nonuang,ds11,raw_dataset/non_uang/000000543191.jpg,True
nm_000000543247,nonuang,ds11,raw_dataset/non_uang/000000543247.jpg,False
nm_000000543342,nonuang,ds11,raw_dataset/non_uang/000000543342.jpg,True
nm_000000543370,nonuang,ds11,raw_dataset/non_uang/000000543370.jpg,False
nm_000000543414,nonuang,ds11,raw_dataset/non_uang/000000543414.jpg,False
nm_000000543540,nonuang,ds11,raw_dataset/non_uang/000000543540.jpg,True
nm_000000543627,nonuang,ds11,raw_dataset/non_uang/000000543627.jpg,True
nm_000000543636,nonuang,ds11,raw_dataset/non_uang/000000543636.jpg,True
nm_000000543643,nonuang,ds11,raw_dataset/non_uang/000000543643.jpg,True
nm_000000543937,nonuang,ds11,raw_dataset/non_uang/000000543937.jpg,False
nm_000000544011,nonuang,ds11,raw_dataset/non_uang/000000544011.jpg,True
nm_000000544251,nonuang,ds11,raw_dataset/non_uang/000000544251.jpg,False
nm_000000544268,nonuang,ds11,raw_dataset/non_uang/000000544268.jpg,True
nm_000000544357,nonuang,ds11,raw_dataset/non_uang/000000544357.jpg,True
nm_000000544447,nonuang,ds11,raw_dataset/non_uang/000000544447.jpg,False
nm_000000544450,nonuang,ds11,raw_dataset/non_uang/000000544450.jpg,False
nm_000000544454,nonuang,ds11,raw_dataset/non_uang/000000544454.jpg,True
nm_000000544482,nonuang,ds11,raw_dataset/non_uang/000000544482.jpg,True
nm_000000544509,nonuang,ds11,raw_dataset/non_uang/000000544509.jpg,True
nm_000000544572,nonuang,ds11,raw_dataset/non_uang/000000544572.jpg,True
nm_000000544602,nonuang,ds11,raw_dataset/non_uang/000000544602.jpg,True
nm_000000544630,nonuang,ds11,raw_dataset/non_uang/000000544630.jpg,True
nm_000000544651,nonuang,ds11,raw_dataset/non_uang/000000544651.jpg,False
nm_000000544756,nonuang,ds11,raw_dataset/non_uang/000000544756.jpg,False
nm_000000544775,nonuang,ds11,raw_dataset/non_uang/000000544775.jpg,True
nm_000000544803,nonuang,ds11,raw_dataset/non_uang/000000544803.jpg,False
nm_000000544818,nonuang,ds11,raw_dataset/non_uang/000000544818.jpg,False
nm_000000544839,nonuang,ds11,raw_dataset/non_uang/000000544839.jpg,True
nm_000000544885,nonuang,ds11,raw_dataset/non_uang/000000544885.jpg,True
nm_000000544935,nonuang,ds11,raw_dataset/non_uang/000000544935.jpg,False
nm_000000544938,nonuang,ds11,raw_dataset/non_uang/000000544938.jpg,True
nm_000000545023,nonuang,ds11,raw_dataset/non_uang/000000545023.jpg,True
nm_000000545026,nonuang,ds11,raw_dataset/non_uang/000000545026.jpg,False
nm_000000545038,nonuang,ds11,raw_dataset/non_uang/000000545038.jpg,False
nm_000000545067,nonuang,ds11,raw_dataset/non_uang/000000545067.jpg,True
nm_000000545105,nonuang,ds11,raw_dataset/non_uang/000000545105.jpg,False
nm_000000545218,nonuang,ds11,raw_dataset/non_uang/000000545218.jpg,False
nm_000000545222,nonuang,ds11,raw_dataset/non_uang/000000545222.jpg,False
nm_000000545321,nonuang,ds11,raw_dataset/non_uang/000000545321.jpg,True
nm_000000545451,nonuang,ds11,raw_dataset/non_uang/000000545451.jpg,True
nm_000000545516,nonuang,ds11,raw_dataset/non_uang/000000545516.jpg,True
nm_000000545614,nonuang,ds11,raw_dataset/non_uang/000000545614.jpg,True
nm_000000545617,nonuang,ds11,raw_dataset/non_uang/000000545617.jpg,False
nm_000000545643,nonuang,ds11,raw_dataset/non_uang/000000545643.jpg,True
nm_000000545728,nonuang,ds11,raw_dataset/non_uang/000000545728.jpg,True
nm_000000545746,nonuang,ds11,raw_dataset/non_uang/000000545746.jpg,True
nm_000000545774,nonuang,ds11,raw_dataset/non_uang/000000545774.jpg,True
nm_000000545855,nonuang,ds11,raw_dataset/non_uang/000000545855.jpg,True
nm_000000545886,nonuang,ds11,raw_dataset/non_uang/000000545886.jpg,True
nm_000000546024,nonuang,ds11,raw_dataset/non_uang/000000546024.jpg,True
nm_000000546032,nonuang,ds11,raw_dataset/non_uang/000000546032.jpg,True
nm_000000546033,nonuang,ds11,raw_dataset/non_uang/000000546033.jpg,True
nm_000000546051,nonuang,ds11,raw_dataset/non_uang/000000546051.jpg,True
nm_000000546069,nonuang,ds11,raw_dataset/non_uang/000000546069.jpg,True
nm_000000546087,nonuang,ds11,raw_dataset/non_uang/000000546087.jpg,True
nm_000000546116,nonuang,ds11,raw_dataset/non_uang/000000546116.jpg,True
nm_000000546122,nonuang,ds11,raw_dataset/non_uang/000000546122.jpg,True
nm_000000546141,nonuang,ds11,raw_dataset/non_uang/000000546141.jpg,True
nm_000000546225,nonuang,ds11,raw_dataset/non_uang/000000546225.jpg,False
nm_000000546252,nonuang,ds11,raw_dataset/non_uang/000000546252.jpg,True
nm_000000546288,nonuang,ds11,raw_dataset/non_uang/000000546288.jpg,True
nm_000000546453,nonuang,ds11,raw_dataset/non_uang/000000546453.jpg,True
nm_000000546601,nonuang,ds11,raw_dataset/non_uang/000000546601.jpg,True
nm_000000546616,nonuang,ds11,raw_dataset/non_uang/000000546616.jpg,True
nm_000000546733,nonuang,ds11,raw_dataset/non_uang/000000546733.jpg,False
nm_000000546750,nonuang,ds11,raw_dataset/non_uang/000000546750.jpg,True
nm_000000546764,nonuang,ds11,raw_dataset/non_uang/000000546764.jpg,True
nm_000000546837,nonuang,ds11,raw_dataset/non_uang/000000546837.jpg,True
nm_000000546852,nonuang,ds11,raw_dataset/non_uang/000000546852.jpg,True
nm_000000546872,nonuang,ds11,raw_dataset/non_uang/000000546872.jpg,False
nm_000000547045,nonuang,ds11,raw_dataset/non_uang/000000547045.jpg,False
nm_000000547060,nonuang,ds11,raw_dataset/non_uang/000000547060.jpg,False
nm_000000547073,nonuang,ds11,raw_dataset/non_uang/000000547073.jpg,False
nm_000000547235,nonuang,ds11,raw_dataset/non_uang/000000547235.jpg,False
nm_000000547278,nonuang,ds11,raw_dataset/non_uang/000000547278.jpg,True
nm_000000547306,nonuang,ds11,raw_dataset/non_uang/000000547306.jpg,True
nm_000000547340,nonuang,ds11,raw_dataset/non_uang/000000547340.jpg,True
nm_000000547463,nonuang,ds11,raw_dataset/non_uang/000000547463.jpg,False
nm_000000547466,nonuang,ds11,raw_dataset/non_uang/000000547466.jpg,False
nm_000000547600,nonuang,ds11,raw_dataset/non_uang/000000547600.jpg,True
nm_000000547758,nonuang,ds11,raw_dataset/non_uang/000000547758.jpg,True
nm_000000547967,nonuang,ds11,raw_dataset/non_uang/000000547967.jpg,True
nm_000000548016,nonuang,ds11,raw_dataset/non_uang/000000548016.jpg,False
nm_000000548050,nonuang,ds11,raw_dataset/non_uang/000000548050.jpg,True
nm_000000548128,nonuang,ds11,raw_dataset/non_uang/000000548128.jpg,True
nm_000000548132,nonuang,ds11,raw_dataset/non_uang/000000548132.jpg,True
nm_000000548196,nonuang,ds11,raw_dataset/non_uang/000000548196.jpg,False
nm_000000548290,nonuang,ds11,raw_dataset/non_uang/000000548290.jpg,True
nm_000000548601,nonuang,ds11,raw_dataset/non_uang/000000548601.jpg,True
nm_000000548626,nonuang,ds11,raw_dataset/non_uang/000000548626.jpg,True
nm_000000548642,nonuang,ds11,raw_dataset/non_uang/000000548642.jpg,True
nm_000000548880,nonuang,ds11,raw_dataset/non_uang/000000548880.jpg,True
nm_000000548997,nonuang,ds11,raw_dataset/non_uang/000000548997.jpg,True
nm_000000549060,nonuang,ds11,raw_dataset/non_uang/000000549060.jpg,False
nm_000000549091,nonuang,ds11,raw_dataset/non_uang/000000549091.jpg,False
nm_000000549108,nonuang,ds11,raw_dataset/non_uang/000000549108.jpg,False
nm_000000549321,nonuang,ds11,raw_dataset/non_uang/000000549321.jpg,False
nm_000000549392,nonuang,ds11,raw_dataset/non_uang/000000549392.jpg,True
nm_000000549483,nonuang,ds11,raw_dataset/non_uang/000000549483.jpg,True
nm_000000549487,nonuang,ds11,raw_dataset/non_uang/000000549487.jpg,False
nm_000000549516,nonuang,ds11,raw_dataset/non_uang/000000549516.jpg,True
nm_000000549647,nonuang,ds11,raw_dataset/non_uang/000000549647.jpg,True
nm_000000549673,nonuang,ds11,raw_dataset/non_uang/000000549673.jpg,True
nm_000000549806,nonuang,ds11,raw_dataset/non_uang/000000549806.jpg,True
nm_000000549809,nonuang,ds11,raw_dataset/non_uang/000000549809.jpg,True
nm_000000549892,nonuang,ds11,raw_dataset/non_uang/000000549892.jpg,True
nm_000000549950,nonuang,ds11,raw_dataset/non_uang/000000549950.jpg,False
nm_000000549955,nonuang,ds11,raw_dataset/non_uang/000000549955.jpg,False
nm_000000550006,nonuang,ds11,raw_dataset/non_uang/000000550006.jpg,False
nm_000000550031,nonuang,ds11,raw_dataset/non_uang/000000550031.jpg,True
nm_000000550081,nonuang,ds11,raw_dataset/non_uang/000000550081.jpg,True
nm_000000550121,nonuang,ds11,raw_dataset/non_uang/000000550121.jpg,True
nm_000000550161,nonuang,ds11,raw_dataset/non_uang/000000550161.jpg,True
nm_000000550185,nonuang,ds11,raw_dataset/non_uang/000000550185.jpg,False
nm_000000550205,nonuang,ds11,raw_dataset/non_uang/000000550205.jpg,True
nm_000000550344,nonuang,ds11,raw_dataset/non_uang/000000550344.jpg,True
nm_000000550406,nonuang,ds11,raw_dataset/non_uang/000000550406.jpg,False
nm_000000550688,nonuang,ds11,raw_dataset/non_uang/000000550688.jpg,True
nm_000000550859,nonuang,ds11,raw_dataset/non_uang/000000550859.jpg,True
nm_000000550908,nonuang,ds11,raw_dataset/non_uang/000000550908.jpg,True
nm_000000551119,nonuang,ds11,raw_dataset/non_uang/000000551119.jpg,True
nm_000000551269,nonuang,ds11,raw_dataset/non_uang/000000551269.jpg,True
nm_000000551290,nonuang,ds11,raw_dataset/non_uang/000000551290.jpg,True
nm_000000551368,nonuang,ds11,raw_dataset/non_uang/000000551368.jpg,True
nm_000000551415,nonuang,ds11,raw_dataset/non_uang/000000551415.jpg,False
nm_000000551460,nonuang,ds11,raw_dataset/non_uang/000000551460.jpg,False
nm_000000551471,nonuang,ds11,raw_dataset/non_uang/000000551471.jpg,True
nm_000000551504,nonuang,ds11,raw_dataset/non_uang/000000551504.jpg,False
nm_000000551508,nonuang,ds11,raw_dataset/non_uang/000000551508.jpg,True
nm_000000551539,nonuang,ds11,raw_dataset/non_uang/000000551539.jpg,True
nm_000000551548,nonuang,ds11,raw_dataset/non_uang/000000551548.jpg,True
nm_000000551616,nonuang,ds11,raw_dataset/non_uang/000000551616.jpg,False
nm_000000551644,nonuang,ds11,raw_dataset/non_uang/000000551644.jpg,False
nm_000000551683,nonuang,ds11,raw_dataset/non_uang/000000551683.jpg,True
nm_000000551688,nonuang,ds11,raw_dataset/non_uang/000000551688.jpg,False
nm_000000551704,nonuang,ds11,raw_dataset/non_uang/000000551704.jpg,False
nm_000000551774,nonuang,ds11,raw_dataset/non_uang/000000551774.jpg,True
nm_000000551885,nonuang,ds11,raw_dataset/non_uang/000000551885.jpg,True
nm_000000552104,nonuang,ds11,raw_dataset/non_uang/000000552104.jpg,True
nm_000000552323,nonuang,ds11,raw_dataset/non_uang/000000552323.jpg,False
nm_000000552457,nonuang,ds11,raw_dataset/non_uang/000000552457.jpg,True
nm_000000552469,nonuang,ds11,raw_dataset/non_uang/000000552469.jpg,True
nm_000000552514,nonuang,ds11,raw_dataset/non_uang/000000552514.jpg,False
nm_000000552519,nonuang,ds11,raw_dataset/non_uang/000000552519.jpg,False
nm_000000552546,nonuang,ds11,raw_dataset/non_uang/000000552546.jpg,False
nm_000000552645,nonuang,ds11,raw_dataset/non_uang/000000552645.jpg,True
nm_000000552663,nonuang,ds11,raw_dataset/non_uang/000000552663.jpg,True
nm_000000552666,nonuang,ds11,raw_dataset/non_uang/000000552666.jpg,True
nm_000000552718,nonuang,ds11,raw_dataset/non_uang/000000552718.jpg,True
nm_000000552767,nonuang,ds11,raw_dataset/non_uang/000000552767.jpg,True
nm_000000552797,nonuang,ds11,raw_dataset/non_uang/000000552797.jpg,True
nm_000000552893,nonuang,ds11,raw_dataset/non_uang/000000552893.jpg,True
nm_000000552955,nonuang,ds11,raw_dataset/non_uang/000000552955.jpg,True
nm_000000553010,nonuang,ds11,raw_dataset/non_uang/000000553010.jpg,True
nm_000000553084,nonuang,ds11,raw_dataset/non_uang/000000553084.jpg,False
nm_000000553088,nonuang,ds11,raw_dataset/non_uang/000000553088.jpg,True
nm_000000553096,nonuang,ds11,raw_dataset/non_uang/000000553096.jpg,True
nm_000000553099,nonuang,ds11,raw_dataset/non_uang/000000553099.jpg,True
nm_000000553178,nonuang,ds11,raw_dataset/non_uang/000000553178.jpg,False
nm_000000553193,nonuang,ds11,raw_dataset/non_uang/000000553193.jpg,True
nm_000000553213,nonuang,ds11,raw_dataset/non_uang/000000553213.jpg,True
nm_000000553234,nonuang,ds11,raw_dataset/non_uang/000000553234.jpg,True
nm_000000553272,nonuang,ds11,raw_dataset/non_uang/000000553272.jpg,False
nm_000000553282,nonuang,ds11,raw_dataset/non_uang/000000553282.jpg,True
nm_000000553348,nonuang,ds11,raw_dataset/non_uang/000000553348.jpg,False
nm_000000553500,nonuang,ds11,raw_dataset/non_uang/000000553500.jpg,False
nm_000000553536,nonuang,ds11,raw_dataset/non_uang/000000553536.jpg,True
nm_000000553565,nonuang,ds11,raw_dataset/non_uang/000000553565.jpg,True
nm_000000553601,nonuang,ds11,raw_dataset/non_uang/000000553601.jpg,True
nm_000000553739,nonuang,ds11,raw_dataset/non_uang/000000553739.jpg,True
nm_000000553749,nonuang,ds11,raw_dataset/non_uang/000000553749.jpg,True
nm_000000553844,nonuang,ds11,raw_dataset/non_uang/000000553844.jpg,True
nm_000000553999,nonuang,ds11,raw_dataset/non_uang/000000553999.jpg,True
nm_000000554026,nonuang,ds11,raw_dataset/non_uang/000000554026.jpg,True
nm_000000554030,nonuang,ds11,raw_dataset/non_uang/000000554030.jpg,True
nm_000000554056,nonuang,ds11,raw_dataset/non_uang/000000554056.jpg,True
nm_000000554078,nonuang,ds11,raw_dataset/non_uang/000000554078.jpg,True
nm_000000554108,nonuang,ds11,raw_dataset/non_uang/000000554108.jpg,False
nm_000000554148,nonuang,ds11,raw_dataset/non_uang/000000554148.jpg,True
nm_000000554214,nonuang,ds11,raw_dataset/non_uang/000000554214.jpg,True
nm_000000554294,nonuang,ds11,raw_dataset/non_uang/000000554294.jpg,False
nm_000000554389,nonuang,ds11,raw_dataset/non_uang/000000554389.jpg,False
nm_000000554475,nonuang,ds11,raw_dataset/non_uang/000000554475.jpg,True
nm_000000554492,nonuang,ds11,raw_dataset/non_uang/000000554492.jpg,True
nm_000000554612,nonuang,ds11,raw_dataset/non_uang/000000554612.jpg,False
nm_000000554692,nonuang,ds11,raw_dataset/non_uang/000000554692.jpg,False
nm_000000554829,nonuang,ds11,raw_dataset/non_uang/000000554829.jpg,True
nm_000000554847,nonuang,ds11,raw_dataset/non_uang/000000554847.jpg,False
nm_000000554941,nonuang,ds11,raw_dataset/non_uang/000000554941.jpg,True
nm_000000555142,nonuang,ds11,raw_dataset/non_uang/000000555142.jpg,True
nm_000000555169,nonuang,ds11,raw_dataset/non_uang/000000555169.jpg,True
nm_000000555287,nonuang,ds11,raw_dataset/non_uang/000000555287.jpg,True
nm_000000555488,nonuang,ds11,raw_dataset/non_uang/000000555488.jpg,True
nm_000000555670,nonuang,ds11,raw_dataset/non_uang/000000555670.jpg,True
nm_000000555783,nonuang,ds11,raw_dataset/non_uang/000000555783.jpg,False
nm_000000555806,nonuang,ds11,raw_dataset/non_uang/000000555806.jpg,True
nm_000000555841,nonuang,ds11,raw_dataset/non_uang/000000555841.jpg,True
nm_000000556090,nonuang,ds11,raw_dataset/non_uang/000000556090.jpg,False
nm_000000556179,nonuang,ds11,raw_dataset/non_uang/000000556179.jpg,True
nm_000000556182,nonuang,ds11,raw_dataset/non_uang/000000556182.jpg,True
nm_000000556347,nonuang,ds11,raw_dataset/non_uang/000000556347.jpg,True
nm_000000556354,nonuang,ds11,raw_dataset/non_uang/000000556354.jpg,False
nm_000000556390,nonuang,ds11,raw_dataset/non_uang/000000556390.jpg,False
nm_000000556403,nonuang,ds11,raw_dataset/non_uang/000000556403.jpg,True
nm_000000556446,nonuang,ds11,raw_dataset/non_uang/000000556446.jpg,False
nm_000000556509,nonuang,ds11,raw_dataset/non_uang/000000556509.jpg,True
nm_000000556759,nonuang,ds11,raw_dataset/non_uang/000000556759.jpg,False
nm_000000556947,nonuang,ds11,raw_dataset/non_uang/000000556947.jpg,True
nm_000000556981,nonuang,ds11,raw_dataset/non_uang/000000556981.jpg,False
nm_000000557017,nonuang,ds11,raw_dataset/non_uang/000000557017.jpg,False
nm_000000557049,nonuang,ds11,raw_dataset/non_uang/000000557049.jpg,False
nm_000000557189,nonuang,ds11,raw_dataset/non_uang/000000557189.jpg,False
nm_000000557322,nonuang,ds11,raw_dataset/non_uang/000000557322.jpg,True
nm_000000557331,nonuang,ds11,raw_dataset/non_uang/000000557331.jpg,False
nm_000000557340,nonuang,ds11,raw_dataset/non_uang/000000557340.jpg,True
nm_000000557456,nonuang,ds11,raw_dataset/non_uang/000000557456.jpg,True
nm_000000557489,nonuang,ds11,raw_dataset/non_uang/000000557489.jpg,True
nm_000000557532,nonuang,ds11,raw_dataset/non_uang/000000557532.jpg,True
nm_000000557580,nonuang,ds11,raw_dataset/non_uang/000000557580.jpg,False
nm_000000557592,nonuang,ds11,raw_dataset/non_uang/000000557592.jpg,False
nm_000000557661,nonuang,ds11,raw_dataset/non_uang/000000557661.jpg,True
nm_000000557665,nonuang,ds11,raw_dataset/non_uang/000000557665.jpg,False
nm_000000557670,nonuang,ds11,raw_dataset/non_uang/000000557670.jpg,False
nm_000000557702,nonuang,ds11,raw_dataset/non_uang/000000557702.jpg,True
nm_000000557748,nonuang,ds11,raw_dataset/non_uang/000000557748.jpg,True
nm_000000557770,nonuang,ds11,raw_dataset/non_uang/000000557770.jpg,False
nm_000000557817,nonuang,ds11,raw_dataset/non_uang/000000557817.jpg,False
nm_000000557937,nonuang,ds11,raw_dataset/non_uang/000000557937.jpg,True
nm_000000558003,nonuang,ds11,raw_dataset/non_uang/000000558003.jpg,True
nm_000000558004,nonuang,ds11,raw_dataset/non_uang/000000558004.jpg,False
nm_000000558093,nonuang,ds11,raw_dataset/non_uang/000000558093.jpg,False
nm_000000558177,nonuang,ds11,raw_dataset/non_uang/000000558177.jpg,True
nm_000000558319,nonuang,ds11,raw_dataset/non_uang/000000558319.jpg,True
nm_000000558338,nonuang,ds11,raw_dataset/non_uang/000000558338.jpg,False
nm_000000558394,nonuang,ds11,raw_dataset/non_uang/000000558394.jpg,False
nm_000000558514,nonuang,ds11,raw_dataset/non_uang/000000558514.jpg,True
nm_000000558544,nonuang,ds11,raw_dataset/non_uang/000000558544.jpg,True
nm_000000558691,nonuang,ds11,raw_dataset/non_uang/000000558691.jpg,True
nm_000000558819,nonuang,ds11,raw_dataset/non_uang/000000558819.jpg,True
nm_000000558838,nonuang,ds11,raw_dataset/non_uang/000000558838.jpg,False
nm_000000558963,nonuang,ds11,raw_dataset/non_uang/000000558963.jpg,True
nm_000000558970,nonuang,ds11,raw_dataset/non_uang/000000558970.jpg,True
nm_000000559009,nonuang,ds11,raw_dataset/non_uang/000000559009.jpg,True
nm_000000559204,nonuang,ds11,raw_dataset/non_uang/000000559204.jpg,True
nm_000000559208,nonuang,ds11,raw_dataset/non_uang/000000559208.jpg,True
nm_000000559276,nonuang,ds11,raw_dataset/non_uang/000000559276.jpg,False
nm_000000559317,nonuang,ds11,raw_dataset/non_uang/000000559317.jpg,False
nm_000000559362,nonuang,ds11,raw_dataset/non_uang/000000559362.jpg,False
nm_000000559638,nonuang,ds11,raw_dataset/non_uang/000000559638.jpg,True
nm_000000559710,nonuang,ds11,raw_dataset/non_uang/000000559710.jpg,True
nm_000000559843,nonuang,ds11,raw_dataset/non_uang/000000559843.jpg,False
nm_000000559852,nonuang,ds11,raw_dataset/non_uang/000000559852.jpg,True
nm_000000559882,nonuang,ds11,raw_dataset/non_uang/000000559882.jpg,False
nm_000000559915,nonuang,ds11,raw_dataset/non_uang/000000559915.jpg,True
nm_000000559932,nonuang,ds11,raw_dataset/non_uang/000000559932.jpg,True
nm_000000560030,nonuang,ds11,raw_dataset/non_uang/000000560030.jpg,False
nm_000000560233,nonuang,ds11,raw_dataset/non_uang/000000560233.jpg,False
nm_000000560293,nonuang,ds11,raw_dataset/non_uang/000000560293.jpg,False
nm_000000560331,nonuang,ds11,raw_dataset/non_uang/000000560331.jpg,True
nm_000000560538,nonuang,ds11,raw_dataset/non_uang/000000560538.jpg,True
nm_000000560745,nonuang,ds11,raw_dataset/non_uang/000000560745.jpg,True
nm_000000560808,nonuang,ds11,raw_dataset/non_uang/000000560808.jpg,True
nm_000000560835,nonuang,ds11,raw_dataset/non_uang/000000560835.jpg,False
nm_000000560930,nonuang,ds11,raw_dataset/non_uang/000000560930.jpg,True
nm_000000560998,nonuang,ds11,raw_dataset/non_uang/000000560998.jpg,True
nm_000000561021,nonuang,ds11,raw_dataset/non_uang/000000561021.jpg,True
nm_000000561236,nonuang,ds11,raw_dataset/non_uang/000000561236.jpg,True
nm_000000561297,nonuang,ds11,raw_dataset/non_uang/000000561297.jpg,True
nm_000000561333,nonuang,ds11,raw_dataset/non_uang/000000561333.jpg,True
nm_000000561420,nonuang,ds11,raw_dataset/non_uang/000000561420.jpg,False
nm_000000561546,nonuang,ds11,raw_dataset/non_uang/000000561546.jpg,True
nm_000000561740,nonuang,ds11,raw_dataset/non_uang/000000561740.jpg,False
nm_000000561759,nonuang,ds11,raw_dataset/non_uang/000000561759.jpg,True
nm_000000561832,nonuang,ds11,raw_dataset/non_uang/000000561832.jpg,False
nm_000000561874,nonuang,ds11,raw_dataset/non_uang/000000561874.jpg,True
nm_000000562048,nonuang,ds11,raw_dataset/non_uang/000000562048.jpg,True
nm_000000562068,nonuang,ds11,raw_dataset/non_uang/000000562068.jpg,True
nm_000000562085,nonuang,ds11,raw_dataset/non_uang/000000562085.jpg,True
nm_000000562185,nonuang,ds11,raw_dataset/non_uang/000000562185.jpg,True
nm_000000562252,nonuang,ds11,raw_dataset/non_uang/000000562252.jpg,True
nm_000000562344,nonuang,ds11,raw_dataset/non_uang/000000562344.jpg,False
nm_000000562439,nonuang,ds11,raw_dataset/non_uang/000000562439.jpg,True
nm_000000562542,nonuang,ds11,raw_dataset/non_uang/000000562542.jpg,True
nm_000000562653,nonuang,ds11,raw_dataset/non_uang/000000562653.jpg,True
nm_000000562707,nonuang,ds11,raw_dataset/non_uang/000000562707.jpg,False
nm_000000562731,nonuang,ds11,raw_dataset/non_uang/000000562731.jpg,False
nm_000000562785,nonuang,ds11,raw_dataset/non_uang/000000562785.jpg,True
nm_000000562891,nonuang,ds11,raw_dataset/non_uang/000000562891.jpg,False
nm_000000562976,nonuang,ds11,raw_dataset/non_uang/000000562976.jpg,True
nm_000000563021,nonuang,ds11,raw_dataset/non_uang/000000563021.jpg,True
nm_000000563043,nonuang,ds11,raw_dataset/non_uang/000000563043.jpg,True
nm_000000563102,nonuang,ds11,raw_dataset/non_uang/000000563102.jpg,False
nm_000000563193,nonuang,ds11,raw_dataset/non_uang/000000563193.jpg,True
nm_000000563249,nonuang,ds11,raw_dataset/non_uang/000000563249.jpg,False
nm_000000563585,nonuang,ds11,raw_dataset/non_uang/000000563585.jpg,True
nm_000000563678,nonuang,ds11,raw_dataset/non_uang/000000563678.jpg,False
nm_000000563701,nonuang,ds11,raw_dataset/non_uang/000000563701.jpg,True
nm_000000563708,nonuang,ds11,raw_dataset/non_uang/000000563708.jpg,True
nm_000000563728,nonuang,ds11,raw_dataset/non_uang/000000563728.jpg,False
nm_000000563769,nonuang,ds11,raw_dataset/non_uang/000000563769.jpg,True
nm_000000563843,nonuang,ds11,raw_dataset/non_uang/000000563843.jpg,True
nm_000000563894,nonuang,ds11,raw_dataset/non_uang/000000563894.jpg,False
nm_000000563902,nonuang,ds11,raw_dataset/non_uang/000000563902.jpg,True
nm_000000563908,nonuang,ds11,raw_dataset/non_uang/000000563908.jpg,False
nm_000000564002,nonuang,ds11,raw_dataset/non_uang/000000564002.jpg,True
nm_000000564014,nonuang,ds11,raw_dataset/non_uang/000000564014.jpg,True
nm_000000564040,nonuang,ds11,raw_dataset/non_uang/000000564040.jpg,True
nm_000000564182,nonuang,ds11,raw_dataset/non_uang/000000564182.jpg,True
nm_000000564194,nonuang,ds11,raw_dataset/non_uang/000000564194.jpg,True
nm_000000564207,nonuang,ds11,raw_dataset/non_uang/000000564207.jpg,True
nm_000000564213,nonuang,ds11,raw_dataset/non_uang/000000564213.jpg,False
nm_000000564222,nonuang,ds11,raw_dataset/non_uang/000000564222.jpg,True
nm_000000564327,nonuang,ds11,raw_dataset/non_uang/000000564327.jpg,False
nm_000000564359,nonuang,ds11,raw_dataset/non_uang/000000564359.jpg,False
nm_000000564652,nonuang,ds11,raw_dataset/non_uang/000000564652.jpg,True
nm_000000564750,nonuang,ds11,raw_dataset/non_uang/000000564750.jpg,False
nm_000000564834,nonuang,ds11,raw_dataset/non_uang/000000564834.jpg,True
nm_000000564877,nonuang,ds11,raw_dataset/non_uang/000000564877.jpg,False
nm_000000565032,nonuang,ds11,raw_dataset/non_uang/000000565032.jpg,True
nm_000000565050,nonuang,ds11,raw_dataset/non_uang/000000565050.jpg,False
nm_000000565101,nonuang,ds11,raw_dataset/non_uang/000000565101.jpg,False
nm_000000565129,nonuang,ds11,raw_dataset/non_uang/000000565129.jpg,True
nm_000000565189,nonuang,ds11,raw_dataset/non_uang/000000565189.jpg,False
nm_000000565319,nonuang,ds11,raw_dataset/non_uang/000000565319.jpg,True
nm_000000565453,nonuang,ds11,raw_dataset/non_uang/000000565453.jpg,True
nm_000000565472,nonuang,ds11,raw_dataset/non_uang/000000565472.jpg,True
nm_000000565620,nonuang,ds11,raw_dataset/non_uang/000000565620.jpg,False
nm_000000565621,nonuang,ds11,raw_dataset/non_uang/000000565621.jpg,True
nm_000000565646,nonuang,ds11,raw_dataset/non_uang/000000565646.jpg,True
nm_000000565654,nonuang,ds11,raw_dataset/non_uang/000000565654.jpg,True
nm_000000565731,nonuang,ds11,raw_dataset/non_uang/000000565731.jpg,False
nm_000000565732,nonuang,ds11,raw_dataset/non_uang/000000565732.jpg,False
nm_000000565768,nonuang,ds11,raw_dataset/non_uang/000000565768.jpg,True
nm_000000565792,nonuang,ds11,raw_dataset/non_uang/000000565792.jpg,False
nm_000000565810,nonuang,ds11,raw_dataset/non_uang/000000565810.jpg,False
nm_000000566019,nonuang,ds11,raw_dataset/non_uang/000000566019.jpg,False
nm_000000566028,nonuang,ds11,raw_dataset/non_uang/000000566028.jpg,False
nm_000000566052,nonuang,ds11,raw_dataset/non_uang/000000566052.jpg,True
nm_000000566073,nonuang,ds11,raw_dataset/non_uang/000000566073.jpg,False
nm_000000566074,nonuang,ds11,raw_dataset/non_uang/000000566074.jpg,True
nm_000000566196,nonuang,ds11,raw_dataset/non_uang/000000566196.jpg,True
nm_000000566322,nonuang,ds11,raw_dataset/non_uang/000000566322.jpg,False
nm_000000566367,nonuang,ds11,raw_dataset/non_uang/000000566367.jpg,True
nm_000000566380,nonuang,ds11,raw_dataset/non_uang/000000566380.jpg,True
nm_000000566531,nonuang,ds11,raw_dataset/non_uang/000000566531.jpg,True
nm_000000566564,nonuang,ds11,raw_dataset/non_uang/000000566564.jpg,False
nm_000000566615,nonuang,ds11,raw_dataset/non_uang/000000566615.jpg,True
nm_000000566665,nonuang,ds11,raw_dataset/non_uang/000000566665.jpg,True
nm_000000566739,nonuang,ds11,raw_dataset/non_uang/000000566739.jpg,True
nm_000000566742,nonuang,ds11,raw_dataset/non_uang/000000566742.jpg,False
nm_000000566933,nonuang,ds11,raw_dataset/non_uang/000000566933.jpg,True
nm_000000566944,nonuang,ds11,raw_dataset/non_uang/000000566944.jpg,False
nm_000000567080,nonuang,ds11,raw_dataset/non_uang/000000567080.jpg,True
nm_000000567092,nonuang,ds11,raw_dataset/non_uang/000000567092.jpg,True
nm_000000567202,nonuang,ds11,raw_dataset/non_uang/000000567202.jpg,False
nm_000000567209,nonuang,ds11,raw_dataset/non_uang/000000567209.jpg,False
nm_000000567241,nonuang,ds11,raw_dataset/non_uang/000000567241.jpg,True
nm_000000567291,nonuang,ds11,raw_dataset/non_uang/000000567291.jpg,True
nm_000000567386,nonuang,ds11,raw_dataset/non_uang/000000567386.jpg,True
nm_000000567428,nonuang,ds11,raw_dataset/non_uang/000000567428.jpg,True
nm_000000567451,nonuang,ds11,raw_dataset/non_uang/000000567451.jpg,True
nm_000000567468,nonuang,ds11,raw_dataset/non_uang/000000567468.jpg,True
nm_000000567484,nonuang,ds11,raw_dataset/non_uang/000000567484.jpg,True
nm_000000567534,nonuang,ds11,raw_dataset/non_uang/000000567534.jpg,True
nm_000000567568,nonuang,ds11,raw_dataset/non_uang/000000567568.jpg,False
nm_000000567620,nonuang,ds11,raw_dataset/non_uang/000000567620.jpg,True
nm_000000567641,nonuang,ds11,raw_dataset/non_uang/000000567641.jpg,True
nm_000000567682,nonuang,ds11,raw_dataset/non_uang/000000567682.jpg,True
nm_000000567705,nonuang,ds11,raw_dataset/non_uang/000000567705.jpg,True
nm_000000567714,nonuang,ds11,raw_dataset/non_uang/000000567714.jpg,True
nm_000000567799,nonuang,ds11,raw_dataset/non_uang/000000567799.jpg,True
nm_000000567807,nonuang,ds11,raw_dataset/non_uang/000000567807.jpg,False
nm_000000567883,nonuang,ds11,raw_dataset/non_uang/000000567883.jpg,False
nm_000000568126,nonuang,ds11,raw_dataset/non_uang/000000568126.jpg,True
nm_000000568170,nonuang,ds11,raw_dataset/non_uang/000000568170.jpg,False
nm_000000568489,nonuang,ds11,raw_dataset/non_uang/000000568489.jpg,False
nm_000000568629,nonuang,ds11,raw_dataset/non_uang/000000568629.jpg,True
nm_000000568705,nonuang,ds11,raw_dataset/non_uang/000000568705.jpg,True
nm_000000568771,nonuang,ds11,raw_dataset/non_uang/000000568771.jpg,False
nm_000000568787,nonuang,ds11,raw_dataset/non_uang/000000568787.jpg,True
nm_000000568821,nonuang,ds11,raw_dataset/non_uang/000000568821.jpg,True
nm_000000568889,nonuang,ds11,raw_dataset/non_uang/000000568889.jpg,True
nm_000000568913,nonuang,ds11,raw_dataset/non_uang/000000568913.jpg,True
nm_000000568946,nonuang,ds11,raw_dataset/non_uang/000000568946.jpg,True
nm_000000569087,nonuang,ds11,raw_dataset/non_uang/000000569087.jpg,True
nm_000000569097,nonuang,ds11,raw_dataset/non_uang/000000569097.jpg,False
nm_000000569133,nonuang,ds11,raw_dataset/non_uang/000000569133.jpg,False
nm_000000569225,nonuang,ds11,raw_dataset/non_uang/000000569225.jpg,False
nm_000000569260,nonuang,ds11,raw_dataset/non_uang/000000569260.jpg,True
nm_000000569270,nonuang,ds11,raw_dataset/non_uang/000000569270.jpg,True
nm_000000569297,nonuang,ds11,raw_dataset/non_uang/000000569297.jpg,True
nm_000000569443,nonuang,ds11,raw_dataset/non_uang/000000569443.jpg,False
nm_000000569573,nonuang,ds11,raw_dataset/non_uang/000000569573.jpg,True
nm_000000569650,nonuang,ds11,raw_dataset/non_uang/000000569650.jpg,True
nm_000000569657,nonuang,ds11,raw_dataset/non_uang/000000569657.jpg,True
nm_000000569870,nonuang,ds11,raw_dataset/non_uang/000000569870.jpg,True
nm_000000569882,nonuang,ds11,raw_dataset/non_uang/000000569882.jpg,False
nm_000000569950,nonuang,ds11,raw_dataset/non_uang/000000569950.jpg,True
nm_000000570020,nonuang,ds11,raw_dataset/non_uang/000000570020.jpg,False
nm_000000570059,nonuang,ds11,raw_dataset/non_uang/000000570059.jpg,True
nm_000000570202,nonuang,ds11,raw_dataset/non_uang/000000570202.jpg,True
nm_000000570290,nonuang,ds11,raw_dataset/non_uang/000000570290.jpg,True
nm_000000570388,nonuang,ds11,raw_dataset/non_uang/000000570388.jpg,False
nm_000000570541,nonuang,ds11,raw_dataset/non_uang/000000570541.jpg,True
nm_000000570633,nonuang,ds11,raw_dataset/non_uang/000000570633.jpg,True
nm_000000570653,nonuang,ds11,raw_dataset/non_uang/000000570653.jpg,True
nm_000000570706,nonuang,ds11,raw_dataset/non_uang/000000570706.jpg,False
nm_000000570764,nonuang,ds11,raw_dataset/non_uang/000000570764.jpg,False
nm_000000570819,nonuang,ds11,raw_dataset/non_uang/000000570819.jpg,False
nm_000000570900,nonuang,ds11,raw_dataset/non_uang/000000570900.jpg,False
nm_000000570964,nonuang,ds11,raw_dataset/non_uang/000000570964.jpg,False
nm_000000571027,nonuang,ds11,raw_dataset/non_uang/000000571027.jpg,True
nm_000000571129,nonuang,ds11,raw_dataset/non_uang/000000571129.jpg,False
nm_000000571187,nonuang,ds11,raw_dataset/non_uang/000000571187.jpg,True
nm_000000571472,nonuang,ds11,raw_dataset/non_uang/000000571472.jpg,True
nm_000000571620,nonuang,ds11,raw_dataset/non_uang/000000571620.jpg,False
nm_000000571687,nonuang,ds11,raw_dataset/non_uang/000000571687.jpg,False
nm_000000571708,nonuang,ds11,raw_dataset/non_uang/000000571708.jpg,True
nm_000000571751,nonuang,ds11,raw_dataset/non_uang/000000571751.jpg,True
nm_000000571757,nonuang,ds11,raw_dataset/non_uang/000000571757.jpg,True
nm_000000571892,nonuang,ds11,raw_dataset/non_uang/000000571892.jpg,False
nm_000000572020,nonuang,ds11,raw_dataset/non_uang/000000572020.jpg,False
nm_000000572044,nonuang,ds11,raw_dataset/non_uang/000000572044.jpg,False
nm_000000572190,nonuang,ds11,raw_dataset/non_uang/000000572190.jpg,True
nm_000000572281,nonuang,ds11,raw_dataset/non_uang/000000572281.jpg,True
nm_000000572557,nonuang,ds11,raw_dataset/non_uang/000000572557.jpg,False
nm_000000572562,nonuang,ds11,raw_dataset/non_uang/000000572562.jpg,False
nm_000000572564,nonuang,ds11,raw_dataset/non_uang/000000572564.jpg,True
nm_000000572637,nonuang,ds11,raw_dataset/non_uang/000000572637.jpg,True
nm_000000572651,nonuang,ds11,raw_dataset/non_uang/000000572651.jpg,False
nm_000000572676,nonuang,ds11,raw_dataset/non_uang/000000572676.jpg,True
nm_000000572820,nonuang,ds11,raw_dataset/non_uang/000000572820.jpg,True
nm_000000572887,nonuang,ds11,raw_dataset/non_uang/000000572887.jpg,True
nm_000000572929,nonuang,ds11,raw_dataset/non_uang/000000572929.jpg,True
nm_000000572969,nonuang,ds11,raw_dataset/non_uang/000000572969.jpg,False
nm_000000573040,nonuang,ds11,raw_dataset/non_uang/000000573040.jpg,True
nm_000000573220,nonuang,ds11,raw_dataset/non_uang/000000573220.jpg,True
nm_000000573497,nonuang,ds11,raw_dataset/non_uang/000000573497.jpg,True
nm_000000573561,nonuang,ds11,raw_dataset/non_uang/000000573561.jpg,True
nm_000000573738,nonuang,ds11,raw_dataset/non_uang/000000573738.jpg,True
nm_000000573758,nonuang,ds11,raw_dataset/non_uang/000000573758.jpg,False
nm_000000573866,nonuang,ds11,raw_dataset/non_uang/000000573866.jpg,False
nm_000000573880,nonuang,ds11,raw_dataset/non_uang/000000573880.jpg,True
nm_000000573884,nonuang,ds11,raw_dataset/non_uang/000000573884.jpg,True
nm_000000573901,nonuang,ds11,raw_dataset/non_uang/000000573901.jpg,False
nm_000000573919,nonuang,ds11,raw_dataset/non_uang/000000573919.jpg,True
nm_000000573976,nonuang,ds11,raw_dataset/non_uang/000000573976.jpg,False
nm_000000574269,nonuang,ds11,raw_dataset/non_uang/000000574269.jpg,False
nm_000000574278,nonuang,ds11,raw_dataset/non_uang/000000574278.jpg,False
nm_000000574436,nonuang,ds11,raw_dataset/non_uang/000000574436.jpg,False
nm_000000574536,nonuang,ds11,raw_dataset/non_uang/000000574536.jpg,True
nm_000000574603,nonuang,ds11,raw_dataset/non_uang/000000574603.jpg,True
nm_000000574604,nonuang,ds11,raw_dataset/non_uang/000000574604.jpg,True
nm_000000574699,nonuang,ds11,raw_dataset/non_uang/000000574699.jpg,True
nm_000000574713,nonuang,ds11,raw_dataset/non_uang/000000574713.jpg,False
nm_000000574762,nonuang,ds11,raw_dataset/non_uang/000000574762.jpg,True
nm_000000574771,nonuang,ds11,raw_dataset/non_uang/000000574771.jpg,True
nm_000000574821,nonuang,ds11,raw_dataset/non_uang/000000574821.jpg,True
nm_000000574927,nonuang,ds11,raw_dataset/non_uang/000000574927.jpg,True
nm_000000575064,nonuang,ds11,raw_dataset/non_uang/000000575064.jpg,True
nm_000000575078,nonuang,ds11,raw_dataset/non_uang/000000575078.jpg,True
nm_000000575082,nonuang,ds11,raw_dataset/non_uang/000000575082.jpg,True
nm_000000575195,nonuang,ds11,raw_dataset/non_uang/000000575195.jpg,True
nm_000000575233,nonuang,ds11,raw_dataset/non_uang/000000575233.jpg,False
nm_000000575423,nonuang,ds11,raw_dataset/non_uang/000000575423.jpg,False
nm_000000575456,nonuang,ds11,raw_dataset/non_uang/000000575456.jpg,True
nm_000000575525,nonuang,ds11,raw_dataset/non_uang/000000575525.jpg,True
nm_000000575565,nonuang,ds11,raw_dataset/non_uang/000000575565.jpg,True
nm_000000575653,nonuang,ds11,raw_dataset/non_uang/000000575653.jpg,True
nm_000000575695,nonuang,ds11,raw_dataset/non_uang/000000575695.jpg,False
nm_000000575739,nonuang,ds11,raw_dataset/non_uang/000000575739.jpg,True
nm_000000575869,nonuang,ds11,raw_dataset/non_uang/000000575869.jpg,False
nm_000000576090,nonuang,ds11,raw_dataset/non_uang/000000576090.jpg,True
nm_000000576140,nonuang,ds11,raw_dataset/non_uang/000000576140.jpg,True
nm_000000576167,nonuang,ds11,raw_dataset/non_uang/000000576167.jpg,True
nm_000000576265,nonuang,ds11,raw_dataset/non_uang/000000576265.jpg,True
nm_000000576282,nonuang,ds11,raw_dataset/non_uang/000000576282.jpg,True
nm_000000576330,nonuang,ds11,raw_dataset/non_uang/000000576330.jpg,True
nm_000000576372,nonuang,ds11,raw_dataset/non_uang/000000576372.jpg,True
nm_000000576440,nonuang,ds11,raw_dataset/non_uang/000000576440.jpg,True
nm_000000576448,nonuang,ds11,raw_dataset/non_uang/000000576448.jpg,False
nm_000000576556,nonuang,ds11,raw_dataset/non_uang/000000576556.jpg,False
nm_000000576585,nonuang,ds11,raw_dataset/non_uang/000000576585.jpg,False
nm_000000576666,nonuang,ds11,raw_dataset/non_uang/000000576666.jpg,True
nm_000000576681,nonuang,ds11,raw_dataset/non_uang/000000576681.jpg,True
nm_000000576797,nonuang,ds11,raw_dataset/non_uang/000000576797.jpg,True
nm_000000576969,nonuang,ds11,raw_dataset/non_uang/000000576969.jpg,False
nm_000000576982,nonuang,ds11,raw_dataset/non_uang/000000576982.jpg,False
nm_000000577105,nonuang,ds11,raw_dataset/non_uang/000000577105.jpg,True
nm_000000577273,nonuang,ds11,raw_dataset/non_uang/000000577273.jpg,False
nm_000000577316,nonuang,ds11,raw_dataset/non_uang/000000577316.jpg,True
nm_000000577332,nonuang,ds11,raw_dataset/non_uang/000000577332.jpg,False
nm_000000577360,nonuang,ds11,raw_dataset/non_uang/000000577360.jpg,True
nm_000000577555,nonuang,ds11,raw_dataset/non_uang/000000577555.jpg,True
nm_000000577626,nonuang,ds11,raw_dataset/non_uang/000000577626.jpg,True
nm_000000577689,nonuang,ds11,raw_dataset/non_uang/000000577689.jpg,True
nm_000000577711,nonuang,ds11,raw_dataset/non_uang/000000577711.jpg,False
nm_000000577915,nonuang,ds11,raw_dataset/non_uang/000000577915.jpg,True
nm_000000577987,nonuang,ds11,raw_dataset/non_uang/000000577987.jpg,False
nm_000000578150,nonuang,ds11,raw_dataset/non_uang/000000578150.jpg,True
nm_000000578155,nonuang,ds11,raw_dataset/non_uang/000000578155.jpg,False
nm_000000578296,nonuang,ds11,raw_dataset/non_uang/000000578296.jpg,True
nm_000000578313,nonuang,ds11,raw_dataset/non_uang/000000578313.jpg,True
nm_000000578463,nonuang,ds11,raw_dataset/non_uang/000000578463.jpg,True
nm_000000578583,nonuang,ds11,raw_dataset/non_uang/000000578583.jpg,True
nm_000000578618,nonuang,ds11,raw_dataset/non_uang/000000578618.jpg,True
nm_000000578639,nonuang,ds11,raw_dataset/non_uang/000000578639.jpg,True
nm_000000578777,nonuang,ds11,raw_dataset/non_uang/000000578777.jpg,False
nm_000000579119,nonuang,ds11,raw_dataset/non_uang/000000579119.jpg,True
nm_000000579358,nonuang,ds11,raw_dataset/non_uang/000000579358.jpg,False
nm_000000579425,nonuang,ds11,raw_dataset/non_uang/000000579425.jpg,True
nm_000000579441,nonuang,ds11,raw_dataset/non_uang/000000579441.jpg,True
nm_000000579535,nonuang,ds11,raw_dataset/non_uang/000000579535.jpg,True
nm_000000579569,nonuang,ds11,raw_dataset/non_uang/000000579569.jpg,True
nm_000000579609,nonuang,ds11,raw_dataset/non_uang/000000579609.jpg,True
nm_000000579641,nonuang,ds11,raw_dataset/non_uang/000000579641.jpg,True
nm_000000579714,nonuang,ds11,raw_dataset/non_uang/000000579714.jpg,False
nm_000000579763,nonuang,ds11,raw_dataset/non_uang/000000579763.jpg,True
nm_000000579794,nonuang,ds11,raw_dataset/non_uang/000000579794.jpg,True
nm_000000579810,nonuang,ds11,raw_dataset/non_uang/000000579810.jpg,True
nm_000000580196,nonuang,ds11,raw_dataset/non_uang/000000580196.jpg,False
nm_000000580272,nonuang,ds11,raw_dataset/non_uang/000000580272.jpg,False
nm_000000580425,nonuang,ds11,raw_dataset/non_uang/000000580425.jpg,False
nm_000000580438,nonuang,ds11,raw_dataset/non_uang/000000580438.jpg,True
nm_000000580448,nonuang,ds11,raw_dataset/non_uang/000000580448.jpg,False
nm_000000580473,nonuang,ds11,raw_dataset/non_uang/000000580473.jpg,True
nm_000000580496,nonuang,ds11,raw_dataset/non_uang/000000580496.jpg,True
nm_000000580535,nonuang,ds11,raw_dataset/non_uang/000000580535.jpg,True
nm_000000580610,nonuang,ds11,raw_dataset/non_uang/000000580610.jpg,False
nm_000000580642,nonuang,ds11,raw_dataset/non_uang/000000580642.jpg,False
nm_000000580710,nonuang,ds11,raw_dataset/non_uang/000000580710.jpg,True
nm_000000580716,nonuang,ds11,raw_dataset/non_uang/000000580716.jpg,False
nm_000000580818,nonuang,ds11,raw_dataset/non_uang/000000580818.jpg,False
nm_000000580858,nonuang,ds11,raw_dataset/non_uang/000000580858.jpg,True
nm_000000580861,nonuang,ds11,raw_dataset/non_uang/000000580861.jpg,True
nm_000000581122,nonuang,ds11,raw_dataset/non_uang/000000581122.jpg,True
nm_000000581264,nonuang,ds11,raw_dataset/non_uang/000000581264.jpg,True
nm_000000581365,nonuang,ds11,raw_dataset/non_uang/000000581365.jpg,True
nm_000000581417,nonuang,ds11,raw_dataset/non_uang/000000581417.jpg,False
nm_000000581498,nonuang,ds11,raw_dataset/non_uang/000000581498.jpg,True
nm_000000581531,nonuang,ds11,raw_dataset/non_uang/000000581531.jpg,True
nm_000000581577,nonuang,ds11,raw_dataset/non_uang/000000581577.jpg,True
nm_000000581700,nonuang,ds11,raw_dataset/non_uang/000000581700.jpg,True
nm_000000581727,nonuang,ds11,raw_dataset/non_uang/000000581727.jpg,False
nm_000000581763,nonuang,ds11,raw_dataset/non_uang/000000581763.jpg,True
nm_000000581771,nonuang,ds11,raw_dataset/non_uang/000000581771.jpg,True
nm_000000581823,nonuang,ds11,raw_dataset/non_uang/000000581823.jpg,True
nm_000000581918,nonuang,ds11,raw_dataset/non_uang/000000581918.jpg,True
