sample_id,label,source_id,image_id,annotation_id,file_path,r_clip,aspect_ratio,relative_area,file_exists,flag_clip,flag_aspect,flag_area,random_5pct,auto_flag,audit_required,audit_reason,decision,notes
ds1_img000005_ann000005,10000,ds1,5,5,02_extracted/uang/10000/ds1_img000005_ann000005.png,1.0,3.956112852664577,0.17063479953342015,True,False,True,False,False,True,True,aspect_outlier,,
ds1_img000007_ann000007,5000,ds1,7,7,02_extracted/uang/5000/ds1_img000007_ann000007.png,1.0,4.240259740259741,0.1704949273003472,True,False,True,False,False,True,True,aspect_outlier,,
ds1_img000014_ann000014,10000,ds1,14,14,02_extracted/uang/10000/ds1_img000014_ann000014.png,1.0,3.956112852664577,0.17063479953342015,True,False,True,False,False,True,True,aspect_outlier,,
ds1_img000015_ann000015,1000,ds1,15,15,02_extracted/uang/1000/ds1_img000015_ann000015.png,1.0,3.7855822550831792,0.4696180555555556,True,False,True,False,False,True,True,aspect_outlier,,
ds1_img000017_ann000017,2000,ds1,17,17,02_extracted/uang/2000/ds1_img000017_ann000017.png,1.0,3.730410447761194,0.45762963722074196,True,False,True,False,False,True,True,aspect_outlier,,
ds1_img000021_ann000021,10000,ds1,21,21,02_extracted/uang/10000/ds1_img000021_ann000021.png,1.0,3.6792975970425137,0.4598195070711211,True,False,True,False,False,True,True,aspect_outlier,,
ds1_img000026_ann000026,1000,ds1,26,26,02_extracted/uang/1000/ds1_img000026_ann000026.png,1.0,3.72744014732965,0.4658304850260417,True,False,True,False,False,True,True,aspect_outlier,,
ds1_img000028_ann000028,20000,ds1,28,28,02_extracted/uang/20000/ds1_img000028_ann000028.png,1.0,4.144171779141105,0.18667687310112846,True,False,True,False,False,True,True,aspect_outlier,,
ds1_img000037_ann000037,5000,ds1,37,37,02_extracted/uang/5000/ds1_img000037_ann000037.png,1.0,4.09717868338558,0.17803041948486711,True,False,True,False,False,True,True,aspect_outlier,,
ds1_img000038_ann000038,1000,ds1,38,38,02_extracted/uang/1000/ds1_img000038_ann000038.png,1.0,4.252427184466019,0.17337312973970076,True,False,True,False,False,True,True,aspect_outlier,,
ds1_img000039_ann000039,10000,ds1,39,39,02_extracted/uang/10000/ds1_img000039_ann000039.png,1.0,3.952153110047847,0.29485891917742707,True,False,True,False,False,True,True,aspect_outlier,,
ds1_img000047_ann000047,10000,ds1,47,47,02_extracted/uang/10000/ds1_img000047_ann000047.png,1.0,3.922178988326848,0.439208984375,True,False,True,False,False,True,True,aspect_outlier,,
ds1_img000049_ann000049,10000,ds1,49,49,02_extracted/uang/10000/ds1_img000049_ann000049.png,1.0,2.0099403578528827,0.8621775309244791,True,False,False,False,True,False,True,random_5pct,,
ds1_img000053_ann000053,100000,ds1,53,53,02_extracted/uang/100000/ds1_img000053_ann000053.png,1.0,2.328,0.5550384521484375,True,False,False,False,True,False,True,random_5pct,,
ds1_img000054_ann000054,10000,ds1,54,54,02_extracted/uang/10000/ds1_img000054_ann000054.png,1.0,3.827751196172249,0.3187566963689952,True,False,True,False,False,True,True,aspect_outlier,,
ds1_img000057_ann000057,50000,ds1,57,57,02_extracted/uang/50000/ds1_img000057_ann000057.png,1.0,2.198581560283688,0.2964274088541667,True,False,False,False,True,False,True,random_5pct,,
ds1_img000066_ann000066,50000,ds1,66,66,02_extracted/uang/50000/ds1_img000066_ann000066.png,1.0,2.198581560283688,0.31228231864799116,True,False,False,False,True,False,True,random_5pct,,
ds1_img000068_ann000068,1000,ds1,68,68,02_extracted/uang/1000/ds1_img000068_ann000068.png,1.0,3.8866995073891624,0.2715504964192708,True,False,True,False,False,True,True,aspect_outlier,,
ds1_img000069_ann000069,2000,ds1,69,69,02_extracted/uang/2000/ds1_img000069_ann000069.png,1.0,3.815165876777251,0.2879757351345486,True,False,True,False,False,True,True,aspect_outlier,,
ds1_img000070_ann000070,2000,ds1,70,70,02_extracted/uang/2000/ds1_img000070_ann000070.png,1.0,1.8364312267657992,0.5069198608398438,True,False,False,False,True,False,True,random_5pct,,
ds1_img000073_ann000073,10000,ds1,73,73,02_extracted/uang/10000/ds1_img000073_ann000073.png,1.0,3.9528487229862477,0.4340735541449653,True,False,True,False,False,True,True,aspect_outlier,,
ds1_img000074_ann000074,1000,ds1,74,74,02_extracted/uang/1000/ds1_img000074_ann000074.png,1.0,4.170278637770898,0.18441136678059897,True,False,True,False,False,True,True,aspect_outlier,,
ds1_img000077_ann000077,20000,ds1,77,77,02_extracted/uang/20000/ds1_img000077_ann000077.png,1.0,4.144171779141105,0.18667687310112846,True,False,True,False,False,True,True,aspect_outlier,,
ds1_img000080_ann000080,10000,ds1,80,80,02_extracted/uang/10000/ds1_img000080_ann000080.png,1.0,4.364741641337386,0.2002478705512153,True,False,True,False,False,True,True,aspect_outlier,,
ds1_img000083_ann000083,5000,ds1,83,83,02_extracted/uang/5000/ds1_img000083_ann000083.png,1.0,4.08125,0.17713758680555555,True,False,True,False,True,True,True,aspect_outlier;random_5pct,,
ds1_img000088_ann000088,1000,ds1,88,88,02_extracted/uang/1000/ds1_img000088_ann000088.png,1.0,4.0501567398119125,0.1746910942925347,True,False,True,False,False,True,True,aspect_outlier,,
ds1_img000090_ann000090,20000,ds1,90,90,02_extracted/uang/20000/ds1_img000090_ann000090.png,1.0,4.108504398826979,0.2252789692285058,True,False,True,False,False,True,True,aspect_outlier,,
ds1_img000092_ann000092,5000,ds1,92,92,02_extracted/uang/5000/ds1_img000092_ann000092.png,1.0,1.9782608695652173,0.2554931640625,True,False,False,False,True,False,True,random_5pct,,
ds1_img000097_ann000097,100000,ds1,97,97,02_extracted/uang/100000/ds1_img000097_ann000097.png,1.0,4.553191489361702,0.20889366997612846,True,False,True,False,False,True,True,aspect_outlier,,
ds1_img000100_ann000100,1000,ds1,100,100,02_extracted/uang/1000/ds1_img000100_ann000100.png,1.0,3.7893462469733654,0.28564351272423866,True,False,True,False,False,True,True,aspect_outlier,,
ds1_img000103_ann000103,2000,ds1,103,103,02_extracted/uang/2000/ds1_img000103_ann000103.png,1.0,3.8146067415730336,0.46105194091796875,True,False,True,False,False,True,True,aspect_outlier,,
ds1_img000106_ann000106,1000,ds1,106,106,02_extracted/uang/1000/ds1_img000106_ann000106.png,1.0,3.737980769230769,0.27621780419484865,True,False,True,False,False,True,True,aspect_outlier,,
ds1_img000108_ann000108,10000,ds1,108,108,02_extracted/uang/10000/ds1_img000108_ann000108.png,1.0,3.9073359073359075,0.4443834092881944,True,False,True,False,True,True,True,aspect_outlier;random_5pct,,
ds1_img000114_ann000114,2000,ds1,114,114,02_extracted/uang/2000/ds1_img000114_ann000114.png,1.0,3.8785714285714286,0.2932297184706693,True,False,True,False,True,True,True,aspect_outlier;random_5pct,,
ds1_img000120_ann000120,2000,ds1,120,120,02_extracted/uang/2000/ds1_img000120_ann000120.png,1.0,4.3765432098765435,0.194732666015625,True,False,True,False,False,True,True,aspect_outlier,,
ds1_img000121_ann000121,1000,ds1,121,121,02_extracted/uang/1000/ds1_img000121_ann000121.png,1.0,3.802850356294537,0.28568734063042533,True,False,True,False,False,True,True,aspect_outlier,,
ds1_img000125_ann000125,2000,ds1,125,125,02_extracted/uang/2000/ds1_img000125_ann000125.png,1.0,3.8950617283950617,0.20392846883079574,True,False,True,False,False,True,True,aspect_outlier,,
ds1_img000130_ann000130,1000,ds1,130,130,02_extracted/uang/1000/ds1_img000130_ann000130.png,1.0,4.210355987055016,0.17039362589518228,True,False,True,False,False,True,True,aspect_outlier,,
ds1_img000133_ann000133,10000,ds1,133,133,02_extracted/uang/10000/ds1_img000133_ann000133.png,1.0,3.7784615384615385,0.19021500825488336,True,False,True,False,False,True,True,aspect_outlier,,
ds1_img000135_ann000135,50000,ds1,135,135,02_extracted/uang/50000/ds1_img000135_ann000135.png,1.0,4.0,0.1857520209418403,True,False,False,False,True,False,True,random_5pct,,
ds1_img000141_ann000141,1000,ds1,141,141,02_extracted/uang/1000/ds1_img000141_ann000141.png,1.0,4.162790697674419,0.18487234832957572,True,False,True,False,False,True,True,aspect_outlier,,
ds1_img000142_ann000142,50000,ds1,142,142,02_extracted/uang/50000/ds1_img000142_ann000142.png,1.0,4.0125,0.21531070391005244,True,False,False,False,True,False,True,random_5pct,,
ds1_img000146_ann000146,1000,ds1,146,146,02_extracted/uang/1000/ds1_img000146_ann000146.png,1.0,4.21483771251932,0.18834642088542733,True,False,True,False,False,True,True,aspect_outlier,,
ds1_img000147_ann000147,10000,ds1,147,147,02_extracted/uang/10000/ds1_img000147_ann000147.png,1.0,3.9528487229862477,0.4340735541449653,True,False,True,False,False,True,True,aspect_outlier,,
ds1_img000148_ann000148,50000,ds1,148,148,02_extracted/uang/50000/ds1_img000148_ann000148.png,1.0,4.299401197604791,0.20329115125868055,True,False,True,False,False,True,True,aspect_outlier,,
ds1_img000149_ann000149,10000,ds1,149,149,02_extracted/uang/10000/ds1_img000149_ann000149.png,1.0,4.1152647975077885,0.1854830666834635,True,False,True,False,False,True,True,aspect_outlier,,
ds1_img000152_ann000152,20000,ds1,152,152,02_extracted/uang/20000/ds1_img000152_ann000152.png,1.0,4.122257053291536,0.17780092027452257,True,False,True,False,False,True,True,aspect_outlier,,
ds1_img000153_ann000153,2000,ds1,153,153,02_extracted/uang/2000/ds1_img000153_ann000153.png,1.0,3.756923076923077,0.19137008101851852,True,False,True,False,False,True,True,aspect_outlier,,
ds1_img000154_ann000154,100000,ds1,154,154,02_extracted/uang/100000/ds1_img000154_ann000154.png,1.0,4.068965517241379,0.17680450228872036,True,False,True,False,False,True,True,aspect_outlier,,
ds1_img000155_ann000155,50000,ds1,155,155,02_extracted/uang/50000/ds1_img000155_ann000155.png,1.0,4.266244057052298,0.1813311300129808,True,False,True,False,True,True,True,aspect_outlier;random_5pct,,
ds1_img000161_ann000161,10000,ds1,161,161,02_extracted/uang/10000/ds1_img000161_ann000161.png,1.0,2.047043010752688,0.48563552392022136,True,False,False,False,True,False,True,random_5pct,,
ds1_img000162_ann000162,50000,ds1,162,162,02_extracted/uang/50000/ds1_img000162_ann000162.png,1.0,4.221445221445221,0.3545729620197705,True,False,True,False,False,True,True,aspect_outlier,,
ds1_img000164_ann000164,2000,ds1,164,164,02_extracted/uang/2000/ds1_img000164_ann000164.png,1.0,1.9114927344782033,0.46428214179144967,True,False,False,False,True,False,True,random_5pct,,
ds1_img000166_ann000166,1000,ds1,166,166,02_extracted/uang/1000/ds1_img000166_ann000166.png,1.0,3.77140169332079,0.45492235003757603,True,False,True,False,False,True,True,aspect_outlier,,
ds1_img000171_ann000171,2000,ds1,171,171,02_extracted/uang/2000/ds1_img000171_ann000171.png,1.0,3.8473520249221185,0.16803105672200522,True,False,True,False,False,True,True,aspect_outlier,,
ds1_img000173_ann000173,1000,ds1,173,173,02_extracted/uang/1000/ds1_img000173_ann000173.png,1.0,4.136363636363637,0.1663174099392361,True,False,True,False,True,True,True,aspect_outlier;random_5pct,,
ds1_img000174_ann000174,1000,ds1,174,174,02_extracted/uang/1000/ds1_img000174_ann000174.png,1.0,3.72744014732965,0.4658304850260417,True,False,True,False,False,True,True,aspect_outlier,,
ds1_img000175_ann000175,2000,ds1,175,175,02_extracted/uang/2000/ds1_img000175_ann000175.png,1.0,3.9711538461538463,0.29344811095169776,True,False,True,False,False,True,True,aspect_outlier,,
ds1_img000178_ann000178,50000,ds1,178,178,02_extracted/uang/50000/ds1_img000178_ann000178.png,1.0,2.0659574468085107,0.8608058608058609,True,False,False,False,True,False,True,random_5pct,,
ds1_img000179_ann000179,20000,ds1,179,179,02_extracted/uang/20000/ds1_img000179_ann000179.png,1.0,2.266304347826087,0.5425425850109247,True,False,False,False,True,False,True,random_5pct,,
ds1_img000180_ann000180,20000,ds1,180,180,02_extracted/uang/20000/ds1_img000180_ann000180.png,1.0,4.151658767772512,0.3133748372395833,True,False,True,False,False,True,True,aspect_outlier,,
ds1_img000181_ann000181,10000,ds1,181,181,02_extracted/uang/10000/ds1_img000181_ann000181.png,1.0,3.872146118721461,0.3148600260416667,True,False,True,False,False,True,True,aspect_outlier,,
ds1_img000184_ann000184,5000,ds1,184,184,02_extracted/uang/5000/ds1_img000184_ann000184.png,1.0,4.18125,0.18147786458333334,True,False,True,False,False,True,True,aspect_outlier,,
ds1_img000186_ann000186,10000,ds1,186,186,02_extracted/uang/10000/ds1_img000186_ann000186.png,1.0,3.68,0.48342541436464087,True,False,True,False,False,True,True,aspect_outlier,,
ds1_img000187_ann000187,10000,ds1,187,187,02_extracted/uang/10000/ds1_img000187_ann000187.png,1.0,4.031175059952038,0.29711278279622394,True,False,True,False,False,True,True,aspect_outlier,,
ds1_img000188_ann000188,10000,ds1,188,188,02_extracted/uang/10000/ds1_img000188_ann000188.png,1.0,3.840466926070039,0.46306306306306305,True,False,True,False,False,True,True,aspect_outlier,,
ds1_img000190_ann000190,100000,ds1,190,190,02_extracted/uang/100000/ds1_img000190_ann000190.png,1.0,4.15130023640662,0.3148345947265625,True,False,True,False,True,True,True,aspect_outlier;random_5pct,,
ds1_img000191_ann000191,5000,ds1,191,191,02_extracted/uang/5000/ds1_img000191_ann000191.png,1.0,1.9822064056939501,0.2653622097439236,True,False,False,False,True,False,True,random_5pct,,
ds1_img000193_ann000193,20000,ds1,193,193,02_extracted/uang/20000/ds1_img000193_ann000193.png,1.0,3.988290398126464,0.308219485812717,True,False,True,False,False,True,True,aspect_outlier,,
ds1_img000194_ann000194,1000,ds1,194,194,02_extracted/uang/1000/ds1_img000194_ann000194.png,1.0,3.8275862068965516,0.4420623779296875,True,False,True,False,False,True,True,aspect_outlier,,
ds1_img000198_ann000198,5000,ds1,198,198,02_extracted/uang/5000/ds1_img000198_ann000198.png,1.0,4.269108280254777,0.17973158775705403,True,False,True,False,False,True,True,aspect_outlier,,
ds1_img000202_ann000202,10000,ds1,202,202,02_extracted/uang/10000/ds1_img000202_ann000202.png,1.0,3.9069212410501195,0.2907235887315538,True,False,True,False,False,True,True,aspect_outlier,,
ds1_img000206_ann000206,2000,ds1,206,206,02_extracted/uang/2000/ds1_img000206_ann000206.png,1.0,3.8976190476190475,0.2914174397786458,True,False,True,False,False,True,True,aspect_outlier,,
ds1_img000207_ann000207,2000,ds1,207,207,02_extracted/uang/2000/ds1_img000207_ann000207.png,1.0,3.7996289424860854,0.4678819444444444,True,False,True,False,False,True,True,aspect_outlier,,
ds1_img000210_ann000210,1000,ds1,210,210,02_extracted/uang/1000/ds1_img000210_ann000210.png,1.0,4.037854889589905,0.17198350694444445,True,False,True,False,False,True,True,aspect_outlier,,
ds1_img000211_ann000211,1000,ds1,211,211,02_extracted/uang/1000/ds1_img000211_ann000211.png,1.0,3.8457142857142856,0.4492759704589844,True,False,True,False,False,True,True,aspect_outlier,,
ds1_img000218_ann000218,1000,ds1,218,218,02_extracted/uang/1000/ds1_img000218_ann000218.png,1.0,4.0501567398119125,0.1746910942925347,True,False,True,False,True,True,True,aspect_outlier;random_5pct,,
ds1_img000221_ann000221,5000,ds1,221,221,02_extracted/uang/5000/ds1_img000221_ann000221.png,1.0,4.108974358974359,0.26686436769829885,True,False,True,False,False,True,True,aspect_outlier,,
ds1_img000222_ann000222,50000,ds1,222,222,02_extracted/uang/50000/ds1_img000222_ann000222.png,1.0,4.173780487804878,0.19173669467787116,True,False,True,False,False,True,True,aspect_outlier,,
ds1_img000223_ann000223,5000,ds1,223,223,02_extracted/uang/5000/ds1_img000223_ann000223.png,1.0,3.8700361010830324,0.285288993646239,True,False,False,False,True,False,True,random_5pct,,
ds1_img000224_ann000224,20000,ds1,224,224,02_extracted/uang/20000/ds1_img000224_ann000224.png,1.0,4.397553516819572,0.20078653412584546,True,False,True,False,False,True,True,aspect_outlier,,
ds1_img000232_ann000232,1000,ds1,232,232,02_extracted/uang/1000/ds1_img000232_ann000232.png,1.0,3.8278846153846153,0.44197069071531053,True,False,True,False,False,True,True,aspect_outlier,,
ds1_img000235_ann000235,10000,ds1,235,235,02_extracted/uang/10000/ds1_img000235_ann000235.png,1.0,3.847560975609756,0.1754489474826389,True,False,True,False,True,True,True,aspect_outlier;random_5pct,,
ds1_img000236_ann000236,100000,ds1,236,236,02_extracted/uang/100000/ds1_img000236_ann000236.png,1.0,2.2685512367491167,0.3080342610677083,True,False,False,False,True,False,True,random_5pct,,
ds1_img000240_ann000240,10000,ds1,240,240,02_extracted/uang/10000/ds1_img000240_ann000240.png,1.0,3.9242902208201893,0.20921428192477054,True,False,True,False,False,True,True,aspect_outlier,,
ds1_img000243_ann000243,2000,ds1,243,243,02_extracted/uang/2000/ds1_img000243_ann000243.png,1.0,1.8817480719794344,0.4827677408854167,True,False,False,False,True,False,True,random_5pct,,
ds1_img000244_ann000244,20000,ds1,244,244,02_extracted/uang/20000/ds1_img000244_ann000244.png,1.0,4.394611727416799,0.18678723013595683,True,False,True,False,False,True,True,aspect_outlier,,
ds1_img000247_ann000247,10000,ds1,247,247,02_extracted/uang/10000/ds1_img000247_ann000247.png,1.0,3.919308357348703,0.45339721254355403,True,False,True,False,False,True,True,aspect_outlier,,
ds1_img000248_ann000248,20000,ds1,248,248,02_extracted/uang/20000/ds1_img000248_ann000248.png,1.0,4.09112426035503,0.31183441364350617,True,False,True,False,True,True,True,aspect_outlier;random_5pct,,
ds1_img000250_ann000250,1000,ds1,250,250,02_extracted/uang/1000/ds1_img000250_ann000250.png,1.0,4.045234248788368,0.16545996447359432,True,False,True,False,False,True,True,aspect_outlier,,
ds1_img000252_ann000252,10000,ds1,252,252,02_extracted/uang/10000/ds1_img000252_ann000252.png,1.0,3.847560975609756,0.1754489474826389,True,False,True,False,False,True,True,aspect_outlier,,
ds1_img000253_ann000253,1000,ds1,253,253,02_extracted/uang/1000/ds1_img000253_ann000253.png,1.0,1.8301225919439579,0.2529123094346788,True,False,False,False,True,False,True,random_5pct,,
ds1_img000259_ann000259,2000,ds1,259,259,02_extracted/uang/2000/ds1_img000259_ann000259.png,1.0,3.6483870967741936,0.16358449789483115,True,False,True,False,False,True,True,aspect_outlier,,
ds1_img000265_ann000265,1000,ds1,265,265,02_extracted/uang/1000/ds1_img000265_ann000265.png,1.0,3.798095238095238,0.44371287027994794,True,False,True,False,False,True,True,aspect_outlier,,
ds1_img000266_ann000266,1000,ds1,266,266,02_extracted/uang/1000/ds1_img000266_ann000266.png,1.0,4.136363636363637,0.1663174099392361,True,False,True,False,False,True,True,aspect_outlier,,
ds1_img000268_ann000268,100000,ds1,268,268,02_extracted/uang/100000/ds1_img000268_ann000268.png,1.0,2.2845744680851063,0.5475938585069444,True,False,False,False,True,False,True,random_5pct,,
ds1_img000269_ann000269,50000,ds1,269,269,02_extracted/uang/50000/ds1_img000269_ann000269.png,1.0,4.2594936708860756,0.18604952268973432,True,False,True,False,False,True,True,aspect_outlier,,
ds1_img000270_ann000270,20000,ds1,270,270,02_extracted/uang/20000/ds1_img000270_ann000270.png,1.0,2.2986301369863016,0.6270578743898044,True,False,False,False,True,False,True,random_5pct,,
ds1_img000277_ann000277,2000,ds1,277,277,02_extracted/uang/2000/ds1_img000277_ann000277.png,1.0,1.9185750636132315,0.5023905436197916,True,False,False,False,True,False,True,random_5pct,,
ds1_img000278_ann000278,10000,ds1,278,278,02_extracted/uang/10000/ds1_img000278_ann000278.png,1.0,3.957040572792363,0.29445309109157985,True,False,True,False,False,True,True,aspect_outlier,,
ds1_img000281_ann000281,1000,ds1,281,281,02_extracted/uang/1000/ds1_img000281_ann000281.png,1.0,3.86810551558753,0.28720921295347407,True,False,True,False,False,True,True,aspect_outlier,,
ds1_img000282_ann000282,50000,ds1,282,282,02_extracted/uang/50000/ds1_img000282_ann000282.png,1.0,4.297297297297297,0.20347535355605656,True,False,True,False,False,True,True,aspect_outlier,,
ds1_img000283_ann000283,10000,ds1,283,283,02_extracted/uang/10000/ds1_img000283_ann000283.png,1.0,3.949753694581281,0.4343802307508369,True,False,True,False,False,True,True,aspect_outlier,,
ds1_img000284_ann000284,5000,ds1,284,284,02_extracted/uang/5000/ds1_img000284_ann000284.png,1.0,1.958498023715415,0.8501620822482638,True,False,False,False,True,False,True,random_5pct,,
ds1_img000285_ann000285,20000,ds1,285,285,02_extracted/uang/20000/ds1_img000285_ann000285.png,1.0,4.023460410557185,0.24516536080053997,True,False,True,False,False,True,True,aspect_outlier,,
ds1_img000287_ann000287,50000,ds1,287,287,02_extracted/uang/50000/ds1_img000287_ann000287.png,1.0,4.172985781990521,0.31498463948567706,True,False,True,False,False,True,True,aspect_outlier,,
ds1_img000289_ann000289,50000,ds1,289,289,02_extracted/uang/50000/ds1_img000289_ann000289.png,1.0,4.098591549295775,0.31760094281615087,True,False,True,False,False,True,True,aspect_outlier,,
ds1_img000290_ann000290,2000,ds1,290,290,02_extracted/uang/2000/ds1_img000290_ann000290.png,1.0,4.190031152647975,0.18299738566080728,True,False,True,False,False,True,True,aspect_outlier,,
ds1_img000291_ann000291,1000,ds1,291,291,02_extracted/uang/1000/ds1_img000291_ann000291.png,1.0,3.72744014732965,0.4658304850260417,True,False,True,False,False,True,True,aspect_outlier,,
ds1_img000292_ann000292,5000,ds1,292,292,02_extracted/uang/5000/ds1_img000292_ann000292.png,1.0,4.072992700729927,0.2948729157880661,True,False,True,False,False,True,True,aspect_outlier,,
ds1_img000295_ann000295,10000,ds1,295,295,02_extracted/uang/10000/ds1_img000295_ann000295.png,1.0,3.679558011049724,0.45984649658203125,True,False,True,False,False,True,True,aspect_outlier,,
ds1_img000302_ann000302,2000,ds1,302,302,02_extracted/uang/2000/ds1_img000302_ann000302.png,1.0,3.7359413202933984,0.2648891872829861,True,False,True,False,False,True,True,aspect_outlier,,
ds1_img000304_ann000304,50000,ds1,304,304,02_extracted/uang/50000/ds1_img000304_ann000304.png,1.0,4.335365853658536,0.19769287109375,True,False,True,False,False,True,True,aspect_outlier,,
ds1_img000305_ann000305,2000,ds1,305,305,02_extracted/uang/2000/ds1_img000305_ann000305.png,1.0,4.0892307692307694,0.18307367960611978,True,False,True,False,False,True,True,aspect_outlier,,
ds1_img000308_ann000308,1000,ds1,308,308,02_extracted/uang/1000/ds1_img000308_ann000308.png,1.0,4.047770700636943,0.16915808783637154,True,False,True,False,False,True,True,aspect_outlier,,
ds1_img000310_ann000310,1000,ds1,310,310,02_extracted/uang/1000/ds1_img000310_ann000310.png,1.0,3.8708133971291865,0.308663070365198,True,False,True,False,False,True,True,aspect_outlier,,
ds1_img000315_ann000315,20000,ds1,315,315,02_extracted/uang/20000/ds1_img000315_ann000315.png,1.0,4.106635071090047,0.36078091268948587,True,False,True,False,False,True,True,aspect_outlier,,
ds1_img000316_ann000316,2000,ds1,316,316,02_extracted/uang/2000/ds1_img000316_ann000316.png,1.0,3.8934131736526947,0.2897819951151192,True,False,True,False,False,True,True,aspect_outlier,,
ds1_img000319_ann000319,2000,ds1,319,319,02_extracted/uang/2000/ds1_img000319_ann000319.png,1.0,3.7996289424860854,0.4678819444444444,True,False,True,False,False,True,True,aspect_outlier,,
ds1_img000327_ann000327,1000,ds1,327,327,02_extracted/uang/1000/ds1_img000327_ann000327.png,1.0,3.9656019656019654,0.27842966715494794,True,False,True,False,False,True,True,aspect_outlier,,
ds1_img000329_ann000329,2000,ds1,329,329,02_extracted/uang/2000/ds1_img000329_ann000329.png,1.0,3.7996768982229403,0.15541606886657103,True,False,True,False,False,True,True,aspect_outlier,,
ds1_img000330_ann000330,2000,ds1,330,330,02_extracted/uang/2000/ds1_img000330_ann000330.png,1.0,3.8337236533957846,0.29627439710828996,True,False,True,False,False,True,True,aspect_outlier,,
ds1_img000332_ann000332,10000,ds1,332,332,02_extracted/uang/10000/ds1_img000332_ann000332.png,1.0,3.930902111324376,0.4522569444444444,True,False,True,False,False,True,True,aspect_outlier,,
ds1_img000333_ann000333,20000,ds1,333,333,02_extracted/uang/20000/ds1_img000333_ann000333.png,1.0,3.9863013698630136,0.4411938985188802,True,False,True,False,False,True,True,aspect_outlier,,
ds1_img000338_ann000338,10000,ds1,338,338,02_extracted/uang/10000/ds1_img000338_ann000338.png,1.0,4.028436018957346,0.1723105400696864,True,False,True,False,False,True,True,aspect_outlier,,
ds1_img000339_ann000339,2000,ds1,339,339,02_extracted/uang/2000/ds1_img000339_ann000339.png,1.0,4.182527301092044,0.18345214610234337,True,False,True,False,False,True,True,aspect_outlier,,
ds1_img000340_ann000340,10000,ds1,340,340,02_extracted/uang/10000/ds1_img000340_ann000340.png,1.0,3.679558011049724,0.45984649658203125,True,False,True,False,False,True,True,aspect_outlier,,
ds1_img000349_ann000349,50000,ds1,349,349,02_extracted/uang/50000/ds1_img000349_ann000349.png,1.0,4.0,0.1857520209418403,True,False,False,False,True,False,True,random_5pct,,
ds1_img000350_ann000350,1000,ds1,350,350,02_extracted/uang/1000/ds1_img000350_ann000350.png,1.0,3.9753086419753085,0.19678364889487443,True,False,True,False,False,True,True,aspect_outlier,,
ds1_img000352_ann000352,2000,ds1,352,352,02_extracted/uang/2000/ds1_img000352_ann000352.png,1.0,4.380645161290323,0.1797584887613582,True,False,True,False,False,True,True,aspect_outlier,,
ds1_img000354_ann000354,20000,ds1,354,354,02_extracted/uang/20000/ds1_img000354_ann000354.png,1.0,4.056603773584905,0.3091091579861111,True,False,True,False,False,True,True,aspect_outlier,,
ds1_img000358_ann000358,1000,ds1,358,358,02_extracted/uang/1000/ds1_img000358_ann000358.png,1.0,3.84,0.46296296296296297,True,False,True,False,False,True,True,aspect_outlier,,
ds1_img000359_ann000359,1000,ds1,359,359,02_extracted/uang/1000/ds1_img000359_ann000359.png,1.0,3.608133086876155,0.49271402550091076,True,False,True,False,False,True,True,aspect_outlier,,
ds1_img000362_ann000362,1000,ds1,362,362,02_extracted/uang/1000/ds1_img000362_ann000362.png,1.0,3.873205741626794,0.28684065077039933,True,False,True,False,False,True,True,aspect_outlier,,
ds1_img000363_ann000363,1000,ds1,363,363,02_extracted/uang/1000/ds1_img000363_ann000363.png,1.0,3.7282809611829943,0.465941193550591,True,False,True,False,False,True,True,aspect_outlier,,
ds1_img000365_ann000365,2000,ds1,365,365,02_extracted/uang/2000/ds1_img000365_ann000365.png,1.0,3.8976190476190475,0.2914174397786458,True,False,True,False,False,True,True,aspect_outlier,,
ds1_img000367_ann000367,1000,ds1,367,367,02_extracted/uang/1000/ds1_img000367_ann000367.png,1.0,3.9152542372881354,0.28305943806966144,True,False,True,False,False,True,True,aspect_outlier,,
ds1_img000369_ann000369,1000,ds1,369,369,02_extracted/uang/1000/ds1_img000369_ann000369.png,1.0,4.133819951338199,0.2959734598795573,True,False,True,False,False,True,True,aspect_outlier,,
ds1_img000370_ann000370,2000,ds1,370,370,02_extracted/uang/2000/ds1_img000370_ann000370.png,1.0,3.8950617283950617,0.20392846883079574,True,False,True,False,False,True,True,aspect_outlier,,
ds1_img000371_ann000371,2000,ds1,371,371,02_extracted/uang/2000/ds1_img000371_ann000371.png,1.0,4.096018735362998,0.3165448506673177,True,False,True,False,False,True,True,aspect_outlier,,
ds1_img000373_ann000373,10000,ds1,373,373,02_extracted/uang/10000/ds1_img000373_ann000373.png,1.0,3.8481927710843373,0.3024704035342333,True,False,True,False,False,True,True,aspect_outlier,,
ds1_img000374_ann000374,1000,ds1,374,374,02_extracted/uang/1000/ds1_img000374_ann000374.png,1.0,3.6015325670498086,0.4783994852145427,True,False,True,False,False,True,True,aspect_outlier,,
ds1_img000379_ann000379,10000,ds1,379,379,02_extracted/uang/10000/ds1_img000379_ann000379.png,1.0,3.5572519083969465,0.5,True,False,True,False,False,True,True,aspect_outlier,,
ds1_img000382_ann000382,1000,ds1,382,382,02_extracted/uang/1000/ds1_img000382_ann000382.png,1.0,4.225806451612903,0.1740486256115917,True,False,True,False,False,True,True,aspect_outlier,,
ds1_img000383_ann000383,50000,ds1,383,383,02_extracted/uang/50000/ds1_img000383_ann000383.png,1.0,2.1612349914236706,0.3113555908203125,True,False,False,False,True,False,True,random_5pct,,
ds1_img000385_ann000385,2000,ds1,385,385,02_extracted/uang/2000/ds1_img000385_ann000385.png,1.0,3.6483870967741936,0.16358449789483115,True,False,True,False,False,True,True,aspect_outlier,,
ds1_img000386_ann000386,50000,ds1,386,386,02_extracted/uang/50000/ds1_img000386_ann000386.png,1.0,4.486196319018405,0.20358295757327322,True,False,True,False,True,True,True,aspect_outlier;random_5pct,,
ds1_img000387_ann000387,20000,ds1,387,387,02_extracted/uang/20000/ds1_img000387_ann000387.png,1.0,3.983316977428852,0.441530987394958,True,False,True,False,False,True,True,aspect_outlier,,
ds1_img000388_ann000388,10000,ds1,388,388,02_extracted/uang/10000/ds1_img000388_ann000388.png,1.0,3.9544025157232703,0.17075092232014757,True,False,True,False,False,True,True,aspect_outlier,,
ds1_img000389_ann000389,1000,ds1,389,389,02_extracted/uang/1000/ds1_img000389_ann000389.png,1.0,3.8779284833538843,0.2722760598141696,True,False,True,False,False,True,True,aspect_outlier,,
ds1_img000398_ann000398,10000,ds1,398,398,02_extracted/uang/10000/ds1_img000398_ann000398.png,1.0,4.316109422492401,0.2132132132132132,True,False,True,False,False,True,True,aspect_outlier,,
ds1_img000401_ann000401,1000,ds1,401,401,02_extracted/uang/1000/ds1_img000401_ann000401.png,1.0,4.136363636363637,0.1663174099392361,True,False,True,False,False,True,True,aspect_outlier,,
ds1_img000405_ann000405,20000,ds1,405,405,02_extracted/uang/20000/ds1_img000405_ann000405.png,1.0,4.003048780487805,0.22292620406777275,True,False,True,False,False,True,True,aspect_outlier,,
ds1_img000406_ann000406,1000,ds1,406,406,02_extracted/uang/1000/ds1_img000406_ann000406.png,1.0,4.090024330900243,0.3292854855129657,True,False,True,False,False,True,True,aspect_outlier,,
ds1_img000407_ann000407,10000,ds1,407,407,02_extracted/uang/10000/ds1_img000407_ann000407.png,1.0,4.309523809523809,0.20621744791666666,True,False,True,False,False,True,True,aspect_outlier,,
ds1_img000411_ann000411,20000,ds1,411,411,02_extracted/uang/20000/ds1_img000411_ann000411.png,1.0,2.2184724689165187,0.29804950290256077,True,False,False,False,True,False,True,random_5pct,,
ds1_img000412_ann000412,20000,ds1,412,412,02_extracted/uang/20000/ds1_img000412_ann000412.png,1.0,4.1521997621878715,0.3135004611600738,True,False,True,False,False,True,True,aspect_outlier,,
ds1_img000416_ann000416,20000,ds1,416,416,02_extracted/uang/20000/ds1_img000416_ann000416.png,1.0,4.099767981438515,0.3227984110514323,True,False,True,False,False,True,True,aspect_outlier,,
ds1_img000422_ann000422,10000,ds1,422,422,02_extracted/uang/10000/ds1_img000422_ann000422.png,1.0,4.362804878048781,0.2004201680672269,True,False,True,False,False,True,True,aspect_outlier,,
ds1_img000423_ann000423,10000,ds1,423,423,02_extracted/uang/10000/ds1_img000423_ann000423.png,1.0,3.635294117647059,0.3096317945700026,True,False,True,False,False,True,True,aspect_outlier,,
ds1_img000433_ann000433,5000,ds1,433,433,02_extracted/uang/5000/ds1_img000433_ann000433.png,1.0,4.25,0.18446180555555555,True,False,True,False,False,True,True,aspect_outlier,,
ds1_img000437_ann000437,20000,ds1,437,437,02_extracted/uang/20000/ds1_img000437_ann000437.png,1.0,2.1479915433403804,0.8147650824652778,True,False,False,False,True,False,True,random_5pct,,
ds1_img000438_ann000438,100000,ds1,438,438,02_extracted/uang/100000/ds1_img000438_ann000438.png,1.0,4.058461538461539,0.18169615003797743,True,False,True,False,False,True,True,aspect_outlier,,
ds1_img000441_ann000441,50000,ds1,441,441,02_extracted/uang/50000/ds1_img000441_ann000441.png,1.0,4.489296636085627,0.20346577962239584,True,False,True,False,False,True,True,aspect_outlier,,
ds1_img000442_ann000442,2000,ds1,442,442,02_extracted/uang/2000/ds1_img000442_ann000442.png,1.0,3.815695600475624,0.2880936368449819,True,False,True,False,False,True,True,aspect_outlier,,
ds1_img000452_ann000452,10000,ds1,452,452,02_extracted/uang/10000/ds1_img000452_ann000452.png,1.0,3.840466926070039,0.46306306306306305,True,False,True,False,False,True,True,aspect_outlier,,
ds1_img000453_ann000453,10000,ds1,453,453,02_extracted/uang/10000/ds1_img000453_ann000453.png,1.0,4.061538461538461,0.18183390299479166,True,False,True,False,False,True,True,aspect_outlier,,
ds1_img000454_ann000454,10000,ds1,454,454,02_extracted/uang/10000/ds1_img000454_ann000454.png,1.0,3.8969465648854964,0.4535285101996528,True,False,True,False,False,True,True,aspect_outlier,,
ds1_img000455_ann000455,2000,ds1,455,455,02_extracted/uang/2000/ds1_img000455_ann000455.png,1.0,3.881453154875717,0.45000288221571183,True,False,True,False,True,True,True,aspect_outlier;random_5pct,,
ds1_img000456_ann000456,2000,ds1,456,456,02_extracted/uang/2000/ds1_img000456_ann000456.png,1.0,3.5768194070080863,0.4729936334289814,True,False,True,False,False,True,True,aspect_outlier,,
ds1_img000459_ann000459,1000,ds1,459,459,02_extracted/uang/1000/ds1_img000459_ann000459.png,1.0,3.9088669950738915,0.27309926350911456,True,False,True,False,False,True,True,aspect_outlier,,
ds1_img000460_ann000460,5000,ds1,460,460,02_extracted/uang/5000/ds1_img000460_ann000460.png,1.0,4.240259740259741,0.1704949273003472,True,False,True,False,False,True,True,aspect_outlier,,
ds1_img000463_ann000463,50000,ds1,463,463,02_extracted/uang/50000/ds1_img000463_ann000463.png,1.0,3.9661538461538464,0.19966379938155102,True,False,False,False,True,False,True,random_5pct,,
ds1_img000466_ann000466,1000,ds1,466,466,02_extracted/uang/1000/ds1_img000466_ann000466.png,1.0,4.2025931928687195,0.17078732407597186,True,False,True,False,False,True,True,aspect_outlier,,
ds1_img000469_ann000469,10000,ds1,469,469,02_extracted/uang/10000/ds1_img000469_ann000469.png,1.0,4.037854889589905,0.17198350694444445,True,False,True,False,False,True,True,aspect_outlier,,
ds1_img000471_ann000471,1000,ds1,471,471,02_extracted/uang/1000/ds1_img000471_ann000471.png,1.0,4.011933174224343,0.29853778415256077,True,False,True,False,False,True,True,aspect_outlier,,
ds1_img000472_ann000472,1000,ds1,472,472,02_extracted/uang/1000/ds1_img000472_ann000472.png,1.0,4.090024330900243,0.3292854855129657,True,False,True,False,False,True,True,aspect_outlier,,
ds1_img000477_ann000477,2000,ds1,477,477,02_extracted/uang/2000/ds1_img000477_ann000477.png,1.0,4.382636655948553,0.17966927422417533,True,False,True,False,False,True,True,aspect_outlier,,
ds1_img000480_ann000480,100000,ds1,480,480,02_extracted/uang/100000/ds1_img000480_ann000480.png,1.0,4.515432098765432,0.2009124755859375,True,False,True,False,False,True,True,aspect_outlier,,
ds1_img000486_ann000486,50000,ds1,486,486,02_extracted/uang/50000/ds1_img000486_ann000486.png,1.0,4.122257053291536,0.17780092027452257,True,False,True,False,False,True,True,aspect_outlier,,
ds1_img000488_ann000488,2000,ds1,488,488,02_extracted/uang/2000/ds1_img000488_ann000488.png,1.0,3.8976190476190475,0.2914174397786458,True,False,True,False,False,True,True,aspect_outlier,,
ds1_img000491_ann000491,20000,ds1,491,491,02_extracted/uang/20000/ds1_img000491_ann000491.png,1.0,4.2292397660818715,0.33003689280590287,True,False,True,False,False,True,True,aspect_outlier,,
ds1_img000492_ann000492,20000,ds1,492,492,02_extracted/uang/20000/ds1_img000492_ann000492.png,1.0,4.0212121212121215,0.420722099815536,True,False,True,False,False,True,True,aspect_outlier,,
ds1_img000493_ann000493,10000,ds1,493,493,02_extracted/uang/10000/ds1_img000493_ann000493.png,1.0,3.847560975609756,0.1754489474826389,True,False,True,False,False,True,True,aspect_outlier,,
ds1_img000494_ann000494,5000,ds1,494,494,02_extracted/uang/5000/ds1_img000494_ann000494.png,1.0,4.205696202531645,0.17800394694010416,True,False,True,False,False,True,True,aspect_outlier,,
ds1_img000498_ann000498,20000,ds1,498,498,02_extracted/uang/20000/ds1_img000498_ann000498.png,1.0,4.003134796238244,0.21086482099191042,True,False,True,False,False,True,True,aspect_outlier,,
ds1_img000499_ann000499,2000,ds1,499,499,02_extracted/uang/2000/ds1_img000499_ann000499.png,1.0,4.382636655948553,0.17966927422417533,True,False,True,False,False,True,True,aspect_outlier,,
ds1_img000501_ann000501,5000,ds1,501,501,02_extracted/uang/5000/ds1_img000501_ann000501.png,1.0,3.8620689655172415,0.446044921875,True,False,False,False,True,False,True,random_5pct,,
ds1_img000504_ann000504,100000,ds1,504,504,02_extracted/uang/100000/ds1_img000504_ann000504.png,1.0,3.847695390781563,0.462037037037037,True,False,False,False,True,False,True,random_5pct,,
ds1_img000505_ann000505,10000,ds1,505,505,02_extracted/uang/10000/ds1_img000505_ann000505.png,1.0,3.8080614203454894,0.4668458781362007,True,False,True,False,False,True,True,aspect_outlier,,
ds1_img000507_ann000507,10000,ds1,507,507,02_extracted/uang/10000/ds1_img000507_ann000507.png,1.0,3.930902111324376,0.4522569444444444,True,False,True,False,False,True,True,aspect_outlier,,
ds1_img000509_ann000509,50000,ds1,509,509,02_extracted/uang/50000/ds1_img000509_ann000509.png,1.0,4.397553516819572,0.22676793981481483,True,False,True,False,False,True,True,aspect_outlier,,
ds1_img000510_ann000510,50000,ds1,510,510,02_extracted/uang/50000/ds1_img000510_ann000510.png,1.0,4.172985781990521,0.31498463948567706,True,False,True,False,False,True,True,aspect_outlier,,
ds1_img000522_ann000522,5000,ds1,522,522,02_extracted/uang/5000/ds1_img000522_ann000522.png,1.0,4.178683385579937,0.18023469712999132,True,False,True,False,False,True,True,aspect_outlier,,
ds1_img000523_ann000523,50000,ds1,523,523,02_extracted/uang/50000/ds1_img000523_ann000523.png,1.0,4.11377245508982,0.22887939289476203,True,False,True,False,False,True,True,aspect_outlier,,
ds1_img000532_ann000532,1000,ds1,532,532,02_extracted/uang/1000/ds1_img000532_ann000532.png,1.0,3.636015325670498,0.4887640449438202,True,False,True,False,False,True,True,aspect_outlier,,
ds1_img000536_ann000536,1000,ds1,536,536,02_extracted/uang/1000/ds1_img000536_ann000536.png,1.0,4.254838709677419,0.17331017388237846,True,False,True,False,True,True,True,aspect_outlier;random_5pct,,
ds1_img000537_ann000537,5000,ds1,537,537,02_extracted/uang/5000/ds1_img000537_ann000537.png,1.0,4.178683385579937,0.18023469712999132,True,False,True,False,False,True,True,aspect_outlier,,
ds1_img000539_ann000539,2000,ds1,539,539,02_extracted/uang/2000/ds1_img000539_ann000539.png,1.0,4.096018735362998,0.3165448506673177,True,False,True,False,False,True,True,aspect_outlier,,
ds1_img000542_ann000542,1000,ds1,542,542,02_extracted/uang/1000/ds1_img000542_ann000542.png,1.0,3.82138517618469,0.2763048054587689,True,False,True,False,False,True,True,aspect_outlier,,
ds1_img000543_ann000543,1000,ds1,543,543,02_extracted/uang/1000/ds1_img000543_ann000543.png,1.0,3.774859287054409,0.4545406765407986,True,False,True,False,False,True,True,aspect_outlier,,
ds1_img000552_ann000552,1000,ds1,552,552,02_extracted/uang/1000/ds1_img000552_ann000552.png,1.0,4.012987012987013,0.18558015736055455,True,False,True,False,False,True,True,aspect_outlier,,
ds1_img000553_ann000553,10000,ds1,553,553,02_extracted/uang/10000/ds1_img000553_ann000553.png,1.0,4.309523809523809,0.20621744791666666,True,False,True,False,False,True,True,aspect_outlier,,
ds1_img000554_ann000554,100000,ds1,554,554,02_extracted/uang/100000/ds1_img000554_ann000554.png,1.0,4.071875,0.1767306857638889,True,False,True,False,False,True,True,aspect_outlier,,
ds1_img000555_ann000555,10000,ds1,555,555,02_extracted/uang/10000/ds1_img000555_ann000555.png,1.0,3.7294117647058824,0.3007909758911763,True,False,True,False,False,True,True,aspect_outlier,,
ds1_img000559_ann000559,10000,ds1,559,559,02_extracted/uang/10000/ds1_img000559_ann000559.png,1.0,3.845565749235474,0.17558349559335928,True,False,True,False,False,True,True,aspect_outlier,,
ds1_img000564_ann000564,2000,ds1,564,564,02_extracted/uang/2000/ds1_img000564_ann000564.png,1.0,3.893081761006289,0.1681030948964952,True,False,True,False,False,True,True,aspect_outlier,,
ds1_img000567_ann000567,100000,ds1,567,567,02_extracted/uang/100000/ds1_img000567_ann000567.png,1.0,4.068965517241379,0.17680450228872036,True,False,True,False,False,True,True,aspect_outlier,,
ds1_img000571_ann000571,50000,ds1,571,571,02_extracted/uang/50000/ds1_img000571_ann000571.png,1.0,3.9661538461538464,0.19966379938155102,True,False,False,False,True,False,True,random_5pct,,
ds1_img000574_ann000574,2000,ds1,574,574,02_extracted/uang/2000/ds1_img000574_ann000574.png,1.0,3.881453154875717,0.45000288221571183,True,False,True,False,False,True,True,aspect_outlier,,
ds1_img000575_ann000575,1000,ds1,575,575,02_extracted/uang/1000/ds1_img000575_ann000575.png,1.0,3.6286764705882355,0.4900900900900901,True,False,True,False,False,True,True,aspect_outlier,,
ds1_img000577_ann000577,2000,ds1,577,577,02_extracted/uang/2000/ds1_img000577_ann000577.png,1.0,3.8934169278996866,0.16793060302734375,True,False,True,False,False,True,True,aspect_outlier,,
ds1_img000579_ann000579,50000,ds1,579,579,02_extracted/uang/50000/ds1_img000579_ann000579.png,1.0,4.17629179331307,0.1916020711263021,True,False,True,False,False,True,True,aspect_outlier,,
ds1_img000583_ann000583,10000,ds1,583,583,02_extracted/uang/10000/ds1_img000583_ann000583.png,1.0,3.952267303102625,0.3004208448069829,True,False,True,False,False,True,True,aspect_outlier,,
ds1_img000588_ann000588,10000,ds1,588,588,02_extracted/uang/10000/ds1_img000588_ann000588.png,1.0,3.949753694581281,0.4343802307508369,True,False,True,False,False,True,True,aspect_outlier,,
ds1_img000589_ann000589,1000,ds1,589,589,02_extracted/uang/1000/ds1_img000589_ann000589.png,1.0,1.848375451263538,0.9618055555555556,True,False,False,False,True,False,True,random_5pct,,
ds1_img000590_ann000590,10000,ds1,590,590,02_extracted/uang/10000/ds1_img000590_ann000590.png,1.0,3.6320754716981134,0.18801907577892082,True,False,True,False,False,True,True,aspect_outlier,,
ds1_img000591_ann000591,5000,ds1,591,591,02_extracted/uang/5000/ds1_img000591_ann000591.png,1.0,4.128526645768025,0.1875957797948839,True,False,True,False,False,True,True,aspect_outlier,,
ds1_img000592_ann000592,1000,ds1,592,592,02_extracted/uang/1000/ds1_img000592_ann000592.png,1.0,3.842406876790831,0.449639718692355,True,False,True,False,False,True,True,aspect_outlier,,
ds1_img000593_ann000593,100000,ds1,593,593,02_extracted/uang/100000/ds1_img000593_ann000593.png,1.0,4.076458752515091,0.429955762792922,True,False,True,False,False,True,True,aspect_outlier,,
ds1_img000596_ann000596,2000,ds1,596,596,02_extracted/uang/2000/ds1_img000596_ann000596.png,1.0,3.806451612903226,0.15504625108506945,True,False,True,False,True,True,True,aspect_outlier;random_5pct,,
ds1_img000598_ann000598,2000,ds1,598,598,02_extracted/uang/2000/ds1_img000598_ann000598.png,1.0,3.8976190476190475,0.2914174397786458,True,False,True,False,True,True,True,aspect_outlier;random_5pct,,
ds1_img000602_ann000602,2000,ds1,602,602,02_extracted/uang/2000/ds1_img000602_ann000602.png,1.0,3.756923076923077,0.19137008101851852,True,False,True,False,False,True,True,aspect_outlier,,
ds1_img000604_ann000604,5000,ds1,604,604,02_extracted/uang/5000/ds1_img000604_ann000604.png,1.0,1.9402597402597404,0.4875946044921875,True,False,False,False,True,False,True,random_5pct,,
ds1_img000608_ann000608,10000,ds1,608,608,02_extracted/uang/10000/ds1_img000608_ann000608.png,1.0,3.9013539651837523,0.4452709742433559,True,False,True,False,True,True,True,aspect_outlier;random_5pct,,
ds1_img000612_ann000612,10000,ds1,612,612,02_extracted/uang/10000/ds1_img000612_ann000612.png,1.0,3.7550058892815077,0.28893087722894034,True,False,True,False,True,True,True,aspect_outlier;random_5pct,,
ds1_img000614_ann000614,2000,ds1,614,614,02_extracted/uang/2000/ds1_img000614_ann000614.png,1.0,1.9252873563218391,0.889434814453125,True,False,False,False,True,False,True,random_5pct,,
ds1_img000619_ann000619,100000,ds1,619,619,02_extracted/uang/100000/ds1_img000619_ann000619.png,1.0,2.2701986754966885,0.5484983656141493,True,False,False,False,True,False,True,random_5pct,,
ds1_img000622_ann000622,2000,ds1,622,622,02_extracted/uang/2000/ds1_img000622_ann000622.png,1.0,3.8934169278996866,0.16793060302734375,True,False,True,False,False,True,True,aspect_outlier,,
ds1_img000626_ann000626,1000,ds1,626,626,02_extracted/uang/1000/ds1_img000626_ann000626.png,1.0,3.725212464589235,0.4459754176060668,True,False,True,False,False,True,True,aspect_outlier,,
ds1_img000627_ann000627,1000,ds1,627,627,02_extracted/uang/1000/ds1_img000627_ann000627.png,1.0,3.7855822550831792,0.4696180555555556,True,False,True,False,False,True,True,aspect_outlier,,
ds1_img000628_ann000628,10000,ds1,628,628,02_extracted/uang/10000/ds1_img000628_ann000628.png,1.0,3.9069212410501195,0.2907235887315538,True,False,True,False,False,True,True,aspect_outlier,,
ds1_img000631_ann000631,1000,ds1,631,631,02_extracted/uang/1000/ds1_img000631_ann000631.png,1.0,1.8722426470588236,0.9393717447916666,True,False,False,False,True,False,True,random_5pct,,
ds1_img000633_ann000633,10000,ds1,633,633,02_extracted/uang/10000/ds1_img000633_ann000633.png,1.0,3.8887545344619103,0.2839157614265218,True,False,True,False,False,True,True,aspect_outlier,,
ds1_img000634_ann000634,10000,ds1,634,634,02_extracted/uang/10000/ds1_img000634_ann000634.png,1.0,3.68,0.48342541436464087,True,False,True,False,True,True,True,aspect_outlier;random_5pct,,
ds1_img000635_ann000635,2000,ds1,635,635,02_extracted/uang/2000/ds1_img000635_ann000635.png,1.0,3.9760191846522783,0.29304758707682294,True,False,True,False,False,True,True,aspect_outlier,,
ds1_img000636_ann000636,2000,ds1,636,636,02_extracted/uang/2000/ds1_img000636_ann000636.png,1.0,4.09037558685446,0.3169642857142857,True,False,True,False,False,True,True,aspect_outlier,,
ds1_img000637_ann000637,2000,ds1,637,637,02_extracted/uang/2000/ds1_img000637_ann000637.png,1.0,4.146031746031746,0.17436981201171875,True,False,True,False,False,True,True,aspect_outlier,,
ds1_img000639_ann000639,1000,ds1,639,639,02_extracted/uang/1000/ds1_img000639_ann000639.png,1.0,4.025078369905956,0.17554696098499264,True,False,True,False,False,True,True,aspect_outlier,,
ds1_img000644_ann000644,5000,ds1,644,644,02_extracted/uang/5000/ds1_img000644_ann000644.png,1.0,3.815165876777251,0.2879757351345486,True,False,False,False,True,False,True,random_5pct,,
ds1_img000646_ann000646,1000,ds1,646,646,02_extracted/uang/1000/ds1_img000646_ann000646.png,1.0,3.8474025974025974,0.17395307870926416,True,False,True,False,False,True,True,aspect_outlier,,
ds1_img000649_ann000649,10000,ds1,649,649,02_extracted/uang/10000/ds1_img000649_ann000649.png,1.0,4.362804878048781,0.2004201680672269,True,False,True,False,False,True,True,aspect_outlier,,
ds1_img000651_ann000651,1000,ds1,651,651,02_extracted/uang/1000/ds1_img000651_ann000651.png,1.0,3.6628352490421454,0.42303466796875,True,False,True,False,False,True,True,aspect_outlier,,
ds1_img000652_ann000652,5000,ds1,652,652,02_extracted/uang/5000/ds1_img000652_ann000652.png,1.0,4.071863580998782,0.29298641712782675,True,False,True,False,False,True,True,aspect_outlier,,
ds1_img000657_ann000657,10000,ds1,657,657,02_extracted/uang/10000/ds1_img000657_ann000657.png,1.0,3.8995433789954337,0.3170878092447917,True,False,True,False,False,True,True,aspect_outlier,,
ds1_img000660_ann000660,20000,ds1,660,660,02_extracted/uang/20000/ds1_img000660_ann000660.png,1.0,3.9863013698630136,0.4411938985188802,True,False,True,False,False,True,True,aspect_outlier,,
ds1_img000665_ann000665,100000,ds1,665,665,02_extracted/uang/100000/ds1_img000665_ann000665.png,1.0,2.094922737306843,0.848314606741573,True,False,False,False,True,False,True,random_5pct,,
ds1_img000670_ann000670,1000,ds1,670,670,02_extracted/uang/1000/ds1_img000670_ann000670.png,1.0,3.9161603888213854,0.28315751605520256,True,False,True,False,False,True,True,aspect_outlier,,
ds1_img000671_ann000671,50000,ds1,671,671,02_extracted/uang/50000/ds1_img000671_ann000671.png,1.0,4.237426900584795,0.33067579165812666,True,False,True,False,False,True,True,aspect_outlier,,
ds1_img000676_ann000676,10000,ds1,676,676,02_extracted/uang/10000/ds1_img000676_ann000676.png,1.0,4.1152647975077885,0.1854830666834635,True,False,True,False,False,True,True,aspect_outlier,,
ds1_img000679_ann000679,2000,ds1,679,679,02_extracted/uang/2000/ds1_img000679_ann000679.png,1.0,3.799522673031026,0.3145467645982579,True,False,True,False,False,True,True,aspect_outlier,,
ds1_img000687_ann000687,5000,ds1,687,687,02_extracted/uang/5000/ds1_img000687_ann000687.png,1.0,4.08125,0.17713758680555555,True,False,True,False,False,True,True,aspect_outlier,,
ds1_img000689_ann000689,2000,ds1,689,689,02_extracted/uang/2000/ds1_img000689_ann000689.png,1.0,4.190031152647975,0.18299738566080728,True,False,True,False,False,True,True,aspect_outlier,,
ds1_img000691_ann000691,100000,ds1,691,691,02_extracted/uang/100000/ds1_img000691_ann000691.png,1.0,4.15130023640662,0.3148345947265625,True,False,True,False,False,True,True,aspect_outlier,,
ds1_img000700_ann000700,1000,ds1,700,700,02_extracted/uang/1000/ds1_img000700_ann000700.png,1.0,3.792880258899676,0.17654216268390419,True,False,True,False,False,True,True,aspect_outlier,,
ds1_img000703_ann000703,5000,ds1,703,703,02_extracted/uang/5000/ds1_img000703_ann000703.png,1.0,3.5984555984555984,0.49427480916030536,True,False,False,False,True,False,True,random_5pct,,
ds1_img000705_ann000705,20000,ds1,705,705,02_extracted/uang/20000/ds1_img000705_ann000705.png,1.0,4.108504398826979,0.2252789692285058,True,False,True,False,True,True,True,aspect_outlier;random_5pct,,
ds1_img000709_ann000709,20000,ds1,709,709,02_extracted/uang/20000/ds1_img000709_ann000709.png,1.0,4.230769230769231,0.3300285339355469,True,False,True,False,False,True,True,aspect_outlier,,
ds1_img000710_ann000710,2000,ds1,710,710,02_extracted/uang/2000/ds1_img000710_ann000710.png,1.0,3.828638497652582,0.2966822094691535,True,False,True,False,False,True,True,aspect_outlier,,
ds1_img000712_ann000712,2000,ds1,712,712,02_extracted/uang/2000/ds1_img000712_ann000712.png,1.0,4.081664098613251,0.18352473611395778,True,False,True,False,False,True,True,aspect_outlier,,
ds1_img000714_ann000714,2000,ds1,714,714,02_extracted/uang/2000/ds1_img000714_ann000714.png,1.0,3.7934990439770555,0.46863799283154123,True,False,True,False,False,True,True,aspect_outlier,,
ds1_img000719_ann000719,5000,ds1,719,719,02_extracted/uang/5000/ds1_img000719_ann000719.png,1.0,4.134375,0.18077474892395984,True,False,True,False,False,True,True,aspect_outlier,,
ds1_img000721_ann000721,50000,ds1,721,721,02_extracted/uang/50000/ds1_img000721_ann000721.png,1.0,4.055944055944056,0.3163909912109375,True,False,True,False,False,True,True,aspect_outlier,,
ds1_img000723_ann000723,5000,ds1,723,723,02_extracted/uang/5000/ds1_img000723_ann000723.png,1.0,4.08125,0.17713758680555555,True,False,True,False,False,True,True,aspect_outlier,,
ds1_img000725_ann000725,5000,ds1,725,725,02_extracted/uang/5000/ds1_img000725_ann000725.png,1.0,4.137071651090342,0.18068440755208334,True,False,True,False,False,True,True,aspect_outlier,,
ds1_img000731_ann000731,10000,ds1,731,731,02_extracted/uang/10000/ds1_img000731_ann000731.png,1.0,4.00122249388753,0.2858033152285304,True,False,True,False,False,True,True,aspect_outlier,,
ds1_img000732_ann000732,10000,ds1,732,732,02_extracted/uang/10000/ds1_img000732_ann000732.png,1.0,3.805927342256214,0.4445205216232835,True,False,True,False,False,True,True,aspect_outlier,,
ds1_img000733_ann000733,50000,ds1,733,733,02_extracted/uang/50000/ds1_img000733_ann000733.png,1.0,4.237426900584795,0.33067579165812666,True,False,True,False,False,True,True,aspect_outlier,,
ds1_img000734_ann000734,10000,ds1,734,734,02_extracted/uang/10000/ds1_img000734_ann000734.png,1.0,3.827751196172249,0.3187566963689952,True,False,True,False,False,True,True,aspect_outlier,,
ds1_img000736_ann000736,1000,ds1,736,736,02_extracted/uang/1000/ds1_img000736_ann000736.png,1.0,3.6286764705882355,0.4900900900900901,True,False,True,False,False,True,True,aspect_outlier,,
ds1_img000737_ann000737,1000,ds1,737,737,02_extracted/uang/1000/ds1_img000737_ann000737.png,1.0,3.784786641929499,0.4695121951219512,True,False,True,False,False,True,True,aspect_outlier,,
ds1_img000738_ann000738,50000,ds1,738,738,02_extracted/uang/50000/ds1_img000738_ann000738.png,1.0,4.0476190476190474,0.43902439024390244,True,False,True,False,False,True,True,aspect_outlier,,
ds1_img000739_ann000739,50000,ds1,739,739,02_extracted/uang/50000/ds1_img000739_ann000739.png,1.0,4.1030444964871196,0.3170878092447917,True,False,True,False,False,True,True,aspect_outlier,,
ds1_img000746_ann000746,10000,ds1,746,746,02_extracted/uang/10000/ds1_img000746_ann000746.png,1.0,3.952267303102625,0.3004208448069829,True,False,True,False,True,True,True,aspect_outlier;random_5pct,,
ds1_img000747_ann000747,10000,ds1,747,747,02_extracted/uang/10000/ds1_img000747_ann000747.png,1.0,3.8481927710843373,0.3024704035342333,True,False,True,False,False,True,True,aspect_outlier,,
ds1_img000751_ann000751,2000,ds1,751,751,02_extracted/uang/2000/ds1_img000751_ann000751.png,1.0,3.806451612903226,0.15504625108506945,True,False,True,False,False,True,True,aspect_outlier,,
ds1_img000752_ann000752,1000,ds1,752,752,02_extracted/uang/1000/ds1_img000752_ann000752.png,1.0,3.798095238095238,0.44371287027994794,True,False,True,False,False,True,True,aspect_outlier,,
ds1_img000753_ann000753,2000,ds1,753,753,02_extracted/uang/2000/ds1_img000753_ann000753.png,1.0,3.6759776536312847,0.4837837837837838,True,False,True,False,False,True,True,aspect_outlier,,
ds1_img000755_ann000755,2000,ds1,755,755,02_extracted/uang/2000/ds1_img000755_ann000755.png,1.0,3.8214285714285716,0.2857208251953125,True,False,True,False,True,True,True,aspect_outlier;random_5pct,,
ds1_img000759_ann000759,20000,ds1,759,759,02_extracted/uang/20000/ds1_img000759_ann000759.png,1.0,4.377329192546584,0.19379782400765183,True,False,True,False,True,True,True,aspect_outlier;random_5pct,,
ds1_img000761_ann000761,10000,ds1,761,761,02_extracted/uang/10000/ds1_img000761_ann000761.png,1.0,4.0264423076923075,0.29753364760538364,True,False,True,False,False,True,True,aspect_outlier,,
ds1_img000764_ann000764,50000,ds1,764,764,02_extracted/uang/50000/ds1_img000764_ann000764.png,1.0,4.529595015576324,0.1978276570638021,True,False,True,False,False,True,True,aspect_outlier,,
ds1_img000765_ann000765,20000,ds1,765,765,02_extracted/uang/20000/ds1_img000765_ann000765.png,1.0,4.3808049535603715,0.19372092352973092,True,False,True,False,False,True,True,aspect_outlier,,
ds1_img000768_ann000768,2000,ds1,768,768,02_extracted/uang/2000/ds1_img000768_ann000768.png,1.0,3.582089552238806,0.4962962962962963,True,False,True,False,False,True,True,aspect_outlier,,
ds1_img000769_ann000769,20000,ds1,769,769,02_extracted/uang/20000/ds1_img000769_ann000769.png,1.0,3.983316977428852,0.441530987394958,True,False,True,False,False,True,True,aspect_outlier,,
ds1_img000770_ann000770,1000,ds1,770,770,02_extracted/uang/1000/ds1_img000770_ann000770.png,1.0,3.842406876790831,0.449639718692355,True,False,True,False,False,True,True,aspect_outlier,,
ds1_img000772_ann000772,50000,ds1,772,772,02_extracted/uang/50000/ds1_img000772_ann000772.png,1.0,4.0554455445544555,0.4383680555555556,True,False,True,False,False,True,True,aspect_outlier,,
ds1_img000776_ann000776,2000,ds1,776,776,02_extracted/uang/2000/ds1_img000776_ann000776.png,1.0,4.379421221864952,0.18528229192911733,True,False,True,False,False,True,True,aspect_outlier,,
ds1_img000778_ann000778,10000,ds1,778,778,02_extracted/uang/10000/ds1_img000778_ann000778.png,1.0,3.872146118721461,0.3148600260416667,True,False,True,False,False,True,True,aspect_outlier,,
ds1_img000785_ann000785,2000,ds1,785,785,02_extracted/uang/2000/ds1_img000785_ann000785.png,1.0,3.7374301675977653,0.4568138122558594,True,False,True,False,False,True,True,aspect_outlier,,
ds1_img000789_ann000789,10000,ds1,789,789,02_extracted/uang/10000/ds1_img000789_ann000789.png,1.0,4.316109422492401,0.2132132132132132,True,False,True,False,False,True,True,aspect_outlier,,
ds1_img000790_ann000790,5000,ds1,790,790,02_extracted/uang/5000/ds1_img000790_ann000790.png,1.0,4.25,0.18446180555555555,True,False,True,False,False,True,True,aspect_outlier,,
ds1_img000793_ann000793,100000,ds1,793,793,02_extracted/uang/100000/ds1_img000793_ann000793.png,1.0,4.074148296593187,0.42998716566297746,True,False,True,False,False,True,True,aspect_outlier,,
ds1_img000796_ann000796,1000,ds1,796,796,02_extracted/uang/1000/ds1_img000796_ann000796.png,1.0,3.8866995073891624,0.2715504964192708,True,False,True,False,False,True,True,aspect_outlier,,
ds1_img000797_ann000797,10000,ds1,797,797,02_extracted/uang/10000/ds1_img000797_ann000797.png,1.0,3.86322188449848,0.17723888821072048,True,False,True,False,False,True,True,aspect_outlier,,
ds1_img000799_ann000799,5000,ds1,799,799,02_extracted/uang/5000/ds1_img000799_ann000799.png,1.0,4.232520325203252,0.17089023109243698,True,False,True,False,False,True,True,aspect_outlier,,
ds1_img000801_ann000801,1000,ds1,801,801,02_extracted/uang/1000/ds1_img000801_ann000801.png,1.0,4.009677419354839,0.16683552415094993,True,False,True,False,False,True,True,aspect_outlier,,
ds1_img000803_ann000803,50000,ds1,803,803,02_extracted/uang/50000/ds1_img000803_ann000803.png,1.0,4.122931442080378,0.31268310546875,True,False,True,False,False,True,True,aspect_outlier,,
ds1_img000808_ann000808,10000,ds1,808,808,02_extracted/uang/10000/ds1_img000808_ann000808.png,1.0,4.1806853582554515,0.1825892130533854,True,False,True,False,False,True,True,aspect_outlier,,
ds1_img000810_ann000810,50000,ds1,810,810,02_extracted/uang/50000/ds1_img000810_ann000810.png,1.0,3.9667673716012084,0.19628488481327322,True,False,False,False,True,False,True,random_5pct,,
ds1_img000812_ann000812,10000,ds1,812,812,02_extracted/uang/10000/ds1_img000812_ann000812.png,1.0,3.8924111431316044,0.4502856630457061,True,False,True,False,False,True,True,aspect_outlier,,
ds1_img000814_ann000814,1000,ds1,814,814,02_extracted/uang/1000/ds1_img000814_ann000814.png,1.0,3.9753086419753085,0.19678364889487443,True,False,True,False,False,True,True,aspect_outlier,,
ds1_img000815_ann000815,1000,ds1,815,815,02_extracted/uang/1000/ds1_img000815_ann000815.png,1.0,3.8457142857142856,0.4492759704589844,True,False,True,False,False,True,True,aspect_outlier,,
ds1_img000816_ann000816,10000,ds1,816,816,02_extracted/uang/10000/ds1_img000816_ann000816.png,1.0,3.8057142857142856,0.44460296630859375,True,False,True,False,False,True,True,aspect_outlier,,
ds1_img000818_ann000818,10000,ds1,818,818,02_extracted/uang/10000/ds1_img000818_ann000818.png,1.0,3.9233716475095783,0.453125,True,False,True,False,False,True,True,aspect_outlier,,
ds1_img000822_ann000822,100000,ds1,822,822,02_extracted/uang/100000/ds1_img000822_ann000822.png,1.0,2.261558784676354,0.5533852565416411,True,False,False,False,True,False,True,random_5pct,,
ds1_img000825_ann000825,100000,ds1,825,825,02_extracted/uang/100000/ds1_img000825_ann000825.png,1.0,4.2654462242562925,0.3452589246961806,True,False,True,False,False,True,True,aspect_outlier,,
ds1_img000828_ann000828,2000,ds1,828,828,02_extracted/uang/2000/ds1_img000828_ann000828.png,1.0,3.9028182701652088,0.44114060258249643,True,False,True,False,False,True,True,aspect_outlier,,
ds1_img000830_ann000830,1000,ds1,830,830,02_extracted/uang/1000/ds1_img000830_ann000830.png,1.0,3.9656019656019654,0.27842966715494794,True,False,True,False,False,True,True,aspect_outlier,,
ds1_img000835_ann000835,1000,ds1,835,835,02_extracted/uang/1000/ds1_img000835_ann000835.png,1.0,3.6575591985428053,0.47072145931543347,True,False,True,False,False,True,True,aspect_outlier,,
ds1_img000838_ann000838,2000,ds1,838,838,02_extracted/uang/2000/ds1_img000838_ann000838.png,1.0,3.9833531510107014,0.3007521606203457,True,False,True,False,False,True,True,aspect_outlier,,
ds1_img000845_ann000845,100000,ds1,845,845,02_extracted/uang/100000/ds1_img000845_ann000845.png,1.0,2.2453825857519787,0.5468224419487847,True,False,False,False,True,False,True,random_5pct,,
ds1_img000846_ann000846,10000,ds1,846,846,02_extracted/uang/10000/ds1_img000846_ann000846.png,1.0,3.8995433789954337,0.3170878092447917,True,False,True,False,False,True,True,aspect_outlier,,
ds1_img000849_ann000849,20000,ds1,849,849,02_extracted/uang/20000/ds1_img000849_ann000849.png,1.0,4.091981132075472,0.3118048773871528,True,False,True,False,False,True,True,aspect_outlier,,
ds1_img000850_ann000850,20000,ds1,850,850,02_extracted/uang/20000/ds1_img000850_ann000850.png,1.0,4.093023255813954,0.32315365170458427,True,False,True,False,False,True,True,aspect_outlier,,
ds1_img000854_ann000854,2000,ds1,854,854,02_extracted/uang/2000/ds1_img000854_ann000854.png,1.0,3.8785714285714286,0.2932297184706693,True,False,True,False,False,True,True,aspect_outlier,,
ds1_img000859_ann000859,1000,ds1,859,859,02_extracted/uang/1000/ds1_img000859_ann000859.png,1.0,3.8275862068965516,0.4420623779296875,True,False,True,False,False,True,True,aspect_outlier,,
ds1_img000862_ann000862,100000,ds1,862,862,02_extracted/uang/100000/ds1_img000862_ann000862.png,1.0,4.06875,0.17856591818471698,True,False,True,False,False,True,True,aspect_outlier,,
ds1_img000863_ann000863,2000,ds1,863,863,02_extracted/uang/2000/ds1_img000863_ann000863.png,1.0,3.8879618593563765,0.29215536824485894,True,False,True,False,False,True,True,aspect_outlier,,
ds1_img000877_ann000877,1000,ds1,877,877,02_extracted/uang/1000/ds1_img000877_ann000877.png,1.0,3.636015325670498,0.4887640449438202,True,False,True,False,False,True,True,aspect_outlier,,
ds1_img000881_ann000881,5000,ds1,881,881,02_extracted/uang/5000/ds1_img000881_ann000881.png,1.0,4.082725060827251,0.29231516520182294,True,False,True,False,False,True,True,aspect_outlier,,
ds1_img000882_ann000882,1000,ds1,882,882,02_extracted/uang/1000/ds1_img000882_ann000882.png,1.0,3.6654545454545455,0.469970703125,True,False,True,False,False,True,True,aspect_outlier,,
ds1_img000884_ann000884,10000,ds1,884,884,02_extracted/uang/10000/ds1_img000884_ann000884.png,1.0,3.8946360153256707,0.44980621337890625,True,False,True,False,False,True,True,aspect_outlier,,
ds1_img000886_ann000886,100000,ds1,886,886,02_extracted/uang/100000/ds1_img000886_ann000886.png,1.0,4.2654462242562925,0.3452589246961806,True,False,True,False,False,True,True,aspect_outlier,,
ds1_img000893_ann000893,2000,ds1,893,893,02_extracted/uang/2000/ds1_img000893_ann000893.png,1.0,3.7953488372093025,0.468205574912892,True,False,True,False,False,True,True,aspect_outlier,,
ds1_img000899_ann000899,5000,ds1,899,899,02_extracted/uang/5000/ds1_img000899_ann000899.png,1.0,4.079937304075235,0.17728124786499966,True,False,True,False,False,True,True,aspect_outlier,,
ds1_img000901_ann000901,10000,ds1,901,901,02_extracted/uang/10000/ds1_img000901_ann000901.png,1.0,4.004878048780488,0.2853478325737847,True,False,True,False,False,True,True,aspect_outlier,,
ds1_img000902_ann000902,2000,ds1,902,902,02_extracted/uang/2000/ds1_img000902_ann000902.png,1.0,3.8949880668257757,0.2898356119791667,True,False,True,False,False,True,True,aspect_outlier,,
ds1_img000903_ann000903,10000,ds1,903,903,02_extracted/uang/10000/ds1_img000903_ann000903.png,1.0,4.004878048780488,0.2853478325737847,True,False,True,False,False,True,True,aspect_outlier,,
ds1_img000905_ann000905,50000,ds1,905,905,02_extracted/uang/50000/ds1_img000905_ann000905.png,1.0,4.055944055944056,0.3163909912109375,True,False,True,False,False,True,True,aspect_outlier,,
ds1_img000908_ann000908,100000,ds1,908,908,02_extracted/uang/100000/ds1_img000908_ann000908.png,1.0,4.515432098765432,0.2009124755859375,True,False,True,False,False,True,True,aspect_outlier,,
ds1_img000910_ann000910,10000,ds1,910,910,02_extracted/uang/10000/ds1_img000910_ann000910.png,1.0,3.918048780487805,0.43942577030812324,True,False,True,False,False,True,True,aspect_outlier,,
ds1_img000911_ann000911,1000,ds1,911,911,02_extracted/uang/1000/ds1_img000911_ann000911.png,1.0,3.7988095238095236,0.2861370157819225,True,False,True,False,False,True,True,aspect_outlier,,
ds1_img000912_ann000912,100000,ds1,912,912,02_extracted/uang/100000/ds1_img000912_ann000912.png,1.0,4.1506524317912215,0.3148759351301496,True,False,True,False,False,True,True,aspect_outlier,,
ds1_img000915_ann000915,5000,ds1,915,915,02_extracted/uang/5000/ds1_img000915_ann000915.png,1.0,4.079937304075235,0.17728124786499966,True,False,True,False,False,True,True,aspect_outlier,,
ds1_img000917_ann000917,2000,ds1,917,917,02_extracted/uang/2000/ds1_img000917_ann000917.png,1.0,3.7934990439770555,0.46863799283154123,True,False,True,False,False,True,True,aspect_outlier,,
ds1_img000920_ann000920,1000,ds1,920,920,02_extracted/uang/1000/ds1_img000920_ann000920.png,1.0,3.960687960687961,0.28994753328666484,True,False,True,False,False,True,True,aspect_outlier,,
ds1_img000923_ann000923,1000,ds1,923,923,02_extracted/uang/1000/ds1_img000923_ann000923.png,1.0,3.971608832807571,0.1745747424484197,True,False,True,False,True,True,True,aspect_outlier;random_5pct,,
ds1_img000924_ann000924,10000,ds1,924,924,02_extracted/uang/10000/ds1_img000924_ann000924.png,1.0,3.554858934169279,0.1784581049241662,True,False,True,False,False,True,True,aspect_outlier,,
ds1_img000925_ann000925,1000,ds1,925,925,02_extracted/uang/1000/ds1_img000925_ann000925.png,1.0,3.664423076923077,0.42309728769556604,True,False,True,False,False,True,True,aspect_outlier,,
ds1_img000931_ann000931,50000,ds1,931,931,02_extracted/uang/50000/ds1_img000931_ann000931.png,1.0,4.221445221445221,0.3545729620197705,True,False,True,False,False,True,True,aspect_outlier,,
ds1_img000936_ann000936,2000,ds1,936,936,02_extracted/uang/2000/ds1_img000936_ann000936.png,1.0,3.9843260188087775,0.17185168796115452,True,False,True,False,True,True,True,aspect_outlier;random_5pct,,
ds1_img000939_ann000939,50000,ds1,939,939,02_extracted/uang/50000/ds1_img000939_ann000939.png,1.0,4.2377622377622375,0.33057403564453125,True,False,True,False,False,True,True,aspect_outlier,,
ds1_img000940_ann000940,5000,ds1,940,940,02_extracted/uang/5000/ds1_img000940_ann000940.png,1.0,3.8160919540229883,0.44073486328125,True,False,False,False,True,False,True,random_5pct,,
ds1_img000944_ann000944,20000,ds1,944,944,02_extracted/uang/20000/ds1_img000944_ann000944.png,1.0,3.988290398126464,0.308219485812717,True,False,True,False,False,True,True,aspect_outlier,,
ds1_img000946_ann000946,1000,ds1,946,946,02_extracted/uang/1000/ds1_img000946_ann000946.png,1.0,4.037854889589905,0.17198350694444445,True,False,True,False,False,True,True,aspect_outlier,,
ds1_img000953_ann000953,2000,ds1,953,953,02_extracted/uang/2000/ds1_img000953_ann000953.png,1.0,3.9711538461538463,0.29344811095169776,True,False,True,False,False,True,True,aspect_outlier,,
ds1_img000957_ann000957,100000,ds1,957,957,02_extracted/uang/100000/ds1_img000957_ann000957.png,1.0,4.553191489361702,0.20889366997612846,True,False,True,False,False,True,True,aspect_outlier,,
ds1_img000958_ann000958,50000,ds1,958,958,02_extracted/uang/50000/ds1_img000958_ann000958.png,1.0,2.143157894736842,0.8198208279079862,True,False,False,False,True,False,True,random_5pct,,
ds1_img000962_ann000962,2000,ds1,962,962,02_extracted/uang/2000/ds1_img000962_ann000962.png,1.0,4.182527301092044,0.18345214610234337,True,False,True,False,False,True,True,aspect_outlier,,
ds1_img000965_ann000965,1000,ds1,965,965,02_extracted/uang/1000/ds1_img000965_ann000965.png,1.0,3.8983050847457625,0.2849794450330354,True,False,True,False,False,True,True,aspect_outlier,,
ds1_img000968_ann000968,50000,ds1,968,968,02_extracted/uang/50000/ds1_img000968_ann000968.png,1.0,4.1030444964871196,0.3170878092447917,True,False,True,False,False,True,True,aspect_outlier,,
ds1_img000972_ann000972,2000,ds1,972,972,02_extracted/uang/2000/ds1_img000972_ann000972.png,1.0,3.806451612903226,0.15504625108506945,True,False,True,False,False,True,True,aspect_outlier,,
ds1_img000973_ann000973,10000,ds1,973,973,02_extracted/uang/10000/ds1_img000973_ann000973.png,1.0,3.8887545344619103,0.2839157614265218,True,False,True,False,False,True,True,aspect_outlier,,
ds1_img000975_ann000975,10000,ds1,975,975,02_extracted/uang/10000/ds1_img000975_ann000975.png,1.0,2.069798657718121,0.48692067464192706,True,False,False,False,True,False,True,random_5pct,,
ds1_img000979_ann000979,1000,ds1,979,979,02_extracted/uang/1000/ds1_img000979_ann000979.png,1.0,3.642857142857143,0.4679826673086182,True,False,True,False,False,True,True,aspect_outlier,,
ds1_img000980_ann000980,100000,ds1,980,980,02_extracted/uang/100000/ds1_img000980_ann000980.png,1.0,4.1506524317912215,0.3148759351301496,True,False,True,False,False,True,True,aspect_outlier,,
ds1_img000981_ann000981,2000,ds1,981,981,02_extracted/uang/2000/ds1_img000981_ann000981.png,1.0,3.728337236533958,0.3035411286030171,True,False,True,False,False,True,True,aspect_outlier,,
ds1_img000982_ann000982,10000,ds1,982,982,02_extracted/uang/10000/ds1_img000982_ann000982.png,1.0,3.9268527430221365,0.45252613240418116,True,False,True,False,False,True,True,aspect_outlier,,
ds1_img000986_ann000986,5000,ds1,986,986,02_extracted/uang/5000/ds1_img000986_ann000986.png,1.0,4.137071651090342,0.18068440755208334,True,False,True,False,True,True,True,aspect_outlier;random_5pct,,
ds1_img000991_ann000991,2000,ds1,991,991,02_extracted/uang/2000/ds1_img000991_ann000991.png,1.0,4.096018735362998,0.3165448506673177,True,False,True,False,False,True,True,aspect_outlier,,
ds1_img000994_ann000994,2000,ds1,994,994,02_extracted/uang/2000/ds1_img000994_ann000994.png,1.0,3.8214285714285716,0.2857208251953125,True,False,True,False,False,True,True,aspect_outlier,,
ds1_img000995_ann000995,10000,ds1,995,995,02_extracted/uang/10000/ds1_img000995_ann000995.png,1.0,3.978048780487805,0.28952997003862074,True,False,True,False,False,True,True,aspect_outlier,,
ds1_img000997_ann000997,10000,ds1,997,997,02_extracted/uang/10000/ds1_img000997_ann000997.png,1.0,3.9528487229862477,0.4340735541449653,True,False,True,False,False,True,True,aspect_outlier,,
ds1_img000998_ann000998,1000,ds1,998,998,02_extracted/uang/1000/ds1_img000998_ann000998.png,1.0,4.128455284552846,0.16668855042016806,True,False,True,False,False,True,True,aspect_outlier,,
ds1_img000999_ann000999,10000,ds1,999,999,02_extracted/uang/10000/ds1_img000999_ann000999.png,1.0,3.8947368421052633,0.3175915488146478,True,False,True,False,False,True,True,aspect_outlier,,
ds1_img001000_ann001000,1000,ds1,1000,1000,02_extracted/uang/1000/ds1_img001000_ann001000.png,1.0,3.738007380073801,0.46888535902165746,True,False,True,False,False,True,True,aspect_outlier,,
ds1_img001003_ann001003,20000,ds1,1003,1003,02_extracted/uang/20000/ds1_img001003_ann001003.png,1.0,4.090909090909091,0.3630859375,True,False,True,False,False,True,True,aspect_outlier,,
ds1_img001006_ann001006,10000,ds1,1006,1006,02_extracted/uang/10000/ds1_img001006_ann001006.png,1.0,4.004878048780488,0.2853478325737847,True,False,True,False,False,True,True,aspect_outlier,,
ds1_img001007_ann001007,10000,ds1,1007,1007,02_extracted/uang/10000/ds1_img001007_ann001007.png,1.0,3.86322188449848,0.17723888821072048,True,False,True,False,False,True,True,aspect_outlier,,
ds1_img001008_ann001008,5000,ds1,1008,1008,02_extracted/uang/5000/ds1_img001008_ann001008.png,1.0,3.614785992217899,0.4829869357468553,True,False,False,False,True,False,True,random_5pct,,
ds1_img001009_ann001009,2000,ds1,1009,1009,02_extracted/uang/2000/ds1_img001009_ann001009.png,1.0,4.096018735362998,0.3165448506673177,True,False,True,False,False,True,True,aspect_outlier,,
ds1_img001010_ann001010,2000,ds1,1010,1010,02_extracted/uang/2000/ds1_img001010_ann001010.png,1.0,3.988290398126464,0.3247051143284787,True,False,True,False,False,True,True,aspect_outlier,,
ds1_img001012_ann001012,2000,ds1,1012,1012,02_extracted/uang/2000/ds1_img001012_ann001012.png,1.0,4.1449044585987265,0.17450254492040718,True,False,True,False,False,True,True,aspect_outlier,,
ds1_img001015_ann001015,2000,ds1,1015,1015,02_extracted/uang/2000/ds1_img001015_ann001015.png,1.0,3.7374301675977653,0.4568138122558594,True,False,True,False,False,True,True,aspect_outlier,,
ds1_img001016_ann001016,2000,ds1,1016,1016,02_extracted/uang/2000/ds1_img001016_ann001016.png,1.0,4.0892307692307694,0.18307367960611978,True,False,True,False,False,True,True,aspect_outlier,,
ds1_img001018_ann001018,1000,ds1,1018,1018,02_extracted/uang/1000/ds1_img001018_ann001018.png,1.0,3.6169429097605894,0.49184782608695654,True,False,True,False,False,True,True,aspect_outlier,,
ds1_img001019_ann001019,1000,ds1,1019,1019,02_extracted/uang/1000/ds1_img001019_ann001019.png,1.0,4.133819951338199,0.2959734598795573,True,False,True,False,False,True,True,aspect_outlier,,
ds1_img001024_ann001024,10000,ds1,1024,1024,02_extracted/uang/10000/ds1_img001024_ann001024.png,1.0,3.84375,0.2014874029420437,True,False,True,False,False,True,True,aspect_outlier,,
ds1_img001026_ann001026,2000,ds1,1026,1026,02_extracted/uang/2000/ds1_img001026_ann001026.png,1.0,3.7996768982229403,0.15541606886657103,True,False,True,False,True,True,True,aspect_outlier;random_5pct,,
ds1_img001029_ann001029,1000,ds1,1029,1029,02_extracted/uang/1000/ds1_img001029_ann001029.png,1.0,4.04874213836478,0.17482450297192048,True,False,True,False,False,True,True,aspect_outlier,,
ds1_img001030_ann001030,2000,ds1,1030,1030,02_extracted/uang/2000/ds1_img001030_ann001030.png,1.0,3.981132075471698,0.17190510350481655,True,False,True,False,False,True,True,aspect_outlier,,
ds1_img001032_ann001032,10000,ds1,1032,1032,02_extracted/uang/10000/ds1_img001032_ann001032.png,1.0,3.679558011049724,0.45984649658203125,True,False,True,False,False,True,True,aspect_outlier,,
ds1_img001033_ann001033,10000,ds1,1033,1033,02_extracted/uang/10000/ds1_img001033_ann001033.png,1.0,4.185714285714286,0.312957763671875,True,False,True,False,False,True,True,aspect_outlier,,
ds1_img001036_ann001036,1000,ds1,1036,1036,02_extracted/uang/1000/ds1_img001036_ann001036.png,1.0,3.8474025974025974,0.17395307870926416,True,False,True,False,False,True,True,aspect_outlier,,
ds1_img001038_ann001038,1000,ds1,1038,1038,02_extracted/uang/1000/ds1_img001038_ann001038.png,1.0,3.8620689655172415,0.2784636488340192,True,False,True,False,False,True,True,aspect_outlier,,
ds1_img001039_ann001039,20000,ds1,1039,1039,02_extracted/uang/20000/ds1_img001039_ann001039.png,1.0,2.2651670074982957,0.5203893600122976,True,False,False,False,True,False,True,random_5pct,,
ds1_img001041_ann001041,10000,ds1,1041,1041,02_extracted/uang/10000/ds1_img001041_ann001041.png,1.0,3.8292682926829267,0.17836892329540535,True,False,True,False,False,True,True,aspect_outlier,,
ds1_img001044_ann001044,100000,ds1,1044,1044,02_extracted/uang/100000/ds1_img001044_ann001044.png,1.0,4.12780269058296,0.34802161322699654,True,False,True,False,False,True,True,aspect_outlier,,
ds1_img001051_ann001051,10000,ds1,1051,1051,02_extracted/uang/10000/ds1_img001051_ann001051.png,1.0,3.8891566265060242,0.28390248616536456,True,False,True,False,False,True,True,aspect_outlier,,
ds1_img001053_ann001053,50000,ds1,1053,1053,02_extracted/uang/50000/ds1_img001053_ann001053.png,1.0,4.275316455696203,0.1809505886501736,True,False,True,False,False,True,True,aspect_outlier,,
ds1_img001057_ann001057,2000,ds1,1057,1057,02_extracted/uang/2000/ds1_img001057_ann001057.png,1.0,4.380645161290323,0.1797584887613582,True,False,True,False,True,True,True,aspect_outlier;random_5pct,,
ds1_img001060_ann001060,2000,ds1,1060,1060,02_extracted/uang/2000/ds1_img001060_ann001060.png,1.0,3.844868735083532,0.3048622853798127,True,False,True,False,False,True,True,aspect_outlier,,
ds1_img001061_ann001061,5000,ds1,1061,1061,02_extracted/uang/5000/ds1_img001061_ann001061.png,1.0,3.620608899297424,0.27980465359157985,True,False,False,False,True,False,True,random_5pct,,
ds1_img001065_ann001065,20000,ds1,1065,1065,02_extracted/uang/20000/ds1_img001065_ann001065.png,1.0,4.340175953079179,0.21391126844618055,True,False,True,False,False,True,True,aspect_outlier,,
ds1_img001067_ann001067,5000,ds1,1067,1067,02_extracted/uang/5000/ds1_img001067_ann001067.png,1.0,4.137071651090342,0.18068440755208334,True,False,True,False,False,True,True,aspect_outlier,,
ds1_img001070_ann001070,10000,ds1,1070,1070,02_extracted/uang/10000/ds1_img001070_ann001070.png,1.0,3.922178988326848,0.439208984375,True,False,True,False,False,True,True,aspect_outlier,,
ds1_img001071_ann001071,50000,ds1,1071,1071,02_extracted/uang/50000/ds1_img001071_ann001071.png,1.0,4.122257053291536,0.17780092027452257,True,False,True,False,False,True,True,aspect_outlier,,
ds1_img001072_ann001072,10000,ds1,1072,1072,02_extracted/uang/10000/ds1_img001072_ann001072.png,1.0,3.7294117647058824,0.3007909758911763,True,False,True,False,False,True,True,aspect_outlier,,
ds1_img001074_ann001074,1000,ds1,1074,1074,02_extracted/uang/1000/ds1_img001074_ann001074.png,1.0,4.044728434504792,0.1692021930723509,True,False,True,False,False,True,True,aspect_outlier,,
ds1_img001079_ann001079,2000,ds1,1079,1079,02_extracted/uang/2000/ds1_img001079_ann001079.png,1.0,3.7996289424860854,0.4678819444444444,True,False,True,False,False,True,True,aspect_outlier,,
ds1_img001086_ann001086,1000,ds1,1086,1086,02_extracted/uang/1000/ds1_img001086_ann001086.png,1.0,3.8278846153846153,0.44197069071531053,True,False,True,False,True,True,True,aspect_outlier;random_5pct,,
ds1_img001087_ann001087,10000,ds1,1087,1087,02_extracted/uang/10000/ds1_img001087_ann001087.png,1.0,4.00122249388753,0.2858033152285304,True,False,True,False,False,True,True,aspect_outlier,,
ds1_img001088_ann001088,10000,ds1,1088,1088,02_extracted/uang/10000/ds1_img001088_ann001088.png,1.0,3.957040572792363,0.29445309109157985,True,False,True,False,False,True,True,aspect_outlier,,
ds1_img001089_ann001089,1000,ds1,1089,1089,02_extracted/uang/1000/ds1_img001089_ann001089.png,1.0,4.254838709677419,0.17331017388237846,True,False,True,False,False,True,True,aspect_outlier,,
ds1_img001091_ann001091,1000,ds1,1091,1091,02_extracted/uang/1000/ds1_img001091_ann001091.png,1.0,4.170278637770898,0.18441136678059897,True,False,True,False,False,True,True,aspect_outlier,,
ds1_img001097_ann001097,5000,ds1,1097,1097,02_extracted/uang/5000/ds1_img001097_ann001097.png,1.0,4.1,0.1779513888888889,True,False,True,False,False,True,True,aspect_outlier,,
ds1_img001099_ann001099,50000,ds1,1099,1099,02_extracted/uang/50000/ds1_img001099_ann001099.png,1.0,4.1030444964871196,0.3170878092447917,True,False,True,False,True,True,True,aspect_outlier;random_5pct,,
ds1_img001100_ann001100,2000,ds1,1100,1100,02_extracted/uang/2000/ds1_img001100_ann001100.png,1.0,4.0892307692307694,0.18307367960611978,True,False,True,False,False,True,True,aspect_outlier,,
ds1_img001101_ann001101,20000,ds1,1101,1101,02_extracted/uang/20000/ds1_img001101_ann001101.png,1.0,4.099767981438515,0.3227984110514323,True,False,True,False,False,True,True,aspect_outlier,,
ds1_img001102_ann001102,5000,ds1,1102,1102,02_extracted/uang/5000/ds1_img001102_ann001102.png,1.0,4.26984126984127,0.17957687377929688,True,False,True,False,False,True,True,aspect_outlier,,
ds1_img001105_ann001105,10000,ds1,1105,1105,02_extracted/uang/10000/ds1_img001105_ann001105.png,1.0,3.8891566265060242,0.28390248616536456,True,False,True,False,False,True,True,aspect_outlier,,
ds1_img001107_ann001107,20000,ds1,1107,1107,02_extracted/uang/20000/ds1_img001107_ann001107.png,1.0,3.982394366197183,0.30859679237548676,True,False,True,False,False,True,True,aspect_outlier,,
ds1_img001108_ann001108,10000,ds1,1108,1108,02_extracted/uang/10000/ds1_img001108_ann001108.png,1.0,3.7550058892815077,0.28893087722894034,True,False,True,False,False,True,True,aspect_outlier,,
ds1_img001111_ann001111,2000,ds1,1111,1111,02_extracted/uang/2000/ds1_img001111_ann001111.png,1.0,3.881453154875717,0.45000288221571183,True,False,True,False,False,True,True,aspect_outlier,,
ds1_img001114_ann001114,2000,ds1,1114,1114,02_extracted/uang/2000/ds1_img001114_ann001114.png,1.0,4.2508038585209,0.18358553113356837,True,False,True,False,False,True,True,aspect_outlier,,
ds1_img001116_ann001116,10000,ds1,1116,1116,02_extracted/uang/10000/ds1_img001116_ann001116.png,1.0,3.941747572815534,0.44311947292751735,True,False,True,False,False,True,True,aspect_outlier,,
ds1_img001117_ann001117,10000,ds1,1117,1117,02_extracted/uang/10000/ds1_img001117_ann001117.png,1.0,4.364741641337386,0.2002478705512153,True,False,True,False,False,True,True,aspect_outlier,,
ds1_img001123_ann001123,50000,ds1,1123,1123,02_extracted/uang/50000/ds1_img001123_ann001123.png,1.0,4.5265625,0.19792307166769146,True,False,True,False,False,True,True,aspect_outlier,,
ds1_img001127_ann001127,1000,ds1,1127,1127,02_extracted/uang/1000/ds1_img001127_ann001127.png,1.0,3.7282809611829943,0.465941193550591,True,False,True,False,False,True,True,aspect_outlier,,
ds1_img001129_ann001129,100000,ds1,1129,1129,02_extracted/uang/100000/ds1_img001129_ann001129.png,1.0,4.028225806451613,0.4200439453125,True,False,False,False,True,False,True,random_5pct,,
ds1_img001131_ann001131,10000,ds1,1131,1131,02_extracted/uang/10000/ds1_img001131_ann001131.png,1.0,3.89377990430622,0.453912281375965,True,False,True,False,False,True,True,aspect_outlier,,
ds1_img001133_ann001133,2000,ds1,1133,1133,02_extracted/uang/2000/ds1_img001133_ann001133.png,1.0,1.9428571428571428,0.30813673567645644,True,False,False,False,True,False,True,random_5pct,,
ds1_img001135_ann001135,2000,ds1,1135,1135,02_extracted/uang/2000/ds1_img001135_ann001135.png,1.0,1.8896353166986564,0.9161361939565406,True,False,False,False,True,False,True,random_5pct,,
ds1_img001144_ann001144,10000,ds1,1144,1144,02_extracted/uang/10000/ds1_img001144_ann001144.png,1.0,3.853881278538813,0.17758121541299446,True,False,True,False,False,True,True,aspect_outlier,,
ds1_img001145_ann001145,100000,ds1,1145,1145,02_extracted/uang/100000/ds1_img001145_ann001145.png,1.0,4.085106382978723,0.3230309072781655,True,False,True,False,False,True,True,aspect_outlier,,
ds1_img001147_ann001147,10000,ds1,1147,1147,02_extracted/uang/10000/ds1_img001147_ann001147.png,1.0,3.9065868263473056,0.29076249402199905,True,False,True,False,False,True,True,aspect_outlier,,
ds1_img001150_ann001150,5000,ds1,1150,1150,02_extracted/uang/5000/ds1_img001150_ann001150.png,1.0,2.014418125643666,0.8050181070963541,True,False,False,False,True,False,True,random_5pct,,
ds1_img001152_ann001152,50000,ds1,1152,1152,02_extracted/uang/50000/ds1_img001152_ann001152.png,1.0,4.067915690866511,0.34974847500594153,True,False,True,False,False,True,True,aspect_outlier,,
ds1_img001153_ann001153,10000,ds1,1153,1153,02_extracted/uang/10000/ds1_img001153_ann001153.png,1.0,3.6320754716981134,0.18801907577892082,True,False,True,False,False,True,True,aspect_outlier,,
ds1_img001155_ann001155,5000,ds1,1155,1155,02_extracted/uang/5000/ds1_img001155_ann001155.png,1.0,4.1,0.1779513888888889,True,False,True,False,False,True,True,aspect_outlier,,
ds1_img001161_ann001161,100000,ds1,1161,1161,02_extracted/uang/100000/ds1_img001161_ann001161.png,1.0,2.3102866779089375,0.3517474584783776,True,False,False,False,True,False,True,random_5pct,,
ds1_img001162_ann001162,1000,ds1,1162,1162,02_extracted/uang/1000/ds1_img001162_ann001162.png,1.0,4.025078369905956,0.17554696098499264,True,False,True,False,False,True,True,aspect_outlier,,
ds1_img001163_ann001163,2000,ds1,1163,1163,02_extracted/uang/2000/ds1_img001163_ann001163.png,1.0,3.7611940298507465,0.4580078125,True,False,True,False,False,True,True,aspect_outlier,,
ds1_img001164_ann001164,1000,ds1,1164,1164,02_extracted/uang/1000/ds1_img001164_ann001164.png,1.0,4.223926380368098,0.19026947021484375,True,False,True,False,False,True,True,aspect_outlier,,
ds1_img001165_ann001165,2000,ds1,1165,1165,02_extracted/uang/2000/ds1_img001165_ann001165.png,1.0,4.061538461538461,0.18183390299479166,True,False,True,False,False,True,True,aspect_outlier,,
ds1_img001169_ann001169,10000,ds1,1169,1169,02_extracted/uang/10000/ds1_img001169_ann001169.png,1.0,2.016891891891892,0.2996012369791667,True,False,False,False,True,False,True,random_5pct,,
ds1_img001170_ann001170,100000,ds1,1170,1170,02_extracted/uang/100000/ds1_img001170_ann001170.png,1.0,4.071875,0.1767306857638889,True,False,True,False,False,True,True,aspect_outlier,,
ds1_img001172_ann001172,1000,ds1,1172,1172,02_extracted/uang/1000/ds1_img001172_ann001172.png,1.0,3.774859287054409,0.4545406765407986,True,False,True,False,False,True,True,aspect_outlier,,
ds1_img001174_ann001174,10000,ds1,1174,1174,02_extracted/uang/10000/ds1_img001174_ann001174.png,1.0,4.043217286914766,0.2994918699186992,True,False,True,False,True,True,True,aspect_outlier;random_5pct,,
ds1_img001180_ann001180,10000,ds1,1180,1180,02_extracted/uang/10000/ds1_img001180_ann001180.png,1.0,4.178125,0.18268770923003347,True,False,True,False,False,True,True,aspect_outlier,,
ds1_img001181_ann001181,1000,ds1,1181,1181,02_extracted/uang/1000/ds1_img001181_ann001181.png,1.0,4.225806451612903,0.1740486256115917,True,False,True,False,False,True,True,aspect_outlier,,
ds1_img001183_ann001183,2000,ds1,1183,1183,02_extracted/uang/2000/ds1_img001183_ann001183.png,1.0,4.061538461538461,0.18183390299479166,True,False,True,False,False,True,True,aspect_outlier,,
ds1_img001184_ann001184,100000,ds1,1184,1184,02_extracted/uang/100000/ds1_img001184_ann001184.png,1.0,2.30446549391069,0.6135097058508097,True,False,False,False,True,False,True,random_5pct,,
ds1_img001200_ann001200,10000,ds1,1200,1200,02_extracted/uang/10000/ds1_img001200_ann001200.png,1.0,3.8969465648854964,0.4535285101996528,True,False,True,False,False,True,True,aspect_outlier,,
ds1_img001203_ann001203,1000,ds1,1203,1203,02_extracted/uang/1000/ds1_img001203_ann001203.png,1.0,3.955719557195572,0.2791094486575118,True,False,True,False,False,True,True,aspect_outlier,,
ds1_img001209_ann001209,1000,ds1,1209,1209,02_extracted/uang/1000/ds1_img001209_ann001209.png,1.0,4.223926380368098,0.19026947021484375,True,False,True,False,False,True,True,aspect_outlier,,
ds1_img001215_ann001215,100000,ds1,1215,1215,02_extracted/uang/100000/ds1_img001215_ann001215.png,1.0,4.074148296593187,0.42998716566297746,True,False,True,False,False,True,True,aspect_outlier,,
ds1_img001222_ann001222,5000,ds1,1222,1222,02_extracted/uang/5000/ds1_img001222_ann001222.png,1.0,3.6204465334900116,0.27989117903258864,True,False,False,False,True,False,True,random_5pct,,
ds1_img001229_ann001229,10000,ds1,1229,1229,02_extracted/uang/10000/ds1_img001229_ann001229.png,1.0,3.768292682926829,0.17916463375829958,True,False,True,False,False,True,True,aspect_outlier,,
ds1_img001230_ann001230,1000,ds1,1230,1230,02_extracted/uang/1000/ds1_img001230_ann001230.png,1.0,4.136363636363637,0.1663174099392361,True,False,True,False,False,True,True,aspect_outlier,,
ds1_img001234_ann001234,10000,ds1,1234,1234,02_extracted/uang/10000/ds1_img001234_ann001234.png,1.0,3.8946360153256707,0.44980621337890625,True,False,True,False,False,True,True,aspect_outlier,,
ds1_img001237_ann001237,20000,ds1,1237,1237,02_extracted/uang/20000/ds1_img001237_ann001237.png,1.0,4.344624447717231,0.21382562171209948,True,False,True,False,False,True,True,aspect_outlier,,
ds1_img001243_ann001243,10000,ds1,1243,1243,02_extracted/uang/10000/ds1_img001243_ann001243.png,1.0,2.050709939148073,0.8450368245442709,True,False,False,False,True,False,True,random_5pct,,
ds1_img001245_ann001245,50000,ds1,1245,1245,02_extracted/uang/50000/ds1_img001245_ann001245.png,1.0,2.183246073298429,0.5401407877604166,True,False,False,False,True,False,True,random_5pct,,
ds1_img001248_ann001248,2000,ds1,1248,1248,02_extracted/uang/2000/ds1_img001248_ann001248.png,1.0,3.874521072796935,0.4508031871285099,True,False,True,False,False,True,True,aspect_outlier,,
ds1_img001249_ann001249,100000,ds1,1249,1249,02_extracted/uang/100000/ds1_img001249_ann001249.png,1.0,2.302721088435374,0.7592697143554688,True,False,False,False,True,False,True,random_5pct,,
ds1_img001250_ann001250,20000,ds1,1250,1250,02_extracted/uang/20000/ds1_img001250_ann001250.png,1.0,2.0961038961038962,0.6361903318808767,True,False,False,False,True,False,True,random_5pct,,
ds1_img001252_ann001252,5000,ds1,1252,1252,02_extracted/uang/5000/ds1_img001252_ann001252.png,1.0,4.1,0.1779513888888889,True,False,True,False,False,True,True,aspect_outlier,,
ds1_img001254_ann001254,20000,ds1,1254,1254,02_extracted/uang/20000/ds1_img001254_ann001254.png,1.0,4.106854838709677,0.4282430013020833,True,False,True,False,False,True,True,aspect_outlier,,
ds1_img001258_ann001258,2000,ds1,1258,1258,02_extracted/uang/2000/ds1_img001258_ann001258.png,1.0,3.9834123222748814,0.30067528618706596,True,False,True,False,False,True,True,aspect_outlier,,
ds1_img001261_ann001261,10000,ds1,1261,1261,02_extracted/uang/10000/ds1_img001261_ann001261.png,1.0,3.930902111324376,0.4522569444444444,True,False,True,False,False,True,True,aspect_outlier,,
ds1_img001268_ann001268,5000,ds1,1268,1268,02_extracted/uang/5000/ds1_img001268_ann001268.png,1.0,4.252764612954186,0.18190587210493953,True,False,True,False,False,True,True,aspect_outlier,,
ds1_img001269_ann001269,50000,ds1,1269,1269,02_extracted/uang/50000/ds1_img001269_ann001269.png,1.0,4.173602853745541,0.3151164429186309,True,False,True,False,False,True,True,aspect_outlier,,
ds1_img001272_ann001272,20000,ds1,1272,1272,02_extracted/uang/20000/ds1_img001272_ann001272.png,1.0,4.340175953079179,0.21391126844618055,True,False,True,False,False,True,True,aspect_outlier,,
ds1_img001273_ann001273,2000,ds1,1273,1273,02_extracted/uang/2000/ds1_img001273_ann001273.png,1.0,3.931603773584906,0.2995842827690972,True,False,True,False,False,True,True,aspect_outlier,,
ds1_img001275_ann001275,2000,ds1,1275,1275,02_extracted/uang/2000/ds1_img001275_ann001275.png,1.0,3.7913533834586466,0.4581898613103778,True,False,True,False,False,True,True,aspect_outlier,,
ds1_img001282_ann001282,1000,ds1,1282,1282,02_extracted/uang/1000/ds1_img001282_ann001282.png,1.0,3.6628352490421454,0.42303466796875,True,False,True,False,False,True,True,aspect_outlier,,
ds1_img001283_ann001283,5000,ds1,1283,1283,02_extracted/uang/5000/ds1_img001283_ann001283.png,1.0,4.072992700729927,0.2948729157880661,True,False,True,False,False,True,True,aspect_outlier,,
ds1_img001289_ann001289,2000,ds1,1289,1289,02_extracted/uang/2000/ds1_img001289_ann001289.png,1.0,3.8142589118198873,0.4592848883734809,True,False,True,False,False,True,True,aspect_outlier,,
ds1_img001295_ann001295,5000,ds1,1295,1295,02_extracted/uang/5000/ds1_img001295_ann001295.png,1.0,3.8694817658349328,0.4451904296875,True,False,False,False,True,False,True,random_5pct,,
ds1_img001300_ann001300,100000,ds1,1300,1300,02_extracted/uang/100000/ds1_img001300_ann001300.png,1.0,4.265212399540758,0.34541796901687505,True,False,True,False,False,True,True,aspect_outlier,,
ds1_img001301_ann001301,2000,ds1,1301,1301,02_extracted/uang/2000/ds1_img001301_ann001301.png,1.0,3.7001862197392925,0.4667330666834635,True,False,True,False,False,True,True,aspect_outlier,,
ds1_img001302_ann001302,10000,ds1,1302,1302,02_extracted/uang/10000/ds1_img001302_ann001302.png,1.0,3.930902111324376,0.4522569444444444,True,False,True,False,False,True,True,aspect_outlier,,
ds1_img001307_ann001307,100000,ds1,1307,1307,02_extracted/uang/100000/ds1_img001307_ann001307.png,1.0,4.12780269058296,0.34802161322699654,True,False,True,False,False,True,True,aspect_outlier,,
ds1_img001308_ann001308,50000,ds1,1308,1308,02_extracted/uang/50000/ds1_img001308_ann001308.png,1.0,4.11377245508982,0.22887939289476203,True,False,True,False,False,True,True,aspect_outlier,,
ds1_img001311_ann001311,1000,ds1,1311,1311,02_extracted/uang/1000/ds1_img001311_ann001311.png,1.0,3.8620689655172415,0.2784636488340192,True,False,True,False,False,True,True,aspect_outlier,,
ds1_img001312_ann001312,1000,ds1,1312,1312,02_extracted/uang/1000/ds1_img001312_ann001312.png,1.0,4.012987012987013,0.18558015736055455,True,False,True,False,False,True,True,aspect_outlier,,
ds1_img001319_ann001319,2000,ds1,1319,1319,02_extracted/uang/2000/ds1_img001319_ann001319.png,1.0,4.09037558685446,0.3169642857142857,True,False,True,False,False,True,True,aspect_outlier,,
ds1_img001324_ann001324,10000,ds1,1324,1324,02_extracted/uang/10000/ds1_img001324_ann001324.png,1.0,3.768292682926829,0.17916463375829958,True,False,True,False,False,True,True,aspect_outlier,,
ds1_img001325_ann001325,2000,ds1,1325,1325,02_extracted/uang/2000/ds1_img001325_ann001325.png,1.0,3.9760191846522783,0.29304758707682294,True,False,True,False,False,True,True,aspect_outlier,,
ds1_img001328_ann001328,1000,ds1,1328,1328,02_extracted/uang/1000/ds1_img001328_ann001328.png,1.0,4.222222222222222,0.1878662109375,True,False,True,False,False,True,True,aspect_outlier,,
ds1_img001331_ann001331,100000,ds1,1331,1331,02_extracted/uang/100000/ds1_img001331_ann001331.png,1.0,4.404320987654321,0.22538828278101145,True,False,True,False,False,True,True,aspect_outlier,,
ds1_img001334_ann001334,20000,ds1,1334,1334,02_extracted/uang/20000/ds1_img001334_ann001334.png,1.0,4.056603773584905,0.3091091579861111,True,False,True,False,False,True,True,aspect_outlier,,
ds1_img001336_ann001336,100000,ds1,1336,1336,02_extracted/uang/100000/ds1_img001336_ann001336.png,1.0,2.2548262548262548,0.6419234730254297,True,False,False,False,True,False,True,random_5pct,,
ds1_img001337_ann001337,10000,ds1,1337,1337,02_extracted/uang/10000/ds1_img001337_ann001337.png,1.0,4.009375,0.1740180121527778,True,False,True,False,False,True,True,aspect_outlier,,
ds1_img001342_ann001342,10000,ds1,1342,1342,02_extracted/uang/10000/ds1_img001342_ann001342.png,1.0,3.8891566265060242,0.28390248616536456,True,False,True,False,False,True,True,aspect_outlier,,
ds1_img001343_ann001343,100000,ds1,1343,1343,02_extracted/uang/100000/ds1_img001343_ann001343.png,1.0,4.512383900928793,0.20101988966318235,True,False,True,False,False,True,True,aspect_outlier,,
ds1_img001344_ann001344,100000,ds1,1344,1344,02_extracted/uang/100000/ds1_img001344_ann001344.png,1.0,4.058461538461539,0.18169615003797743,True,False,True,False,False,True,True,aspect_outlier,,
ds1_img001347_ann001347,5000,ds1,1347,1347,02_extracted/uang/5000/ds1_img001347_ann001347.png,1.0,4.112531969309463,0.2664896647135417,True,False,True,False,False,True,True,aspect_outlier,,
ds1_img001348_ann001348,1000,ds1,1348,1348,02_extracted/uang/1000/ds1_img001348_ann001348.png,1.0,4.028436018957346,0.1723105400696864,True,False,True,False,False,True,True,aspect_outlier,,
ds1_img001350_ann001350,50000,ds1,1350,1350,02_extracted/uang/50000/ds1_img001350_ann001350.png,1.0,4.121069182389937,0.17794758147161305,True,False,True,False,False,True,True,aspect_outlier,,
ds1_img001351_ann001351,1000,ds1,1351,1351,02_extracted/uang/1000/ds1_img001351_ann001351.png,1.0,3.9097651421508033,0.27315909595545534,True,False,True,False,False,True,True,aspect_outlier,,
ds1_img001354_ann001354,50000,ds1,1354,1354,02_extracted/uang/50000/ds1_img001354_ann001354.png,1.0,4.335365853658536,0.19769287109375,True,False,True,False,False,True,True,aspect_outlier,,
ds1_img001364_ann001364,2000,ds1,1364,1364,02_extracted/uang/2000/ds1_img001364_ann001364.png,1.0,3.7374301675977653,0.4568138122558594,True,False,True,False,False,True,True,aspect_outlier,,
ds1_img001366_ann001366,10000,ds1,1366,1366,02_extracted/uang/10000/ds1_img001366_ann001366.png,1.0,3.9449901768172886,0.4470724503793287,True,False,True,False,False,True,True,aspect_outlier,,
ds1_img001367_ann001367,1000,ds1,1367,1367,02_extracted/uang/1000/ds1_img001367_ann001367.png,1.0,3.971608832807571,0.1745747424484197,True,False,True,False,False,True,True,aspect_outlier,,
ds1_img001372_ann001372,50000,ds1,1372,1372,02_extracted/uang/50000/ds1_img001372_ann001372.png,1.0,4.039447731755424,0.4401041666666667,True,False,True,False,False,True,True,aspect_outlier,,
ds1_img001373_ann001373,50000,ds1,1373,1373,02_extracted/uang/50000/ds1_img001373_ann001373.png,1.0,4.2377622377622375,0.33057403564453125,True,False,True,False,False,True,True,aspect_outlier,,
ds1_img001374_ann001374,100000,ds1,1374,1374,02_extracted/uang/100000/ds1_img001374_ann001374.png,1.0,4.071875,0.1767306857638889,True,False,True,False,False,True,True,aspect_outlier,,
ds1_img001378_ann001378,1000,ds1,1378,1378,02_extracted/uang/1000/ds1_img001378_ann001378.png,1.0,3.7288135593220337,0.4456329345703125,True,False,True,False,False,True,True,aspect_outlier,,
ds1_img001379_ann001379,1000,ds1,1379,1379,02_extracted/uang/1000/ds1_img001379_ann001379.png,1.0,3.9152542372881354,0.28305943806966144,True,False,True,False,False,True,True,aspect_outlier,,
ds1_img001384_ann001384,2000,ds1,1384,1384,02_extracted/uang/2000/ds1_img001384_ann001384.png,1.0,3.7374301675977653,0.4568138122558594,True,False,True,False,False,True,True,aspect_outlier,,
ds1_img001390_ann001390,1000,ds1,1390,1390,02_extracted/uang/1000/ds1_img001390_ann001390.png,1.0,3.7893462469733654,0.28564351272423866,True,False,True,False,False,True,True,aspect_outlier,,
ds1_img001395_ann001395,2000,ds1,1395,1395,02_extracted/uang/2000/ds1_img001395_ann001395.png,1.0,3.8277153558052435,0.4626363118489583,True,False,True,False,False,True,True,aspect_outlier,,
ds1_img001396_ann001396,10000,ds1,1396,1396,02_extracted/uang/10000/ds1_img001396_ann001396.png,1.0,3.956112852664577,0.17063479953342015,True,False,True,False,False,True,True,aspect_outlier,,
ds1_img001397_ann001397,5000,ds1,1397,1397,02_extracted/uang/5000/ds1_img001397_ann001397.png,1.0,4.112531969309463,0.2664896647135417,True,False,True,False,False,True,True,aspect_outlier,,
ds1_img001398_ann001398,20000,ds1,1398,1398,02_extracted/uang/20000/ds1_img001398_ann001398.png,1.0,4.362229102167182,0.2169084985263222,True,False,True,False,False,True,True,aspect_outlier,,
ds1_img001400_ann001400,1000,ds1,1400,1400,02_extracted/uang/1000/ds1_img001400_ann001400.png,1.0,3.960687960687961,0.28994753328666484,True,False,True,False,False,True,True,aspect_outlier,,
ds1_img001401_ann001401,10000,ds1,1401,1401,02_extracted/uang/10000/ds1_img001401_ann001401.png,1.0,3.8292682926829267,0.17836892329540535,True,False,True,False,False,True,True,aspect_outlier,,
ds1_img001402_ann001402,10000,ds1,1402,1402,02_extracted/uang/10000/ds1_img001402_ann001402.png,1.0,3.84375,0.2014874029420437,True,False,True,False,False,True,True,aspect_outlier,,
ds1_img001403_ann001403,20000,ds1,1403,1403,02_extracted/uang/20000/ds1_img001403_ann001403.png,1.0,4.122257053291536,0.17780092027452257,True,False,True,False,False,True,True,aspect_outlier,,
ds1_img001404_ann001404,2000,ds1,1404,1404,02_extracted/uang/2000/ds1_img001404_ann001404.png,1.0,3.9834123222748814,0.30067528618706596,True,False,True,False,False,True,True,aspect_outlier,,
ds1_img001409_ann001409,1000,ds1,1409,1409,02_extracted/uang/1000/ds1_img001409_ann001409.png,1.0,3.642857142857143,0.4679826673086182,True,False,True,False,False,True,True,aspect_outlier,,
ds1_img001410_ann001410,10000,ds1,1410,1410,02_extracted/uang/10000/ds1_img001410_ann001410.png,1.0,3.5938697318007664,0.4952561669829222,True,False,True,False,False,True,True,aspect_outlier,,
ds1_img001411_ann001411,2000,ds1,1411,1411,02_extracted/uang/2000/ds1_img001411_ann001411.png,1.0,3.9069767441860463,0.44091796875,True,False,True,False,False,True,True,aspect_outlier,,
ds1_img001412_ann001412,5000,ds1,1412,1412,02_extracted/uang/5000/ds1_img001412_ann001412.png,1.0,4.082725060827251,0.29231516520182294,True,False,True,False,False,True,True,aspect_outlier,,
ds1_img001417_ann001417,50000,ds1,1417,1417,02_extracted/uang/50000/ds1_img001417_ann001417.png,1.0,3.960739030023095,0.3315878637846102,True,False,False,False,True,False,True,random_5pct,,
ds1_img001418_ann001418,2000,ds1,1418,1418,02_extracted/uang/2000/ds1_img001418_ann001418.png,1.0,3.8118532455315144,0.45980178656828585,True,False,True,False,False,True,True,aspect_outlier,,
ds1_img001424_ann001424,5000,ds1,1424,1424,02_extracted/uang/5000/ds1_img001424_ann001424.png,1.0,4.26984126984127,0.17957687377929688,True,False,True,False,False,True,True,aspect_outlier,,
ds1_img001426_ann001426,5000,ds1,1426,1426,02_extracted/uang/5000/ds1_img001426_ann001426.png,1.0,4.26984126984127,0.17957687377929688,True,False,True,False,False,True,True,aspect_outlier,,
ds1_img001428_ann001428,50000,ds1,1428,1428,02_extracted/uang/50000/ds1_img001428_ann001428.png,1.0,4.0554455445544555,0.4383680555555556,True,False,True,False,False,True,True,aspect_outlier,,
ds1_img001437_ann001437,10000,ds1,1437,1437,02_extracted/uang/10000/ds1_img001437_ann001437.png,1.0,3.554858934169279,0.1784581049241662,True,False,True,False,False,True,True,aspect_outlier,,
ds1_img001438_ann001438,1000,ds1,1438,1438,02_extracted/uang/1000/ds1_img001438_ann001438.png,1.0,3.6654545454545455,0.469970703125,True,False,True,False,False,True,True,aspect_outlier,,
ds1_img001439_ann001439,1000,ds1,1439,1439,02_extracted/uang/1000/ds1_img001439_ann001439.png,1.0,3.741007194244604,0.275726318359375,True,False,True,False,False,True,True,aspect_outlier,,
ds1_img001440_ann001440,10000,ds1,1440,1440,02_extracted/uang/10000/ds1_img001440_ann001440.png,1.0,4.001564945226917,0.1744213081574093,True,False,True,False,False,True,True,aspect_outlier,,
ds1_img001441_ann001441,2000,ds1,1441,1441,02_extracted/uang/2000/ds1_img001441_ann001441.png,1.0,4.190031152647975,0.18299738566080728,True,False,True,False,False,True,True,aspect_outlier,,
ds1_img001442_ann001442,2000,ds1,1442,1442,02_extracted/uang/2000/ds1_img001442_ann001442.png,1.0,3.874521072796935,0.4508031871285099,True,False,True,False,False,True,True,aspect_outlier,,
ds1_img001444_ann001444,1000,ds1,1444,1444,02_extracted/uang/1000/ds1_img001444_ann001444.png,1.0,1.8256880733944953,0.4504983690049913,True,False,False,False,True,False,True,random_5pct,,
ds1_img001446_ann001446,5000,ds1,1446,1446,02_extracted/uang/5000/ds1_img001446_ann001446.png,1.0,4.25,0.18446180555555555,True,False,True,False,False,True,True,aspect_outlier,,
ds1_img001451_ann001451,10000,ds1,1451,1451,02_extracted/uang/10000/ds1_img001451_ann001451.png,1.0,3.9233716475095783,0.453125,True,False,True,False,False,True,True,aspect_outlier,,
ds1_img001456_ann001456,1000,ds1,1456,1456,02_extracted/uang/1000/ds1_img001456_ann001456.png,1.0,4.128455284552846,0.16668855042016806,True,False,True,False,False,True,True,aspect_outlier,,
ds1_img001457_ann001457,1000,ds1,1457,1457,02_extracted/uang/1000/ds1_img001457_ann001457.png,1.0,3.77140169332079,0.45492235003757603,True,False,True,False,False,True,True,aspect_outlier,,
ds1_img001458_ann001458,10000,ds1,1458,1458,02_extracted/uang/10000/ds1_img001458_ann001458.png,1.0,3.9065868263473056,0.29076249402199905,True,False,True,False,False,True,True,aspect_outlier,,
ds1_img001459_ann001459,50000,ds1,1459,1459,02_extracted/uang/50000/ds1_img001459_ann001459.png,1.0,4.2594936708860756,0.18604952268973432,True,False,True,False,True,True,True,aspect_outlier;random_5pct,,
ds1_img001460_ann001460,1000,ds1,1460,1460,02_extracted/uang/1000/ds1_img001460_ann001460.png,1.0,4.254838709677419,0.17331017388237846,True,False,True,False,False,True,True,aspect_outlier,,
ds1_img001461_ann001461,1000,ds1,1461,1461,02_extracted/uang/1000/ds1_img001461_ann001461.png,1.0,4.011933174224343,0.29853778415256077,True,False,True,False,False,True,True,aspect_outlier,,
ds1_img001466_ann001466,10000,ds1,1466,1466,02_extracted/uang/10000/ds1_img001466_ann001466.png,1.0,3.764705882352941,0.2882215711805556,True,False,True,False,False,True,True,aspect_outlier,,
ds1_img001467_ann001467,1000,ds1,1467,1467,02_extracted/uang/1000/ds1_img001467_ann001467.png,1.0,4.252427184466019,0.17337312973970076,True,False,True,False,False,True,True,aspect_outlier,,
ds1_img001468_ann001468,1000,ds1,1468,1468,02_extracted/uang/1000/ds1_img001468_ann001468.png,1.0,4.216589861751152,0.1907617467718795,True,False,True,False,False,True,True,aspect_outlier,,
ds1_img001475_ann001475,1000,ds1,1475,1475,02_extracted/uang/1000/ds1_img001475_ann001475.png,1.0,3.625984251968504,0.49034749034749037,True,False,True,False,False,True,True,aspect_outlier,,
ds1_img001477_ann001477,20000,ds1,1477,1477,02_extracted/uang/20000/ds1_img001477_ann001477.png,1.0,4.122257053291536,0.17780092027452257,True,False,True,False,False,True,True,aspect_outlier,,
ds1_img001479_ann001479,10000,ds1,1479,1479,02_extracted/uang/10000/ds1_img001479_ann001479.png,1.0,3.8891566265060242,0.28390248616536456,True,False,True,False,False,True,True,aspect_outlier,,
ds1_img001480_ann001480,1000,ds1,1480,1480,02_extracted/uang/1000/ds1_img001480_ann001480.png,1.0,1.829471733086191,0.972072072072072,True,False,False,False,True,False,True,random_5pct,,
ds1_img001487_ann001487,5000,ds1,1487,1487,02_extracted/uang/5000/ds1_img001487_ann001487.png,1.0,3.8173076923076925,0.4407494705199153,True,False,False,False,True,False,True,random_5pct,,
ds1_img001488_ann001488,100000,ds1,1488,1488,02_extracted/uang/100000/ds1_img001488_ann001488.png,1.0,2.291005291005291,0.55499267578125,True,False,False,False,True,False,True,random_5pct,,
ds1_img001492_ann001492,1000,ds1,1492,1492,02_extracted/uang/1000/ds1_img001492_ann001492.png,1.0,3.608133086876155,0.49271402550091076,True,False,True,False,False,True,True,aspect_outlier,,
ds1_img001495_ann001495,10000,ds1,1495,1495,02_extracted/uang/10000/ds1_img001495_ann001495.png,1.0,3.9233716475095783,0.453125,True,False,True,False,False,True,True,aspect_outlier,,
ds1_img001497_ann001497,10000,ds1,1497,1497,02_extracted/uang/10000/ds1_img001497_ann001497.png,1.0,4.185185185185185,0.3129922243287559,True,False,True,False,False,True,True,aspect_outlier,,
ds1_img001498_ann001498,5000,ds1,1498,1498,02_extracted/uang/5000/ds1_img001498_ann001498.png,1.0,1.982394366197183,0.2710842556423611,True,False,False,False,True,False,True,random_5pct,,
ds1_img001504_ann001504,10000,ds1,1504,1504,02_extracted/uang/10000/ds1_img001504_ann001504.png,1.0,4.364741641337386,0.2002478705512153,True,False,True,False,False,True,True,aspect_outlier,,
ds1_img001506_ann001506,50000,ds1,1506,1506,02_extracted/uang/50000/ds1_img001506_ann001506.png,1.0,4.2377622377622375,0.33057403564453125,True,False,True,False,False,True,True,aspect_outlier,,
ds1_img001511_ann001511,5000,ds1,1511,1511,02_extracted/uang/5000/ds1_img001511_ann001511.png,1.0,1.9731182795698925,0.4629313151041667,True,False,False,False,True,False,True,random_5pct,,
ds1_img001512_ann001512,2000,ds1,1512,1512,02_extracted/uang/2000/ds1_img001512_ann001512.png,1.0,3.730410447761194,0.45762963722074196,True,False,True,False,True,True,True,aspect_outlier;random_5pct,,
ds1_img001518_ann001518,50000,ds1,1518,1518,02_extracted/uang/50000/ds1_img001518_ann001518.png,1.0,4.397553516819572,0.22676793981481483,True,False,True,False,False,True,True,aspect_outlier,,
ds1_img001521_ann001521,20000,ds1,1521,1521,02_extracted/uang/20000/ds1_img001521_ann001521.png,1.0,4.122257053291536,0.17780092027452257,True,False,True,False,False,True,True,aspect_outlier,,
ds1_img001526_ann001526,10000,ds1,1526,1526,02_extracted/uang/10000/ds1_img001526_ann001526.png,1.0,3.679558011049724,0.45984649658203125,True,False,True,False,False,True,True,aspect_outlier,,
ds1_img001537_ann001537,2000,ds1,1537,1537,02_extracted/uang/2000/ds1_img001537_ann001537.png,1.0,3.8453125,0.1681355469016875,True,False,True,False,False,True,True,aspect_outlier,,
ds1_img001540_ann001540,1000,ds1,1540,1540,02_extracted/uang/1000/ds1_img001540_ann001540.png,1.0,4.009677419354839,0.16683552415094993,True,False,True,False,False,True,True,aspect_outlier,,
ds1_img001541_ann001541,10000,ds1,1541,1541,02_extracted/uang/10000/ds1_img001541_ann001541.png,1.0,4.061538461538461,0.18183390299479166,True,False,True,False,False,True,True,aspect_outlier,,
ds1_img001542_ann001542,2000,ds1,1542,1542,02_extracted/uang/2000/ds1_img001542_ann001542.png,1.0,3.931603773584906,0.2995842827690972,True,False,True,False,False,True,True,aspect_outlier,,
ds1_img001544_ann001544,50000,ds1,1544,1544,02_extracted/uang/50000/ds1_img001544_ann001544.png,1.0,4.0554455445544555,0.4383680555555556,True,False,True,False,True,True,True,aspect_outlier;random_5pct,,
ds1_img001545_ann001545,2000,ds1,1545,1545,02_extracted/uang/2000/ds1_img001545_ann001545.png,1.0,3.9760191846522783,0.29304758707682294,True,False,True,False,False,True,True,aspect_outlier,,
ds1_img001546_ann001546,2000,ds1,1546,1546,02_extracted/uang/2000/ds1_img001546_ann001546.png,1.0,4.046153846153846,0.19504687057878548,True,False,True,False,False,True,True,aspect_outlier,,
ds1_img001547_ann001547,1000,ds1,1547,1547,02_extracted/uang/1000/ds1_img001547_ann001547.png,1.0,1.8495212038303694,0.4189012315538194,True,False,False,False,True,False,True,random_5pct,,
ds1_img001556_ann001556,10000,ds1,1556,1556,02_extracted/uang/10000/ds1_img001556_ann001556.png,1.0,4.185714285714286,0.312957763671875,True,False,True,False,False,True,True,aspect_outlier,,
ds1_img001559_ann001559,1000,ds1,1559,1559,02_extracted/uang/1000/ds1_img001559_ann001559.png,1.0,3.7885985748218527,0.3238305362654321,True,False,True,False,False,True,True,aspect_outlier,,
ds1_img001562_ann001562,2000,ds1,1562,1562,02_extracted/uang/2000/ds1_img001562_ann001562.png,1.0,3.7602996254681647,0.45786021725763476,True,False,True,False,True,True,True,aspect_outlier;random_5pct,,
ds1_img001564_ann001564,5000,ds1,1564,1564,02_extracted/uang/5000/ds1_img001564_ann001564.png,1.0,3.8954869358669835,0.29481792717086835,True,False,False,False,True,False,True,random_5pct,,
ds1_img001565_ann001565,2000,ds1,1565,1565,02_extracted/uang/2000/ds1_img001565_ann001565.png,1.0,3.8949880668257757,0.2898356119791667,True,False,True,False,True,True,True,aspect_outlier;random_5pct,,
ds1_img001568_ann001568,10000,ds1,1568,1568,02_extracted/uang/10000/ds1_img001568_ann001568.png,1.0,3.956112852664577,0.17063479953342015,True,False,True,False,False,True,True,aspect_outlier,,
ds1_img001574_ann001574,10000,ds1,1574,1574,02_extracted/uang/10000/ds1_img001574_ann001574.png,1.0,3.978048780487805,0.28952997003862074,True,False,True,False,False,True,True,aspect_outlier,,
ds1_img001577_ann001577,1000,ds1,1577,1577,02_extracted/uang/1000/ds1_img001577_ann001577.png,1.0,3.7371323529411766,0.4687635633680556,True,False,True,False,False,True,True,aspect_outlier,,
ds1_img001578_ann001578,2000,ds1,1578,1578,02_extracted/uang/2000/ds1_img001578_ann001578.png,1.0,3.8068535825545173,0.18301811788945624,True,False,True,False,False,True,True,aspect_outlier,,
ds1_img001589_ann001589,5000,ds1,1589,1589,02_extracted/uang/5000/ds1_img001589_ann001589.png,1.0,4.269108280254777,0.17973158775705403,True,False,True,False,False,True,True,aspect_outlier,,
ds1_img001590_ann001590,5000,ds1,1590,1590,02_extracted/uang/5000/ds1_img001590_ann001590.png,1.0,4.128526645768025,0.1875957797948839,True,False,True,False,False,True,True,aspect_outlier,,
ds1_img001592_ann001592,5000,ds1,1592,1592,02_extracted/uang/5000/ds1_img001592_ann001592.png,1.0,4.09717868338558,0.17803041948486711,True,False,True,False,True,True,True,aspect_outlier;random_5pct,,
ds1_img001595_ann001595,50000,ds1,1595,1595,02_extracted/uang/50000/ds1_img001595_ann001595.png,1.0,4.122257053291536,0.17780092027452257,True,False,True,False,False,True,True,aspect_outlier,,
ds1_img001600_ann001600,2000,ds1,1600,1600,02_extracted/uang/2000/ds1_img001600_ann001600.png,1.0,4.146031746031746,0.17436981201171875,True,False,True,False,False,True,True,aspect_outlier,,
ds1_img001601_ann001601,2000,ds1,1601,1601,02_extracted/uang/2000/ds1_img001601_ann001601.png,1.0,3.7359413202933984,0.2648891872829861,True,False,True,False,False,True,True,aspect_outlier,,
ds1_img001603_ann001603,50000,ds1,1603,1603,02_extracted/uang/50000/ds1_img001603_ann001603.png,1.0,4.03960396039604,0.43989547038327526,True,False,True,False,False,True,True,aspect_outlier,,
ds1_img001610_ann001610,10000,ds1,1610,1610,02_extracted/uang/10000/ds1_img001610_ann001610.png,1.0,3.9268527430221365,0.45252613240418116,True,False,True,False,False,True,True,aspect_outlier,,
ds1_img001611_ann001611,50000,ds1,1611,1611,02_extracted/uang/50000/ds1_img001611_ann001611.png,1.0,2.17012987012987,0.6586580201815024,True,False,False,False,True,False,True,random_5pct,,
ds1_img001616_ann001616,10000,ds1,1616,1616,02_extracted/uang/10000/ds1_img001616_ann001616.png,1.0,3.5572519083969465,0.5,True,False,True,False,False,True,True,aspect_outlier,,
ds1_img001621_ann001621,10000,ds1,1621,1621,02_extracted/uang/10000/ds1_img001621_ann001621.png,1.0,3.957040572792363,0.29445309109157985,True,False,True,False,True,True,True,aspect_outlier;random_5pct,,
ds1_img001623_ann001623,2000,ds1,1623,1623,02_extracted/uang/2000/ds1_img001623_ann001623.png,1.0,3.7001862197392925,0.4667330666834635,True,False,True,False,False,True,True,aspect_outlier,,
ds1_img001629_ann001629,20000,ds1,1629,1629,02_extracted/uang/20000/ds1_img001629_ann001629.png,1.0,4.399390243902439,0.20061238606770834,True,False,True,False,False,True,True,aspect_outlier,,
ds1_img001631_ann001631,1000,ds1,1631,1631,02_extracted/uang/1000/ds1_img001631_ann001631.png,1.0,3.570909090909091,0.49818840579710144,True,False,True,False,False,True,True,aspect_outlier,,
ds1_img001635_ann001635,1000,ds1,1635,1635,02_extracted/uang/1000/ds1_img001635_ann001635.png,1.0,3.820823244552058,0.27623240152994794,True,False,True,False,False,True,True,aspect_outlier,,
ds1_img001637_ann001637,10000,ds1,1637,1637,02_extracted/uang/10000/ds1_img001637_ann001637.png,1.0,3.9242902208201893,0.20921428192477054,True,False,True,False,False,True,True,aspect_outlier,,
ds1_img001640_ann001640,100000,ds1,1640,1640,02_extracted/uang/100000/ds1_img001640_ann001640.png,1.0,4.544901065449011,0.20942239700758353,True,False,True,False,False,True,True,aspect_outlier,,
ds1_img001645_ann001645,2000,ds1,1645,1645,02_extracted/uang/2000/ds1_img001645_ann001645.png,1.0,1.7766990291262137,1.0,True,False,False,True,False,True,True,area_outlier,,
ds1_img001648_ann001648,2000,ds1,1648,1648,02_extracted/uang/2000/ds1_img001648_ann001648.png,1.0,4.190031152647975,0.18299738566080728,True,False,True,False,False,True,True,aspect_outlier,,
ds1_img001654_ann001654,10000,ds1,1654,1654,02_extracted/uang/10000/ds1_img001654_ann001654.png,1.0,4.307462686567164,0.20641396802623488,True,False,True,False,False,True,True,aspect_outlier,,
ds1_img001662_ann001662,2000,ds1,1662,1662,02_extracted/uang/2000/ds1_img001662_ann001662.png,1.0,3.8337236533957846,0.29627439710828996,True,False,True,False,False,True,True,aspect_outlier,,
ds1_img001663_ann001663,10000,ds1,1663,1663,02_extracted/uang/10000/ds1_img001663_ann001663.png,1.0,3.9386562804284324,0.44346252220400356,True,False,True,False,False,True,True,aspect_outlier,,
ds1_img001665_ann001665,1000,ds1,1665,1665,02_extracted/uang/1000/ds1_img001665_ann001665.png,1.0,1.871313672922252,0.4414096408420139,True,False,False,False,True,False,True,random_5pct,,
ds1_img001667_ann001667,1000,ds1,1667,1667,02_extracted/uang/1000/ds1_img001667_ann001667.png,1.0,3.7371323529411766,0.4687635633680556,True,False,True,False,False,True,True,aspect_outlier,,
ds1_img001669_ann001669,20000,ds1,1669,1669,02_extracted/uang/20000/ds1_img001669_ann001669.png,1.0,4.362229102167182,0.2169084985263222,True,False,True,False,False,True,True,aspect_outlier,,
ds1_img001673_ann001673,1000,ds1,1673,1673,02_extracted/uang/1000/ds1_img001673_ann001673.png,1.0,3.792880258899676,0.17654216268390419,True,False,True,False,True,True,True,aspect_outlier;random_5pct,,
ds1_img001693_ann001693,100000,ds1,1693,1693,02_extracted/uang/100000/ds1_img001693_ann001693.png,1.0,4.15130023640662,0.3148345947265625,True,False,True,False,False,True,True,aspect_outlier,,
ds1_img001696_ann001696,5000,ds1,1696,1696,02_extracted/uang/5000/ds1_img001696_ann001696.png,1.0,4.137071651090342,0.18068440755208334,True,False,True,False,False,True,True,aspect_outlier,,
ds1_img001697_ann001697,10000,ds1,1697,1697,02_extracted/uang/10000/ds1_img001697_ann001697.png,1.0,3.775656324582339,0.3025174110280493,True,False,True,False,False,True,True,aspect_outlier,,
ds1_img001699_ann001699,20000,ds1,1699,1699,02_extracted/uang/20000/ds1_img001699_ann001699.png,1.0,4.405063291139241,0.18644205729166666,True,False,True,False,False,True,True,aspect_outlier,,
ds1_img001701_ann001701,1000,ds1,1701,1701,02_extracted/uang/1000/ds1_img001701_ann001701.png,1.0,4.047770700636943,0.16915808783637154,True,False,True,False,False,True,True,aspect_outlier,,
ds1_img001702_ann001702,5000,ds1,1702,1702,02_extracted/uang/5000/ds1_img001702_ann001702.png,1.0,4.08125,0.17713758680555555,True,False,True,False,False,True,True,aspect_outlier,,
ds1_img001703_ann001703,1000,ds1,1703,1703,02_extracted/uang/1000/ds1_img001703_ann001703.png,1.0,3.7992351816443595,0.4437388979982237,True,False,True,False,False,True,True,aspect_outlier,,
ds1_img001705_ann001705,50000,ds1,1705,1705,02_extracted/uang/50000/ds1_img001705_ann001705.png,1.0,4.17629179331307,0.1916020711263021,True,False,True,False,False,True,True,aspect_outlier,,
ds1_img001709_ann001709,100000,ds1,1709,1709,02_extracted/uang/100000/ds1_img001709_ann001709.png,1.0,4.15130023640662,0.3148345947265625,True,False,True,False,False,True,True,aspect_outlier,,
ds1_img001711_ann001711,1000,ds1,1711,1711,02_extracted/uang/1000/ds1_img001711_ann001711.png,1.0,3.72744014732965,0.4658304850260417,True,False,True,False,False,True,True,aspect_outlier,,
ds1_img001713_ann001713,100000,ds1,1713,1713,02_extracted/uang/100000/ds1_img001713_ann001713.png,1.0,2.2605263157894737,0.5534193250868056,True,False,False,False,True,False,True,random_5pct,,
ds1_img001714_ann001714,100000,ds1,1714,1714,02_extracted/uang/100000/ds1_img001714_ann001714.png,1.0,2.2897526501766783,0.3109130859375,True,False,False,False,True,False,True,random_5pct,,
ds1_img001715_ann001715,10000,ds1,1715,1715,02_extracted/uang/10000/ds1_img001715_ann001715.png,1.0,3.9073359073359075,0.4443834092881944,True,False,True,False,False,True,True,aspect_outlier,,
ds1_img001716_ann001716,10000,ds1,1716,1716,02_extracted/uang/10000/ds1_img001716_ann001716.png,1.0,3.845565749235474,0.17558349559335928,True,False,True,False,False,True,True,aspect_outlier,,
ds1_img001722_ann001722,1000,ds1,1722,1722,02_extracted/uang/1000/ds1_img001722_ann001722.png,1.0,4.210355987055016,0.17039362589518228,True,False,True,False,True,True,True,aspect_outlier;random_5pct,,
ds1_img001724_ann001724,100000,ds1,1724,1724,02_extracted/uang/100000/ds1_img001724_ann001724.png,1.0,4.12780269058296,0.34802161322699654,True,False,True,False,True,True,True,aspect_outlier;random_5pct,,
ds1_img001728_ann001728,50000,ds1,1728,1728,02_extracted/uang/50000/ds1_img001728_ann001728.png,1.0,4.0476190476190474,0.43902439024390244,True,False,True,False,False,True,True,aspect_outlier,,
ds1_img001731_ann001731,2000,ds1,1731,1731,02_extracted/uang/2000/ds1_img001731_ann001731.png,1.0,3.790262172284644,0.4581095377604167,True,False,True,False,False,True,True,aspect_outlier,,
ds1_img001732_ann001732,2000,ds1,1732,1732,02_extracted/uang/2000/ds1_img001732_ann001732.png,1.0,3.881453154875717,0.45000288221571183,True,False,True,False,False,True,True,aspect_outlier,,
ds1_img001737_ann001737,10000,ds1,1737,1737,02_extracted/uang/10000/ds1_img001737_ann001737.png,1.0,3.8836477987421385,0.1664606730143229,True,False,True,False,False,True,True,aspect_outlier,,
ds1_img001740_ann001740,20000,ds1,1740,1740,02_extracted/uang/20000/ds1_img001740_ann001740.png,1.0,4.1,0.42896533613445376,True,False,True,False,False,True,True,aspect_outlier,,
ds1_img001741_ann001741,2000,ds1,1741,1741,02_extracted/uang/2000/ds1_img001741_ann001741.png,1.0,3.8116805721096543,0.2864233193277311,True,False,True,False,False,True,True,aspect_outlier,,
ds1_img001743_ann001743,2000,ds1,1743,1743,02_extracted/uang/2000/ds1_img001743_ann001743.png,1.0,4.060185185185185,0.1819968231194917,True,False,True,False,False,True,True,aspect_outlier,,
ds1_img001744_ann001744,10000,ds1,1744,1744,02_extracted/uang/10000/ds1_img001744_ann001744.png,1.0,3.5938697318007664,0.4952561669829222,True,False,True,False,False,True,True,aspect_outlier,,
ds1_img001745_ann001745,1000,ds1,1745,1745,02_extracted/uang/1000/ds1_img001745_ann001745.png,1.0,4.051612903225807,0.1650322808159722,True,False,True,False,False,True,True,aspect_outlier,,
ds1_img001751_ann001751,1000,ds1,1751,1751,02_extracted/uang/1000/ds1_img001751_ann001751.png,1.0,3.6015325670498086,0.4783994852145427,True,False,True,False,False,True,True,aspect_outlier,,
ds1_img001764_ann001764,1000,ds1,1764,1764,02_extracted/uang/1000/ds1_img001764_ann001764.png,1.0,3.7288135593220337,0.4456329345703125,True,False,True,False,False,True,True,aspect_outlier,,
ds1_img001766_ann001766,100000,ds1,1766,1766,02_extracted/uang/100000/ds1_img001766_ann001766.png,1.0,4.025278058645096,0.4202971279975405,True,False,False,False,True,False,True,random_5pct,,
ds1_img001768_ann001768,2000,ds1,1768,1768,02_extracted/uang/2000/ds1_img001768_ann001768.png,1.0,3.806754221388368,0.46349693304120937,True,False,True,False,False,True,True,aspect_outlier,,
ds1_img001769_ann001769,20000,ds1,1769,1769,02_extracted/uang/20000/ds1_img001769_ann001769.png,1.0,2.176678445229682,0.2955593532986111,True,False,False,False,True,False,True,random_5pct,,
ds1_img001772_ann001772,10000,ds1,1772,1772,02_extracted/uang/10000/ds1_img001772_ann001772.png,1.0,3.952153110047847,0.29485891917742707,True,False,True,False,False,True,True,aspect_outlier,,
ds1_img001773_ann001773,10000,ds1,1773,1773,02_extracted/uang/10000/ds1_img001773_ann001773.png,1.0,3.775656324582339,0.3025174110280493,True,False,True,False,False,True,True,aspect_outlier,,
ds1_img001774_ann001774,10000,ds1,1774,1774,02_extracted/uang/10000/ds1_img001774_ann001774.png,1.0,4.364741641337386,0.2002478705512153,True,False,True,False,False,True,True,aspect_outlier,,
ds1_img001776_ann001776,1000,ds1,1776,1776,02_extracted/uang/1000/ds1_img001776_ann001776.png,1.0,3.8275862068965516,0.4420623779296875,True,False,True,False,True,True,True,aspect_outlier;random_5pct,,
ds1_img001780_ann001780,100000,ds1,1780,1780,02_extracted/uang/100000/ds1_img001780_ann001780.png,1.0,4.12247191011236,0.34858257327321174,True,False,True,False,False,True,True,aspect_outlier,,
ds1_img001782_ann001782,10000,ds1,1782,1782,02_extracted/uang/10000/ds1_img001782_ann001782.png,1.0,3.8080614203454894,0.4668458781362007,True,False,True,False,False,True,True,aspect_outlier,,
ds1_img001783_ann001783,1000,ds1,1783,1783,02_extracted/uang/1000/ds1_img001783_ann001783.png,1.0,3.8708133971291865,0.308663070365198,True,False,True,False,False,True,True,aspect_outlier,,
ds1_img001784_ann001784,2000,ds1,1784,1784,02_extracted/uang/2000/ds1_img001784_ann001784.png,1.0,4.382636655948553,0.17966927422417533,True,False,True,False,False,True,True,aspect_outlier,,
ds1_img001785_ann001785,2000,ds1,1785,1785,02_extracted/uang/2000/ds1_img001785_ann001785.png,1.0,3.6779026217228465,0.483695652173913,True,False,True,False,False,True,True,aspect_outlier,,
ds1_img001788_ann001788,10000,ds1,1788,1788,02_extracted/uang/10000/ds1_img001788_ann001788.png,1.0,4.043062200956938,0.2994198269314236,True,False,True,False,False,True,True,aspect_outlier,,
ds1_img001789_ann001789,2000,ds1,1789,1789,02_extracted/uang/2000/ds1_img001789_ann001789.png,1.0,3.8879618593563765,0.29215536824485894,True,False,True,False,False,True,True,aspect_outlier,,
ds1_img001792_ann001792,50000,ds1,1792,1792,02_extracted/uang/50000/ds1_img001792_ann001792.png,1.0,4.045507584597433,0.31717767899842864,True,False,True,False,False,True,True,aspect_outlier,,
ds1_img001796_ann001796,1000,ds1,1796,1796,02_extracted/uang/1000/ds1_img001796_ann001796.png,1.0,4.222222222222222,0.1878662109375,True,False,True,False,False,True,True,aspect_outlier,,
ds1_img001797_ann001797,2000,ds1,1797,1797,02_extracted/uang/2000/ds1_img001797_ann001797.png,1.0,3.9267139479905437,0.30001152900184463,True,False,True,False,False,True,True,aspect_outlier,,
ds1_img001799_ann001799,100000,ds1,1799,1799,02_extracted/uang/100000/ds1_img001799_ann001799.png,1.0,4.404320987654321,0.22538828278101145,True,False,True,False,False,True,True,aspect_outlier,,
ds1_img001801_ann001801,2000,ds1,1801,1801,02_extracted/uang/2000/ds1_img001801_ann001801.png,1.0,3.582089552238806,0.4962962962962963,True,False,True,False,False,True,True,aspect_outlier,,
ds1_img001802_ann001802,2000,ds1,1802,1802,02_extracted/uang/2000/ds1_img001802_ann001802.png,1.0,3.806754221388368,0.46349693304120937,True,False,True,False,True,True,True,aspect_outlier;random_5pct,,
ds1_img001808_ann001808,1000,ds1,1808,1808,02_extracted/uang/1000/ds1_img001808_ann001808.png,1.0,3.8983050847457625,0.2849794450330354,True,False,True,False,False,True,True,aspect_outlier,,
ds1_img001810_ann001810,10000,ds1,1810,1810,02_extracted/uang/10000/ds1_img001810_ann001810.png,1.0,3.764705882352941,0.2882215711805556,True,False,True,False,False,True,True,aspect_outlier,,
ds1_img001814_ann001814,10000,ds1,1814,1814,02_extracted/uang/10000/ds1_img001814_ann001814.png,1.0,3.9069212410501195,0.2907235887315538,True,False,True,False,False,True,True,aspect_outlier,,
ds1_img001815_ann001815,1000,ds1,1815,1815,02_extracted/uang/1000/ds1_img001815_ann001815.png,1.0,3.774859287054409,0.4545406765407986,True,False,True,False,False,True,True,aspect_outlier,,
ds1_img001816_ann001816,10000,ds1,1816,1816,02_extracted/uang/10000/ds1_img001816_ann001816.png,1.0,3.6792975970425137,0.4598195070711211,True,False,True,False,False,True,True,aspect_outlier,,
ds1_img001817_ann001817,2000,ds1,1817,1817,02_extracted/uang/2000/ds1_img001817_ann001817.png,1.0,3.8112676056338026,0.4614627100840336,True,False,True,False,False,True,True,aspect_outlier,,
ds1_img001818_ann001818,10000,ds1,1818,1818,02_extracted/uang/10000/ds1_img001818_ann001818.png,1.0,3.919308357348703,0.45339721254355403,True,False,True,False,False,True,True,aspect_outlier,,
ds1_img001819_ann001819,5000,ds1,1819,1819,02_extracted/uang/5000/ds1_img001819_ann001819.png,1.0,4.261829652996846,0.18152321709526908,True,False,True,False,False,True,True,aspect_outlier,,
ds1_img001822_ann001822,1000,ds1,1822,1822,02_extracted/uang/1000/ds1_img001822_ann001822.png,1.0,3.802850356294537,0.28568734063042533,True,False,True,False,False,True,True,aspect_outlier,,
ds1_img001823_ann001823,50000,ds1,1823,1823,02_extracted/uang/50000/ds1_img001823_ann001823.png,1.0,4.299401197604791,0.20329115125868055,True,False,True,False,False,True,True,aspect_outlier,,
ds1_img001824_ann001824,5000,ds1,1824,1824,02_extracted/uang/5000/ds1_img001824_ann001824.png,1.0,4.261829652996846,0.18152321709526908,True,False,True,False,False,True,True,aspect_outlier,,
ds1_img001829_ann001829,10000,ds1,1829,1829,02_extracted/uang/10000/ds1_img001829_ann001829.png,1.0,3.8836477987421385,0.1664606730143229,True,False,True,False,False,True,True,aspect_outlier,,
ds1_img001830_ann001830,50000,ds1,1830,1830,02_extracted/uang/50000/ds1_img001830_ann001830.png,1.0,4.275316455696203,0.1809505886501736,True,False,True,False,False,True,True,aspect_outlier,,
ds1_img001833_ann001833,20000,ds1,1833,1833,02_extracted/uang/20000/ds1_img001833_ann001833.png,1.0,4.121069182389937,0.17794758147161305,True,False,True,False,False,True,True,aspect_outlier,,
ds1_img001834_ann001834,20000,ds1,1834,1834,02_extracted/uang/20000/ds1_img001834_ann001834.png,1.0,4.003134796238244,0.21086482099191042,True,False,True,False,False,True,True,aspect_outlier,,
ds1_img001835_ann001835,10000,ds1,1835,1835,02_extracted/uang/10000/ds1_img001835_ann001835.png,1.0,4.004878048780488,0.2853478325737847,True,False,True,False,False,True,True,aspect_outlier,,
ds1_img001836_ann001836,20000,ds1,1836,1836,02_extracted/uang/20000/ds1_img001836_ann001836.png,1.0,2.1344086021505375,0.5007731119791666,True,False,False,False,True,False,True,random_5pct,,
ds1_img001841_ann001841,100000,ds1,1841,1841,02_extracted/uang/100000/ds1_img001841_ann001841.png,1.0,2.283154121863799,0.36391204992956133,True,False,False,False,True,False,True,random_5pct,,
ds1_img001843_ann001843,1000,ds1,1843,1843,02_extracted/uang/1000/ds1_img001843_ann001843.png,1.0,3.873205741626794,0.28684065077039933,True,False,True,False,False,True,True,aspect_outlier,,
ds1_img001844_ann001844,20000,ds1,1844,1844,02_extracted/uang/20000/ds1_img001844_ann001844.png,1.0,4.135176651305684,0.18707855093256814,True,False,True,False,False,True,True,aspect_outlier,,
ds1_img001846_ann001846,2000,ds1,1846,1846,02_extracted/uang/2000/ds1_img001846_ann001846.png,1.0,3.806451612903226,0.15504625108506945,True,False,True,False,False,True,True,aspect_outlier,,
ds1_img001853_ann001853,100000,ds1,1853,1853,02_extracted/uang/100000/ds1_img001853_ann001853.png,1.0,4.12780269058296,0.34802161322699654,True,False,True,False,False,True,True,aspect_outlier,,
ds1_img001855_ann001855,5000,ds1,1855,1855,02_extracted/uang/5000/ds1_img001855_ann001855.png,1.0,4.26984126984127,0.17957687377929688,True,False,True,False,False,True,True,aspect_outlier,,
ds1_img001856_ann001856,2000,ds1,1856,1856,02_extracted/uang/2000/ds1_img001856_ann001856.png,1.0,3.62152133580705,0.49089253187613846,True,False,True,False,False,True,True,aspect_outlier,,
ds1_img001858_ann001858,2000,ds1,1858,1858,02_extracted/uang/2000/ds1_img001858_ann001858.png,1.0,3.5806451612903225,0.4725494384765625,True,False,True,False,False,True,True,aspect_outlier,,
ds1_img001861_ann001861,1000,ds1,1861,1861,02_extracted/uang/1000/ds1_img001861_ann001861.png,1.0,4.051612903225807,0.1650322808159722,True,False,True,False,False,True,True,aspect_outlier,,
ds1_img001865_ann001865,10000,ds1,1865,1865,02_extracted/uang/10000/ds1_img001865_ann001865.png,1.0,4.037854889589905,0.17198350694444445,True,False,True,False,False,True,True,aspect_outlier,,
ds1_img001866_ann001866,10000,ds1,1866,1866,02_extracted/uang/10000/ds1_img001866_ann001866.png,1.0,3.8661327231121283,0.31525906094144973,True,False,True,False,False,True,True,aspect_outlier,,
ds1_img001871_ann001871,100000,ds1,1871,1871,02_extracted/uang/100000/ds1_img001871_ann001871.png,1.0,4.071875,0.1767306857638889,True,False,True,False,False,True,True,aspect_outlier,,
ds1_img001873_ann001873,1000,ds1,1873,1873,02_extracted/uang/1000/ds1_img001873_ann001873.png,1.0,3.625984251968504,0.49034749034749037,True,False,True,False,False,True,True,aspect_outlier,,
ds1_img001875_ann001875,5000,ds1,1875,1875,02_extracted/uang/5000/ds1_img001875_ann001875.png,1.0,3.5984555984555984,0.49427480916030536,True,False,False,False,True,False,True,random_5pct,,
ds1_img001877_ann001877,20000,ds1,1877,1877,02_extracted/uang/20000/ds1_img001877_ann001877.png,1.0,3.8969465648854964,0.4535285101996528,True,False,False,False,True,False,True,random_5pct,,
ds1_img001878_ann001878,10000,ds1,1878,1878,02_extracted/uang/10000/ds1_img001878_ann001878.png,1.0,3.764705882352941,0.2882215711805556,True,False,True,False,False,True,True,aspect_outlier,,
ds1_img001879_ann001879,10000,ds1,1879,1879,02_extracted/uang/10000/ds1_img001879_ann001879.png,1.0,3.9449901768172886,0.4470724503793287,True,False,True,False,False,True,True,aspect_outlier,,
ds1_img001880_ann001880,2000,ds1,1880,1880,02_extracted/uang/2000/ds1_img001880_ann001880.png,1.0,1.9127134724857684,0.9294532627865961,True,False,False,False,True,False,True,random_5pct,,
ds1_img001886_ann001886,50000,ds1,1886,1886,02_extracted/uang/50000/ds1_img001886_ann001886.png,1.0,4.0554455445544555,0.4383680555555556,True,False,True,False,False,True,True,aspect_outlier,,
ds1_img001887_ann001887,50000,ds1,1887,1887,02_extracted/uang/50000/ds1_img001887_ann001887.png,1.0,4.529595015576324,0.1978276570638021,True,False,True,False,False,True,True,aspect_outlier,,
ds1_img001888_ann001888,1000,ds1,1888,1888,02_extracted/uang/1000/ds1_img001888_ann001888.png,1.0,3.774859287054409,0.4545406765407986,True,False,True,False,False,True,True,aspect_outlier,,
ds1_img001890_ann001890,20000,ds1,1890,1890,02_extracted/uang/20000/ds1_img001890_ann001890.png,1.0,4.091981132075472,0.3118048773871528,True,False,True,False,False,True,True,aspect_outlier,,
ds1_img001891_ann001891,50000,ds1,1891,1891,02_extracted/uang/50000/ds1_img001891_ann001891.png,1.0,4.486196319018405,0.20358295757327322,True,False,True,False,False,True,True,aspect_outlier,,
ds1_img001892_ann001892,50000,ds1,1892,1892,02_extracted/uang/50000/ds1_img001892_ann001892.png,1.0,4.1030444964871196,0.3170878092447917,True,False,True,False,False,True,True,aspect_outlier,,
ds1_img001893_ann001893,20000,ds1,1893,1893,02_extracted/uang/20000/ds1_img001893_ann001893.png,1.0,4.344624447717231,0.21382562171209948,True,False,True,False,False,True,True,aspect_outlier,,
ds1_img001895_ann001895,50000,ds1,1895,1895,02_extracted/uang/50000/ds1_img001895_ann001895.png,1.0,4.127962085308057,0.32155629741608577,True,False,True,False,False,True,True,aspect_outlier,,
ds1_img001899_ann001899,1000,ds1,1899,1899,02_extracted/uang/1000/ds1_img001899_ann001899.png,1.0,3.9088669950738915,0.27309926350911456,True,False,True,False,True,True,True,aspect_outlier;random_5pct,,
ds1_img001903_ann001903,10000,ds1,1903,1903,02_extracted/uang/10000/ds1_img001903_ann001903.png,1.0,3.8969465648854964,0.4535285101996528,True,False,True,False,False,True,True,aspect_outlier,,
ds1_img001914_ann001914,2000,ds1,1914,1914,02_extracted/uang/2000/ds1_img001914_ann001914.png,1.0,3.815165876777251,0.2879757351345486,True,False,True,False,False,True,True,aspect_outlier,,
ds1_img001918_ann001918,1000,ds1,1918,1918,02_extracted/uang/1000/ds1_img001918_ann001918.png,1.0,3.570909090909091,0.49818840579710144,True,False,True,False,False,True,True,aspect_outlier,,
ds1_img001925_ann001925,10000,ds1,1925,1925,02_extracted/uang/10000/ds1_img001925_ann001925.png,1.0,3.8969465648854964,0.4535285101996528,True,False,True,False,False,True,True,aspect_outlier,,
ds1_img001927_ann001927,50000,ds1,1927,1927,02_extracted/uang/50000/ds1_img001927_ann001927.png,1.0,4.2377622377622375,0.33057403564453125,True,False,True,False,False,True,True,aspect_outlier,,
ds1_img001928_ann001928,100000,ds1,1928,1928,02_extracted/uang/100000/ds1_img001928_ann001928.png,1.0,4.12247191011236,0.34858257327321174,True,False,True,False,False,True,True,aspect_outlier,,
ds1_img001931_ann001931,10000,ds1,1931,1931,02_extracted/uang/10000/ds1_img001931_ann001931.png,1.0,3.9544025157232703,0.17075092232014757,True,False,True,False,False,True,True,aspect_outlier,,
ds1_img001932_ann001932,5000,ds1,1932,1932,02_extracted/uang/5000/ds1_img001932_ann001932.png,1.0,3.7624521072796937,0.4577818739082443,True,False,False,False,True,False,True,random_5pct,,
ds1_img001937_ann001937,2000,ds1,1937,1937,02_extracted/uang/2000/ds1_img001937_ann001937.png,1.0,3.8146067415730336,0.46105194091796875,True,False,True,False,True,True,True,aspect_outlier;random_5pct,,
ds1_img001939_ann001939,20000,ds1,1939,1939,02_extracted/uang/20000/ds1_img001939_ann001939.png,1.0,2.1862955032119915,0.8083886040581597,True,False,False,False,True,False,True,random_5pct,,
ds1_img001943_ann001943,2000,ds1,1943,1943,02_extracted/uang/2000/ds1_img001943_ann001943.png,1.0,3.655430711610487,0.48633879781420764,True,False,True,False,True,True,True,aspect_outlier;random_5pct,,
ds1_img001944_ann001944,10000,ds1,1944,1944,02_extracted/uang/10000/ds1_img001944_ann001944.png,1.0,3.7784615384615385,0.19021500825488336,True,False,True,False,False,True,True,aspect_outlier,,
ds1_img001947_ann001947,2000,ds1,1947,1947,02_extracted/uang/2000/ds1_img001947_ann001947.png,1.0,1.7766990291262137,1.0,True,False,False,True,False,True,True,area_outlier,,
ds1_img001950_ann001950,1000,ds1,1950,1950,02_extracted/uang/1000/ds1_img001950_ann001950.png,1.0,3.820823244552058,0.27623240152994794,True,False,True,False,False,True,True,aspect_outlier,,
ds1_img001951_ann001951,20000,ds1,1951,1951,02_extracted/uang/20000/ds1_img001951_ann001951.png,1.0,4.405063291139241,0.18644205729166666,True,False,True,False,False,True,True,aspect_outlier,,
ds1_img001957_ann001957,5000,ds1,1957,1957,02_extracted/uang/5000/ds1_img001957_ann001957.png,1.0,4.25,0.18446180555555555,True,False,True,False,False,True,True,aspect_outlier,,
ds1_img001958_ann001958,2000,ds1,1958,1958,02_extracted/uang/2000/ds1_img001958_ann001958.png,1.0,3.7752808988764044,0.4708994708994709,True,False,True,False,False,True,True,aspect_outlier,,
ds1_img001962_ann001962,2000,ds1,1962,1962,02_extracted/uang/2000/ds1_img001962_ann001962.png,1.0,3.824413145539906,0.46305435283869645,True,False,True,False,False,True,True,aspect_outlier,,
ds1_img001965_ann001965,2000,ds1,1965,1965,02_extracted/uang/2000/ds1_img001965_ann001965.png,1.0,4.2508038585209,0.18358553113356837,True,False,True,False,False,True,True,aspect_outlier,,
ds1_img001971_ann001971,10000,ds1,1971,1971,02_extracted/uang/10000/ds1_img001971_ann001971.png,1.0,3.847560975609756,0.1754489474826389,True,False,True,False,False,True,True,aspect_outlier,,
ds1_img001973_ann001973,1000,ds1,1973,1973,02_extracted/uang/1000/ds1_img001973_ann001973.png,1.0,4.0119760479041915,0.29860648527703765,True,False,True,False,False,True,True,aspect_outlier,,
ds1_img001974_ann001974,50000,ds1,1974,1974,02_extracted/uang/50000/ds1_img001974_ann001974.png,1.0,2.156794425087108,0.32431154558814135,True,False,False,False,True,False,True,random_5pct,,
ds1_img001979_ann001979,50000,ds1,1979,1979,02_extracted/uang/50000/ds1_img001979_ann001979.png,1.0,2.1836956521739133,0.7834031846788194,True,False,False,False,True,False,True,random_5pct,,
ds1_img001980_ann001980,1000,ds1,1980,1980,02_extracted/uang/1000/ds1_img001980_ann001980.png,1.0,3.8275862068965516,0.4420623779296875,True,False,True,False,False,True,True,aspect_outlier,,
ds1_img001982_ann001982,2000,ds1,1982,1982,02_extracted/uang/2000/ds1_img001982_ann001982.png,1.0,3.9760191846522783,0.29304758707682294,True,False,True,False,False,True,True,aspect_outlier,,
ds1_img001983_ann001983,2000,ds1,1983,1983,02_extracted/uang/2000/ds1_img001983_ann001983.png,1.0,3.732843137254902,0.26533101045296165,True,False,True,False,False,True,True,aspect_outlier,,
ds1_img001988_ann001988,2000,ds1,1988,1988,02_extracted/uang/2000/ds1_img001988_ann001988.png,1.0,4.0892307692307694,0.18307367960611978,True,False,True,False,False,True,True,aspect_outlier,,
ds1_img001989_ann001989,20000,ds1,1989,1989,02_extracted/uang/20000/ds1_img001989_ann001989.png,1.0,4.121069182389937,0.17794758147161305,True,False,True,False,False,True,True,aspect_outlier,,
ds1_img001991_ann001991,5000,ds1,1991,1991,02_extracted/uang/5000/ds1_img001991_ann001991.png,1.0,4.169544740973312,0.18060736489717838,True,False,True,False,False,True,True,aspect_outlier,,
ds1_img001993_ann001993,5000,ds1,1993,1993,02_extracted/uang/5000/ds1_img001993_ann001993.png,1.0,4.19809825673534,0.17843468179954908,True,False,True,False,False,True,True,aspect_outlier,,
ds1_img001994_ann001994,100000,ds1,1994,1994,02_extracted/uang/100000/ds1_img001994_ann001994.png,1.0,4.085106382978723,0.3230309072781655,True,False,True,False,False,True,True,aspect_outlier,,
ds1_img001998_ann001998,10000,ds1,1998,1998,02_extracted/uang/10000/ds1_img001998_ann001998.png,1.0,3.8057142857142856,0.44460296630859375,True,False,True,False,False,True,True,aspect_outlier,,
ds1_img001999_ann001999,5000,ds1,1999,1999,02_extracted/uang/5000/ds1_img001999_ann001999.png,1.0,1.8776508972267536,0.29905658298068577,True,False,False,False,True,False,True,random_5pct,,
ds1_img002001_ann002001,5000,ds1,2001,2001,02_extracted/uang/5000/ds1_img002001_ann002001.png,1.0,4.23943661971831,0.1847897238163558,True,False,True,False,True,True,True,aspect_outlier;random_5pct,,
ds1_img002003_ann002003,10000,ds1,2003,2003,02_extracted/uang/10000/ds1_img002003_ann002003.png,1.0,4.1806853582554515,0.1825892130533854,True,False,True,False,False,True,True,aspect_outlier,,
ds1_img002014_ann002014,2000,ds1,2014,2014,02_extracted/uang/2000/ds1_img002014_ann002014.png,1.0,3.7913533834586466,0.4581898613103778,True,False,True,False,False,True,True,aspect_outlier,,
ds1_img002015_ann002015,20000,ds1,2015,2015,02_extracted/uang/20000/ds1_img002015_ann002015.png,1.0,2.2793296089385473,0.7796167247386759,True,False,False,False,True,False,True,random_5pct,,
ds1_img002016_ann002016,5000,ds1,2016,2016,02_extracted/uang/5000/ds1_img002016_ann002016.png,1.0,4.173708920187793,0.1819247668579627,True,False,True,False,False,True,True,aspect_outlier,,
ds1_img002021_ann002021,50000,ds1,2021,2021,02_extracted/uang/50000/ds1_img002021_ann002021.png,1.0,4.122931442080378,0.31268310546875,True,False,True,False,False,True,True,aspect_outlier,,
ds1_img002022_ann002022,10000,ds1,2022,2022,02_extracted/uang/10000/ds1_img002022_ann002022.png,1.0,4.043062200956938,0.2994198269314236,True,False,True,False,True,True,True,aspect_outlier;random_5pct,,
ds1_img002030_ann002030,10000,ds1,2030,2030,02_extracted/uang/10000/ds1_img002030_ann002030.png,1.0,3.8755905511811024,0.16682198794151806,True,False,True,False,False,True,True,aspect_outlier,,
ds1_img002031_ann002031,2000,ds1,2031,2031,02_extracted/uang/2000/ds1_img002031_ann002031.png,1.0,3.8934131736526947,0.2897819951151192,True,False,True,False,False,True,True,aspect_outlier,,
ds1_img002035_ann002035,10000,ds1,2035,2035,02_extracted/uang/10000/ds1_img002035_ann002035.png,1.0,4.009375,0.1740180121527778,True,False,True,False,False,True,True,aspect_outlier,,
ds1_img002039_ann002039,5000,ds1,2039,2039,02_extracted/uang/5000/ds1_img002039_ann002039.png,1.0,4.23943661971831,0.1847897238163558,True,False,True,False,False,True,True,aspect_outlier,,
ds1_img002040_ann002040,2000,ds1,2040,2040,02_extracted/uang/2000/ds1_img002040_ann002040.png,1.0,4.081664098613251,0.18352473611395778,True,False,True,False,False,True,True,aspect_outlier,,
ds1_img002041_ann002041,1000,ds1,2041,2041,02_extracted/uang/1000/ds1_img002041_ann002041.png,1.0,4.1292682926829265,0.2963935574229692,True,False,True,False,False,True,True,aspect_outlier,,
ds1_img002042_ann002042,50000,ds1,2042,2042,02_extracted/uang/50000/ds1_img002042_ann002042.png,1.0,4.11611374407583,0.3129970280795245,True,False,True,False,False,True,True,aspect_outlier,,
ds1_img002044_ann002044,2000,ds1,2044,2044,02_extracted/uang/2000/ds1_img002044_ann002044.png,1.0,3.6759776536312847,0.4837837837837838,True,False,True,False,False,True,True,aspect_outlier,,
ds1_img002048_ann002048,1000,ds1,2048,2048,02_extracted/uang/1000/ds1_img002048_ann002048.png,1.0,3.84,0.46296296296296297,True,False,True,False,False,True,True,aspect_outlier,,
ds1_img002053_ann002053,10000,ds1,2053,2053,02_extracted/uang/10000/ds1_img002053_ann002053.png,1.0,3.764705882352941,0.2882215711805556,True,False,True,False,True,True,True,aspect_outlier;random_5pct,,
ds1_img002056_ann002056,2000,ds1,2056,2056,02_extracted/uang/2000/ds1_img002056_ann002056.png,1.0,3.7611940298507465,0.4580078125,True,False,True,False,True,True,True,aspect_outlier;random_5pct,,
ds1_img002062_ann002062,100000,ds1,2062,2062,02_extracted/uang/100000/ds1_img002062_ann002062.png,1.0,2.2733333333333334,0.5420049031575521,True,False,False,False,True,False,True,random_5pct,,
ds1_img002067_ann002067,1000,ds1,2067,2067,02_extracted/uang/1000/ds1_img002067_ann002067.png,1.0,4.254838709677419,0.17331017388237846,True,False,True,False,False,True,True,aspect_outlier,,
ds1_img002069_ann002069,10000,ds1,2069,2069,02_extracted/uang/10000/ds1_img002069_ann002069.png,1.0,2.0915750915750917,0.2642873128255208,True,False,False,False,True,False,True,random_5pct,,
ds1_img002070_ann002070,20000,ds1,2070,2070,02_extracted/uang/20000/ds1_img002070_ann002070.png,1.0,4.052009456264775,0.30958444353351094,True,False,True,False,False,True,True,aspect_outlier,,
ds1_img002072_ann002072,5000,ds1,2072,2072,02_extracted/uang/5000/ds1_img002072_ann002072.png,1.0,4.18125,0.18147786458333334,True,False,True,False,False,True,True,aspect_outlier,,
ds1_img002083_ann002083,50000,ds1,2083,2083,02_extracted/uang/50000/ds1_img002083_ann002083.png,1.0,4.3318042813455655,0.19778451014552162,True,False,True,False,False,True,True,aspect_outlier,,
ds1_img002084_ann002084,10000,ds1,2084,2084,02_extracted/uang/10000/ds1_img002084_ann002084.png,1.0,3.89377990430622,0.453912281375965,True,False,True,False,False,True,True,aspect_outlier,,
ds1_img002085_ann002085,2000,ds1,2085,2085,02_extracted/uang/2000/ds1_img002085_ann002085.png,1.0,4.367851622874807,0.19518407972945276,True,False,True,False,False,True,True,aspect_outlier,,
ds1_img002086_ann002086,2000,ds1,2086,2086,02_extracted/uang/2000/ds1_img002086_ann002086.png,1.0,4.046153846153846,0.19504687057878548,True,False,True,False,False,True,True,aspect_outlier,,
ds1_img002088_ann002088,1000,ds1,2088,2088,02_extracted/uang/1000/ds1_img002088_ann002088.png,1.0,3.8457142857142856,0.4492759704589844,True,False,True,False,False,True,True,aspect_outlier,,
ds1_img002091_ann002091,1000,ds1,2091,2091,02_extracted/uang/1000/ds1_img002091_ann002091.png,1.0,3.6169429097605894,0.49184782608695654,True,False,True,False,False,True,True,aspect_outlier,,
ds1_img002092_ann002092,5000,ds1,2092,2092,02_extracted/uang/5000/ds1_img002092_ann002092.png,1.0,4.205696202531645,0.17800394694010416,True,False,True,False,False,True,True,aspect_outlier,,
ds1_img002095_ann002095,20000,ds1,2095,2095,02_extracted/uang/20000/ds1_img002095_ann002095.png,1.0,4.028225806451613,0.4200439453125,True,False,True,False,False,True,True,aspect_outlier,,
ds1_img002096_ann002096,2000,ds1,2096,2096,02_extracted/uang/2000/ds1_img002096_ann002096.png,1.0,3.7953488372093025,0.468205574912892,True,False,True,False,False,True,True,aspect_outlier,,
ds1_img002099_ann002099,50000,ds1,2099,2099,02_extracted/uang/50000/ds1_img002099_ann002099.png,1.0,4.489296636085627,0.20346577962239584,True,False,True,False,False,True,True,aspect_outlier,,
ds1_img002103_ann002103,2000,ds1,2103,2103,02_extracted/uang/2000/ds1_img002103_ann002103.png,1.0,3.9069767441860463,0.44091796875,True,False,True,False,False,True,True,aspect_outlier,,
ds1_img002104_ann002104,1000,ds1,2104,2104,02_extracted/uang/1000/ds1_img002104_ann002104.png,1.0,3.7885985748218527,0.3238305362654321,True,False,True,False,False,True,True,aspect_outlier,,
ds1_img002105_ann002105,10000,ds1,2105,2105,02_extracted/uang/10000/ds1_img002105_ann002105.png,1.0,3.957040572792363,0.29445309109157985,True,False,True,False,False,True,True,aspect_outlier,,
ds1_img002106_ann002106,20000,ds1,2106,2106,02_extracted/uang/20000/ds1_img002106_ann002106.png,1.0,4.028225806451613,0.4200439453125,True,False,True,False,False,True,True,aspect_outlier,,
ds1_img002110_ann002110,50000,ds1,2110,2110,02_extracted/uang/50000/ds1_img002110_ann002110.png,1.0,4.098591549295775,0.31760094281615087,True,False,True,False,False,True,True,aspect_outlier,,
ds1_img002114_ann002114,10000,ds1,2114,2114,02_extracted/uang/10000/ds1_img002114_ann002114.png,1.0,4.053929121725732,0.18227768241442918,True,False,True,False,False,True,True,aspect_outlier,,
ds1_img002116_ann002116,5000,ds1,2116,2116,02_extracted/uang/5000/ds1_img002116_ann002116.png,1.0,4.1,0.1779513888888889,True,False,True,False,False,True,True,aspect_outlier,,
ds1_img002119_ann002119,50000,ds1,2119,2119,02_extracted/uang/50000/ds1_img002119_ann002119.png,1.0,2.1805006587615283,0.5324236551920573,True,False,False,False,True,False,True,random_5pct,,
ds1_img002120_ann002120,10000,ds1,2120,2120,02_extracted/uang/10000/ds1_img002120_ann002120.png,1.0,4.031175059952038,0.29711278279622394,True,False,True,False,False,True,True,aspect_outlier,,
ds1_img002121_ann002121,1000,ds1,2121,2121,02_extracted/uang/1000/ds1_img002121_ann002121.png,1.0,3.741007194244604,0.275726318359375,True,False,True,False,False,True,True,aspect_outlier,,
ds1_img002127_ann002127,100000,ds1,2127,2127,02_extracted/uang/100000/ds1_img002127_ann002127.png,1.0,4.06875,0.17856591818471698,True,False,True,False,False,True,True,aspect_outlier,,
ds1_img002131_ann002131,10000,ds1,2131,2131,02_extracted/uang/10000/ds1_img002131_ann002131.png,1.0,3.9528487229862477,0.4340735541449653,True,False,True,False,False,True,True,aspect_outlier,,
ds1_img002134_ann002134,50000,ds1,2134,2134,02_extracted/uang/50000/ds1_img002134_ann002134.png,1.0,4.121069182389937,0.17794758147161305,True,False,True,False,False,True,True,aspect_outlier,,
ds1_img002135_ann002135,10000,ds1,2135,2135,02_extracted/uang/10000/ds1_img002135_ann002135.png,1.0,3.9233716475095783,0.453125,True,False,True,False,False,True,True,aspect_outlier,,
ds1_img002136_ann002136,2000,ds1,2136,2136,02_extracted/uang/2000/ds1_img002136_ann002136.png,1.0,3.790262172284644,0.4581095377604167,True,False,True,False,False,True,True,aspect_outlier,,
ds1_img002138_ann002138,1000,ds1,2138,2138,02_extracted/uang/1000/ds1_img002138_ann002138.png,1.0,1.8497695852534561,0.9229850769042969,True,False,False,False,True,False,True,random_5pct,,
ds1_img002140_ann002140,10000,ds1,2140,2140,02_extracted/uang/10000/ds1_img002140_ann002140.png,1.0,3.9069212410501195,0.2907235887315538,True,False,True,False,False,True,True,aspect_outlier,,
ds1_img002141_ann002141,10000,ds1,2141,2141,02_extracted/uang/10000/ds1_img002141_ann002141.png,1.0,3.941747572815534,0.44311947292751735,True,False,True,False,False,True,True,aspect_outlier,,
ds1_img002149_ann002149,5000,ds1,2149,2149,02_extracted/uang/5000/ds1_img002149_ann002149.png,1.0,4.134375,0.18077474892395984,True,False,True,False,False,True,True,aspect_outlier,,
ds1_img002150_ann002150,2000,ds1,2150,2150,02_extracted/uang/2000/ds1_img002150_ann002150.png,1.0,3.8949880668257757,0.2898356119791667,True,False,True,False,False,True,True,aspect_outlier,,
ds1_img002151_ann002151,10000,ds1,2151,2151,02_extracted/uang/10000/ds1_img002151_ann002151.png,1.0,3.635294117647059,0.3096317945700026,True,False,True,False,False,True,True,aspect_outlier,,
ds1_img002154_ann002154,1000,ds1,2154,2154,02_extracted/uang/1000/ds1_img002154_ann002154.png,1.0,3.8457142857142856,0.4492759704589844,True,False,True,False,False,True,True,aspect_outlier,,
ds10_img002175_ann002175,10000,ds10,2175,2175,02_extracted/uang/10000/ds10_img002175_ann002175.png,1.0,0.31970260223048325,0.1897354234903838,True,False,False,False,True,False,True,random_5pct,,
ds10_img002184_ann002184,2000,ds10,2184,2184,02_extracted/uang/2000/ds10_img002184_ann002184.png,1.0,3.5630952380952383,0.20619764109347444,True,False,True,False,False,True,True,aspect_outlier,,
ds10_img002195_ann002195,100000,ds10,2195,2195,02_extracted/uang/100000/ds10_img002195_ann002195.png,1.0,2.4135737009544007,0.17602795361971948,True,False,False,False,True,False,True,random_5pct,,
ds10_img002217_ann002217,10000,ds10,2217,2217,02_extracted/uang/10000/ds10_img002217_ann002217.png,1.0,0.6464646464646465,0.20786092214663643,True,False,False,False,True,False,True,random_5pct,,
ds10_img002222_ann002222,100000,ds10,2222,2222,02_extracted/uang/100000/ds10_img002222_ann002222.png,1.0,2.3422148209825147,0.27708334973649956,True,False,False,False,True,False,True,random_5pct,,
ds10_img002236_ann002236,2000,ds10,2236,2236,02_extracted/uang/2000/ds10_img002236_ann002236.png,1.0,1.7559055118110236,0.23227703504241204,True,False,False,False,True,False,True,random_5pct,,
ds10_img002244_ann002244,10000,ds10,2244,2244,02_extracted/uang/10000/ds10_img002244_ann002244.png,1.0,1.6985294117647058,0.2576609347442681,True,False,False,False,True,False,True,random_5pct,,
ds10_img002251_ann002251,10000,ds10,2251,2251,02_extracted/uang/10000/ds10_img002251_ann002251.png,1.0,1.9035087719298245,0.20289076278659612,True,False,False,False,True,False,True,random_5pct,,
ds10_img002267_ann002267,2000,ds10,2267,2267,02_extracted/uang/2000/ds10_img002267_ann002267.png,1.0,4.396551724137931,0.12130141408415218,True,False,True,False,False,True,True,aspect_outlier,,
ds10_img002274_ann002274,100000,ds10,2274,2274,02_extracted/uang/100000/ds10_img002274_ann002274.png,1.0,4.485822306238186,0.10295586695326278,True,False,True,False,False,True,True,aspect_outlier,,
ds10_img002293_ann002293,5000,ds10,2293,2293,02_extracted/uang/5000/ds10_img002293_ann002293.png,1.0,4.128571428571429,0.16591802616108173,True,False,True,False,False,True,True,aspect_outlier,,
ds10_img002312_ann002312,50000,ds10,2312,2312,02_extracted/uang/50000/ds10_img002312_ann002312.png,1.0,0.45725490196078433,0.243857670382968,True,False,False,False,True,False,True,random_5pct,,
ds10_img002319_ann002319,100000,ds10,2319,2319,02_extracted/uang/100000/ds10_img002319_ann002319.png,1.0,4.55,0.08597883597883597,True,False,True,False,False,True,True,aspect_outlier,,
ds10_img002337_ann002337,50000,ds10,2337,2337,02_extracted/uang/50000/ds10_img002337_ann002337.png,1.0,2.2003381234150465,0.2525553672472075,True,False,False,False,True,False,True,random_5pct,,
ds10_img002338_ann002338,10000,ds10,2338,2338,02_extracted/uang/10000/ds10_img002338_ann002338.png,1.0,1.2624113475177305,0.20584333270345176,True,False,False,False,True,False,True,random_5pct,,
ds10_img002343_ann002343,20000,ds10,2343,2343,02_extracted/uang/20000/ds10_img002343_ann002343.png,1.0,2.0015408320493067,0.27010476739715494,True,False,False,False,True,False,True,random_5pct,,
ds10_img002349_ann002349,5000,ds10,2349,2349,02_extracted/uang/5000/ds10_img002349_ann002349.png,1.0,0.5339805825242718,0.18584787309985723,True,False,False,False,True,False,True,random_5pct,,
ds10_img002361_ann002361,20000,ds10,2361,2361,02_extracted/uang/20000/ds10_img002361_ann002361.png,1.0,0.5183407610558793,0.35326989619377164,True,False,False,False,True,False,True,random_5pct,,
ds10_img002373_ann002373,20000,ds10,2373,2373,02_extracted/uang/20000/ds10_img002373_ann002373.png,1.0,0.5332094751509522,0.1979722542611816,True,False,False,False,True,False,True,random_5pct,,
ds10_img002416_ann002416,1000,ds10,2416,2416,02_extracted/uang/1000/ds10_img002416_ann002416.png,1.0,1.775811209439528,0.40865292195309494,True,False,False,False,True,False,True,random_5pct,,
ds10_img002422_ann002422,10000,ds10,2422,2422,02_extracted/uang/10000/ds10_img002422_ann002422.png,1.0,1.051094890510949,0.1618008314436886,True,False,False,False,True,False,True,random_5pct,,
ds10_img002428_ann002428,20000,ds10,2428,2428,02_extracted/uang/20000/ds10_img002428_ann002428.png,1.0,0.8753568030447193,0.6970299884659746,True,False,False,False,True,False,True,random_5pct,,
ds10_img002437_ann002437,20000,ds10,2437,2437,02_extracted/uang/20000/ds10_img002437_ann002437.png,1.0,0.9401878398418191,0.30819444444444444,True,False,False,False,True,False,True,random_5pct,,
ds10_img002438_ann002438,100000,ds10,2438,2438,02_extracted/uang/100000/ds10_img002438_ann002438.png,1.0,4.277511961722488,0.13791896967120182,True,False,True,False,False,True,True,aspect_outlier,,
ds10_img002439_ann002439,50000,ds10,2439,2439,02_extracted/uang/50000/ds10_img002439_ann002439.png,1.0,2.255813953488372,0.3078792280801209,True,False,False,False,True,False,True,random_5pct,,
ds10_img002442_ann002442,50000,ds10,2442,2442,02_extracted/uang/50000/ds10_img002442_ann002442.png,1.0,3.3658536585365852,0.18561822877299067,True,False,False,False,True,False,True,random_5pct,,
ds10_img002457_ann002457,2000,ds10,2457,2457,02_extracted/uang/2000/ds10_img002457_ann002457.png,1.0,5.26530612244898,0.10368441358024691,True,False,True,False,False,True,True,aspect_outlier,,
ds10_img002459_ann002459,1000,ds10,2459,2459,02_extracted/uang/1000/ds10_img002459_ann002459.png,1.0,2.5714285714285716,0.42,True,False,False,False,True,False,True,random_5pct,,
ds10_img002461_ann002461,10000,ds10,2461,2461,02_extracted/uang/10000/ds10_img002461_ann002461.png,1.0,1.8089887640449438,0.11752048427395649,True,False,False,False,True,False,True,random_5pct,,
ds10_img002463_ann002463,5000,ds10,2463,2463,02_extracted/uang/5000/ds10_img002463_ann002463.png,1.0,4.171875,0.14014865205341395,True,False,True,False,False,True,True,aspect_outlier,,
ds10_img002477_ann002477,2000,ds10,2477,2477,02_extracted/uang/2000/ds10_img002477_ann002477.png,1.0,0.519893899204244,0.606031378600823,True,False,False,False,True,False,True,random_5pct,,
ds10_img002515_ann002515,20000,ds10,2515,2515,02_extracted/uang/20000/ds10_img002515_ann002515.png,1.0,1.9961132704053304,0.5185982154299629,True,False,False,False,True,False,True,random_5pct,,
ds10_img002517_ann002517,5000,ds10,2517,2517,02_extracted/uang/5000/ds10_img002517_ann002517.png,1.0,4.981481481481482,0.11913619614512472,True,False,True,False,False,True,True,aspect_outlier,,
ds10_img002530_ann002530,100000,ds10,2530,2530,02_extracted/uang/100000/ds10_img002530_ann002530.png,1.0,2.3220338983050848,0.2651735848660452,True,False,False,False,True,False,True,random_5pct,,
ds10_img002538_ann002538,1000,ds10,2538,2538,02_extracted/uang/1000/ds10_img002538_ann002538.png,1.0,0.8744954128440366,0.5201264737921313,True,False,False,False,True,False,True,random_5pct,,
ds10_img002547_ann002547,5000,ds10,2547,2547,02_extracted/uang/5000/ds10_img002547_ann002547.png,1.0,1.79136690647482,0.2838649927563618,True,False,False,False,True,False,True,random_5pct,,
ds10_img002548_ann002548,50000,ds10,2548,2548,02_extracted/uang/50000/ds10_img002548_ann002548.png,1.0,0.4494485294117647,0.17454018644494834,True,False,False,False,True,False,True,random_5pct,,
ds10_img002555_ann002555,100000,ds10,2555,2555,02_extracted/uang/100000/ds10_img002555_ann002555.png,1.0,4.380794701986755,0.1310763888888889,True,False,True,False,False,True,True,aspect_outlier,,
ds10_img002652_ann002652,10000,ds10,2652,2652,02_extracted/uang/10000/ds10_img002652_ann002652.png,1.0,4.3559322033898304,0.12436060458133871,True,False,True,False,False,True,True,aspect_outlier,,
ds10_img002657_ann002657,50000,ds10,2657,2657,02_extracted/uang/50000/ds10_img002657_ann002657.png,1.0,2.2439024390243905,0.2601748839968086,True,False,False,False,True,False,True,random_5pct,,
ds10_img002689_ann002689,100000,ds10,2689,2689,02_extracted/uang/100000/ds10_img002689_ann002689.png,1.0,4.568738229755179,0.10565328561980347,True,False,True,False,False,True,True,aspect_outlier,,
ds10_img002702_ann002702,100000,ds10,2702,2702,02_extracted/uang/100000/ds10_img002702_ann002702.png,1.0,4.3875598086124405,0.14146722056878308,True,False,True,False,False,True,True,aspect_outlier,,
ds10_img002719_ann002719,5000,ds10,2719,2719,02_extracted/uang/5000/ds10_img002719_ann002719.png,1.0,1.7421875,0.23410598807424204,True,False,False,False,True,False,True,random_5pct,,
ds10_img002738_ann002738,1000,ds10,2738,2738,02_extracted/uang/1000/ds10_img002738_ann002738.png,1.0,1.7022504327755337,0.40948593489683455,True,False,False,False,True,False,True,random_5pct,,
ds10_img002759_ann002759,50000,ds10,2759,2759,02_extracted/uang/50000/ds10_img002759_ann002759.png,1.0,4.458715596330276,0.10861766581632654,True,False,True,False,False,True,True,aspect_outlier,,
ds10_img002778_ann002778,2000,ds10,2778,2778,02_extracted/uang/2000/ds10_img002778_ann002778.png,1.0,0.4782608695652174,0.2510750635130595,True,False,False,False,True,False,True,random_5pct,,
ds10_img002784_ann002784,10000,ds10,2784,2784,02_extracted/uang/10000/ds10_img002784_ann002784.png,1.0,4.171875,0.14014865205341395,True,False,True,False,False,True,True,aspect_outlier,,
ds10_img002809_ann002809,20000,ds10,2809,2809,02_extracted/uang/20000/ds10_img002809_ann002809.png,1.0,1.7973068745570517,0.2866122004357298,True,False,False,False,True,False,True,random_5pct,,
ds10_img002813_ann002813,100000,ds10,2813,2813,02_extracted/uang/100000/ds10_img002813_ann002813.png,1.0,4.844181459566075,0.10212545666414714,True,False,True,False,False,True,True,aspect_outlier,,
ds10_img002819_ann002819,1000,ds10,2819,2819,02_extracted/uang/1000/ds10_img002819_ann002819.png,1.0,0.7682291666666666,0.22683583237216456,True,False,False,False,True,False,True,random_5pct,,
ds10_img002825_ann002824,100000,ds10,2825,2824,02_extracted/uang/100000/ds10_img002825_ann002824.png,1.0,2.2411504424778763,0.15021232258335432,True,False,False,False,True,False,True,random_5pct,,
ds10_img002827_ann002826,10000,ds10,2827,2826,02_extracted/uang/10000/ds10_img002827_ann002826.png,1.0,0.6198830409356725,0.14866189531368104,True,False,False,False,True,False,True,random_5pct,,
ds10_img002830_ann002829,5000,ds10,2830,2829,02_extracted/uang/5000/ds10_img002830_ann002829.png,1.0,0.508,0.2604002635004619,True,False,False,False,True,False,True,random_5pct,,
ds10_img002838_ann002837,2000,ds10,2838,2837,02_extracted/uang/2000/ds10_img002838_ann002837.png,1.0,0.6288659793814433,0.4367589049508692,True,False,False,False,True,False,True,random_5pct,,
ds10_img002849_ann002848,50000,ds10,2849,2848,02_extracted/uang/50000/ds10_img002849_ann002848.png,1.0,4.270788912579957,0.07704624577454439,True,False,True,False,True,True,True,aspect_outlier;random_5pct,,
ds10_img002865_ann002864,2000,ds10,2865,2864,02_extracted/uang/2000/ds10_img002865_ann002864.png,1.0,1.6888888888888889,0.25244472789115646,True,False,False,False,True,False,True,random_5pct,,
ds10_img002873_ann002872,5000,ds10,2873,2872,02_extracted/uang/5000/ds10_img002873_ann002872.png,1.0,1.7659574468085106,0.28794938114134544,True,False,False,False,True,False,True,random_5pct,,
ds10_img002884_ann002883,10000,ds10,2884,2883,02_extracted/uang/10000/ds10_img002884_ann002883.png,1.0,1.9357798165137614,0.18862820977156294,True,False,False,False,True,False,True,random_5pct,,
ds10_img002921_ann002920,50000,ds10,2921,2920,02_extracted/uang/50000/ds10_img002921_ann002920.png,1.0,4.273062730627307,0.10295217624086672,True,False,True,False,False,True,True,aspect_outlier,,
ds10_img002926_ann002925,10000,ds10,2926,2925,02_extracted/uang/10000/ds10_img002926_ann002925.png,1.0,3.6706666666666665,0.169342187106324,True,False,True,False,False,True,True,aspect_outlier,,
ds10_img002936_ann002935,5000,ds10,2936,2935,02_extracted/uang/5000/ds10_img002936_ann002935.png,1.0,1.2456140350877194,0.2987262613378685,True,False,False,False,True,False,True,random_5pct,,
ds10_img002941_ann002940,1000,ds10,2941,2940,02_extracted/uang/1000/ds10_img002941_ann002940.png,1.0,0.8368069209594966,0.4334473920287069,True,False,False,False,True,False,True,random_5pct,,
ds10_img002944_ann002943,10000,ds10,2944,2943,02_extracted/uang/10000/ds10_img002944_ann002943.png,1.0,3.6486486486486487,0.16386763038548752,True,False,True,False,True,True,True,aspect_outlier;random_5pct,,
ds10_img002960_ann002959,50000,ds10,2960,2959,02_extracted/uang/50000/ds10_img002960_ann002959.png,1.0,0.6747211895910781,0.4004299925988914,True,False,False,False,True,False,True,random_5pct,,
ds10_img002964_ann002963,10000,ds10,2964,2963,02_extracted/uang/10000/ds10_img002964_ann002963.png,1.0,2.8349514563106797,0.24667081338708322,True,False,False,False,True,False,True,random_5pct,,
ds10_img002966_ann002965,5000,ds10,2966,2965,02_extracted/uang/5000/ds10_img002966_ann002965.png,1.0,1.795774647887324,0.29697932413706224,True,False,False,False,True,False,True,random_5pct,,
ds10_img002975_ann002974,100000,ds10,2975,2974,02_extracted/uang/100000/ds10_img002975_ann002974.png,1.0,2.203862660944206,0.15700520177206684,True,False,False,False,True,False,True,random_5pct,,
ds10_img002985_ann002984,50000,ds10,2985,2984,02_extracted/uang/50000/ds10_img002985_ann002984.png,1.0,0.5281183932346724,0.24226533302364156,True,False,False,False,True,False,True,random_5pct,,
ds10_img002991_ann002990,10000,ds10,2991,2990,02_extracted/uang/10000/ds10_img002991_ann002990.png,1.0,3.5833333333333335,0.10580042202066012,True,False,True,False,False,True,True,aspect_outlier,,
ds10_img003009_ann003008,50000,ds10,3009,3008,02_extracted/uang/50000/ds10_img003009_ann003008.png,1.0,2.048938134810711,0.19709855875220458,True,False,False,False,True,False,True,random_5pct,,
ds10_img003052_ann003051,50000,ds10,3052,3051,02_extracted/uang/50000/ds10_img003052_ann003051.png,1.0,1.7437452615617892,0.24881142657680355,True,False,False,False,True,False,True,random_5pct,,
ds10_img003061_ann003060,20000,ds10,3061,3060,02_extracted/uang/20000/ds10_img003061_ann003060.png,1.0,1.4537194775695628,0.36109188773548634,True,False,False,False,True,False,True,random_5pct,,
ds10_img003082_ann003081,100000,ds10,3082,3081,02_extracted/uang/100000/ds10_img003082_ann003081.png,1.0,4.058282208588957,0.14149305555555555,True,False,True,False,False,True,True,aspect_outlier,,
ds10_img003083_ann003082,10000,ds10,3083,3082,02_extracted/uang/10000/ds10_img003083_ann003082.png,1.0,1.2836879432624113,0.2093126023557571,True,False,False,False,True,False,True,random_5pct,,
ds10_img003096_ann003095,50000,ds10,3096,3095,02_extracted/uang/50000/ds10_img003096_ann003095.png,1.0,4.2,0.10610429067460317,True,False,True,False,False,True,True,aspect_outlier,,
ds10_img003098_ann003097,10000,ds10,3098,3097,02_extracted/uang/10000/ds10_img003098_ann003097.png,1.0,0.4978165938864629,0.21411052847064752,True,False,False,False,True,False,True,random_5pct,,
ds10_img003109_ann003108,50000,ds10,3109,3108,02_extracted/uang/50000/ds10_img003109_ann003108.png,1.0,0.4594823928722953,0.20935615276203073,True,False,False,False,True,False,True,random_5pct,,
ds10_img003114_ann003113,1000,ds10,3114,3113,02_extracted/uang/1000/ds10_img003114_ann003113.png,1.0,1.1823972206137812,0.2824661988978598,True,False,False,False,True,False,True,random_5pct,,
ds10_img003136_ann003135,10000,ds10,3136,3135,02_extracted/uang/10000/ds10_img003136_ann003135.png,1.0,4.483333333333333,0.1323735512723608,True,False,True,False,False,True,True,aspect_outlier,,
ds10_img003142_ann003141,100000,ds10,3142,3141,02_extracted/uang/100000/ds10_img003142_ann003141.png,1.0,1.178114637612506,0.4305877877771479,True,False,False,False,True,False,True,random_5pct,,
ds10_img003163_ann003162,10000,ds10,3163,3162,02_extracted/uang/10000/ds10_img003163_ann003162.png,1.0,0.5795454545454546,0.3312783446712018,True,False,False,False,True,False,True,random_5pct,,
ds10_img003175_ann003174,2000,ds10,3175,3174,02_extracted/uang/2000/ds10_img003175_ann003174.png,1.0,0.5467289719626168,0.20535123771730915,True,False,False,False,True,False,True,random_5pct,,
ds10_img003212_ann003211,10000,ds10,3212,3211,02_extracted/uang/10000/ds10_img003212_ann003211.png,1.0,1.1745283018867925,0.43294516880826406,True,False,False,False,True,False,True,random_5pct,,
ds10_img003238_ann003237,20000,ds10,3238,3237,02_extracted/uang/20000/ds10_img003238_ann003237.png,1.0,1.9463379260333575,0.296459374599513,True,False,False,False,True,False,True,random_5pct,,
ds10_img003245_ann003244,100000,ds10,3245,3244,02_extracted/uang/100000/ds10_img003245_ann003244.png,1.0,4.9903474903474905,0.10982165821575544,True,False,True,False,False,True,True,aspect_outlier,,
ds10_img003258_ann003257,5000,ds10,3258,3257,02_extracted/uang/5000/ds10_img003258_ann003257.png,1.0,0.5370370370370371,0.3210919784580499,True,False,False,False,True,False,True,random_5pct,,
ds10_img003274_ann003273,20000,ds10,3274,3273,02_extracted/uang/20000/ds10_img003274_ann003273.png,1.0,1.019160211985324,0.49119729591182876,True,False,False,False,True,False,True,random_5pct,,
ds10_img003286_ann003285,50000,ds10,3286,3285,02_extracted/uang/50000/ds10_img003286_ann003285.png,1.0,1.9728353140916808,0.2245324441504997,True,False,False,False,True,False,True,random_5pct,,
ds10_img003291_ann003290,50000,ds10,3291,3290,02_extracted/uang/50000/ds10_img003291_ann003290.png,1.0,1.0104712041884816,0.30233495790291426,True,False,False,False,True,False,True,random_5pct,,
ds10_img003292_ann003291,50000,ds10,3292,3291,02_extracted/uang/50000/ds10_img003292_ann003291.png,1.0,1.9720893141945774,0.2543427382527085,True,False,False,False,True,False,True,random_5pct,,
ds10_img003293_ann003292,100000,ds10,3293,3292,02_extracted/uang/100000/ds10_img003293_ann003292.png,1.0,1.051455653351388,0.18812635490152851,True,False,False,False,True,False,True,random_5pct,,
ds10_img003298_ann003297,5000,ds10,3298,3297,02_extracted/uang/5000/ds10_img003298_ann003297.png,1.0,1.94,0.159110712186109,True,False,False,False,True,False,True,random_5pct,,
ds10_img003301_ann003300,10000,ds10,3301,3300,02_extracted/uang/10000/ds10_img003301_ann003300.png,1.0,4.185714285714286,0.16821446942974722,True,False,True,False,False,True,True,aspect_outlier,,
ds10_img003317_ann003316,100000,ds10,3317,3316,02_extracted/uang/100000/ds10_img003317_ann003316.png,1.0,4.418685121107266,0.12107275394725792,True,False,True,False,False,True,True,aspect_outlier,,
ds10_img003321_ann003320,20000,ds10,3321,3320,02_extracted/uang/20000/ds10_img003321_ann003320.png,1.0,1.1936383928571428,0.30702037677816224,True,False,False,False,True,False,True,random_5pct,,
ds10_img003342_ann003341,10000,ds10,3342,3341,02_extracted/uang/10000/ds10_img003342_ann003341.png,1.0,4.0,0.15169648106156042,True,False,True,False,False,True,True,aspect_outlier,,
ds10_img003359_ann003358,10000,ds10,3359,3358,02_extracted/uang/10000/ds10_img003359_ann003358.png,1.0,3.739130434782609,0.14600458238851097,True,False,True,False,False,True,True,aspect_outlier,,
ds10_img003361_ann003360,20000,ds10,3361,3360,02_extracted/uang/20000/ds10_img003361_ann003360.png,1.0,1.2841552142279709,0.6295573817762399,True,False,False,False,True,False,True,random_5pct,,
ds10_img003368_ann003367,5000,ds10,3368,3367,02_extracted/uang/5000/ds10_img003368_ann003367.png,1.0,0.63,0.20667989417989419,True,False,False,False,True,False,True,random_5pct,,
ds10_img003375_ann003374,5000,ds10,3375,3374,02_extracted/uang/5000/ds10_img003375_ann003374.png,1.0,1.010989010989011,0.27465461493239274,True,False,False,False,True,False,True,random_5pct,,
ds10_img003390_ann003389,1000,ds10,3390,3389,02_extracted/uang/1000/ds10_img003390_ann003389.png,1.0,0.5665704202759063,0.4409059015763168,True,False,False,False,True,False,True,random_5pct,,
ds10_img003409_ann003408,5000,ds10,3409,3408,02_extracted/uang/5000/ds10_img003409_ann003408.png,1.0,0.7673267326732673,0.25679156693541616,True,False,False,False,True,False,True,random_5pct,,
ds10_img003415_ann003414,2000,ds10,3415,3414,02_extracted/uang/2000/ds10_img003415_ann003414.png,1.0,0.5603864734299517,0.1969364134542706,True,False,False,False,True,False,True,random_5pct,,
ds10_img003418_ann003417,20000,ds10,3418,3417,02_extracted/uang/20000/ds10_img003418_ann003417.png,1.0,1.8557284299858556,0.29718826092528516,True,False,False,False,True,False,True,random_5pct,,
ds10_img003432_ann003431,1000,ds10,3432,3431,02_extracted/uang/1000/ds10_img003432_ann003431.png,1.0,1.5210140093395597,0.2737504805843906,True,False,False,False,True,False,True,random_5pct,,
ds10_img003456_ann003455,100000,ds10,3456,3455,02_extracted/uang/100000/ds10_img003456_ann003455.png,1.0,4.640657084188912,0.09026826394137902,True,False,True,False,False,True,True,aspect_outlier,,
ds10_img003472_ann003471,1000,ds10,3472,3471,02_extracted/uang/1000/ds10_img003472_ann003471.png,1.0,1.7206572769953052,0.4001768550557478,True,False,False,False,True,False,True,random_5pct,,
ds10_img003478_ann003477,20000,ds10,3478,3477,02_extracted/uang/20000/ds10_img003478_ann003477.png,1.0,0.8583690987124464,0.6307990516468025,True,False,False,False,True,False,True,random_5pct,,
ds10_img003496_ann003494,10000,ds10,3496,3494,02_extracted/uang/10000/ds10_img003496_ann003494.png,1.0,5.413043478260869,0.09394093285462334,True,False,True,False,False,True,True,aspect_outlier,,
ds10_img003506_ann003504,100000,ds10,3506,3504,02_extracted/uang/100000/ds10_img003506_ann003504.png,1.0,2.2095238095238097,0.1997905643738977,True,False,False,False,True,False,True,random_5pct,,
ds10_img003511_ann003509,100000,ds10,3511,3509,02_extracted/uang/100000/ds10_img003511_ann003509.png,1.0,0.9055177626606198,0.12999131944444445,True,False,False,False,True,False,True,random_5pct,,
ds10_img003513_ann003511,10000,ds10,3513,3511,02_extracted/uang/10000/ds10_img003513_ann003511.png,1.0,3.6623376623376624,0.17808917548500883,True,False,True,False,False,True,True,aspect_outlier,,
ds10_img003522_ann003519,20000,ds10,3522,3519,02_extracted/uang/20000/ds10_img003522_ann003519.png,1.0,0.8251273344651953,0.3668512110726644,True,False,False,False,True,False,True,random_5pct,,
ds10_img003534_ann003531,10000,ds10,3534,3531,02_extracted/uang/10000/ds10_img003534_ann003531.png,1.0,1.9484536082474226,0.15035962301587302,True,False,False,False,True,False,True,random_5pct,,
ds10_img003543_ann003540,20000,ds10,3543,3540,02_extracted/uang/20000/ds10_img003543_ann003540.png,1.0,0.5383517659650374,0.3387901287966167,True,False,False,False,True,False,True,random_5pct,,
ds10_img003574_ann003571,1000,ds10,3574,3571,02_extracted/uang/1000/ds10_img003574_ann003571.png,1.0,0.969991173874669,0.39893854927591954,True,False,False,False,True,False,True,random_5pct,,
ds10_img003589_ann003586,20000,ds10,3589,3586,02_extracted/uang/20000/ds10_img003589_ann003586.png,1.0,1.0254802038416306,0.5345232602845059,True,False,False,False,True,False,True,random_5pct,,
ds10_img003596_ann003592,10000,ds10,3596,3592,02_extracted/uang/10000/ds10_img003596_ann003592.png,1.0,4.0,0.13437473754934073,True,False,True,False,False,True,True,aspect_outlier,,
ds10_img003602_ann003598,100000,ds10,3602,3598,02_extracted/uang/100000/ds10_img003602_ann003598.png,1.0,2.2413793103448274,0.24735974636768288,True,False,False,False,True,False,True,random_5pct,,
ds10_img003603_ann003599,100000,ds10,3603,3599,02_extracted/uang/100000/ds10_img003603_ann003599.png,1.0,1.3842857142857143,0.22252535273368607,True,False,False,False,True,False,True,random_5pct,,
ds10_img003623_ann003619,2000,ds10,3623,3619,02_extracted/uang/2000/ds10_img003623_ann003619.png,1.0,1.7583333333333333,0.20766408415217938,True,False,False,False,True,False,True,random_5pct,,
ds10_img003630_ann003626,100000,ds10,3630,3626,02_extracted/uang/100000/ds10_img003630_ann003626.png,1.0,0.47465635738831613,0.21098080435878055,True,False,False,False,True,False,True,random_5pct,,
ds10_img003657_ann003653,10000,ds10,3657,3653,02_extracted/uang/10000/ds10_img003657_ann003653.png,1.0,3.671875,0.12335180985974636,True,False,True,False,False,True,True,aspect_outlier,,
ds10_img003659_ann003655,20000,ds10,3659,3655,02_extracted/uang/20000/ds10_img003659_ann003655.png,1.0,2.437886067261496,0.41452518262206844,True,False,False,False,True,False,True,random_5pct,,
ds10_img003686_ann003682,100000,ds10,3686,3682,02_extracted/uang/100000/ds10_img003686_ann003682.png,1.0,0.4718337994406712,0.24244232318699085,True,False,False,False,True,False,True,random_5pct,,
ds10_img003689_ann003685,2000,ds10,3689,3685,02_extracted/uang/2000/ds10_img003689_ann003685.png,1.0,3.8,0.15271347736625515,True,False,True,False,False,True,True,aspect_outlier,,
ds10_img003700_ann003696,2000,ds10,3700,3696,02_extracted/uang/2000/ds10_img003700_ann003696.png,1.0,0.4548022598870056,0.46744102733686066,True,False,False,False,True,False,True,random_5pct,,
ds10_img003702_ann003698,20000,ds10,3702,3698,02_extracted/uang/20000/ds10_img003702_ann003698.png,1.0,0.9618959107806692,0.3568050749711649,True,False,False,False,True,False,True,random_5pct,,
ds2_img003730_ann003726,1000,ds2,3730,3726,02_extracted/uang/1000/ds2_img003730_ann003726.png,1.0,1.9246575342465753,0.1780642361111111,True,False,False,False,True,False,True,random_5pct,,
ds2_img003744_ann003740,1000,ds2,3744,3740,02_extracted/uang/1000/ds2_img003744_ann003740.png,1.0,1.2525458248472505,0.32765299479166665,True,False,False,False,True,False,True,random_5pct,,
ds2_img003756_ann003752,1000,ds2,3756,3752,02_extracted/uang/1000/ds2_img003756_ann003752.png,1.0,1.3477157360406091,0.22701171875,True,False,False,False,True,False,True,random_5pct,,
ds2_img003806_ann003802,1000,ds2,3806,3802,02_extracted/uang/1000/ds2_img003806_ann003802.png,1.0,1.7724550898203593,0.21454861111111112,True,False,False,False,True,False,True,random_5pct,,
ds2_img003817_ann003813,1000,ds2,3817,3813,02_extracted/uang/1000/ds2_img003817_ann003813.png,1.0,1.8356164383561644,0.1698263888888889,True,False,False,False,True,False,True,random_5pct,,
ds2_img003820_ann003816,1000,ds2,3820,3816,02_extracted/uang/1000/ds2_img003820_ann003816.png,1.0,1.896551724137931,0.2924858940972222,True,False,False,False,True,False,True,random_5pct,,
ds2_img003876_ann003872,1000,ds2,3876,3872,02_extracted/uang/1000/ds2_img003876_ann003872.png,1.0,1.8203389830508474,0.17189127604166668,True,False,False,False,True,False,True,random_5pct,,
ds2_img003901_ann003897,1000,ds2,3901,3897,02_extracted/uang/1000/ds2_img003901_ann003897.png,1.0,1.4712328767123288,0.21267903645833333,True,False,False,False,True,False,True,random_5pct,,
ds2_img003941_ann003937,1000,ds2,3941,3937,02_extracted/uang/1000/ds2_img003941_ann003937.png,1.0,1.7403846153846154,0.183828125,True,False,False,False,True,False,True,random_5pct,,
ds2_img003947_ann003943,1000,ds2,3947,3943,02_extracted/uang/1000/ds2_img003947_ann003943.png,1.0,1.9365079365079365,0.300234375,True,False,False,False,True,False,True,random_5pct,,
ds2_img003958_ann003954,1000,ds2,3958,3954,02_extracted/uang/1000/ds2_img003958_ann003954.png,1.0,2.088082901554404,0.3375824652777778,True,False,False,False,True,False,True,random_5pct,,
ds2_img003959_ann003955,1000,ds2,3959,3955,02_extracted/uang/1000/ds2_img003959_ann003955.png,1.0,1.8118466898954704,0.1619357638888889,True,False,False,False,True,False,True,random_5pct,,
ds2_img004000_ann003996,1000,ds2,4000,3996,02_extracted/uang/1000/ds2_img004000_ann003996.png,1.0,1.7898305084745763,0.16901041666666666,True,False,False,False,True,False,True,random_5pct,,
ds2_img004007_ann004002,1000,ds2,4007,4002,02_extracted/uang/1000/ds2_img004007_ann004002.png,1.0,1.778169014084507,0.15562065972222222,True,False,False,False,True,False,True,random_5pct,,
ds2_img004060_ann004055,1000,ds2,4060,4055,02_extracted/uang/1000/ds2_img004060_ann004055.png,1.0,1.8204225352112675,0.15931857638888888,True,False,False,False,True,False,True,random_5pct,,
ds2_img004190_ann004185,1000,ds2,4190,4185,02_extracted/uang/1000/ds2_img004190_ann004185.png,1.0,0.9824902723735408,0.28165147569444443,True,False,False,False,True,False,True,random_5pct,,
ds2_img004201_ann004196,1000,ds2,4201,4196,02_extracted/uang/1000/ds2_img004201_ann004196.png,1.0,2.6066350710900474,0.1259223090277778,True,False,False,False,True,False,True,random_5pct,,
ds2_img004230_ann004225,1000,ds2,4230,4225,02_extracted/uang/1000/ds2_img004230_ann004225.png,1.0,1.8556701030927836,0.1705078125,True,False,False,False,True,False,True,random_5pct,,
ds2_img004235_ann004230,1000,ds2,4235,4230,02_extracted/uang/1000/ds2_img004235_ann004230.png,1.0,1.4264705882352942,0.25765625,True,False,False,False,True,False,True,random_5pct,,
ds2_img004238_ann004233,1000,ds2,4238,4233,02_extracted/uang/1000/ds2_img004238_ann004233.png,1.0,1.081720430107527,0.2537923177083333,True,False,False,False,True,False,True,random_5pct,,
ds2_img004245_ann004240,1000,ds2,4245,4240,02_extracted/uang/1000/ds2_img004245_ann004240.png,1.0,1.8274647887323943,0.15993489583333334,True,False,False,False,True,False,True,random_5pct,,
ds2_img004271_ann004266,1000,ds2,4271,4266,02_extracted/uang/1000/ds2_img004271_ann004266.png,1.0,0.6222222222222222,0.196875,True,False,False,False,True,False,True,random_5pct,,
ds2_img004275_ann004270,1000,ds2,4275,4270,02_extracted/uang/1000/ds2_img004275_ann004270.png,1.0,1.6987179487179487,0.17942708333333332,True,False,False,False,True,False,True,random_5pct,,
ds2_img004304_ann004299,1000,ds2,4304,4299,02_extracted/uang/1000/ds2_img004304_ann004299.png,1.0,1.3120567375886525,0.254736328125,True,False,False,False,True,False,True,random_5pct,,
ds2_img004339_ann004335,1000,ds2,4339,4335,02_extracted/uang/1000/ds2_img004339_ann004335.png,1.0,1.5338345864661653,0.2649609375,True,False,False,False,True,False,True,random_5pct,,
ds2_img004353_ann004349,1000,ds2,4353,4349,02_extracted/uang/1000/ds2_img004353_ann004349.png,1.0,1.7263513513513513,0.1641232638888889,True,False,False,False,True,False,True,random_5pct,,
ds2_img004356_ann004352,1000,ds2,4356,4352,02_extracted/uang/1000/ds2_img004356_ann004352.png,1.0,0.7984,0.3384060329861111,True,False,False,False,True,False,True,random_5pct,,
ds2_img004371_ann004367,1000,ds2,4371,4367,02_extracted/uang/1000/ds2_img004371_ann004367.png,1.0,1.6590909090909092,0.2823046875,True,False,False,False,True,False,True,random_5pct,,
ds2_img004378_ann004374,1000,ds2,4378,4374,02_extracted/uang/1000/ds2_img004378_ann004374.png,1.0,1.0286225402504472,0.3487684461805556,True,False,False,False,True,False,True,random_5pct,,
ds2_img004383_ann004379,1000,ds2,4383,4379,02_extracted/uang/1000/ds2_img004383_ann004379.png,1.0,1.8229166666666667,0.1640625,True,False,False,False,True,False,True,random_5pct,,
ds2_img004410_ann004406,1000,ds2,4410,4406,02_extracted/uang/1000/ds2_img004410_ann004406.png,1.0,1.3681462140992167,0.21776475694444444,True,False,False,False,True,False,True,random_5pct,,
ds2_img004418_ann004414,1000,ds2,4418,4414,02_extracted/uang/1000/ds2_img004418_ann004414.png,1.0,1.452054794520548,0.2099066840277778,True,False,False,False,True,False,True,random_5pct,,
ds2_img004430_ann004426,1000,ds2,4430,4426,02_extracted/uang/1000/ds2_img004430_ann004426.png,1.0,1.8166089965397925,0.16463216145833334,True,False,False,False,True,False,True,random_5pct,,
ds2_img004437_ann004433,1000,ds2,4437,4433,02_extracted/uang/1000/ds2_img004437_ann004433.png,1.0,1.1143375680580763,0.36709418402777777,True,False,False,False,True,False,True,random_5pct,,
ds2_img004456_ann004452,1000,ds2,4456,4452,02_extracted/uang/1000/ds2_img004456_ann004452.png,1.0,1.8045602605863191,0.18454644097222223,True,False,False,False,True,False,True,random_5pct,,
ds2_img004492_ann004488,1000,ds2,4492,4488,02_extracted/uang/1000/ds2_img004492_ann004488.png,1.0,1.1515748031496063,0.3224609375,True,False,False,False,True,False,True,random_5pct,,
ds2_img004516_ann004512,1000,ds2,4516,4512,02_extracted/uang/1000/ds2_img004516_ann004512.png,1.0,1.2328767123287672,0.256640625,True,False,False,False,True,False,True,random_5pct,,
ds2_img004523_ann004519,1000,ds2,4523,4519,02_extracted/uang/1000/ds2_img004523_ann004519.png,1.0,1.7293447293447293,0.231181640625,True,False,False,False,True,False,True,random_5pct,,
ds2_img004525_ann004521,1000,ds2,4525,4521,02_extracted/uang/1000/ds2_img004525_ann004521.png,1.0,1.8644067796610169,0.1760525173611111,True,False,False,False,True,False,True,random_5pct,,
ds2_img004534_ann004530,1000,ds2,4534,4530,02_extracted/uang/1000/ds2_img004534_ann004530.png,1.0,1.7019867549668874,0.16843315972222223,True,False,False,False,True,False,True,random_5pct,,
ds2_img004535_ann004531,1000,ds2,4535,4531,02_extracted/uang/1000/ds2_img004535_ann004531.png,1.0,1.7515923566878981,0.18739149305555555,True,False,False,False,True,False,True,random_5pct,,
ds2_img004540_ann004536,1000,ds2,4540,4536,02_extracted/uang/1000/ds2_img004540_ann004536.png,1.0,1.7928994082840237,0.22225260416666667,True,False,False,False,True,False,True,random_5pct,,
ds2_img004547_ann004543,1000,ds2,4547,4543,02_extracted/uang/1000/ds2_img004547_ann004543.png,1.0,0.6285714285714286,0.21388888888888888,True,False,False,False,True,False,True,random_5pct,,
ds2_img004552_ann004548,1000,ds2,4552,4548,02_extracted/uang/1000/ds2_img004552_ann004548.png,1.0,1.3848167539267016,0.21926866319444444,True,False,False,False,True,False,True,random_5pct,,
ds2_img004555_ann004551,1000,ds2,4555,4551,02_extracted/uang/1000/ds2_img004555_ann004551.png,1.0,1.6620879120879122,0.23895399305555556,True,False,False,False,True,False,True,random_5pct,,
ds2_img004557_ann004553,1000,ds2,4557,4553,02_extracted/uang/1000/ds2_img004557_ann004553.png,1.0,1.0919037199124726,0.24744249131944446,True,False,False,False,True,False,True,random_5pct,,
ds2_img004565_ann004561,1000,ds2,4565,4561,02_extracted/uang/1000/ds2_img004565_ann004561.png,1.0,1.5486486486486486,0.23004557291666666,True,False,False,False,True,False,True,random_5pct,,
ds2_img004578_ann004574,1000,ds2,4578,4574,02_extracted/uang/1000/ds2_img004578_ann004574.png,1.0,1.5183374083129584,0.275595703125,True,False,False,False,True,False,True,random_5pct,,
ds2_img004580_ann004576,1000,ds2,4580,4576,02_extracted/uang/1000/ds2_img004580_ann004576.png,1.0,1.7613636363636365,0.23680555555555555,True,False,False,False,True,False,True,random_5pct,,
ds2_img004594_ann004591,1000,ds2,4594,4591,02_extracted/uang/1000/ds2_img004594_ann004591.png,1.0,1.7565982404692082,0.22163519965277778,True,False,False,False,True,False,True,random_5pct,,
ds2_img004599_ann004596,1000,ds2,4599,4596,02_extracted/uang/1000/ds2_img004599_ann004596.png,1.0,1.808724832214765,0.17428602430555556,True,False,False,False,True,False,True,random_5pct,,
ds2_img004601_ann004598,1000,ds2,4601,4598,02_extracted/uang/1000/ds2_img004601_ann004598.png,1.0,1.7722772277227723,0.176552734375,True,False,False,False,True,False,True,random_5pct,,
ds2_img004615_ann004612,1000,ds2,4615,4612,02_extracted/uang/1000/ds2_img004615_ann004612.png,1.0,1.5803108808290156,0.2554904513888889,True,False,False,False,True,False,True,random_5pct,,
ds2_img004619_ann004616,1000,ds2,4619,4616,02_extracted/uang/1000/ds2_img004619_ann004616.png,1.0,0.79073756432247,0.2916265190972222,True,False,False,False,True,False,True,random_5pct,,
ds2_img004630_ann004627,1000,ds2,4630,4627,02_extracted/uang/1000/ds2_img004630_ann004627.png,1.0,2.059479553903346,0.16170355902777778,True,False,False,False,True,False,True,random_5pct,,
ds2_img004640_ann004637,1000,ds2,4640,4637,02_extracted/uang/1000/ds2_img004640_ann004637.png,1.0,1.8571428571428572,0.1741796875,True,False,False,False,True,False,True,random_5pct,,
ds2_img004677_ann004674,1000,ds2,4677,4674,02_extracted/uang/1000/ds2_img004677_ann004674.png,1.0,2.4743589743589745,0.26135416666666667,True,False,False,False,True,False,True,random_5pct,,
ds2_img004679_ann004676,1000,ds2,4679,4676,02_extracted/uang/1000/ds2_img004679_ann004676.png,1.0,1.6102150537634408,0.24178385416666667,True,False,False,False,True,False,True,random_5pct,,
ds2_img004692_ann004689,1000,ds2,4692,4689,02_extracted/uang/1000/ds2_img004692_ann004689.png,1.0,0.9802955665024631,0.394501953125,True,False,False,False,True,False,True,random_5pct,,
ds2_img004693_ann004690,1000,ds2,4693,4690,02_extracted/uang/1000/ds2_img004693_ann004690.png,1.0,1.7869318181818181,0.24024305555555556,True,False,False,False,True,False,True,random_5pct,,
ds2_img004701_ann004698,1000,ds2,4701,4698,02_extracted/uang/1000/ds2_img004701_ann004698.png,1.0,2.1797752808988764,0.16861328125,True,False,False,False,True,False,True,random_5pct,,
ds3_img004710_ann004708,20000,ds3,4710,4708,02_extracted/uang/20000/ds3_img004710_ann004708.png,1.0,3.8285714285714287,0.005088975694444445,True,False,False,False,True,False,True,random_5pct,,
ds3_img004714_ann004718,20000,ds3,4714,4718,02_extracted/uang/20000/ds3_img004714_ann004718.png,1.0,0.9806138933764136,0.4076963975694444,True,False,False,False,True,False,True,random_5pct,,
ds3_img004728_ann004750,20000,ds3,4728,4750,02_extracted/uang/20000/ds3_img004728_ann004750.png,1.0,2.296875,0.16333333333333333,True,False,False,False,True,False,True,random_5pct,,
ds3_img004734_ann004765,20000,ds3,4734,4765,02_extracted/uang/20000/ds3_img004734_ann004765.png,1.0,1.966565349544073,0.23097113715277778,True,False,False,False,True,False,True,random_5pct,,
ds3_img004758_ann004831,20000,ds3,4758,4831,02_extracted/uang/20000/ds3_img004758_ann004831.png,1.0,4.193548387096774,0.004372829861111111,True,False,True,False,False,True,True,aspect_outlier,,
ds3_img004763_ann004840,20000,ds3,4763,4840,02_extracted/uang/20000/ds3_img004763_ann004840.png,1.0,1.4389140271493213,0.07625651041666667,True,False,False,False,True,False,True,random_5pct,,
ds3_img004765_ann004846,20000,ds3,4765,4846,02_extracted/uang/20000/ds3_img004765_ann004846.png,1.0,1.448780487804878,0.2642578125,True,False,False,False,True,False,True,random_5pct,,
ds3_img004765_ann004847,20000,ds3,4765,4847,02_extracted/uang/20000/ds3_img004765_ann004847.png,1.0,2.066666666666667,0.004541015625,True,False,False,False,True,False,True,random_5pct,,
ds3_img004776_ann004874,20000,ds3,4776,4874,02_extracted/uang/20000/ds3_img004776_ann004874.png,1.0,2.175,0.015104166666666667,True,False,False,False,True,False,True,random_5pct,,
ds3_img004776_ann004876,20000,ds3,4776,4876,02_extracted/uang/20000/ds3_img004776_ann004876.png,1.0,0.974025974025974,0.006266276041666667,True,False,False,False,True,False,True,random_5pct,,
ds3_img004786_ann004901,20000,ds3,4786,4901,02_extracted/uang/20000/ds3_img004786_ann004901.png,1.0,1.321083172147002,0.38314995659722223,True,False,False,False,True,False,True,random_5pct,,
ds3_img004788_ann004906,20000,ds3,4788,4906,02_extracted/uang/20000/ds3_img004788_ann004906.png,1.0,2.1323529411764706,0.17118055555555556,True,False,False,False,True,False,True,random_5pct,,
ds3_img004788_ann004907,20000,ds3,4788,4907,02_extracted/uang/20000/ds3_img004788_ann004907.png,1.0,2.9761904761904763,0.005696614583333333,True,False,False,False,True,False,True,random_5pct,,
ds3_img004791_ann004912,20000,ds3,4791,4912,02_extracted/uang/20000/ds3_img004791_ann004912.png,1.0,2.0533807829181496,0.1759299045138889,True,False,False,False,True,False,True,random_5pct,,
ds3_img004795_ann004927,20000,ds3,4795,4927,02_extracted/uang/20000/ds3_img004795_ann004927.png,1.0,0.9210526315789473,0.005772569444444445,True,False,False,False,True,False,True,random_5pct,,
ds3_img004798_ann004937,20000,ds3,4798,4937,02_extracted/uang/20000/ds3_img004798_ann004937.png,1.0,0.9811320754716981,0.002990451388888889,True,False,False,False,True,False,True,random_5pct,,
ds3_img004808_ann004964,20000,ds3,4808,4964,02_extracted/uang/20000/ds3_img004808_ann004964.png,1.0,0.9053497942386831,0.0580078125,True,False,False,False,True,False,True,random_5pct,,
ds3_img004812_ann004975,20000,ds3,4812,4975,02_extracted/uang/20000/ds3_img004812_ann004975.png,1.0,1.094240837696335,0.04331488715277778,True,False,False,False,True,False,True,random_5pct,,
ds3_img004830_ann005020,20000,ds3,4830,5020,02_extracted/uang/20000/ds3_img004830_ann005020.png,1.0,1.891304347826087,0.004342447916666666,True,False,False,False,True,False,True,random_5pct,,
ds3_img004831_ann005022,20000,ds3,4831,5022,02_extracted/uang/20000/ds3_img004831_ann005022.png,1.0,0.8274760383386581,0.08796332465277777,True,False,False,False,True,False,True,random_5pct,,
ds3_img004833_ann005029,20000,ds3,4833,5029,02_extracted/uang/20000/ds3_img004833_ann005029.png,1.0,4.096774193548387,0.004271918402777778,True,False,True,False,False,True,True,aspect_outlier,,
ds3_img004838_ann005043,20000,ds3,4838,5043,02_extracted/uang/20000/ds3_img004838_ann005043.png,1.0,2.761904761904762,0.005286458333333333,True,False,False,False,True,False,True,random_5pct,,
ds3_img004850_ann005072,20000,ds3,4850,5072,02_extracted/uang/20000/ds3_img004850_ann005072.png,1.0,2.1782945736434107,0.15733072916666666,True,False,False,False,True,False,True,random_5pct,,
ds3_img004857_ann005091,20000,ds3,4857,5091,02_extracted/uang/20000/ds3_img004857_ann005091.png,1.0,0.7898832684824902,0.05660915798611111,True,False,False,False,True,False,True,random_5pct,,
ds3_img004869_ann005121,20000,ds3,4869,5121,02_extracted/uang/20000/ds3_img004869_ann005121.png,1.0,0.96,0.052734375,True,False,False,False,True,False,True,random_5pct,,
ds3_img004875_ann005134,20000,ds3,4875,5134,02_extracted/uang/20000/ds3_img004875_ann005134.png,1.0,1.7608695652173914,0.00404296875,True,False,False,False,True,False,True,random_5pct,,
ds3_img004880_ann005146,20000,ds3,4880,5146,02_extracted/uang/20000/ds3_img004880_ann005146.png,1.0,0.9,0.04306640625,True,False,False,False,True,False,True,random_5pct,,
ds3_img004885_ann005158,20000,ds3,4885,5158,02_extracted/uang/20000/ds3_img004885_ann005158.png,1.0,1.636111111111111,0.230078125,True,False,False,False,True,False,True,random_5pct,,
ds3_img004888_ann005166,20000,ds3,4888,5166,02_extracted/uang/20000/ds3_img004888_ann005166.png,1.0,2.663793103448276,0.15557291666666667,True,False,False,False,True,False,True,random_5pct,,
ds3_img004904_ann005208,20000,ds3,4904,5208,02_extracted/uang/20000/ds3_img004904_ann005208.png,1.0,1.3253968253968254,0.091328125,True,False,False,False,True,False,True,random_5pct,,
ds3_img004905_ann005210,20000,ds3,4905,5210,02_extracted/uang/20000/ds3_img004905_ann005210.png,1.0,2.1358490566037736,0.16274956597222223,True,False,False,False,True,False,True,random_5pct,,
ds3_img004908_ann005217,20000,ds3,4908,5217,02_extracted/uang/20000/ds3_img004908_ann005217.png,1.0,1.0163398692810457,0.413046875,True,False,False,False,True,False,True,random_5pct,,
ds3_img004910_ann005225,20000,ds3,4910,5225,02_extracted/uang/20000/ds3_img004910_ann005225.png,1.0,2.9285714285714284,0.00560546875,True,False,False,False,True,False,True,random_5pct,,
ds3_img004915_ann005238,20000,ds3,4915,5238,02_extracted/uang/20000/ds3_img004915_ann005238.png,1.0,2.2444444444444445,0.004931640625,True,False,False,False,True,False,True,random_5pct,,
ds3_img004917_ann005242,20000,ds3,4917,5242,02_extracted/uang/20000/ds3_img004917_ann005242.png,1.0,2.975,0.005164930555555555,True,False,False,False,True,False,True,random_5pct,,
ds3_img004926_ann005267,20000,ds3,4926,5267,02_extracted/uang/20000/ds3_img004926_ann005267.png,1.0,3.3333333333333335,0.00732421875,True,False,False,False,True,False,True,random_5pct,,
ds3_img004934_ann005287,20000,ds3,4934,5287,02_extracted/uang/20000/ds3_img004934_ann005287.png,1.0,3.1951219512195124,0.005827907986111111,True,False,False,False,True,False,True,random_5pct,,
ds3_img004959_ann005352,20000,ds3,4959,5352,02_extracted/uang/20000/ds3_img004959_ann005352.png,1.0,1.6169590643274854,0.20521484375,True,False,False,False,True,False,True,random_5pct,,
ds3_img004960_ann005357,20000,ds3,4960,5357,02_extracted/uang/20000/ds3_img004960_ann005357.png,1.0,1.381578947368421,0.03463541666666667,True,False,False,False,True,False,True,random_5pct,,
ds3_img004978_ann005408,20000,ds3,4978,5408,02_extracted/uang/20000/ds3_img004978_ann005408.png,1.0,0.6484375,0.011527777777777777,True,False,False,False,True,False,True,random_5pct,,
ds3_img004983_ann005423,20000,ds3,4983,5423,02_extracted/uang/20000/ds3_img004983_ann005423.png,1.0,2.7906976744186047,0.005598958333333333,True,False,False,False,True,False,True,random_5pct,,
ds3_img004984_ann005425,20000,ds3,4984,5425,02_extracted/uang/20000/ds3_img004984_ann005425.png,1.0,2.975609756097561,0.005427517361111111,True,False,False,False,True,False,True,random_5pct,,
ds3_img005002_ann005466,20000,ds3,5002,5466,02_extracted/uang/20000/ds3_img005002_ann005466.png,1.0,1.1317254174397031,0.35675998263888886,True,False,False,False,True,False,True,random_5pct,,
ds3_img005005_ann005475,20000,ds3,5005,5475,02_extracted/uang/20000/ds3_img005005_ann005475.png,1.0,4.366666666666666,0.004264322916666666,True,False,True,False,False,True,True,aspect_outlier,,
ds3_img005007_ann005479,20000,ds3,5007,5479,02_extracted/uang/20000/ds3_img005007_ann005479.png,1.0,2.3215686274509806,0.16380208333333332,True,False,False,False,True,False,True,random_5pct,,
ds3_img005009_ann005484,20000,ds3,5009,5484,02_extracted/uang/20000/ds3_img005009_ann005484.png,1.0,2.0984848484848486,0.15869791666666666,True,False,False,False,True,False,True,random_5pct,,
ds3_img005012_ann005494,20000,ds3,5012,5494,02_extracted/uang/20000/ds3_img005012_ann005494.png,1.0,1.255656108597285,0.26617838541666666,True,False,False,False,True,False,True,random_5pct,,
ds3_img005013_ann005497,20000,ds3,5013,5497,02_extracted/uang/20000/ds3_img005013_ann005497.png,1.0,4.193548387096774,0.004372829861111111,True,False,True,False,False,True,True,aspect_outlier,,
ds3_img005015_ann005503,20000,ds3,5015,5503,02_extracted/uang/20000/ds3_img005015_ann005503.png,1.0,1.368421052631579,0.0771875,True,False,False,False,True,False,True,random_5pct,,
ds3_img005022_ann005521,20000,ds3,5022,5521,02_extracted/uang/20000/ds3_img005022_ann005521.png,1.0,4.366666666666666,0.004264322916666666,True,False,True,False,False,True,True,aspect_outlier,,
ds3_img005040_ann005570,20000,ds3,5040,5570,02_extracted/uang/20000/ds3_img005040_ann005570.png,1.0,1.9770114942528736,0.016236979166666665,True,False,False,False,True,False,True,random_5pct,,
ds3_img005046_ann005584,20000,ds3,5046,5584,02_extracted/uang/20000/ds3_img005046_ann005584.png,1.0,0.680672268907563,0.010458984375,True,False,False,False,True,False,True,random_5pct,,
ds3_img005050_ann005594,20000,ds3,5050,5594,02_extracted/uang/20000/ds3_img005050_ann005594.png,1.0,2.2222222222222223,0.0048828125,True,False,False,False,True,False,True,random_5pct,,
ds3_img005057_ann005611,20000,ds3,5057,5611,02_extracted/uang/20000/ds3_img005057_ann005611.png,1.0,4.482758620689655,0.004090711805555556,True,False,True,False,False,True,True,aspect_outlier,,
ds3_img005071_ann005644,20000,ds3,5071,5644,02_extracted/uang/20000/ds3_img005071_ann005644.png,1.0,1.979933110367893,0.19206597222222221,True,False,False,False,True,False,True,random_5pct,,
ds3_img005072_ann005647,20000,ds3,5072,5647,02_extracted/uang/20000/ds3_img005072_ann005647.png,1.0,2.1556291390728477,0.21332682291666666,True,False,False,False,True,False,True,random_5pct,,
ds3_img005081_ann005671,20000,ds3,5081,5671,02_extracted/uang/20000/ds3_img005081_ann005671.png,1.0,1.063157894736842,0.04164496527777778,True,False,False,False,True,False,True,random_5pct,,
ds3_img005083_ann005675,20000,ds3,5083,5675,02_extracted/uang/20000/ds3_img005083_ann005675.png,1.0,2.106312292358804,0.20706814236111112,True,False,False,False,True,False,True,random_5pct,,
ds3_img005084_ann005679,20000,ds3,5084,5679,02_extracted/uang/20000/ds3_img005084_ann005679.png,1.0,1.6049382716049383,0.01142578125,True,False,False,False,True,False,True,random_5pct,,
ds3_img005092_ann005697,20000,ds3,5092,5697,02_extracted/uang/20000/ds3_img005092_ann005697.png,1.0,2.123015873015873,0.1462890625,True,False,False,False,True,False,True,random_5pct,,
ds3_img005097_ann005709,20000,ds3,5097,5709,02_extracted/uang/20000/ds3_img005097_ann005709.png,1.0,1.3670212765957446,0.2097048611111111,True,False,False,False,True,False,True,random_5pct,,
ds3_img005100_ann005718,20000,ds3,5100,5718,02_extracted/uang/20000/ds3_img005100_ann005718.png,1.0,0.7370892018779343,0.036285807291666666,True,False,False,False,True,False,True,random_5pct,,
ds3_img005103_ann005726,20000,ds3,5103,5726,02_extracted/uang/20000/ds3_img005103_ann005726.png,1.0,3.5555555555555554,0.005,True,False,False,False,True,False,True,random_5pct,,
ds3_img005106_ann005733,20000,ds3,5106,5733,02_extracted/uang/20000/ds3_img005106_ann005733.png,1.0,1.8892215568862276,0.22868272569444445,True,False,False,False,True,False,True,random_5pct,,
ds3_img005116_ann005759,20000,ds3,5116,5759,02_extracted/uang/20000/ds3_img005116_ann005759.png,1.0,0.8987854251012146,0.05949869791666667,True,False,False,False,True,False,True,random_5pct,,
ds3_img005136_ann005814,20000,ds3,5136,5814,02_extracted/uang/20000/ds3_img005136_ann005814.png,1.0,1.3061224489795917,0.01361111111111111,True,False,False,False,True,False,True,random_5pct,,
ds3_img005141_ann005826,20000,ds3,5141,5826,02_extracted/uang/20000/ds3_img005141_ann005826.png,1.0,3.097560975609756,0.0056499565972222224,True,False,False,False,True,False,True,random_5pct,,
ds3_img005142_ann005829,20000,ds3,5142,5829,02_extracted/uang/20000/ds3_img005142_ann005829.png,1.0,3.0930232558139537,0.006205512152777778,True,False,False,False,True,False,True,random_5pct,,
ds3_img005144_ann005833,20000,ds3,5144,5833,02_extracted/uang/20000/ds3_img005144_ann005833.png,1.0,0.896551724137931,0.013090277777777777,True,False,False,False,True,False,True,random_5pct,,
ds3_img005145_ann005834,20000,ds3,5145,5834,02_extracted/uang/20000/ds3_img005145_ann005834.png,1.0,2.1320754716981134,0.16246202256944445,True,False,False,False,True,False,True,random_5pct,,
ds3_img005156_ann005863,20000,ds3,5156,5863,02_extracted/uang/20000/ds3_img005156_ann005863.png,1.0,0.8306451612903226,0.055434027777777777,True,False,False,False,True,False,True,random_5pct,,
ds3_img005157_ann005865,20000,ds3,5157,5865,02_extracted/uang/20000/ds3_img005157_ann005865.png,1.0,2.1320754716981134,0.16246202256944445,True,False,False,False,True,False,True,random_5pct,,
ds3_img005166_ann005884,20000,ds3,5166,5884,02_extracted/uang/20000/ds3_img005166_ann005884.png,1.0,2.5770925110132157,0.144091796875,True,False,False,False,True,False,True,random_5pct,,
ds3_img005170_ann005892,20000,ds3,5170,5892,02_extracted/uang/20000/ds3_img005170_ann005892.png,1.0,1.8485714285714285,0.24571397569444445,True,False,False,False,True,False,True,random_5pct,,
ds3_img005184_ann005929,20000,ds3,5184,5929,02_extracted/uang/20000/ds3_img005184_ann005929.png,1.0,0.6884615384615385,0.05049913194444444,True,False,False,False,True,False,True,random_5pct,,
ds3_img005190_ann005947,20000,ds3,5190,5947,02_extracted/uang/20000/ds3_img005190_ann005947.png,1.0,2.814814814814815,0.00890625,True,False,False,False,True,False,True,random_5pct,,
ds3_img005191_ann005950,20000,ds3,5191,5950,02_extracted/uang/20000/ds3_img005191_ann005950.png,1.0,0.7647058823529411,0.011750217013888889,True,False,False,False,True,False,True,random_5pct,,
ds3_img005194_ann005957,20000,ds3,5194,5957,02_extracted/uang/20000/ds3_img005194_ann005957.png,1.0,3.3947368421052633,0.005319010416666666,True,False,False,False,True,False,True,random_5pct,,
ds3_img005198_ann005967,20000,ds3,5198,5967,02_extracted/uang/20000/ds3_img005198_ann005967.png,1.0,2.9767441860465116,0.0059722222222222225,True,False,False,False,True,False,True,random_5pct,,
ds3_img005199_ann005971,20000,ds3,5199,5971,02_extracted/uang/20000/ds3_img005199_ann005971.png,1.0,2.123134328358209,0.16546440972222223,True,False,False,False,True,False,True,random_5pct,,
ds3_img005200_ann005973,20000,ds3,5200,5973,02_extracted/uang/20000/ds3_img005200_ann005973.png,1.0,4.0,0.0044444444444444444,True,False,True,False,False,True,True,aspect_outlier,,
ds3_img005201_ann005975,20000,ds3,5201,5975,02_extracted/uang/20000/ds3_img005201_ann005975.png,1.0,3.1365853658536587,0.14302842881944444,True,False,False,False,True,False,True,random_5pct,,
ds3_img005203_ann005981,20000,ds3,5203,5981,02_extracted/uang/20000/ds3_img005203_ann005981.png,1.0,1.855263157894737,0.011627604166666666,True,False,False,False,True,False,True,random_5pct,,
ds3_img005209_ann005996,20000,ds3,5209,5996,02_extracted/uang/20000/ds3_img005209_ann005996.png,1.0,1.310483870967742,0.08745659722222222,True,False,False,False,True,False,True,random_5pct,,
ds3_img005213_ann006004,20000,ds3,5213,6004,02_extracted/uang/20000/ds3_img005213_ann006004.png,1.0,2.088235294117647,0.010477430555555556,True,False,False,False,True,False,True,random_5pct,,
ds3_img005222_ann006031,20000,ds3,5222,6031,02_extracted/uang/20000/ds3_img005222_ann006031.png,1.0,4.333333333333333,0.004231770833333333,True,False,True,False,True,True,True,aspect_outlier;random_5pct,,
ds3_img005230_ann006050,20000,ds3,5230,6050,02_extracted/uang/20000/ds3_img005230_ann006050.png,1.0,1.76,0.2339409722222222,True,False,False,False,True,False,True,random_5pct,,
ds3_img005243_ann006086,20000,ds3,5243,6086,02_extracted/uang/20000/ds3_img005243_ann006086.png,1.0,1.484560570071259,0.2855088975694444,True,False,False,False,True,False,True,random_5pct,,
ds3_img005250_ann006107,20000,ds3,5250,6107,02_extracted/uang/20000/ds3_img005250_ann006107.png,1.0,4.3,0.00419921875,True,False,True,False,False,True,True,aspect_outlier,,
ds3_img005254_ann006118,20000,ds3,5254,6118,02_extracted/uang/20000/ds3_img005254_ann006118.png,1.0,1.0740740740740742,0.01359375,True,False,False,False,True,False,True,random_5pct,,
ds3_img005258_ann006129,20000,ds3,5258,6129,02_extracted/uang/20000/ds3_img005258_ann006129.png,1.0,1.3011152416356877,0.10215928819444445,True,False,False,False,True,False,True,random_5pct,,
ds3_img005258_ann006130,20000,ds3,5258,6130,02_extracted/uang/20000/ds3_img005258_ann006130.png,1.0,1.0535714285714286,0.0035850694444444445,True,False,False,False,True,False,True,random_5pct,,
ds3_img005277_ann006182,20000,ds3,5277,6182,02_extracted/uang/20000/ds3_img005277_ann006182.png,1.0,1.4308943089430894,0.21140625,True,False,False,False,True,False,True,random_5pct,,
ds3_img005281_ann006193,20000,ds3,5281,6193,02_extracted/uang/20000/ds3_img005281_ann006193.png,1.0,2.2291666666666665,0.005572916666666667,True,False,False,False,True,False,True,random_5pct,,
ds3_img005292_ann006221,20000,ds3,5292,6221,02_extracted/uang/20000/ds3_img005292_ann006221.png,1.0,3.0,0.006591796875,True,False,False,False,True,False,True,random_5pct,,
ds3_img005302_ann006244,20000,ds3,5302,6244,02_extracted/uang/20000/ds3_img005302_ann006244.png,1.0,2.135593220338983,0.20166015625,True,False,False,False,True,False,True,random_5pct,,
ds3_img005316_ann006276,20000,ds3,5316,6276,02_extracted/uang/20000/ds3_img005316_ann006276.png,1.0,0.6377952755905512,0.011162109375,True,False,False,False,True,False,True,random_5pct,,
ds3_img005326_ann006306,20000,ds3,5326,6306,02_extracted/uang/20000/ds3_img005326_ann006306.png,1.0,1.015625,0.0045138888888888885,True,False,False,False,True,False,True,random_5pct,,
ds3_img005341_ann006347,20000,ds3,5341,6347,02_extracted/uang/20000/ds3_img005341_ann006347.png,1.0,0.9315068493150684,0.005386284722222222,True,False,False,False,True,False,True,random_5pct,,
ds3_img005351_ann006372,20000,ds3,5351,6372,02_extracted/uang/20000/ds3_img005351_ann006372.png,1.0,1.26,0.013671875,True,False,False,False,True,False,True,random_5pct,,
ds3_img005352_ann006374,20000,ds3,5352,6374,02_extracted/uang/20000/ds3_img005352_ann006374.png,1.0,0.8434108527131783,0.3807291666666667,True,False,False,False,True,False,True,random_5pct,,
ds3_img005354_ann006379,20000,ds3,5354,6379,02_extracted/uang/20000/ds3_img005354_ann006379.png,1.0,2.825892857142857,0.15385416666666665,True,False,False,False,True,False,True,random_5pct,,
ds3_img005354_ann006380,20000,ds3,5354,6380,02_extracted/uang/20000/ds3_img005354_ann006380.png,1.0,4.0625,0.0045138888888888885,True,False,True,False,False,True,True,aspect_outlier,,
ds3_img005358_ann006391,20000,ds3,5358,6391,02_extracted/uang/20000/ds3_img005358_ann006391.png,1.0,3.6857142857142855,0.004899088541666667,True,False,False,False,True,False,True,random_5pct,,
ds3_img005372_ann006432,20000,ds3,5372,6432,02_extracted/uang/20000/ds3_img005372_ann006432.png,1.0,3.022727272727273,0.006349826388888889,True,False,False,False,True,False,True,random_5pct,,
ds3_img005374_ann006437,20000,ds3,5374,6437,02_extracted/uang/20000/ds3_img005374_ann006437.png,1.0,1.407079646017699,0.07798177083333334,True,False,False,False,True,False,True,random_5pct,,
ds3_img005379_ann006451,20000,ds3,5379,6451,02_extracted/uang/20000/ds3_img005379_ann006451.png,1.0,3.022222222222222,0.006640625,True,False,False,False,True,False,True,random_5pct,,
ds3_img005386_ann006467,20000,ds3,5386,6467,02_extracted/uang/20000/ds3_img005386_ann006467.png,1.0,3.3684210526315788,0.005277777777777778,True,False,False,False,True,False,True,random_5pct,,
ds3_img005388_ann006470,20000,ds3,5388,6470,02_extracted/uang/20000/ds3_img005388_ann006470.png,1.0,2.12890625,0.15138888888888888,True,False,False,False,True,False,True,random_5pct,,
ds3_img005397_ann006496,20000,ds3,5397,6496,02_extracted/uang/20000/ds3_img005397_ann006496.png,1.0,4.193548387096774,0.004372829861111111,True,False,True,False,False,True,True,aspect_outlier,,
ds3_img005403_ann006515,20000,ds3,5403,6515,02_extracted/uang/20000/ds3_img005403_ann006515.png,1.0,3.0238095238095237,0.005787760416666667,True,False,False,False,True,False,True,random_5pct,,
ds3_img005409_ann006533,20000,ds3,5409,6533,02_extracted/uang/20000/ds3_img005409_ann006533.png,1.0,4.0625,0.0045138888888888885,True,False,True,False,False,True,True,aspect_outlier,,
ds3_img005424_ann006570,20000,ds3,5424,6570,02_extracted/uang/20000/ds3_img005424_ann006570.png,1.0,3.3333333333333335,0.00732421875,True,False,False,False,True,False,True,random_5pct,,
ds3_img005463_ann006674,20000,ds3,5463,6674,02_extracted/uang/20000/ds3_img005463_ann006674.png,1.0,1.5662650602409638,0.011707899305555556,True,False,False,False,True,False,True,random_5pct,,
ds3_img005465_ann006680,20000,ds3,5465,6680,02_extracted/uang/20000/ds3_img005465_ann006680.png,1.0,0.7886178861788617,0.012945963541666666,True,False,False,False,True,False,True,random_5pct,,
ds3_img005465_ann006681,20000,ds3,5465,6681,02_extracted/uang/20000/ds3_img005465_ann006681.png,1.0,1.0904522613065326,0.046856553819444445,True,False,False,False,True,False,True,random_5pct,,
ds3_img005485_ann006733,20000,ds3,5485,6733,02_extracted/uang/20000/ds3_img005485_ann006733.png,1.0,1.3286908077994428,0.185810546875,True,False,False,False,True,False,True,random_5pct,,
ds3_img005485_ann006734,20000,ds3,5485,6734,02_extracted/uang/20000/ds3_img005485_ann006734.png,1.0,0.6755725190839694,0.050319010416666664,True,False,False,False,True,False,True,random_5pct,,
ds3_img005492_ann006750,20000,ds3,5492,6750,02_extracted/uang/20000/ds3_img005492_ann006750.png,1.0,0.6747967479674797,0.011077473958333334,True,False,False,False,True,False,True,random_5pct,,
ds3_img005515_ann006805,20000,ds3,5515,6805,02_extracted/uang/20000/ds3_img005515_ann006805.png,1.0,2.25531914893617,0.0054058159722222224,True,False,False,False,True,False,True,random_5pct,,
ds3_img005518_ann006810,20000,ds3,5518,6810,02_extracted/uang/20000/ds3_img005518_ann006810.png,1.0,1.7228571428571429,0.22900390625,True,False,False,False,True,False,True,random_5pct,,
ds3_img005525_ann006827,20000,ds3,5525,6827,02_extracted/uang/20000/ds3_img005525_ann006827.png,1.0,2.122529644268775,0.14741861979166668,True,False,False,False,True,False,True,random_5pct,,
ds3_img005527_ann006833,20000,ds3,5527,6833,02_extracted/uang/20000/ds3_img005527_ann006833.png,1.0,1.3642384105960266,0.03375217013888889,True,False,False,False,True,False,True,random_5pct,,
ds3_img005537_ann006863,20000,ds3,5537,6863,02_extracted/uang/20000/ds3_img005537_ann006863.png,1.0,1.0289855072463767,0.005315755208333333,True,False,False,False,True,False,True,random_5pct,,
ds3_img005545_ann006886,20000,ds3,5545,6886,02_extracted/uang/20000/ds3_img005545_ann006886.png,1.0,4.366666666666666,0.004264322916666666,True,False,True,False,False,True,True,aspect_outlier,,
ds3_img005548_ann006892,20000,ds3,5548,6892,02_extracted/uang/20000/ds3_img005548_ann006892.png,1.0,2.115107913669065,0.17736979166666667,True,False,False,False,True,False,True,random_5pct,,
ds3_img005555_ann006912,20000,ds3,5555,6912,02_extracted/uang/20000/ds3_img005555_ann006912.png,1.0,3.0,0.006591796875,True,False,False,False,True,False,True,random_5pct,,
ds3_img005557_ann006917,20000,ds3,5557,6917,02_extracted/uang/20000/ds3_img005557_ann006917.png,1.0,4.233333333333333,0.004134114583333333,True,False,True,False,False,True,True,aspect_outlier,,
ds3_img005567_ann006940,20000,ds3,5567,6940,02_extracted/uang/20000/ds3_img005567_ann006940.png,1.0,1.4764267990074442,0.26018337673611114,True,False,False,False,True,False,True,random_5pct,,
ds3_img005593_ann007007,20000,ds3,5593,7007,02_extracted/uang/20000/ds3_img005593_ann007007.png,1.0,4.03125,0.004479166666666667,True,False,True,False,False,True,True,aspect_outlier,,
ds3_img005603_ann007035,20000,ds3,5603,7035,02_extracted/uang/20000/ds3_img005603_ann007035.png,1.0,4.0625,0.0045138888888888885,True,False,True,False,False,True,True,aspect_outlier,,
ds3_img005605_ann007041,20000,ds3,5605,7041,02_extracted/uang/20000/ds3_img005605_ann007041.png,1.0,2.5873015873015874,0.17828125,True,False,False,False,True,False,True,random_5pct,,
ds3_img005607_ann007048,20000,ds3,5607,7048,02_extracted/uang/20000/ds3_img005607_ann007048.png,1.0,0.9956521739130435,0.05715060763888889,True,False,False,False,True,False,True,random_5pct,,
ds3_img005619_ann007082,20000,ds3,5619,7082,02_extracted/uang/20000/ds3_img005619_ann007082.png,1.0,0.9201680672268907,0.056555989583333334,True,False,False,False,True,False,True,random_5pct,,
ds3_img005628_ann007105,20000,ds3,5628,7105,02_extracted/uang/20000/ds3_img005628_ann007105.png,1.0,2.9047619047619047,0.005559895833333333,True,False,False,False,True,False,True,random_5pct,,
ds3_img005628_ann007107,20000,ds3,5628,7107,02_extracted/uang/20000/ds3_img005628_ann007107.png,1.0,2.0952380952380953,0.16944010416666666,True,False,False,False,True,False,True,random_5pct,,
ds4_img005634_ann007116,50000,ds4,5634,7116,02_extracted/uang/50000/ds4_img005634_ann007116.png,1.0,2.1414141414141414,0.4182876275510204,True,False,False,False,True,False,True,random_5pct,,
ds4_img005644_ann007126,10000,ds4,5644,7126,02_extracted/uang/10000/ds4_img005644_ann007126.png,1.0,2.13,0.4245057397959184,True,False,False,False,True,False,True,random_5pct,,
ds4_img005654_ann007136,10000,ds4,5654,7136,02_extracted/uang/10000/ds4_img005654_ann007136.png,1.0,2.0392156862745097,0.42283163265306123,True,False,False,False,True,False,True,random_5pct,,
ds4_img005655_ann007137,100000,ds4,5655,7137,02_extracted/uang/100000/ds4_img005655_ann007137.png,1.0,1.9196428571428572,0.4799107142857143,True,False,False,False,True,False,True,random_5pct,,
ds4_img005679_ann007161,100000,ds4,5679,7161,02_extracted/uang/100000/ds4_img005679_ann007161.png,1.0,1.0044843049327354,0.9955357142857143,True,False,False,True,False,True,True,area_outlier,,
ds4_img005693_ann007175,100000,ds4,5693,7175,02_extracted/uang/100000/ds4_img005693_ann007175.png,1.0,2.185567010309278,0.4098373724489796,True,False,False,False,True,False,True,random_5pct,,
ds4_img005700_ann007182,50000,ds4,5700,7182,02_extracted/uang/50000/ds4_img005700_ann007182.png,1.0,0.5844748858447488,0.5586734693877551,True,False,False,False,True,False,True,random_5pct,,
ds4_img005718_ann007200,5000,ds4,5718,7200,02_extracted/uang/5000/ds4_img005718_ann007200.png,1.0,1.5273972602739727,0.6488759566326531,True,False,False,False,True,False,True,random_5pct,,
ds4_img005724_ann007206,5000,ds4,5724,7206,02_extracted/uang/5000/ds4_img005724_ann007206.png,0.9953917050691244,0.6620370370370371,0.615593112244898,True,False,False,False,True,False,True,random_5pct,,
ds4_img005733_ann007215,5000,ds4,5733,7215,02_extracted/uang/5000/ds4_img005733_ann007215.png,1.0,1.6893939393939394,0.5866549744897959,True,False,False,False,True,False,True,random_5pct,,
ds4_img005736_ann007218,5000,ds4,5736,7218,02_extracted/uang/5000/ds4_img005736_ann007218.png,1.0,0.6090909090909091,0.587531887755102,True,False,False,False,True,False,True,random_5pct,,
ds4_img005745_ann007227,10000,ds4,5745,7227,02_extracted/uang/10000/ds4_img005745_ann007227.png,1.0,0.6470588235294118,0.6298429528061225,True,False,False,False,True,False,True,random_5pct,,
ds4_img005787_ann007269,5000,ds4,5787,7269,02_extracted/uang/5000/ds4_img005787_ann007269.png,1.0,0.6425339366515838,0.6254384566326531,True,False,False,False,True,False,True,random_5pct,,
ds4_img005790_ann007272,5000,ds4,5790,7272,02_extracted/uang/5000/ds4_img005790_ann007272.png,1.0,2.0,0.39066485969387754,True,False,False,False,True,False,True,random_5pct,,
ds4_img005806_ann007288,100000,ds4,5806,7288,02_extracted/uang/100000/ds4_img005806_ann007288.png,1.0,1.3333333333333333,0.75,True,False,False,False,True,False,True,random_5pct,,
ds4_img005808_ann007290,5000,ds4,5808,7290,02_extracted/uang/5000/ds4_img005808_ann007290.png,1.0,1.75,0.5362723214285714,True,False,False,False,True,False,True,random_5pct,,
ds4_img005821_ann007303,100000,ds4,5821,7303,02_extracted/uang/100000/ds4_img005821_ann007303.png,1.0,1.6511627906976745,0.5476124043367347,True,False,False,False,True,False,True,random_5pct,,
ds4_img005824_ann007306,100000,ds4,5824,7306,02_extracted/uang/100000/ds4_img005824_ann007306.png,1.0,0.49295774647887325,0.4457310267857143,True,False,False,False,True,False,True,random_5pct,,
ds4_img005838_ann007320,2000,ds4,5838,7320,02_extracted/uang/2000/ds4_img005838_ann007320.png,1.0,0.5098039215686274,0.42283163265306123,True,False,False,False,True,False,True,random_5pct,,
ds4_img005910_ann007392,1000,ds4,5910,7392,02_extracted/uang/1000/ds4_img005910_ann007392.png,1.0,1.9504950495049505,0.3965441645408163,True,False,False,False,True,False,True,random_5pct,,
ds4_img005932_ann007414,100000,ds4,5932,7414,02_extracted/uang/100000/ds4_img005932_ann007414.png,0.9954128440366973,1.6953125,0.5535714285714286,True,False,False,False,True,False,True,random_5pct,,
ds4_img005937_ann007419,100000,ds4,5937,7419,02_extracted/uang/100000/ds4_img005937_ann007419.png,1.0,0.65625,0.65625,True,False,False,False,True,False,True,random_5pct,,
ds4_img005947_ann007429,100000,ds4,5947,7429,02_extracted/uang/100000/ds4_img005947_ann007429.png,1.0,1.6515151515151516,0.5735012755102041,True,False,False,False,True,False,True,random_5pct,,
ds4_img005955_ann007437,100000,ds4,5955,7437,02_extracted/uang/100000/ds4_img005955_ann007437.png,1.0,1.0,1.0,True,False,False,True,False,True,True,area_outlier,,
ds4_img005962_ann007444,10000,ds4,5962,7444,02_extracted/uang/10000/ds4_img005962_ann007444.png,1.0,1.9107142857142858,0.47767857142857145,True,False,False,False,True,False,True,random_5pct,,
ds4_img005963_ann007445,10000,ds4,5963,7445,02_extracted/uang/10000/ds4_img005963_ann007445.png,0.9954545454545455,1.6343283582089552,0.5848612882653061,True,False,False,False,True,False,True,random_5pct,,
ds4_img005973_ann007455,1000,ds4,5973,7455,02_extracted/uang/1000/ds4_img005973_ann007455.png,1.0,1.4451612903225806,0.6919642857142857,True,False,False,False,True,False,True,random_5pct,,
ds4_img005975_ann007457,100000,ds4,5975,7457,02_extracted/uang/100000/ds4_img005975_ann007457.png,1.0,1.0,1.0,True,False,False,True,False,True,True,area_outlier,,
ds4_img005986_ann007468,1000,ds4,5986,7468,02_extracted/uang/1000/ds4_img005986_ann007468.png,0.9953917050691244,0.6435185185185185,0.5983737244897959,True,False,False,False,True,False,True,random_5pct,,
ds4_img005988_ann007470,2000,ds4,5988,7470,02_extracted/uang/2000/ds4_img005988_ann007470.png,1.0,1.0,1.0,True,False,False,True,False,True,True,area_outlier,,
ds4_img005993_ann007475,50000,ds4,5993,7475,02_extracted/uang/50000/ds4_img005993_ann007475.png,1.0,1.0,1.0,True,False,False,True,False,True,True,area_outlier,,
ds4_img006003_ann007485,2000,ds4,6003,7485,02_extracted/uang/2000/ds4_img006003_ann007485.png,1.0,0.9866071428571429,0.9866071428571429,True,False,False,True,False,True,True,area_outlier,,
ds4_img006007_ann007489,20000,ds4,6007,7489,02_extracted/uang/20000/ds4_img006007_ann007489.png,0.9955156950672646,0.6936936936936937,0.6813616071428571,True,False,False,False,True,False,True,random_5pct,,
ds4_img006010_ann007492,2000,ds4,6010,7492,02_extracted/uang/2000/ds4_img006010_ann007492.png,1.0,1.0,1.0,True,False,False,True,False,True,True,area_outlier,,
ds4_img006025_ann007507,5000,ds4,6025,7507,02_extracted/uang/5000/ds4_img006025_ann007507.png,1.0,1.0,1.0,True,False,False,True,False,True,True,area_outlier,,
ds4_img006072_ann007554,10000,ds4,6072,7554,02_extracted/uang/10000/ds4_img006072_ann007554.png,0.9954337899543378,0.6284403669724771,0.5952248086734694,True,False,False,False,True,False,True,random_5pct,,
ds4_img006088_ann007570,20000,ds4,6088,7570,02_extracted/uang/20000/ds4_img006088_ann007570.png,1.0,0.5311004784688995,0.4623525191326531,True,False,False,False,True,False,True,random_5pct,,
ds4_img006090_ann007572,5000,ds4,6090,7572,02_extracted/uang/5000/ds4_img006090_ann007572.png,1.0,0.6807511737089202,0.6155333227040817,True,False,False,False,True,False,True,random_5pct,,
ds4_img006095_ann007577,50000,ds4,6095,7577,02_extracted/uang/50000/ds4_img006095_ann007577.png,1.0,1.0,1.0,True,False,False,True,False,True,True,area_outlier,,
ds4_img006108_ann007590,5000,ds4,6108,7590,02_extracted/uang/5000/ds4_img006108_ann007590.png,1.0,2.2421052631578946,0.40328045280612246,True,False,False,False,True,False,True,random_5pct,,
ds4_img006118_ann007600,2000,ds4,6118,7600,02_extracted/uang/2000/ds4_img006118_ann007600.png,1.0,1.8070175438596492,0.4680325255102041,True,False,False,False,True,False,True,random_5pct,,
ds4_img006123_ann007605,2000,ds4,6123,7605,02_extracted/uang/2000/ds4_img006123_ann007605.png,1.0,1.0,1.0,True,False,False,True,False,True,True,area_outlier,,
ds4_img006132_ann007614,50000,ds4,6132,7614,02_extracted/uang/50000/ds4_img006132_ann007614.png,1.0,1.0,1.0,True,False,False,True,True,True,True,area_outlier;random_5pct,,
ds4_img006133_ann007615,2000,ds4,6133,7615,02_extracted/uang/2000/ds4_img006133_ann007615.png,1.0,1.0,1.0,True,False,False,True,False,True,True,area_outlier,,
ds4_img006139_ann007621,5000,ds4,6139,7621,02_extracted/uang/5000/ds4_img006139_ann007621.png,1.0,1.8347826086956522,0.48359773596938777,True,False,False,False,True,False,True,random_5pct,,
ds4_img006146_ann007628,50000,ds4,6146,7628,02_extracted/uang/50000/ds4_img006146_ann007628.png,1.0,1.0,1.0,True,False,False,True,False,True,True,area_outlier,,
ds4_img006147_ann007629,5000,ds4,6147,7629,02_extracted/uang/5000/ds4_img006147_ann007629.png,1.0,1.0,1.0,True,False,False,True,False,True,True,area_outlier,,
ds4_img006148_ann007630,2000,ds4,6148,7630,02_extracted/uang/2000/ds4_img006148_ann007630.png,1.0,1.0,0.9910913584183674,True,False,False,True,False,True,True,area_outlier,,
ds4_img006151_ann007633,2000,ds4,6151,7633,02_extracted/uang/2000/ds4_img006151_ann007633.png,1.0,1.0,1.0,True,False,False,True,False,True,True,area_outlier,,
ds4_img006153_ann007635,50000,ds4,6153,7635,02_extracted/uang/50000/ds4_img006153_ann007635.png,0.9955156950672646,0.9910714285714286,0.9910714285714286,True,False,False,True,False,True,True,area_outlier,,
ds4_img006156_ann007638,50000,ds4,6156,7638,02_extracted/uang/50000/ds4_img006156_ann007638.png,1.0,1.0,1.0,True,False,False,True,False,True,True,area_outlier,,
ds4_img006159_ann007641,50000,ds4,6159,7641,02_extracted/uang/50000/ds4_img006159_ann007641.png,1.0,1.0044843049327354,0.9955357142857143,True,False,False,True,False,True,True,area_outlier,,
ds4_img006165_ann007647,2000,ds4,6165,7647,02_extracted/uang/2000/ds4_img006165_ann007647.png,1.0,1.2545454545454546,0.6807039221938775,True,False,False,False,True,False,True,random_5pct,,
ds4_img006169_ann007651,2000,ds4,6169,7651,02_extracted/uang/2000/ds4_img006169_ann007651.png,1.0,2.0396039603960396,0.41466039540816324,True,False,False,False,True,False,True,random_5pct,,
ds4_img006171_ann007653,5000,ds4,6171,7653,02_extracted/uang/5000/ds4_img006171_ann007653.png,1.0,1.0,1.0,True,False,False,True,False,True,True,area_outlier,,
ds4_img006172_ann007654,2000,ds4,6172,7654,02_extracted/uang/2000/ds4_img006172_ann007654.png,1.0,1.009009009009009,0.9910714285714286,True,False,False,True,True,True,True,area_outlier;random_5pct,,
ds4_img006173_ann007655,2000,ds4,6173,7655,02_extracted/uang/2000/ds4_img006173_ann007655.png,1.0,1.0,1.0,True,False,False,True,False,True,True,area_outlier,,
ds4_img006185_ann007667,5000,ds4,6185,7667,02_extracted/uang/5000/ds4_img006185_ann007667.png,1.0,0.7004608294930875,0.6573660714285714,True,False,False,False,True,False,True,random_5pct,,
ds4_img006228_ann007710,2000,ds4,6228,7710,02_extracted/uang/2000/ds4_img006228_ann007710.png,1.0,1.7016129032258065,0.5214445153061225,True,False,False,False,True,False,True,random_5pct,,
ds4_img006246_ann007728,50000,ds4,6246,7728,02_extracted/uang/50000/ds4_img006246_ann007728.png,1.0,0.6607142857142857,0.6607142857142857,True,False,False,False,True,False,True,random_5pct,,
ds4_img006287_ann007769,2000,ds4,6287,7769,02_extracted/uang/2000/ds4_img006287_ann007769.png,1.0,1.5486111111111112,0.6399872448979592,True,False,False,False,True,False,True,random_5pct,,
ds4_img006320_ann007802,100000,ds4,6320,7802,02_extracted/uang/100000/ds4_img006320_ann007802.png,1.0,2.163265306122449,0.4140625,True,False,False,False,True,False,True,random_5pct,,
ds4_img006331_ann007813,50000,ds4,6331,7813,02_extracted/uang/50000/ds4_img006331_ann007813.png,1.0,0.6515837104072398,0.6342474489795918,True,False,False,False,True,False,True,random_5pct,,
ds4_img006367_ann007849,5000,ds4,6367,7849,02_extracted/uang/5000/ds4_img006367_ann007849.png,1.0,1.6717557251908397,0.5717673788265306,True,False,False,False,True,False,True,random_5pct,,
ds4_img006405_ann007887,100000,ds4,6405,7887,02_extracted/uang/100000/ds4_img006405_ann007887.png,1.0,1.4230769230769231,0.6902104591836735,True,False,False,False,True,False,True,random_5pct,,
ds4_img006428_ann007910,100000,ds4,6428,7910,02_extracted/uang/100000/ds4_img006428_ann007910.png,0.9955357142857143,0.695067264573991,0.6888751594387755,True,False,False,False,True,False,True,random_5pct,,
ds4_img006464_ann007946,20000,ds4,6464,7946,02_extracted/uang/20000/ds4_img006464_ann007946.png,1.0,2.0792079207920793,0.42271205357142855,True,False,False,False,True,False,True,random_5pct,,
ds4_img006481_ann007963,20000,ds4,6481,7963,02_extracted/uang/20000/ds4_img006481_ann007963.png,1.0,2.0792079207920793,0.42271205357142855,True,False,False,False,True,False,True,random_5pct,,
ds4_img006487_ann007969,1000,ds4,6487,7969,02_extracted/uang/1000/ds4_img006487_ann007969.png,1.0,1.7083333333333333,0.49027423469387754,True,False,False,False,True,False,True,random_5pct,,
ds4_img006496_ann007978,100000,ds4,6496,7978,02_extracted/uang/100000/ds4_img006496_ann007978.png,0.9955357142857143,0.6547085201793722,0.6488759566326531,True,False,False,False,True,False,True,random_5pct,,
ds4_img006520_ann008002,20000,ds4,6520,8002,02_extracted/uang/20000/ds4_img006520_ann008002.png,1.0,1.4899328859060403,0.6592394770408163,True,False,False,False,True,False,True,random_5pct,,
ds4_img006558_ann008040,2000,ds4,6558,8040,02_extracted/uang/2000/ds4_img006558_ann008040.png,1.0,2.1030927835051547,0.3943718112244898,True,False,False,False,True,False,True,random_5pct,,
ds4_img006592_ann008074,2000,ds4,6592,8074,02_extracted/uang/2000/ds4_img006592_ann008074.png,0.9954128440366973,1.5174825174825175,0.6184430803571429,True,False,False,False,True,False,True,random_5pct,,
ds4_img006600_ann008082,50000,ds4,6600,8082,02_extracted/uang/50000/ds4_img006600_ann008082.png,1.0,1.5068493150684932,0.6401466836734694,True,False,False,False,True,False,True,random_5pct,,
ds4_img006602_ann008084,10000,ds4,6602,8084,02_extracted/uang/10000/ds4_img006602_ann008084.png,1.0,1.0,1.0,True,False,False,True,False,True,True,area_outlier,,
ds4_img006612_ann008094,100000,ds4,6612,8094,02_extracted/uang/100000/ds4_img006612_ann008094.png,1.0,1.0,1.0,True,False,False,True,False,True,True,area_outlier,,
ds4_img006613_ann008095,100000,ds4,6613,8095,02_extracted/uang/100000/ds4_img006613_ann008095.png,1.0,1.0,1.0,True,False,False,True,False,True,True,area_outlier,,
ds4_img006615_ann008097,10000,ds4,6615,8097,02_extracted/uang/10000/ds4_img006615_ann008097.png,1.0,1.0,1.0,True,False,False,True,False,True,True,area_outlier,,
ds4_img006620_ann008102,100000,ds4,6620,8102,02_extracted/uang/100000/ds4_img006620_ann008102.png,0.9955156950672646,0.6486486486486487,0.6371173469387755,True,False,False,False,True,False,True,random_5pct,,
ds4_img006626_ann008108,100000,ds4,6626,8108,02_extracted/uang/100000/ds4_img006626_ann008108.png,1.0,1.0,1.0,True,False,False,True,False,True,True,area_outlier,,
ds4_img006641_ann008123,1000,ds4,6641,8123,02_extracted/uang/1000/ds4_img006641_ann008123.png,1.0,0.5885167464114832,0.512336575255102,True,False,False,False,True,False,True,random_5pct,,
ds4_img006669_ann008151,1000,ds4,6669,8151,02_extracted/uang/1000/ds4_img006669_ann008151.png,1.0,0.6220095693779905,0.5414939413265306,True,False,False,False,True,False,True,random_5pct,,
ds4_img006670_ann008152,50000,ds4,6670,8152,02_extracted/uang/50000/ds4_img006670_ann008152.png,1.0,1.0,1.0,True,False,False,True,False,True,True,area_outlier,,
ds4_img006674_ann008156,2000,ds4,6674,8156,02_extracted/uang/2000/ds4_img006674_ann008156.png,1.0,1.0,1.0,True,False,False,True,False,True,True,area_outlier,,
ds4_img006680_ann008162,2000,ds4,6680,8162,02_extracted/uang/2000/ds4_img006680_ann008162.png,1.0,1.0,1.0,True,False,False,True,True,True,True,area_outlier;random_5pct,,
ds4_img006683_ann008165,50000,ds4,6683,8165,02_extracted/uang/50000/ds4_img006683_ann008165.png,1.0,1.0,1.0,True,False,False,True,False,True,True,area_outlier,,
ds4_img006687_ann008169,50000,ds4,6687,8169,02_extracted/uang/50000/ds4_img006687_ann008169.png,1.0,1.0,1.0,True,False,False,True,False,True,True,area_outlier,,
ds4_img006689_ann008171,5000,ds4,6689,8171,02_extracted/uang/5000/ds4_img006689_ann008171.png,0.9954128440366973,0.7096774193548387,0.666015625,True,False,False,False,True,False,True,random_5pct,,
ds4_img006694_ann008176,5000,ds4,6694,8176,02_extracted/uang/5000/ds4_img006694_ann008176.png,1.0,1.6717557251908397,0.5717673788265306,True,False,False,False,True,False,True,random_5pct,,
ds4_img006717_ann008198,2000,ds4,6717,8198,02_extracted/uang/2000/ds4_img006717_ann008198.png,1.0,1.39375,0.7110969387755102,True,False,False,False,True,False,True,random_5pct,,
ds4_img006727_ann008208,1000,ds4,6727,8208,02_extracted/uang/1000/ds4_img006727_ann008208.png,1.0,1.771186440677966,0.4915098852040816,True,False,False,False,True,False,True,random_5pct,,
ds4_img006735_ann008215,10000,ds4,6735,8215,02_extracted/uang/10000/ds4_img006735_ann008215.png,1.0,1.0,1.0,True,False,False,True,False,True,True,area_outlier,,
ds4_img006754_ann008234,1000,ds4,6754,8234,02_extracted/uang/1000/ds4_img006754_ann008234.png,1.0,1.8448275862068966,0.49473852040816324,True,False,False,False,True,False,True,random_5pct,,
ds4_img006773_ann008253,1000,ds4,6773,8253,02_extracted/uang/1000/ds4_img006773_ann008253.png,1.0,1.5611510791366907,0.6011439732142857,True,False,False,False,True,False,True,random_5pct,,
ds4_img006792_ann008272,2000,ds4,6792,8272,02_extracted/uang/2000/ds4_img006792_ann008272.png,1.0,1.0,1.0,True,False,False,True,False,True,True,area_outlier,,
ds4_img006793_ann008273,2000,ds4,6793,8273,02_extracted/uang/2000/ds4_img006793_ann008273.png,1.0,1.0,1.0,True,False,False,True,False,True,True,area_outlier,,
ds4_img006799_ann008278,2000,ds4,6799,8278,02_extracted/uang/2000/ds4_img006799_ann008278.png,1.0,1.3831168831168832,0.6537388392857143,True,False,False,False,True,False,True,random_5pct,,
ds4_img006802_ann008281,2000,ds4,6802,8281,02_extracted/uang/2000/ds4_img006802_ann008281.png,1.0,1.0,1.0,True,False,False,True,False,True,True,area_outlier,,
ds4_img006813_ann008292,2000,ds4,6813,8292,02_extracted/uang/2000/ds4_img006813_ann008292.png,1.0,1.0,1.0,True,False,False,True,False,True,True,area_outlier,,
ds4_img006817_ann008296,2000,ds4,6817,8296,02_extracted/uang/2000/ds4_img006817_ann008296.png,1.0,0.6467889908256881,0.6126036352040817,True,False,False,False,True,False,True,random_5pct,,
ds4_img006822_ann008301,2000,ds4,6822,8301,02_extracted/uang/2000/ds4_img006822_ann008301.png,1.0,2.15625,0.3960459183673469,True,False,False,False,True,False,True,random_5pct,,
ds4_img006836_ann008315,1000,ds4,6836,8315,02_extracted/uang/1000/ds4_img006836_ann008315.png,1.0,0.6962616822429907,0.6354830994897959,True,False,False,False,True,False,True,random_5pct,,
ds4_img006852_ann008331,1000,ds4,6852,8331,02_extracted/uang/1000/ds4_img006852_ann008331.png,1.0,1.3151515151515152,0.7135881696428571,True,False,False,False,True,False,True,random_5pct,,
ds4_img006872_ann008351,1000,ds4,6872,8351,02_extracted/uang/1000/ds4_img006872_ann008351.png,1.0,1.7727272727272727,0.4274952168367347,True,False,False,False,True,False,True,random_5pct,,
ds4_img006883_ann008362,1000,ds4,6883,8362,02_extracted/uang/1000/ds4_img006883_ann008362.png,1.0,1.8333333333333333,0.4748485331632653,True,False,False,False,True,False,True,random_5pct,,
ds4_img006890_ann008369,2000,ds4,6890,8369,02_extracted/uang/2000/ds4_img006890_ann008369.png,1.0,1.5602836879432624,0.6182238520408163,True,False,False,False,True,False,True,random_5pct,,
ds4_img006928_ann008406,1000,ds4,6928,8406,02_extracted/uang/1000/ds4_img006928_ann008406.png,1.0,1.0,1.0,True,False,False,False,True,False,True,random_5pct,,
ds4_img006953_ann008431,1000,ds4,6953,8431,02_extracted/uang/1000/ds4_img006953_ann008431.png,1.0,1.0,1.0,True,False,False,False,True,False,True,random_5pct,,
ds4_img006998_ann008476,2000,ds4,6998,8476,02_extracted/uang/2000/ds4_img006998_ann008476.png,1.0,2.090909090909091,0.40842235331632654,True,False,False,False,True,False,True,random_5pct,,
ds4_img007010_ann008488,1000,ds4,7010,8488,02_extracted/uang/1000/ds4_img007010_ann008488.png,1.0,2.0,0.3086734693877551,True,False,False,False,True,False,True,random_5pct,,
ds4_img007034_ann008512,1000,ds4,7034,8512,02_extracted/uang/1000/ds4_img007034_ann008512.png,1.0,2.0555555555555554,0.33183195153061223,True,False,False,False,True,False,True,random_5pct,,
ds4_img007051_ann008529,1000,ds4,7051,8529,02_extracted/uang/1000/ds4_img007051_ann008529.png,1.0,1.8521739130434782,0.48818160076530615,True,False,False,False,True,False,True,random_5pct,,
ds4_img007055_ann008533,1000,ds4,7055,8533,02_extracted/uang/1000/ds4_img007055_ann008533.png,1.0,0.6018518518518519,0.5596301020408163,True,False,False,False,True,False,True,random_5pct,,
ds4_img007057_ann008535,2000,ds4,7057,8535,02_extracted/uang/2000/ds4_img007057_ann008535.png,1.0,2.388888888888889,0.38564253826530615,True,False,False,False,True,False,True,random_5pct,,
ds4_img007067_ann008545,2000,ds4,7067,8545,02_extracted/uang/2000/ds4_img007067_ann008545.png,1.0,0.5518867924528302,0.49433992346938777,True,False,False,False,True,False,True,random_5pct,,
ds4_img007068_ann008546,1000,ds4,7068,8546,02_extracted/uang/1000/ds4_img007068_ann008546.png,1.0,1.341317365269461,0.7455357142857143,True,False,False,False,True,False,True,random_5pct,,
ds4_img007078_ann008556,1000,ds4,7078,8556,02_extracted/uang/1000/ds4_img007078_ann008556.png,0.9953051643192489,1.6307692307692307,0.5492665816326531,True,False,False,False,True,False,True,random_5pct,,
ds4_img007104_ann008582,2000,ds4,7104,8582,02_extracted/uang/2000/ds4_img007104_ann008582.png,1.0,1.7946428571428572,0.4486607142857143,True,False,False,False,True,False,True,random_5pct,,
ds4_img007107_ann008585,1000,ds4,7107,8585,02_extracted/uang/1000/ds4_img007107_ann008585.png,1.0,1.6328125,0.5331632653061225,True,False,False,False,True,False,True,random_5pct,,
ds4_img007129_ann008607,1000,ds4,7129,8607,02_extracted/uang/1000/ds4_img007129_ann008607.png,1.0,1.7894736842105263,0.46348852040816324,True,False,False,False,True,False,True,random_5pct,,
ds4_img007167_ann008645,2000,ds4,7167,8645,02_extracted/uang/2000/ds4_img007167_ann008645.png,1.0,1.0,1.0,True,False,False,True,False,True,True,area_outlier,,
ds4_img007191_ann008669,1000,ds4,7191,8669,02_extracted/uang/1000/ds4_img007191_ann008669.png,1.0,0.5754716981132075,0.5154655612244898,True,False,False,False,True,False,True,random_5pct,,
ds4_img007229_ann008707,1000,ds4,7229,8707,02_extracted/uang/1000/ds4_img007229_ann008707.png,0.995475113122172,1.7741935483870968,0.5436862244897959,True,False,False,False,True,False,True,random_5pct,,
ds4_img007248_ann008726,1000,ds4,7248,8726,02_extracted/uang/1000/ds4_img007248_ann008726.png,1.0,1.633587786259542,0.5587133290816326,True,False,False,False,True,False,True,random_5pct,,
ds4_img007298_ann008776,50000,ds4,7298,8776,02_extracted/uang/50000/ds4_img007298_ann008776.png,1.0,1.553191489361702,0.6154137436224489,True,False,False,False,True,False,True,random_5pct,,
ds4_img007344_ann008822,5000,ds4,7344,8822,02_extracted/uang/5000/ds4_img007344_ann008822.png,1.0,1.4379084967320261,0.6708386479591837,True,False,False,False,True,False,True,random_5pct,,
ds4_img007345_ann008823,5000,ds4,7345,8823,02_extracted/uang/5000/ds4_img007345_ann008823.png,1.0,2.0961538461538463,0.4518494897959184,True,False,False,False,True,False,True,random_5pct,,
ds4_img007354_ann008832,20000,ds4,7354,8832,02_extracted/uang/20000/ds4_img007354_ann008832.png,1.0,0.5581395348837209,0.5141900510204082,True,False,False,False,True,False,True,random_5pct,,
ds4_img007359_ann008837,1000,ds4,7359,8837,02_extracted/uang/1000/ds4_img007359_ann008837.png,1.0,0.7798165137614679,0.7386001275510204,True,False,False,False,True,False,True,random_5pct,,
ds4_img007382_ann008860,50000,ds4,7382,8860,02_extracted/uang/50000/ds4_img007382_ann008860.png,1.0,0.5327102803738317,0.4862085459183674,True,False,False,False,True,False,True,random_5pct,,
ds4_img007393_ann008870,5000,ds4,7393,8870,02_extracted/uang/5000/ds4_img007393_ann008870.png,1.0,1.0,1.0,True,False,False,True,False,True,True,area_outlier,,
ds4_img007395_ann008871,5000,ds4,7395,8871,02_extracted/uang/5000/ds4_img007395_ann008871.png,1.0,1.0,1.0,True,False,False,True,False,True,True,area_outlier,,
ds4_img007400_ann008876,5000,ds4,7400,8876,02_extracted/uang/5000/ds4_img007400_ann008876.png,1.0,1.0,1.0,True,False,False,True,False,True,True,area_outlier,,
ds4_img007421_ann008893,100000,ds4,7421,8893,02_extracted/uang/100000/ds4_img007421_ann008893.png,1.0,1.4966442953020134,0.6622090242346939,True,False,False,False,True,False,True,random_5pct,,
ds4_img007430_ann008902,10000,ds4,7430,8902,02_extracted/uang/10000/ds4_img007430_ann008902.png,1.0,1.0,1.0,True,False,False,True,False,True,True,area_outlier,,
ds4_img007438_ann008910,10000,ds4,7438,8910,02_extracted/uang/10000/ds4_img007438_ann008910.png,1.0,1.0,1.0,True,False,False,True,False,True,True,area_outlier,,
ds4_img007440_ann008912,10000,ds4,7440,8912,02_extracted/uang/10000/ds4_img007440_ann008912.png,1.0,1.0,1.0,True,False,False,True,False,True,True,area_outlier,,
ds4_img007444_ann008916,10000,ds4,7444,8916,02_extracted/uang/10000/ds4_img007444_ann008916.png,1.0,1.0,1.0,True,False,False,True,False,True,True,area_outlier,,
ds4_img007445_ann008917,100000,ds4,7445,8917,02_extracted/uang/100000/ds4_img007445_ann008917.png,1.0,1.0,1.0,True,False,False,True,False,True,True,area_outlier,,
ds4_img007446_ann008918,10000,ds4,7446,8918,02_extracted/uang/10000/ds4_img007446_ann008918.png,1.0,1.0,1.0,True,False,False,True,False,True,True,area_outlier,,
ds4_img007494_ann008966,100000,ds4,7494,8966,02_extracted/uang/100000/ds4_img007494_ann008966.png,1.0,1.0,1.0,True,False,False,True,False,True,True,area_outlier,,
ds4_img007497_ann008969,100000,ds4,7497,8969,02_extracted/uang/100000/ds4_img007497_ann008969.png,1.0,1.0,1.0,True,False,False,True,False,True,True,area_outlier,,
ds4_img007498_ann008970,100000,ds4,7498,8970,02_extracted/uang/100000/ds4_img007498_ann008970.png,1.0,1.0,1.0,True,False,False,True,False,True,True,area_outlier,,
ds4_img007502_ann008974,100000,ds4,7502,8974,02_extracted/uang/100000/ds4_img007502_ann008974.png,1.0,1.5555555555555556,0.6428571428571429,True,False,False,False,True,False,True,random_5pct,,
ds4_img007513_ann008985,10000,ds4,7513,8985,02_extracted/uang/10000/ds4_img007513_ann008985.png,1.0,1.0,1.0,True,False,False,True,False,True,True,area_outlier,,
ds4_img007515_ann008987,10000,ds4,7515,8987,02_extracted/uang/10000/ds4_img007515_ann008987.png,1.0,1.0,1.0,True,False,False,True,False,True,True,area_outlier,,
ds4_img007516_ann008988,10000,ds4,7516,8988,02_extracted/uang/10000/ds4_img007516_ann008988.png,1.0,1.0,1.0,True,False,False,True,False,True,True,area_outlier,,
ds4_img007517_ann008989,1000,ds4,7517,8989,02_extracted/uang/1000/ds4_img007517_ann008989.png,0.995475113122172,1.476510067114094,0.6533003826530612,True,False,False,False,True,False,True,random_5pct,,
ds4_img007522_ann008994,10000,ds4,7522,8994,02_extracted/uang/10000/ds4_img007522_ann008994.png,1.0,1.0,1.0,True,False,False,True,False,True,True,area_outlier,,
ds4_img007545_ann009017,100000,ds4,7545,9017,02_extracted/uang/100000/ds4_img007545_ann009017.png,1.0,1.0,1.0,True,False,False,True,True,True,True,area_outlier;random_5pct,,
ds4_img007546_ann009018,10000,ds4,7546,9018,02_extracted/uang/10000/ds4_img007546_ann009018.png,1.0,1.9444444444444444,0.45200892857142855,True,False,False,False,True,False,True,random_5pct,,
ds4_img007553_ann009025,10000,ds4,7553,9025,02_extracted/uang/10000/ds4_img007553_ann009025.png,1.0,1.0,1.0,True,False,False,True,False,True,True,area_outlier,,
ds4_img007556_ann009028,100000,ds4,7556,9028,02_extracted/uang/100000/ds4_img007556_ann009028.png,1.0,1.0,1.0,True,False,False,True,False,True,True,area_outlier,,
ds4_img007557_ann009029,100000,ds4,7557,9029,02_extracted/uang/100000/ds4_img007557_ann009029.png,1.0,1.0044843049327354,0.9955357142857143,True,False,False,True,True,True,True,area_outlier;random_5pct,,
ds4_img007570_ann009041,100000,ds4,7570,9041,02_extracted/uang/100000/ds4_img007570_ann009041.png,1.0,1.0,1.0,True,False,False,True,False,True,True,area_outlier,,
ds4_img007574_ann009044,5000,ds4,7574,9044,02_extracted/uang/5000/ds4_img007574_ann009044.png,1.0,1.0,1.0,True,False,False,True,False,True,True,area_outlier,,
ds4_img007577_ann009045,50000,ds4,7577,9045,02_extracted/uang/50000/ds4_img007577_ann009045.png,1.0,1.0,1.0,True,False,False,True,False,True,True,area_outlier,,
ds4_img007578_ann009046,5000,ds4,7578,9046,02_extracted/uang/5000/ds4_img007578_ann009046.png,1.0,1.0,1.0,True,False,False,True,False,True,True,area_outlier,,
ds4_img007581_ann009049,5000,ds4,7581,9049,02_extracted/uang/5000/ds4_img007581_ann009049.png,1.0,1.0044843049327354,0.9955357142857143,True,False,False,True,False,True,True,area_outlier,,
ds4_img007656_ann009121,100000,ds4,7656,9121,02_extracted/uang/100000/ds4_img007656_ann009121.png,1.0,1.0,1.0,True,False,False,True,False,True,True,area_outlier,,
ds4_img007657_ann009122,100000,ds4,7657,9122,02_extracted/uang/100000/ds4_img007657_ann009122.png,1.0,0.5070422535211268,0.45846619897959184,True,False,False,False,True,False,True,random_5pct,,
ds4_img007658_ann009123,100000,ds4,7658,9123,02_extracted/uang/100000/ds4_img007658_ann009123.png,1.0,1.0,1.0,True,False,False,True,False,True,True,area_outlier,,
ds4_img007665_ann009130,100000,ds4,7665,9130,02_extracted/uang/100000/ds4_img007665_ann009130.png,1.0,1.0,1.0,True,False,False,True,False,True,True,area_outlier,,
ds4_img007675_ann009140,50000,ds4,7675,9140,02_extracted/uang/50000/ds4_img007675_ann009140.png,1.0,2.15625,0.3960459183673469,True,False,False,False,True,False,True,random_5pct,,
ds4_img007686_ann009151,5000,ds4,7686,9151,02_extracted/uang/5000/ds4_img007686_ann009151.png,1.0,2.0,0.39066485969387754,True,False,False,False,True,False,True,random_5pct,,
ds4_img007699_ann009164,100000,ds4,7699,9164,02_extracted/uang/100000/ds4_img007699_ann009164.png,1.0,2.0377358490566038,0.4563137755102041,True,False,False,False,True,False,True,random_5pct,,
ds4_img007743_ann009208,100000,ds4,7743,9208,02_extracted/uang/100000/ds4_img007743_ann009208.png,1.0,2.1414141414141414,0.4182876275510204,True,False,False,False,True,False,True,random_5pct,,
ds4_img007745_ann009210,100000,ds4,7745,9210,02_extracted/uang/100000/ds4_img007745_ann009210.png,1.0,1.0044843049327354,0.9955357142857143,True,False,False,True,False,True,True,area_outlier,,
ds4_img007753_ann009218,100000,ds4,7753,9218,02_extracted/uang/100000/ds4_img007753_ann009218.png,1.0,1.0,1.0,True,False,False,True,False,True,True,area_outlier,,
ds4_img007762_ann009227,5000,ds4,7762,9227,02_extracted/uang/5000/ds4_img007762_ann009227.png,1.0,1.8157894736842106,0.47030452806122447,True,False,False,False,True,False,True,random_5pct,,
ds4_img007764_ann009229,5000,ds4,7764,9229,02_extracted/uang/5000/ds4_img007764_ann009229.png,1.0,0.634703196347032,0.6066844706632653,True,False,False,False,True,False,True,random_5pct,,
ds4_img007768_ann009233,5000,ds4,7768,9233,02_extracted/uang/5000/ds4_img007768_ann009233.png,0.9954954954954955,0.7104072398190046,0.6915058992346939,True,False,False,False,True,False,True,random_5pct,,
ds4_img007816_ann009281,50000,ds4,7816,9281,02_extracted/uang/50000/ds4_img007816_ann009281.png,1.0,0.6816143497757847,0.6755420918367347,True,False,False,False,True,False,True,random_5pct,,
ds4_img007818_ann009283,50000,ds4,7818,9283,02_extracted/uang/50000/ds4_img007818_ann009283.png,1.0,1.669172932330827,0.5884486607142857,True,False,False,False,True,False,True,random_5pct,,
ds4_img007825_ann009290,50000,ds4,7825,9290,02_extracted/uang/50000/ds4_img007825_ann009290.png,1.0,1.48,0.6636639030612245,True,False,False,False,True,False,True,random_5pct,,
ds4_img007846_ann009311,50000,ds4,7846,9311,02_extracted/uang/50000/ds4_img007846_ann009311.png,1.0,2.09,0.41653380102040816,True,False,False,False,True,False,True,random_5pct,,
ds4_img007850_ann009315,50000,ds4,7850,9315,02_extracted/uang/50000/ds4_img007850_ann009315.png,1.0,2.13265306122449,0.408203125,True,False,False,False,True,False,True,random_5pct,,
ds4_img007856_ann009321,5000,ds4,7856,9321,02_extracted/uang/5000/ds4_img007856_ann009321.png,1.0,0.6756756756756757,0.6636639030612245,True,False,False,False,True,False,True,random_5pct,,
ds4_img007857_ann009322,50000,ds4,7857,9322,02_extracted/uang/50000/ds4_img007857_ann009322.png,1.0,2.029126213592233,0.4290298150510204,True,False,False,False,True,False,True,random_5pct,,
ds4_img007863_ann009328,5000,ds4,7863,9328,02_extracted/uang/5000/ds4_img007863_ann009328.png,0.9954954954954955,1.4635761589403973,0.6650789221938775,True,False,False,False,True,False,True,random_5pct,,
ds4_img007867_ann009332,50000,ds4,7867,9332,02_extracted/uang/50000/ds4_img007867_ann009332.png,1.0,2.223404255319149,0.3915417729591837,True,False,False,False,True,False,True,random_5pct,,
ds4_img007896_ann009361,10000,ds4,7896,9361,02_extracted/uang/10000/ds4_img007896_ann009361.png,1.0,0.6009389671361502,0.5433673469387755,True,False,False,False,True,False,True,random_5pct,,
ds4_img007901_ann009366,10000,ds4,7901,9366,02_extracted/uang/10000/ds4_img007901_ann009366.png,1.0,1.628787878787879,0.5656090561224489,True,False,False,False,True,False,True,random_5pct,,
ds4_img007911_ann009376,10000,ds4,7911,9376,02_extracted/uang/10000/ds4_img007911_ann009376.png,1.0,1.7209302325581395,0.5707509566326531,True,False,False,False,True,False,True,random_5pct,,
ds4_img007952_ann009417,50000,ds4,7952,9417,02_extracted/uang/50000/ds4_img007952_ann009417.png,1.0,0.4838709677419355,0.4541015625,True,False,False,False,True,False,True,random_5pct,,
ds4_img007955_ann009420,1000,ds4,7955,9420,02_extracted/uang/1000/ds4_img007955_ann009420.png,1.0,1.771186440677966,0.4915098852040816,True,False,False,False,True,False,True,random_5pct,,
ds4_img007958_ann009423,50000,ds4,7958,9423,02_extracted/uang/50000/ds4_img007958_ann009423.png,1.0,0.6143497757847534,0.6088767538265306,True,False,False,False,True,False,True,random_5pct,,
ds4_img007981_ann009446,1000,ds4,7981,9446,02_extracted/uang/1000/ds4_img007981_ann009446.png,1.0,1.817391304347826,0.4790138711734694,True,False,False,False,True,False,True,random_5pct,,
ds4_img007982_ann009447,1000,ds4,7982,9447,02_extracted/uang/1000/ds4_img007982_ann009447.png,1.0,2.0,0.37503985969387754,True,False,False,False,True,False,True,random_5pct,,
ds4_img007991_ann009456,100000,ds4,7991,9456,02_extracted/uang/100000/ds4_img007991_ann009456.png,1.0,1.6277372262773722,0.6088767538265306,True,False,False,False,True,False,True,random_5pct,,
ds4_img007996_ann009461,10000,ds4,7996,9461,02_extracted/uang/10000/ds4_img007996_ann009461.png,1.0,1.3095238095238095,0.7366071428571429,True,False,False,False,True,False,True,random_5pct,,
ds4_img008000_ann009465,100000,ds4,8000,9465,02_extracted/uang/100000/ds4_img008000_ann009465.png,1.0,1.5238095238095237,0.65625,True,False,False,False,True,False,True,random_5pct,,
ds4_img008026_ann009491,100000,ds4,8026,9491,02_extracted/uang/100000/ds4_img008026_ann009491.png,1.0,1.0,1.0,True,False,False,True,False,True,True,area_outlier,,
ds4_img008036_ann009501,100000,ds4,8036,9501,02_extracted/uang/100000/ds4_img008036_ann009501.png,1.0,1.0,1.0,True,False,False,True,False,True,True,area_outlier,,
ds4_img008047_ann009512,100000,ds4,8047,9512,02_extracted/uang/100000/ds4_img008047_ann009512.png,1.0,1.0,1.0,True,False,False,True,False,True,True,area_outlier,,
ds4_img008048_ann009513,10000,ds4,8048,9513,02_extracted/uang/10000/ds4_img008048_ann009513.png,1.0,1.0,1.0,True,False,False,True,False,True,True,area_outlier,,
ds4_img008049_ann009514,10000,ds4,8049,9514,02_extracted/uang/10000/ds4_img008049_ann009514.png,1.0,1.0,1.0,True,False,False,True,False,True,True,area_outlier,,
ds4_img008052_ann009517,100000,ds4,8052,9517,02_extracted/uang/100000/ds4_img008052_ann009517.png,1.0,1.0,1.0,True,False,False,True,False,True,True,area_outlier,,
ds4_img008058_ann009523,5000,ds4,8058,9523,02_extracted/uang/5000/ds4_img008058_ann009523.png,1.0,1.0,1.0,True,False,False,True,False,True,True,area_outlier,,
ds4_img008060_ann009524,5000,ds4,8060,9524,02_extracted/uang/5000/ds4_img008060_ann009524.png,1.0,1.0,1.0,True,False,False,True,False,True,True,area_outlier,,
ds4_img008063_ann009527,50000,ds4,8063,9527,02_extracted/uang/50000/ds4_img008063_ann009527.png,1.0,1.0,1.0,True,False,False,True,False,True,True,area_outlier,,
ds4_img008064_ann009528,50000,ds4,8064,9528,02_extracted/uang/50000/ds4_img008064_ann009528.png,1.0,1.0,1.0,True,False,False,True,True,True,True,area_outlier;random_5pct,,
ds4_img008065_ann009529,50000,ds4,8065,9529,02_extracted/uang/50000/ds4_img008065_ann009529.png,1.0,1.0,1.0,True,False,False,True,False,True,True,area_outlier,,
ds4_img008068_ann009532,5000,ds4,8068,9532,02_extracted/uang/5000/ds4_img008068_ann009532.png,1.0,1.0,1.0,True,False,False,True,False,True,True,area_outlier,,
ds4_img008070_ann009534,50000,ds4,8070,9534,02_extracted/uang/50000/ds4_img008070_ann009534.png,1.0,1.0,1.0,True,False,False,True,False,True,True,area_outlier,,
ds4_img008077_ann009541,1000,ds4,8077,9541,02_extracted/uang/1000/ds4_img008077_ann009541.png,1.0,0.5943396226415094,0.5323660714285714,True,False,False,False,True,False,True,random_5pct,,
ds4_img008112_ann009575,5000,ds4,8112,9575,02_extracted/uang/5000/ds4_img008112_ann009575.png,0.9953703703703703,1.9907407407407407,0.4627710459183674,True,False,False,False,True,False,True,random_5pct,,
ds4_img008130_ann009593,5000,ds4,8130,9593,02_extracted/uang/5000/ds4_img008130_ann009593.png,1.0,1.4640522875816993,0.6830357142857143,True,False,False,False,True,False,True,random_5pct,,
ds4_img008167_ann009630,2000,ds4,8167,9630,02_extracted/uang/2000/ds4_img008167_ann009630.png,1.0,2.154639175257732,0.4040377869897959,True,False,False,False,True,False,True,random_5pct,,
ds4_img008182_ann009645,2000,ds4,8182,9645,02_extracted/uang/2000/ds4_img008182_ann009645.png,1.0,2.0833333333333335,0.3826530612244898,True,False,False,False,True,False,True,random_5pct,,
ds4_img008191_ann009654,10000,ds4,8191,9654,02_extracted/uang/10000/ds4_img008191_ann009654.png,1.0,1.0,1.0,True,False,False,True,False,True,True,area_outlier,,
ds4_img008197_ann009660,50000,ds4,8197,9660,02_extracted/uang/50000/ds4_img008197_ann009660.png,1.0,1.0,1.0,True,False,False,True,False,True,True,area_outlier,,
ds4_img008202_ann009665,50000,ds4,8202,9665,02_extracted/uang/50000/ds4_img008202_ann009665.png,1.0,1.0,1.0,True,False,False,True,False,True,True,area_outlier,,
ds4_img008204_ann009667,20000,ds4,8204,9667,02_extracted/uang/20000/ds4_img008204_ann009667.png,1.0,0.6351351351351351,0.6238440688775511,True,False,False,False,True,False,True,random_5pct,,
ds4_img008205_ann009668,50000,ds4,8205,9668,02_extracted/uang/50000/ds4_img008205_ann009668.png,1.0,1.0,1.0,True,False,False,True,False,True,True,area_outlier,,
ds4_img008207_ann009670,50000,ds4,8207,9670,02_extracted/uang/50000/ds4_img008207_ann009670.png,1.0,0.9955357142857143,0.9955357142857143,True,False,False,True,False,True,True,area_outlier,,
ds4_img008209_ann009672,20000,ds4,8209,9672,02_extracted/uang/20000/ds4_img008209_ann009672.png,1.0,1.7421875,0.5688775510204082,True,False,False,False,True,False,True,random_5pct,,
ds4_img008210_ann009673,1000,ds4,8210,9673,02_extracted/uang/1000/ds4_img008210_ann009673.png,0.9951456310679612,1.9339622641509433,0.43307557397959184,True,False,False,False,True,False,True,random_5pct,,
ds4_img008211_ann009674,50000,ds4,8211,9674,02_extracted/uang/50000/ds4_img008211_ann009674.png,1.0,1.0,1.0,True,False,False,True,False,True,True,area_outlier,,
ds4_img008213_ann009676,5000,ds4,8213,9676,02_extracted/uang/5000/ds4_img008213_ann009676.png,1.0,1.0,1.0,True,False,False,True,False,True,True,area_outlier,,
ds4_img008217_ann009680,50000,ds4,8217,9680,02_extracted/uang/50000/ds4_img008217_ann009680.png,1.0,1.0,1.0,True,False,False,True,False,True,True,area_outlier,,
ds4_img008226_ann009688,5000,ds4,8226,9688,02_extracted/uang/5000/ds4_img008226_ann009688.png,1.0,1.0,1.0,True,False,False,True,False,True,True,area_outlier,,
ds4_img008228_ann009690,10000,ds4,8228,9690,02_extracted/uang/10000/ds4_img008228_ann009690.png,1.0,1.0,1.0,True,False,False,True,False,True,True,area_outlier,,
ds4_img008233_ann009695,2000,ds4,8233,9695,02_extracted/uang/2000/ds4_img008233_ann009695.png,1.0,1.8157894736842106,0.47030452806122447,True,False,False,False,True,False,True,random_5pct,,
ds4_img008237_ann009699,10000,ds4,8237,9699,02_extracted/uang/10000/ds4_img008237_ann009699.png,1.0,1.0,1.0,True,False,False,True,False,True,True,area_outlier,,
ds4_img008238_ann009700,100000,ds4,8238,9700,02_extracted/uang/100000/ds4_img008238_ann009700.png,1.0,1.0,1.0,True,False,False,True,False,True,True,area_outlier,,
ds4_img008241_ann009703,50000,ds4,8241,9703,02_extracted/uang/50000/ds4_img008241_ann009703.png,1.0,1.0,1.0,True,False,False,True,False,True,True,area_outlier,,
ds4_img008245_ann009707,5000,ds4,8245,9707,02_extracted/uang/5000/ds4_img008245_ann009707.png,1.0,1.8691588785046729,0.4264987244897959,True,False,False,False,True,False,True,random_5pct,,
ds4_img008246_ann009708,10000,ds4,8246,9708,02_extracted/uang/10000/ds4_img008246_ann009708.png,1.0,1.0,1.0,True,False,False,True,False,True,True,area_outlier,,
ds4_img008260_ann009722,2000,ds4,8260,9722,02_extracted/uang/2000/ds4_img008260_ann009722.png,1.0,1.0,1.0,True,False,False,True,False,True,True,area_outlier,,
ds4_img008316_ann009778,100000,ds4,8316,9778,02_extracted/uang/100000/ds4_img008316_ann009778.png,1.0,0.5136363636363637,0.49545599489795916,True,False,False,False,True,False,True,random_5pct,,
ds4_img008360_ann009810,20000,ds4,8360,9810,02_extracted/uang/20000/ds4_img008360_ann009810.png,1.0,0.6606334841628959,0.6430564413265306,True,False,False,False,True,False,True,random_5pct,,
ds4_img008394_ann009841,50000,ds4,8394,9841,02_extracted/uang/50000/ds4_img008394_ann009841.png,1.0,1.4594594594594594,0.6371173469387755,True,False,False,False,True,False,True,random_5pct,,
ds4_img008439_ann009886,50000,ds4,8439,9886,02_extracted/uang/50000/ds4_img008439_ann009886.png,1.0,1.4533333333333334,0.6517059948979592,True,False,False,False,True,False,True,random_5pct,,
ds4_img008441_ann009888,20000,ds4,8441,9888,02_extracted/uang/20000/ds4_img008441_ann009888.png,1.0,1.553191489361702,0.6154137436224489,True,False,False,False,True,False,True,random_5pct,,
ds4_img008452_ann009899,20000,ds4,8452,9899,02_extracted/uang/20000/ds4_img008452_ann009899.png,1.0,1.8584070796460177,0.47293526785714285,True,False,False,False,True,False,True,random_5pct,,
ds4_img008474_ann009921,50000,ds4,8474,9921,02_extracted/uang/50000/ds4_img008474_ann009921.png,1.0,1.4113924050632911,0.7022082270408163,True,False,False,False,True,False,True,random_5pct,,
ds4_img008480_ann009927,50000,ds4,8480,9927,02_extracted/uang/50000/ds4_img008480_ann009927.png,1.0,0.5345622119815668,0.5016741071428571,True,False,False,False,True,False,True,random_5pct,,
ds4_img008486_ann009933,5000,ds4,8486,9933,02_extracted/uang/5000/ds4_img008486_ann009933.png,1.0,1.0,1.0,True,False,False,True,False,True,True,area_outlier,,
ds4_img008492_ann009939,5000,ds4,8492,9939,02_extracted/uang/5000/ds4_img008492_ann009939.png,1.0,1.0,1.0,True,False,False,True,False,True,True,area_outlier,,
ds4_img008496_ann009943,5000,ds4,8496,9943,02_extracted/uang/5000/ds4_img008496_ann009943.png,1.0,1.0,1.0,True,False,False,True,False,True,True,area_outlier,,
ds4_img008501_ann009948,5000,ds4,8501,9948,02_extracted/uang/5000/ds4_img008501_ann009948.png,1.0,1.0,1.0,True,False,False,True,False,True,True,area_outlier,,
ds4_img008561_ann010005,100000,ds4,8561,10005,02_extracted/uang/100000/ds4_img008561_ann010005.png,0.9954545454545455,1.6846153846153846,0.5674027423469388,True,False,False,False,True,False,True,random_5pct,,
ds4_img008576_ann010019,5000,ds4,8576,10019,02_extracted/uang/5000/ds4_img008576_ann010019.png,1.0,2.1702127659574466,0.38217474489795916,True,False,False,False,True,False,True,random_5pct,,
ds4_img008582_ann010025,5000,ds4,8582,10025,02_extracted/uang/5000/ds4_img008582_ann010025.png,1.0,1.9528301886792452,0.43730070153061223,True,False,False,False,True,False,True,random_5pct,,
ds4_img008620_ann010060,10000,ds4,8620,10060,02_extracted/uang/10000/ds4_img008620_ann010060.png,1.0,2.07,0.4125478316326531,True,False,False,False,True,False,True,random_5pct,,
ds4_img008624_ann010064,10000,ds4,8624,10064,02_extracted/uang/10000/ds4_img008624_ann010064.png,1.0,2.0098039215686274,0.4167330994897959,True,False,False,False,True,False,True,random_5pct,,
ds4_img008635_ann010075,5000,ds4,8635,10075,02_extracted/uang/5000/ds4_img008635_ann010075.png,1.0,1.9166666666666667,0.4455516581632653,True,False,False,False,True,False,True,random_5pct,,
ds4_img008640_ann010080,50000,ds4,8640,10080,02_extracted/uang/50000/ds4_img008640_ann010080.png,1.0,1.8928571428571428,0.4732142857142857,True,False,False,False,True,False,True,random_5pct,,
ds4_img008657_ann010096,20000,ds4,8657,10096,02_extracted/uang/20000/ds4_img008657_ann010096.png,1.0,2.0792079207920793,0.42271205357142855,True,False,False,False,True,False,True,random_5pct,,
ds4_img008660_ann010099,20000,ds4,8660,10099,02_extracted/uang/20000/ds4_img008660_ann010099.png,1.0,2.1237113402061856,0.39823820153061223,True,False,False,False,True,False,True,random_5pct,,
ds4_img008664_ann010103,5000,ds4,8664,10103,02_extracted/uang/5000/ds4_img008664_ann010103.png,1.0,0.5377358490566038,0.48166454081632654,True,False,False,False,True,False,True,random_5pct,,
ds4_img008684_ann010120,5000,ds4,8684,10120,02_extracted/uang/5000/ds4_img008684_ann010120.png,1.0,1.9074074074074074,0.44339923469387754,True,False,False,False,True,False,True,random_5pct,,
ds4_img008699_ann010133,20000,ds4,8699,10133,02_extracted/uang/20000/ds4_img008699_ann010133.png,1.0,2.04040404040404,0.3985570790816326,True,False,False,False,True,False,True,random_5pct,,
ds4_img008703_ann010137,5000,ds4,8703,10137,02_extracted/uang/5000/ds4_img008703_ann010137.png,1.0,2.1145833333333335,0.38839285714285715,True,False,False,False,True,False,True,random_5pct,,
ds4_img008722_ann010156,100000,ds4,8722,10156,02_extracted/uang/100000/ds4_img008722_ann010156.png,1.0,0.6486486486486487,0.6371173469387755,True,False,False,False,True,False,True,random_5pct,,
ds4_img008729_ann010162,100000,ds4,8729,10162,02_extracted/uang/100000/ds4_img008729_ann010162.png,1.0,2.0980392156862746,0.43502869897959184,True,False,False,False,True,False,True,random_5pct,,
ds4_img008755_ann010177,20000,ds4,8755,10177,02_extracted/uang/20000/ds4_img008755_ann010177.png,1.0,2.09375,0.38456632653061223,True,False,False,False,True,False,True,random_5pct,,
ds4_img008781_ann010203,50000,ds4,8781,10203,02_extracted/uang/50000/ds4_img008781_ann010203.png,1.0,2.1,0.4185267857142857,True,False,False,False,True,False,True,random_5pct,,
ds4_img008802_ann010224,50000,ds4,8802,10224,02_extracted/uang/50000/ds4_img008802_ann010224.png,1.0,1.608695652173913,0.6105707908163265,True,False,False,False,True,False,True,random_5pct,,
ds4_img008812_ann010234,50000,ds4,8812,10234,02_extracted/uang/50000/ds4_img008812_ann010234.png,1.0,1.6204379562043796,0.6061463647959183,True,False,False,False,True,False,True,random_5pct,,
ds4_img008813_ann010235,50000,ds4,8813,10235,02_extracted/uang/50000/ds4_img008813_ann010235.png,1.0,0.600896860986547,0.5955436862244898,True,False,False,False,True,False,True,random_5pct,,
ds4_img008820_ann010242,50000,ds4,8820,10242,02_extracted/uang/50000/ds4_img008820_ann010242.png,1.0,1.4313725490196079,0.6677893813775511,True,False,False,False,True,False,True,random_5pct,,
ds4_img008822_ann010244,50000,ds4,8822,10244,02_extracted/uang/50000/ds4_img008822_ann010244.png,1.0,0.5475113122171946,0.5329440369897959,True,False,False,False,True,False,True,random_5pct,,
ds4_img008839_ann010261,50000,ds4,8839,10261,02_extracted/uang/50000/ds4_img008839_ann010261.png,1.0,2.236559139784946,0.38552295918367346,True,False,False,False,True,False,True,random_5pct,,
ds4_img008854_ann010276,50000,ds4,8854,10276,02_extracted/uang/50000/ds4_img008854_ann010276.png,1.0,2.1530612244897958,0.412109375,True,False,False,False,True,False,True,random_5pct,,
ds4_img008857_ann010279,50000,ds4,8857,10279,02_extracted/uang/50000/ds4_img008857_ann010279.png,1.0,0.6860986547085202,0.6799864477040817,True,False,False,False,True,False,True,random_5pct,,
ds4_img008877_ann010299,5000,ds4,8877,10299,02_extracted/uang/5000/ds4_img008877_ann010299.png,1.0,1.9532710280373833,0.44569116709183676,True,False,False,False,True,False,True,random_5pct,,
ds4_img008885_ann010307,50000,ds4,8885,10307,02_extracted/uang/50000/ds4_img008885_ann010307.png,1.0,2.0792079207920793,0.42271205357142855,True,False,False,False,True,False,True,random_5pct,,
ds4_img008917_ann010339,50000,ds4,8917,10339,02_extracted/uang/50000/ds4_img008917_ann010339.png,1.0,2.154639175257732,0.4040377869897959,True,False,False,False,True,False,True,random_5pct,,
ds4_img008930_ann010352,50000,ds4,8930,10352,02_extracted/uang/50000/ds4_img008930_ann010352.png,0.9955357142857143,0.6905829596412556,0.6844308035714286,True,False,False,False,True,False,True,random_5pct,,
ds4_img008941_ann010363,100000,ds4,8941,10363,02_extracted/uang/100000/ds4_img008941_ann010363.png,1.0,2.1894736842105265,0.3938137755102041,True,False,False,False,True,False,True,random_5pct,,
ds4_img008968_ann010390,10000,ds4,8968,10390,02_extracted/uang/10000/ds4_img008968_ann010390.png,1.0,1.980952380952381,0.43526785714285715,True,False,False,False,True,False,True,random_5pct,,
ds4_img009037_ann010458,20000,ds4,9037,10458,02_extracted/uang/20000/ds4_img009037_ann010458.png,1.0,2.0520833333333335,0.37691326530612246,True,False,False,False,True,False,True,random_5pct,,
ds4_img009077_ann010496,5000,ds4,9077,10496,02_extracted/uang/5000/ds4_img009077_ann010496.png,1.0,0.7162790697674418,0.6598772321428571,True,False,False,False,True,False,True,random_5pct,,
ds4_img009101_ann010519,5000,ds4,9101,10519,02_extracted/uang/5000/ds4_img009101_ann010519.png,1.0,1.7583333333333333,0.5046237244897959,True,False,False,False,True,False,True,random_5pct,,
ds4_img009118_ann010536,5000,ds4,9118,10536,02_extracted/uang/5000/ds4_img009118_ann010536.png,1.0,1.9326923076923077,0.41661352040816324,True,False,False,False,True,False,True,random_5pct,,
ds4_img009138_ann010555,5000,ds4,9138,10555,02_extracted/uang/5000/ds4_img009138_ann010555.png,1.0,1.9326923076923077,0.41661352040816324,True,False,False,False,True,False,True,random_5pct,,
ds4_img009150_ann010567,100000,ds4,9150,10567,02_extracted/uang/100000/ds4_img009150_ann010567.png,1.0,2.183673469387755,0.41796875,True,False,False,False,True,False,True,random_5pct,,
ds4_img009183_ann010600,5000,ds4,9183,10600,02_extracted/uang/5000/ds4_img009183_ann010600.png,1.0,1.0,1.0,True,False,False,True,False,True,True,area_outlier,,
ds4_img009185_ann010602,5000,ds4,9185,10602,02_extracted/uang/5000/ds4_img009185_ann010602.png,1.0,1.0,1.0,True,False,False,True,False,True,True,area_outlier,,
ds4_img009186_ann010603,5000,ds4,9186,10603,02_extracted/uang/5000/ds4_img009186_ann010603.png,1.0,1.489795918367347,0.6416015625,True,False,False,False,True,False,True,random_5pct,,
ds4_img009190_ann010607,5000,ds4,9190,10607,02_extracted/uang/5000/ds4_img009190_ann010607.png,1.0,1.5757575757575757,0.5471938775510204,True,False,False,False,True,False,True,random_5pct,,
ds4_img009201_ann010618,20000,ds4,9201,10618,02_extracted/uang/20000/ds4_img009201_ann010618.png,1.0,2.0520833333333335,0.37691326530612246,True,False,False,False,True,False,True,random_5pct,,
ds4_img009204_ann010621,50000,ds4,9204,10621,02_extracted/uang/50000/ds4_img009204_ann010621.png,1.0,1.0,1.0,True,False,False,True,False,True,True,area_outlier,,
ds4_img009206_ann010623,5000,ds4,9206,10623,02_extracted/uang/5000/ds4_img009206_ann010623.png,1.0,1.0,1.0,True,False,False,True,False,True,True,area_outlier,,
ds4_img009214_ann010631,5000,ds4,9214,10631,02_extracted/uang/5000/ds4_img009214_ann010631.png,1.0,1.0,1.0,True,False,False,True,False,True,True,area_outlier,,
ds4_img009220_ann010637,50000,ds4,9220,10637,02_extracted/uang/50000/ds4_img009220_ann010637.png,1.0,1.0,1.0,True,False,False,True,False,True,True,area_outlier,,
ds4_img009225_ann010642,100000,ds4,9225,10642,02_extracted/uang/100000/ds4_img009225_ann010642.png,1.0,1.7983870967741935,0.5511001275510204,True,False,False,False,True,False,True,random_5pct,,
ds4_img009228_ann010645,20000,ds4,9228,10645,02_extracted/uang/20000/ds4_img009228_ann010645.png,1.0,1.4697986577181208,0.6503308354591837,True,False,False,False,True,False,True,random_5pct,,
ds4_img009240_ann010657,20000,ds4,9240,10657,02_extracted/uang/20000/ds4_img009240_ann010657.png,1.0,0.6216216216216216,0.6105707908163265,True,False,False,False,True,False,True,random_5pct,,
ds4_img009326_ann010742,10000,ds4,9326,10742,02_extracted/uang/10000/ds4_img009326_ann010742.png,1.0,1.7768595041322315,0.5184749681122449,True,False,False,False,True,False,True,random_5pct,,
ds4_img009339_ann010755,50000,ds4,9339,10755,02_extracted/uang/50000/ds4_img009339_ann010755.png,1.0,0.583710407239819,0.5681800063775511,True,False,False,False,True,False,True,random_5pct,,
ds4_img009378_ann010789,10000,ds4,9378,10789,02_extracted/uang/10000/ds4_img009378_ann010789.png,1.0,1.9636363636363636,0.47353316326530615,True,False,False,False,True,False,True,random_5pct,,
ds4_img009384_ann010795,20000,ds4,9384,10795,02_extracted/uang/20000/ds4_img009384_ann010795.png,1.0,1.734375,0.5663265306122449,True,False,False,False,True,False,True,random_5pct,,
ds4_img009403_ann010814,50000,ds4,9403,10814,02_extracted/uang/50000/ds4_img009403_ann010814.png,1.0,1.7916666666666667,0.5141900510204082,True,False,False,False,True,False,True,random_5pct,,
ds4_img009405_ann010816,10000,ds4,9405,10816,02_extracted/uang/10000/ds4_img009405_ann010816.png,1.0,2.0792079207920793,0.42271205357142855,True,False,False,False,True,False,True,random_5pct,,
ds4_img009435_ann010845,50000,ds4,9435,10845,02_extracted/uang/50000/ds4_img009435_ann010845.png,1.0,1.7580645161290323,0.5387436224489796,True,False,False,False,True,False,True,random_5pct,,
ds4_img009438_ann010848,20000,ds4,9438,10848,02_extracted/uang/20000/ds4_img009438_ann010848.png,1.0,2.0476190476190474,0.44991629464285715,True,False,False,False,True,False,True,random_5pct,,
ds4_img009439_ann010849,20000,ds4,9439,10849,02_extracted/uang/20000/ds4_img009439_ann010849.png,1.0,2.15625,0.3960459183673469,True,False,False,False,True,False,True,random_5pct,,
ds4_img009445_ann010855,10000,ds4,9445,10855,02_extracted/uang/10000/ds4_img009445_ann010855.png,1.0,0.5874439461883408,0.5822106186224489,True,False,False,False,True,False,True,random_5pct,,
ds4_img009507_ann010916,100000,ds4,9507,10916,02_extracted/uang/100000/ds4_img009507_ann010916.png,1.0,0.5167464114832536,0.44985650510204084,True,False,False,False,True,False,True,random_5pct,,
ds4_img009522_ann010931,20000,ds4,9522,10931,02_extracted/uang/20000/ds4_img009522_ann010931.png,1.0,1.4899328859060403,0.6592394770408163,True,False,False,False,True,False,True,random_5pct,,
ds4_img009545_ann010954,50000,ds4,9545,10954,02_extracted/uang/50000/ds4_img009545_ann010954.png,1.0,1.0,1.0,True,False,False,True,False,True,True,area_outlier,,
ds4_img009546_ann010955,50000,ds4,9546,10955,02_extracted/uang/50000/ds4_img009546_ann010955.png,1.0,1.0424528301886793,0.9337531887755102,True,False,False,True,False,True,True,area_outlier,,
ds4_img009547_ann010956,50000,ds4,9547,10956,02_extracted/uang/50000/ds4_img009547_ann010956.png,1.0,1.0420560747663552,0.9510921556122449,True,False,False,True,False,True,True,area_outlier,,
ds4_img009548_ann010957,50000,ds4,9548,10957,02_extracted/uang/50000/ds4_img009548_ann010957.png,1.0,1.009049773755656,0.9822026466836735,True,False,False,True,False,True,True,area_outlier,,
ds4_img009549_ann010958,50000,ds4,9549,10958,02_extracted/uang/50000/ds4_img009549_ann010958.png,1.0,1.6492537313432836,0.590202487244898,True,False,False,False,True,False,True,random_5pct,,
ds4_img009555_ann010964,50000,ds4,9555,10964,02_extracted/uang/50000/ds4_img009555_ann010964.png,1.0,1.0045045045045045,0.9866470025510204,True,False,False,True,False,True,True,area_outlier,,
ds4_img009559_ann010968,50000,ds4,9559,10968,02_extracted/uang/50000/ds4_img009559_ann010968.png,1.0,1.0,1.0,True,False,False,True,False,True,True,area_outlier,,
ds4_img009571_ann010980,20000,ds4,9571,10980,02_extracted/uang/20000/ds4_img009571_ann010980.png,0.9954128440366973,0.5207373271889401,0.4886997767857143,True,False,False,False,True,False,True,random_5pct,,
ds4_img009579_ann010988,100000,ds4,9579,10988,02_extracted/uang/100000/ds4_img009579_ann010988.png,0.9954954954954955,1.589928057553957,0.6122249681122449,True,False,False,False,True,False,True,random_5pct,,
ds4_img009590_ann010999,50000,ds4,9590,10999,02_extracted/uang/50000/ds4_img009590_ann010999.png,1.0,1.0,1.0,True,False,False,True,False,True,True,area_outlier,,
ds4_img009599_ann011008,50000,ds4,9599,11008,02_extracted/uang/50000/ds4_img009599_ann011008.png,1.0,1.0,1.0,True,False,False,True,False,True,True,area_outlier,,
ds4_img009602_ann011011,50000,ds4,9602,11011,02_extracted/uang/50000/ds4_img009602_ann011011.png,1.0,1.0,1.0,True,False,False,True,False,True,True,area_outlier,,
ds4_img009614_ann011023,2000,ds4,9614,11023,02_extracted/uang/2000/ds4_img009614_ann011023.png,0.9955156950672646,0.7027027027027027,0.6902104591836735,True,False,False,False,True,False,True,random_5pct,,
ds4_img009637_ann011046,20000,ds4,9637,11046,02_extracted/uang/20000/ds4_img009637_ann011046.png,1.0,1.6492537313432836,0.590202487244898,True,False,False,False,True,False,True,random_5pct,,
ds4_img009708_ann011117,10000,ds4,9708,11117,02_extracted/uang/10000/ds4_img009708_ann011117.png,1.0,1.4640522875816993,0.6830357142857143,True,False,False,False,True,False,True,random_5pct,,
ds4_img009717_ann011126,5000,ds4,9717,11126,02_extracted/uang/5000/ds4_img009717_ann011126.png,1.0,2.1702127659574466,0.38217474489795916,True,False,False,False,True,False,True,random_5pct,,
ds4_img009719_ann011128,5000,ds4,9719,11128,02_extracted/uang/5000/ds4_img009719_ann011128.png,1.0,1.9504950495049505,0.3965441645408163,True,False,False,False,True,False,True,random_5pct,,
ds4_img009761_ann011170,2000,ds4,9761,11170,02_extracted/uang/2000/ds4_img009761_ann011170.png,1.0,1.5522388059701493,0.5554846938775511,True,False,False,False,True,False,True,random_5pct,,
ds4_img009771_ann011180,20000,ds4,9771,11180,02_extracted/uang/20000/ds4_img009771_ann011180.png,1.0,0.726457399103139,0.7199856505102041,True,False,False,False,True,False,True,random_5pct,,
ds4_img009827_ann011236,2000,ds4,9827,11236,02_extracted/uang/2000/ds4_img009827_ann011236.png,1.0,2.154639175257732,0.4040377869897959,True,False,False,False,True,False,True,random_5pct,,
ds4_img009829_ann011238,5000,ds4,9829,11238,02_extracted/uang/5000/ds4_img009829_ann011238.png,1.0,1.009009009009009,0.9910714285714286,True,False,False,True,False,True,True,area_outlier,,
ds4_img009887_ann011296,5000,ds4,9887,11296,02_extracted/uang/5000/ds4_img009887_ann011296.png,1.0,1.0,1.0,True,False,False,True,False,True,True,area_outlier,,
ds4_img009899_ann011308,10000,ds4,9899,11308,02_extracted/uang/10000/ds4_img009899_ann011308.png,1.0,1.0,1.0,True,False,False,True,False,True,True,area_outlier,,
ds4_img009904_ann011313,5000,ds4,9904,11313,02_extracted/uang/5000/ds4_img009904_ann011313.png,1.0,1.0,1.0,True,False,False,True,False,True,True,area_outlier,,
ds4_img009911_ann011320,10000,ds4,9911,11320,02_extracted/uang/10000/ds4_img009911_ann011320.png,1.0,1.0,1.0,True,False,False,True,False,True,True,area_outlier,,
ds4_img009912_ann011321,10000,ds4,9912,11321,02_extracted/uang/10000/ds4_img009912_ann011321.png,1.0,1.0,1.0,True,False,False,True,False,True,True,area_outlier,,
ds4_img009917_ann011326,2000,ds4,9917,11326,02_extracted/uang/2000/ds4_img009917_ann011326.png,1.0,1.4294871794871795,0.6933195153061225,True,False,False,False,True,False,True,random_5pct,,
ds4_img009919_ann011328,10000,ds4,9919,11328,02_extracted/uang/10000/ds4_img009919_ann011328.png,1.0,1.0,1.0,True,False,False,True,False,True,True,area_outlier,,
ds4_img009941_ann011350,2000,ds4,9941,11350,02_extracted/uang/2000/ds4_img009941_ann011350.png,1.0,1.8761904761904762,0.41224888392857145,True,False,False,False,True,False,True,random_5pct,,
ds4_img009949_ann011358,2000,ds4,9949,11358,02_extracted/uang/2000/ds4_img009949_ann011358.png,1.0,0.5765765765765766,0.5663265306122449,True,False,False,False,True,False,True,random_5pct,,
ds4_img009950_ann011359,50000,ds4,9950,11359,02_extracted/uang/50000/ds4_img009950_ann011359.png,1.0,1.0,1.0,True,False,False,True,False,True,True,area_outlier,,
ds4_img009956_ann011365,2000,ds4,9956,11365,02_extracted/uang/2000/ds4_img009956_ann011365.png,1.0,1.4965986394557824,0.64453125,True,False,False,False,True,False,True,random_5pct,,
ds4_img009962_ann011371,50000,ds4,9962,11371,02_extracted/uang/50000/ds4_img009962_ann011371.png,1.0,1.0,1.0,True,False,False,True,False,True,True,area_outlier,,
ds4_img009963_ann011372,50000,ds4,9963,11372,02_extracted/uang/50000/ds4_img009963_ann011372.png,1.0,1.0,1.0,True,False,False,True,False,True,True,area_outlier,,
ds4_img009971_ann011380,50000,ds4,9971,11380,02_extracted/uang/50000/ds4_img009971_ann011380.png,1.0,1.0,1.0,True,False,False,True,False,True,True,area_outlier,,
ds4_img010009_ann011418,2000,ds4,10009,11418,02_extracted/uang/2000/ds4_img010009_ann011418.png,1.0,0.7276785714285714,0.7276785714285714,True,False,False,False,True,False,True,random_5pct,,
ds4_img010011_ann011420,2000,ds4,10011,11420,02_extracted/uang/2000/ds4_img010011_ann011420.png,1.0,1.4415584415584415,0.6813616071428571,True,False,False,False,True,False,True,random_5pct,,
ds4_img010058_ann011467,20000,ds4,10058,11467,02_extracted/uang/20000/ds4_img010058_ann011467.png,1.0,2.2,0.39570711096938777,True,False,False,False,True,False,True,random_5pct,,
ds4_img010080_ann011489,5000,ds4,10080,11489,02_extracted/uang/5000/ds4_img010080_ann011489.png,1.0,1.0,1.0,True,False,False,True,False,True,True,area_outlier,,
ds4_img010082_ann011491,5000,ds4,10082,11491,02_extracted/uang/5000/ds4_img010082_ann011491.png,1.0,0.6801801801801802,0.6680883290816326,True,False,False,False,True,False,True,random_5pct,,
ds4_img010084_ann011493,20000,ds4,10084,11493,02_extracted/uang/20000/ds4_img010084_ann011493.png,1.0,2.14,0.4264987244897959,True,False,False,False,True,False,True,random_5pct,,
ds4_img010092_ann011501,20000,ds4,10092,11501,02_extracted/uang/20000/ds4_img010092_ann011501.png,1.0,2.058252427184466,0.43518813775510207,True,False,False,False,True,False,True,random_5pct,,
ds4_img010105_ann011514,5000,ds4,10105,11514,02_extracted/uang/5000/ds4_img010105_ann011514.png,1.0,1.0045454545454546,0.9689891581632653,True,False,False,True,False,True,True,area_outlier,,
ds4_img010128_ann011537,100000,ds4,10128,11537,02_extracted/uang/100000/ds4_img010128_ann011537.png,1.0,2.0194174757281553,0.42697704081632654,True,False,False,False,True,False,True,random_5pct,,
ds4_img010173_ann011577,1000,ds4,10173,11577,02_extracted/uang/1000/ds4_img010173_ann011577.png,1.0,0.6745283018867925,0.6041932397959183,True,False,False,False,True,False,True,random_5pct,,
ds4_img010177_ann011581,50000,ds4,10177,11581,02_extracted/uang/50000/ds4_img010177_ann011581.png,1.0,1.0,1.0,True,False,False,True,False,True,True,area_outlier,,
ds4_img010187_ann011591,10000,ds4,10187,11591,02_extracted/uang/10000/ds4_img010187_ann011591.png,0.9954954954954955,0.6968325791855203,0.6782924107142857,True,False,False,False,True,False,True,random_5pct,,
ds4_img010192_ann011596,10000,ds4,10192,11596,02_extracted/uang/10000/ds4_img010192_ann011596.png,1.0,0.5906976744186047,0.5441844706632653,True,False,False,False,True,False,True,random_5pct,,
ds4_img010193_ann011597,50000,ds4,10193,11597,02_extracted/uang/50000/ds4_img010193_ann011597.png,1.0,1.009009009009009,0.9910714285714286,True,False,False,True,False,True,True,area_outlier,,
ds4_img010207_ann011611,10000,ds4,10207,11611,02_extracted/uang/10000/ds4_img010207_ann011611.png,1.0,1.7244094488188977,0.5543088329081632,True,False,False,False,True,False,True,random_5pct,,
ds4_img010218_ann011622,10000,ds4,10218,11622,02_extracted/uang/10000/ds4_img010218_ann011622.png,1.0,0.5794392523364486,0.5288584183673469,True,False,False,False,True,False,True,random_5pct,,
ds4_img010220_ann011624,10000,ds4,10220,11624,02_extracted/uang/10000/ds4_img010220_ann011624.png,1.0,0.5590909090909091,0.5393016581632653,True,False,False,False,True,False,True,random_5pct,,
ds4_img010230_ann011634,2000,ds4,10230,11634,02_extracted/uang/2000/ds4_img010230_ann011634.png,1.0,0.6188340807174888,0.6133211096938775,True,False,False,False,True,False,True,random_5pct,,
ds4_img010276_ann011680,5000,ds4,10276,11680,02_extracted/uang/5000/ds4_img010276_ann011680.png,1.0,1.9469026548672566,0.49545599489795916,True,False,False,False,True,False,True,random_5pct,,
ds4_img010306_ann011710,100000,ds4,10306,11710,02_extracted/uang/100000/ds4_img010306_ann011710.png,1.0,0.5161290322580645,0.484375,True,False,False,False,True,False,True,random_5pct,,
ds4_img010312_ann011716,10000,ds4,10312,11716,02_extracted/uang/10000/ds4_img010312_ann011716.png,1.0,1.6029411764705883,0.5908801020408163,True,False,False,False,True,False,True,random_5pct,,
ds4_img010313_ann011717,50000,ds4,10313,11717,02_extracted/uang/50000/ds4_img010313_ann011717.png,1.0,1.0,1.0,True,False,False,True,False,True,True,area_outlier,,
ds4_img010320_ann011723,50000,ds4,10320,11723,02_extracted/uang/50000/ds4_img010320_ann011723.png,1.0,1.0,1.0,True,False,False,True,False,True,True,area_outlier,,
ds4_img010329_ann011730,50000,ds4,10329,11730,02_extracted/uang/50000/ds4_img010329_ann011730.png,1.0,1.0,1.0,True,False,False,True,False,True,True,area_outlier,,
ds4_img010331_ann011732,10000,ds4,10331,11732,02_extracted/uang/10000/ds4_img010331_ann011732.png,1.0,0.5909090909090909,0.5699936224489796,True,False,False,False,True,False,True,random_5pct,,
ds4_img010337_ann011737,50000,ds4,10337,11737,02_extracted/uang/50000/ds4_img010337_ann011737.png,1.0,1.0,1.0,True,False,False,True,False,True,True,area_outlier,,
ds4_img010352_ann011746,2000,ds4,10352,11746,02_extracted/uang/2000/ds4_img010352_ann011746.png,1.0,0.5933014354066986,0.5165019132653061,True,False,False,False,True,False,True,random_5pct,,
ds4_img010401_ann011773,5000,ds4,10401,11773,02_extracted/uang/5000/ds4_img010401_ann011773.png,1.0,0.5981735159817352,0.5717673788265306,True,False,False,False,True,False,True,random_5pct,,
ds4_img010406_ann011778,5000,ds4,10406,11778,02_extracted/uang/5000/ds4_img010406_ann011778.png,1.0,2.1702127659574466,0.38217474489795916,True,False,False,False,True,False,True,random_5pct,,
ds4_img010422_ann011791,2000,ds4,10422,11791,02_extracted/uang/2000/ds4_img010422_ann011791.png,1.0,1.7338709677419355,0.5313297193877551,True,False,False,False,True,False,True,random_5pct,,
ds4_img010437_ann011801,2000,ds4,10437,11801,02_extracted/uang/2000/ds4_img010437_ann011801.png,0.9953488372093023,0.780373831775701,0.7122528698979592,True,False,False,False,True,False,True,random_5pct,,
ds4_img010455_ann011816,10000,ds4,10455,11816,02_extracted/uang/10000/ds4_img010455_ann011816.png,1.0,1.0,1.0,True,False,False,True,False,True,True,area_outlier,,
ds4_img010457_ann011818,2000,ds4,10457,11818,02_extracted/uang/2000/ds4_img010457_ann011818.png,1.0,2.0416666666666665,0.375,True,False,False,False,True,False,True,random_5pct,,
ds4_img010479_ann011839,10000,ds4,10479,11839,02_extracted/uang/10000/ds4_img010479_ann011839.png,1.0,1.0,1.0,True,False,False,True,False,True,True,area_outlier,,
ds4_img010567_ann011923,10000,ds4,10567,11923,02_extracted/uang/10000/ds4_img010567_ann011923.png,1.0,2.1515151515151514,0.42026068239795916,True,False,False,False,True,False,True,random_5pct,,
ds4_img010575_ann011929,20000,ds4,10575,11929,02_extracted/uang/20000/ds4_img010575_ann011929.png,1.0,1.651851851851852,0.5999880420918368,True,False,False,False,True,False,True,random_5pct,,
ds4_img010577_ann011931,20000,ds4,10577,11931,02_extracted/uang/20000/ds4_img010577_ann011931.png,1.0,0.5380952380952381,0.47293526785714285,True,False,False,False,True,False,True,random_5pct,,
ds4_img010580_ann011933,20000,ds4,10580,11933,02_extracted/uang/20000/ds4_img010580_ann011933.png,1.0,0.47572815533980584,0.40234375,True,False,False,False,True,False,True,random_5pct,,
ds4_img010607_ann011956,10000,ds4,10607,11956,02_extracted/uang/10000/ds4_img010607_ann011956.png,1.0,0.5446009389671361,0.4924266581632653,True,False,False,False,True,False,True,random_5pct,,
ds4_img010657_ann011999,2000,ds4,10657,11999,02_extracted/uang/2000/ds4_img010657_ann011999.png,0.995260663507109,1.627906976744186,0.5398995535714286,True,False,False,False,True,False,True,random_5pct,,
ds4_img010658_ann012000,10000,ds4,10658,12000,02_extracted/uang/10000/ds4_img010658_ann012000.png,1.0,1.0,1.0,True,False,False,True,False,True,True,area_outlier,,
ds4_img010671_ann012013,10000,ds4,10671,12013,02_extracted/uang/10000/ds4_img010671_ann012013.png,1.0,1.7950819672131149,0.5324856505102041,True,False,False,False,True,False,True,random_5pct,,
ds4_img010696_ann012037,2000,ds4,10696,12037,02_extracted/uang/2000/ds4_img010696_ann012037.png,1.0,1.9902912621359223,0.4208187181122449,True,False,False,False,True,False,True,random_5pct,,
ds4_img010703_ann012044,2000,ds4,10703,12044,02_extracted/uang/2000/ds4_img010703_ann012044.png,1.0,1.8672566371681416,0.47518734056122447,True,False,False,False,True,False,True,random_5pct,,
ds4_img010714_ann012055,1000,ds4,10714,12055,02_extracted/uang/1000/ds4_img010714_ann012055.png,0.9955357142857143,1.3273809523809523,0.7466517857142857,True,False,False,False,True,False,True,random_5pct,,
ds4_img010783_ann012121,1000,ds4,10783,12121,02_extracted/uang/1000/ds4_img010783_ann012121.png,1.0,0.7395348837209302,0.6813018176020408,True,False,False,False,True,False,True,random_5pct,,
ds4_img010815_ann012153,2000,ds4,10815,12153,02_extracted/uang/2000/ds4_img010815_ann012153.png,1.0,0.5566037735849056,0.49856505102040816,True,False,False,False,True,False,True,random_5pct,,
ds4_img010882_ann012217,10000,ds4,10882,12217,02_extracted/uang/10000/ds4_img010882_ann012217.png,1.0,1.0,1.0,True,False,False,True,False,True,True,area_outlier,,
ds4_img010946_ann012258,10000,ds4,10946,12258,02_extracted/uang/10000/ds4_img010946_ann012258.png,1.0,1.0,1.0,True,False,False,True,True,True,True,area_outlier;random_5pct,,
ds4_img010953_ann012264,2000,ds4,10953,12264,02_extracted/uang/2000/ds4_img010953_ann012264.png,1.0,0.639269406392694,0.6110491071428571,True,False,False,False,True,False,True,random_5pct,,
ds4_img010957_ann012268,10000,ds4,10957,12268,02_extracted/uang/10000/ds4_img010957_ann012268.png,1.0,1.0,1.0,True,False,False,True,False,True,True,area_outlier,,
ds4_img010959_ann012270,10000,ds4,10959,12270,02_extracted/uang/10000/ds4_img010959_ann012270.png,1.0,1.0,1.0,True,False,False,True,False,True,True,area_outlier,,
ds4_img010978_ann012289,1000,ds4,10978,12289,02_extracted/uang/1000/ds4_img010978_ann012289.png,1.0,1.989795918367347,0.380859375,True,False,False,False,True,False,True,random_5pct,,
ds4_img011036_ann012336,2000,ds4,11036,12336,02_extracted/uang/2000/ds4_img011036_ann012336.png,1.0,1.6397058823529411,0.6044323979591837,True,False,False,False,True,False,True,random_5pct,,
ds4_img011068_ann012368,2000,ds4,11068,12368,02_extracted/uang/2000/ds4_img011068_ann012368.png,1.0,1.2906976744186047,0.7610012755102041,True,False,False,False,True,False,True,random_5pct,,
ds4_img011083_ann012382,1000,ds4,11083,12382,02_extracted/uang/1000/ds4_img011083_ann012382.png,0.9955357142857143,1.304093567251462,0.7599848533163265,True,False,False,False,True,False,True,random_5pct,,
ds4_img011086_ann012385,1000,ds4,11086,12385,02_extracted/uang/1000/ds4_img011086_ann012385.png,0.9952830188679245,1.7295081967213115,0.5130341198979592,True,False,False,False,True,False,True,random_5pct,,
ds4_img011093_ann012392,1000,ds4,11093,12392,02_extracted/uang/1000/ds4_img011093_ann012392.png,1.0,1.375,0.701530612244898,True,False,False,False,True,False,True,random_5pct,,
ds4_img011117_ann012410,1000,ds4,11117,12410,02_extracted/uang/1000/ds4_img011117_ann012410.png,1.0,2.0,0.3673469387755102,True,False,False,False,True,False,True,random_5pct,,
ds4_img011127_ann012420,2000,ds4,11127,12420,02_extracted/uang/2000/ds4_img011127_ann012420.png,1.0,2.5903614457831323,0.355648118622449,True,False,False,False,True,False,True,random_5pct,,
ds4_img011130_ann012423,2000,ds4,11130,12423,02_extracted/uang/2000/ds4_img011130_ann012423.png,1.0,1.819672131147541,0.5397799744897959,True,False,False,False,True,False,True,random_5pct,,
ds4_img011136_ann012429,2000,ds4,11136,12429,02_extracted/uang/2000/ds4_img011136_ann012429.png,0.9955156950672646,1.776,0.5530532525510204,True,False,False,False,True,False,True,random_5pct,,
ds4_img011139_ann012432,2000,ds4,11139,12432,02_extracted/uang/2000/ds4_img011139_ann012432.png,1.0,1.5597014925373134,0.5581552933673469,True,False,False,False,True,False,True,random_5pct,,
ds4_img011170_ann012459,1000,ds4,11170,12459,02_extracted/uang/1000/ds4_img011170_ann012459.png,1.0,0.7232142857142857,0.7232142857142857,True,False,False,False,True,False,True,random_5pct,,
ds4_img011174_ann012463,2000,ds4,11174,12463,02_extracted/uang/2000/ds4_img011174_ann012463.png,1.0,2.2527472527472527,0.37179129464285715,True,False,False,False,True,False,True,random_5pct,,
ds4_img011192_ann012481,1000,ds4,11192,12481,02_extracted/uang/1000/ds4_img011192_ann012481.png,0.9954545454545455,0.7579908675799086,0.7245296556122449,True,False,False,False,True,False,True,random_5pct,,
ds4_img011194_ann012483,10000,ds4,11194,12483,02_extracted/uang/10000/ds4_img011194_ann012483.png,1.0,1.0,1.0,True,False,False,True,False,True,True,area_outlier,,
ds4_img011233_ann012521,2000,ds4,11233,12521,02_extracted/uang/2000/ds4_img011233_ann012521.png,1.0,1.5611510791366907,0.6011439732142857,True,False,False,False,True,False,True,random_5pct,,
ds4_img011248_ann012536,1000,ds4,11248,12536,02_extracted/uang/1000/ds4_img011248_ann012536.png,0.995475113122172,0.6409090909090909,0.6182238520408163,True,False,False,False,True,False,True,random_5pct,,
ds4_img011260_ann012548,2000,ds4,11260,12548,02_extracted/uang/2000/ds4_img011260_ann012548.png,1.0,1.6323529411764706,0.6017219387755102,True,False,False,False,True,False,True,random_5pct,,
ds4_img011265_ann012553,2000,ds4,11265,12553,02_extracted/uang/2000/ds4_img011265_ann012553.png,1.0,0.6284403669724771,0.5952248086734694,True,False,False,False,True,False,True,random_5pct,,
ds4_img011284_ann012572,2000,ds4,11284,12572,02_extracted/uang/2000/ds4_img011284_ann012572.png,1.0,1.0,1.0,True,False,False,True,False,True,True,area_outlier,,
ds4_img011376_ann012663,2000,ds4,11376,12663,02_extracted/uang/2000/ds4_img011376_ann012663.png,1.0,1.8407079646017699,0.4684311224489796,True,False,False,False,True,False,True,random_5pct,,
ds4_img011388_ann012675,2000,ds4,11388,12675,02_extracted/uang/2000/ds4_img011388_ann012675.png,1.0,1.8691588785046729,0.4264987244897959,True,False,False,False,True,False,True,random_5pct,,
ds4_img011389_ann012676,1000,ds4,11389,12676,02_extracted/uang/1000/ds4_img011389_ann012676.png,1.0,1.823008849557522,0.4639269770408163,True,False,False,False,True,False,True,random_5pct,,
ds4_img011398_ann012685,2000,ds4,11398,12685,02_extracted/uang/2000/ds4_img011398_ann012685.png,1.0,2.00990099009901,0.4086216517857143,True,False,False,False,True,False,True,random_5pct,,
ds4_img011418_ann012704,1000,ds4,11418,12704,02_extracted/uang/1000/ds4_img011418_ann012704.png,1.0,0.627906976744186,0.5784638073979592,True,False,False,False,True,False,True,random_5pct,,
ds4_img011439_ann012723,1000,ds4,11439,12723,02_extracted/uang/1000/ds4_img011439_ann012723.png,0.9955357142857143,0.7713004484304933,0.7644292091836735,True,False,False,False,True,False,True,random_5pct,,
ds4_img011445_ann012728,1000,ds4,11445,12728,02_extracted/uang/1000/ds4_img011445_ann012728.png,1.0,1.4078947368421053,0.6482780612244898,True,False,False,False,True,False,True,random_5pct,,
ds4_img011447_ann012730,1000,ds4,11447,12730,02_extracted/uang/1000/ds4_img011447_ann012730.png,1.0,1.4266666666666667,0.6397480867346939,True,False,False,False,True,False,True,random_5pct,,
ds4_img011453_ann012736,1000,ds4,11453,12736,02_extracted/uang/1000/ds4_img011453_ann012736.png,1.0,1.682170542635659,0.5578962053571429,True,False,False,False,True,False,True,random_5pct,,
ds4_img011458_ann012741,1000,ds4,11458,12741,02_extracted/uang/1000/ds4_img011458_ann012741.png,1.0,2.031578947368421,0.365413743622449,True,False,False,False,True,False,True,random_5pct,,
ds4_img011473_ann012754,1000,ds4,11473,12754,02_extracted/uang/1000/ds4_img011473_ann012754.png,1.0,1.7520661157024793,0.5112404336734694,True,False,False,False,True,False,True,random_5pct,,
ds4_img011523_ann012804,1000,ds4,11523,12804,02_extracted/uang/1000/ds4_img011523_ann012804.png,1.0,1.7964601769911503,0.45717075892857145,True,False,False,False,True,False,True,random_5pct,,
ds4_img011527_ann012808,1000,ds4,11527,12808,02_extracted/uang/1000/ds4_img011527_ann012808.png,1.0,1.7478991596638656,0.49330357142857145,True,False,False,False,True,False,True,random_5pct,,
ds4_img011545_ann012826,10000,ds4,11545,12826,02_extracted/uang/10000/ds4_img011545_ann012826.png,1.0,1.980952380952381,0.43526785714285715,True,False,False,False,True,False,True,random_5pct,,
ds4_img011548_ann012829,1000,ds4,11548,12829,02_extracted/uang/1000/ds4_img011548_ann012829.png,1.0,1.4193548387096775,0.6796077806122449,True,False,False,False,True,False,True,random_5pct,,
ds4_img011617_ann012897,50000,ds4,11617,12897,02_extracted/uang/50000/ds4_img011617_ann012897.png,1.0,2.1458333333333335,0.39413265306122447,True,False,False,False,True,False,True,random_5pct,,
ds4_img011621_ann012901,10000,ds4,11621,12901,02_extracted/uang/10000/ds4_img011621_ann012901.png,1.0,1.9357798165137614,0.45836654974489793,True,False,False,False,True,False,True,random_5pct,,
ds4_img011626_ann012906,100000,ds4,11626,12906,02_extracted/uang/100000/ds4_img011626_ann012906.png,1.0,0.625,0.625,True,False,False,False,True,False,True,random_5pct,,
ds4_img011682_ann012954,10000,ds4,11682,12954,02_extracted/uang/10000/ds4_img011682_ann012954.png,1.0,1.4539473684210527,0.6694834183673469,True,False,False,False,True,False,True,random_5pct,,
ds4_img011744_ann013016,10000,ds4,11744,13016,02_extracted/uang/10000/ds4_img011744_ann013016.png,1.0,2.11,0.42051977040816324,True,False,False,False,True,False,True,random_5pct,,
ds4_img011775_ann013046,5000,ds4,11775,13046,02_extracted/uang/5000/ds4_img011775_ann013046.png,1.0,1.9702970297029703,0.400569993622449,True,False,False,False,True,False,True,random_5pct,,
ds4_img011779_ann013050,10000,ds4,11779,13050,02_extracted/uang/10000/ds4_img011779_ann013050.png,1.0,1.5492957746478873,0.6226084183673469,True,False,False,False,True,False,True,random_5pct,,
ds4_img011846_ann013117,10000,ds4,11846,13117,02_extracted/uang/10000/ds4_img011846_ann013117.png,1.0,1.97196261682243,0.4499561543367347,True,False,False,False,True,False,True,random_5pct,,
ds4_img011878_ann013138,100000,ds4,11878,13138,02_extracted/uang/100000/ds4_img011878_ann013138.png,1.0,0.4861111111111111,0.45200892857142855,True,False,False,False,True,False,True,random_5pct,,
ds4_img011892_ann013151,5000,ds4,11892,13151,02_extracted/uang/5000/ds4_img011892_ann013151.png,1.0,1.46,0.6546954719387755,True,False,False,False,True,False,True,random_5pct,,
ds4_img011975_ann013220,50000,ds4,11975,13220,02_extracted/uang/50000/ds4_img011975_ann013220.png,1.0,2.122448979591837,0.40625,True,False,False,False,True,False,True,random_5pct,,
ds4_img011984_ann013229,5000,ds4,11984,13229,02_extracted/uang/5000/ds4_img011984_ann013229.png,1.0,1.5352112676056338,0.6169483418367347,True,False,False,False,True,False,True,random_5pct,,
ds4_img012096_ann013341,5000,ds4,12096,13341,02_extracted/uang/5000/ds4_img012096_ann013341.png,1.0,2.2637362637362637,0.3736049107142857,True,False,False,False,True,False,True,random_5pct,,
ds4_img012099_ann013344,20000,ds4,12099,13344,02_extracted/uang/20000/ds4_img012099_ann013344.png,1.0,0.5964125560538116,0.5910993303571429,True,False,False,False,True,False,True,random_5pct,,
ds4_img012158_ann013403,10000,ds4,12158,13403,02_extracted/uang/10000/ds4_img012158_ann013403.png,1.0,1.4350649350649352,0.6782924107142857,True,False,False,False,True,False,True,random_5pct,,
ds4_img012168_ann013413,100000,ds4,12168,13413,02_extracted/uang/100000/ds4_img012168_ann013413.png,0.9952380952380953,0.507177033492823,0.4415258290816326,True,False,False,False,True,False,True,random_5pct,,
ds4_img012176_ann013421,10000,ds4,12176,13421,02_extracted/uang/10000/ds4_img012176_ann013421.png,1.0,1.4630872483221478,0.6473612882653061,True,False,False,False,True,False,True,random_5pct,,
ds4_img012183_ann013428,5000,ds4,12183,13428,02_extracted/uang/5000/ds4_img012183_ann013428.png,1.0,0.6255924170616114,0.5550860969387755,True,False,False,False,True,False,True,random_5pct,,
ds4_img012288_ann013533,20000,ds4,12288,13533,02_extracted/uang/20000/ds4_img012288_ann013533.png,0.9953271028037384,0.596244131455399,0.5391222895408163,True,False,False,False,True,False,True,random_5pct,,
ds4_img012292_ann013537,5000,ds4,12292,13537,02_extracted/uang/5000/ds4_img012292_ann013537.png,1.0,0.6866359447004609,0.6443917410714286,True,False,False,False,True,False,True,random_5pct,,
ds4_img012339_ann013579,5000,ds4,12339,13579,02_extracted/uang/5000/ds4_img012339_ann013579.png,1.0,1.7413793103448276,0.46699617346938777,True,False,False,False,True,False,True,random_5pct,,
ds4_img012344_ann013583,5000,ds4,12344,13583,02_extracted/uang/5000/ds4_img012344_ann013583.png,1.0,0.6157407407407407,0.5725446428571429,True,False,False,False,True,False,True,random_5pct,,
ds4_img012363_ann013593,50000,ds4,12363,13593,02_extracted/uang/50000/ds4_img012363_ann013593.png,1.0,0.7174887892376681,0.7110969387755102,True,False,False,False,True,False,True,random_5pct,,
ds4_img012432_ann013662,100000,ds4,12432,13662,02_extracted/uang/100000/ds4_img012432_ann013662.png,1.0,2.0784313725490198,0.4309630102040816,True,False,False,False,True,False,True,random_5pct,,
ds4_img012463_ann013693,5000,ds4,12463,13693,02_extracted/uang/5000/ds4_img012463_ann013693.png,1.0,2.188888888888889,0.3533561862244898,True,False,False,False,True,False,True,random_5pct,,
ds4_img012505_ann013735,100000,ds4,12505,13735,02_extracted/uang/100000/ds4_img012505_ann013735.png,1.0,2.121212121212121,0.41434151785714285,True,False,False,False,True,False,True,random_5pct,,
ds4_img012524_ann013754,100000,ds4,12524,13754,02_extracted/uang/100000/ds4_img012524_ann013754.png,1.0,2.168421052631579,0.39002710459183676,True,False,False,False,True,False,True,random_5pct,,
ds4_img012552_ann013781,100000,ds4,12552,13781,02_extracted/uang/100000/ds4_img012552_ann013781.png,1.0,2.1717171717171717,0.42420679209183676,True,False,False,False,True,False,True,random_5pct,,
ds4_img012556_ann013785,5000,ds4,12556,13785,02_extracted/uang/5000/ds4_img012556_ann013785.png,1.0,1.5138888888888888,0.6256377551020408,True,False,False,False,True,False,True,random_5pct,,
ds4_img012564_ann013793,5000,ds4,12564,13793,02_extracted/uang/5000/ds4_img012564_ann013793.png,1.0,1.7258064516129032,0.5288584183673469,True,False,False,False,True,False,True,random_5pct,,
ds4_img012628_ann013856,20000,ds4,12628,13856,02_extracted/uang/20000/ds4_img012628_ann013856.png,0.9955357142857143,1.457516339869281,0.6799864477040817,True,False,False,False,True,False,True,random_5pct,,
ds4_img012632_ann013860,20000,ds4,12632,13860,02_extracted/uang/20000/ds4_img012632_ann013860.png,1.0,1.5416666666666667,0.6371173469387755,True,False,False,False,True,False,True,random_5pct,,
ds4_img012637_ann013865,50000,ds4,12637,13865,02_extracted/uang/50000/ds4_img012637_ann013865.png,1.0,0.6486486486486487,0.6371173469387755,True,False,False,False,True,False,True,random_5pct,,
ds4_img012639_ann013867,10000,ds4,12639,13867,02_extracted/uang/10000/ds4_img012639_ann013867.png,1.0,1.7899159663865547,0.5051618303571429,True,False,False,False,True,False,True,random_5pct,,
ds4_img012646_ann013874,20000,ds4,12646,13874,02_extracted/uang/20000/ds4_img012646_ann013874.png,1.0,0.48095238095238096,0.42271205357142855,True,False,False,False,True,False,True,random_5pct,,
ds4_img012712_ann013940,10000,ds4,12712,13940,02_extracted/uang/10000/ds4_img012712_ann013940.png,1.0,1.5384615384615385,0.6269929846938775,True,False,False,False,True,False,True,random_5pct,,
ds4_img012713_ann013941,10000,ds4,12713,13941,02_extracted/uang/10000/ds4_img012713_ann013941.png,1.0,1.6541353383458646,0.5831473214285714,True,False,False,False,True,False,True,random_5pct,,
ds4_img012721_ann013949,5000,ds4,12721,13949,02_extracted/uang/5000/ds4_img012721_ann013949.png,1.0,0.6073059360730594,0.5804966517857143,True,False,False,False,True,False,True,random_5pct,,
ds4_img012723_ann013951,50000,ds4,12723,13951,02_extracted/uang/50000/ds4_img012723_ann013951.png,1.0,1.032258064516129,0.96875,True,False,False,True,False,True,True,area_outlier,,
ds4_img012731_ann013959,50000,ds4,12731,13959,02_extracted/uang/50000/ds4_img012731_ann013959.png,1.0,1.0044843049327354,0.9955357142857143,True,False,False,True,False,True,True,area_outlier,,
ds4_img012736_ann013964,50000,ds4,12736,13964,02_extracted/uang/50000/ds4_img012736_ann013964.png,1.0,0.9955357142857143,0.9955357142857143,True,False,False,True,False,True,True,area_outlier,,
ds4_img012739_ann013966,50000,ds4,12739,13966,02_extracted/uang/50000/ds4_img012739_ann013966.png,1.0,1.0,1.0,True,False,False,True,False,True,True,area_outlier,,
ds4_img012749_ann013972,2000,ds4,12749,13972,02_extracted/uang/2000/ds4_img012749_ann013972.png,1.0,1.0,1.0,True,False,False,True,False,True,True,area_outlier,,
ds4_img012750_ann013973,5000,ds4,12750,13973,02_extracted/uang/5000/ds4_img012750_ann013973.png,1.0,1.0,1.0,True,False,False,True,False,True,True,area_outlier,,
ds4_img012751_ann013974,50000,ds4,12751,13974,02_extracted/uang/50000/ds4_img012751_ann013974.png,1.0,1.0,1.0,True,False,False,True,False,True,True,area_outlier,,
ds4_img012753_ann013975,10000,ds4,12753,13975,02_extracted/uang/10000/ds4_img012753_ann013975.png,0.9955156950672646,0.7027027027027027,0.6902104591836735,True,False,False,False,True,False,True,random_5pct,,
ds4_img012755_ann013977,5000,ds4,12755,13977,02_extracted/uang/5000/ds4_img012755_ann013977.png,1.0,1.0,1.0,True,False,False,True,False,True,True,area_outlier,,
ds4_img012801_ann014022,2000,ds4,12801,14022,02_extracted/uang/2000/ds4_img012801_ann014022.png,1.0,0.6621621621621622,0.650390625,True,False,False,False,True,False,True,random_5pct,,
ds4_img012831_ann014052,50000,ds4,12831,14052,02_extracted/uang/50000/ds4_img012831_ann014052.png,1.0,2.15625,0.3960459183673469,True,False,False,False,True,False,True,random_5pct,,
ds4_img012848_ann014069,50000,ds4,12848,14069,02_extracted/uang/50000/ds4_img012848_ann014069.png,1.0,0.5258215962441315,0.47544642857142855,True,False,False,False,True,False,True,random_5pct,,
ds4_img012849_ann014070,50000,ds4,12849,14070,02_extracted/uang/50000/ds4_img012849_ann014070.png,0.9954954954954955,0.669683257918552,0.6518654336734694,True,False,False,False,True,False,True,random_5pct,,
ds4_img012880_ann014101,50000,ds4,12880,14101,02_extracted/uang/50000/ds4_img012880_ann014101.png,1.0,2.1458333333333335,0.39413265306122447,True,False,False,False,True,False,True,random_5pct,,
ds4_img012883_ann014104,1000,ds4,12883,14104,02_extracted/uang/1000/ds4_img012883_ann014104.png,1.0,2.0606060606060606,0.4025031887755102,True,False,False,False,True,False,True,random_5pct,,
ds4_img012915_ann014136,50000,ds4,12915,14136,02_extracted/uang/50000/ds4_img012915_ann014136.png,1.0,2.161290322580645,0.3725486288265306,True,False,False,False,True,False,True,random_5pct,,
ds4_img012920_ann014141,2000,ds4,12920,14141,02_extracted/uang/2000/ds4_img012920_ann014141.png,1.0,2.0729166666666665,0.3807397959183674,True,False,False,False,True,False,True,random_5pct,,
ds4_img012936_ann014157,2000,ds4,12936,14157,02_extracted/uang/2000/ds4_img012936_ann014157.png,1.0,1.805084745762712,0.5009167729591837,True,False,False,False,True,False,True,random_5pct,,
ds4_img012955_ann014176,20000,ds4,12955,14176,02_extracted/uang/20000/ds4_img012955_ann014176.png,1.0,1.4342105263157894,0.6603954081632653,True,False,False,False,True,False,True,random_5pct,,
ds4_img012984_ann014205,50000,ds4,12984,14205,02_extracted/uang/50000/ds4_img012984_ann014205.png,0.9952830188679245,0.5308056872037915,0.47098214285714285,True,False,False,False,True,False,True,random_5pct,,
ds4_img013002_ann014223,5000,ds4,13002,14223,02_extracted/uang/5000/ds4_img013002_ann014223.png,1.0,1.9433962264150944,0.43518813775510207,True,False,False,False,True,False,True,random_5pct,,
ds4_img013013_ann014234,10000,ds4,13013,14234,02_extracted/uang/10000/ds4_img013013_ann014234.png,0.9955156950672646,0.7027027027027027,0.6902104591836735,True,False,False,False,True,False,True,random_5pct,,
ds4_img013019_ann014240,10000,ds4,13019,14240,02_extracted/uang/10000/ds4_img013019_ann014240.png,1.0,1.6946564885496183,0.5795998086734694,True,False,False,False,True,False,True,random_5pct,,
ds4_img013045_ann014266,20000,ds4,13045,14266,02_extracted/uang/20000/ds4_img013045_ann014266.png,1.0,1.7559055118110236,0.5644331951530612,True,False,False,False,True,False,True,random_5pct,,
ds4_img013051_ann014272,5000,ds4,13051,14272,02_extracted/uang/5000/ds4_img013051_ann014272.png,1.0,1.9166666666666667,0.4455516581632653,True,False,False,False,True,False,True,random_5pct,,
ds4_img013055_ann014276,5000,ds4,13055,14276,02_extracted/uang/5000/ds4_img013055_ann014276.png,1.0,2.272727272727273,0.350765306122449,True,False,False,False,True,False,True,random_5pct,,
ds4_img013069_ann014290,20000,ds4,13069,14290,02_extracted/uang/20000/ds4_img013069_ann014290.png,1.0,0.6830357142857143,0.6830357142857143,True,False,False,False,True,False,True,random_5pct,,
ds4_img013070_ann014291,5000,ds4,13070,14291,02_extracted/uang/5000/ds4_img013070_ann014291.png,1.0,2.0927835051546393,0.39243861607142855,True,False,False,False,True,False,True,random_5pct,,
ds4_img013127_ann014348,20000,ds4,13127,14348,02_extracted/uang/20000/ds4_img013127_ann014348.png,1.0,1.8099173553719008,0.5281210140306123,True,False,False,False,True,False,True,random_5pct,,
ds4_img013173_ann014394,50000,ds4,13173,14394,02_extracted/uang/50000/ds4_img013173_ann014394.png,1.0,2.2,0.39570711096938777,True,False,False,False,True,False,True,random_5pct,,
ds4_img013235_ann014455,5000,ds4,13235,14455,02_extracted/uang/5000/ds4_img013235_ann014455.png,1.0,1.3272727272727274,0.7201650191326531,True,False,False,False,True,False,True,random_5pct,,
ds4_img013242_ann014461,50000,ds4,13242,14461,02_extracted/uang/50000/ds4_img013242_ann014461.png,1.0,1.6511627906976745,0.5476124043367347,True,False,False,False,True,False,True,random_5pct,,
ds4_img013253_ann014472,10000,ds4,13253,14472,02_extracted/uang/10000/ds4_img013253_ann014472.png,1.0,2.3295454545454546,0.3595344387755102,True,False,False,False,True,False,True,random_5pct,,
ds4_img013268_ann014487,50000,ds4,13268,14487,02_extracted/uang/50000/ds4_img013268_ann014487.png,1.0,2.1414141414141414,0.4182876275510204,True,False,False,False,True,False,True,random_5pct,,
ds4_img013319_ann014538,10000,ds4,13319,14538,02_extracted/uang/10000/ds4_img013319_ann014538.png,1.0,0.5596330275229358,0.5300542091836735,True,False,False,False,True,False,True,random_5pct,,
ds4_img013345_ann014564,10000,ds4,13345,14564,02_extracted/uang/10000/ds4_img013345_ann014564.png,1.0,2.284090909090909,0.35251913265306123,True,False,False,False,True,False,True,random_5pct,,
ds4_img013387_ann014606,20000,ds4,13387,14606,02_extracted/uang/20000/ds4_img013387_ann014606.png,1.0,0.5925925925925926,0.5510204081632653,True,False,False,False,True,False,True,random_5pct,,
ds4_img013395_ann014614,20000,ds4,13395,14614,02_extracted/uang/20000/ds4_img013395_ann014614.png,0.9953488372093023,1.6589147286821706,0.5501833545918368,True,False,False,False,True,False,True,random_5pct,,
ds4_img013401_ann014620,50000,ds4,13401,14620,02_extracted/uang/50000/ds4_img013401_ann014620.png,1.0,1.9174311926605505,0.4540218431122449,True,False,False,False,True,False,True,random_5pct,,
ds4_img013404_ann014623,5000,ds4,13404,14623,02_extracted/uang/5000/ds4_img013404_ann014623.png,1.0,1.7398373983739837,0.5245934311224489,True,False,False,False,True,False,True,random_5pct,,
ds4_img013418_ann014637,50000,ds4,13418,14637,02_extracted/uang/50000/ds4_img013418_ann014637.png,1.0,1.7209302325581395,0.5707509566326531,True,False,False,False,True,False,True,random_5pct,,
ds4_img013455_ann014674,50000,ds4,13455,14674,02_extracted/uang/50000/ds4_img013455_ann014674.png,1.0,0.5630630630630631,0.5530532525510204,True,False,False,False,True,False,True,random_5pct,,
ds4_img013457_ann014676,100000,ds4,13457,14676,02_extracted/uang/100000/ds4_img013457_ann014676.png,1.0,2.163265306122449,0.4140625,True,False,False,False,True,False,True,random_5pct,,
ds4_img013459_ann014678,100000,ds4,13459,14678,02_extracted/uang/100000/ds4_img013459_ann014678.png,1.0,2.14,0.4264987244897959,True,False,False,False,True,False,True,random_5pct,,
ds4_img013496_ann014714,5000,ds4,13496,14714,02_extracted/uang/5000/ds4_img013496_ann014714.png,1.0,1.5407407407407407,0.5596301020408163,True,False,False,False,True,False,True,random_5pct,,
ds4_img013508_ann014723,5000,ds4,13508,14723,02_extracted/uang/5000/ds4_img013508_ann014723.png,0.9953703703703703,1.7768595041322315,0.5184749681122449,True,False,False,False,True,False,True,random_5pct,,
ds4_img013535_ann014748,50000,ds4,13535,14748,02_extracted/uang/50000/ds4_img013535_ann014748.png,1.0,2.08,0.4145408163265306,True,False,False,False,True,False,True,random_5pct,,
ds4_img013537_ann014750,5000,ds4,13537,14750,02_extracted/uang/5000/ds4_img013537_ann014750.png,1.0,0.5727699530516432,0.5178970025510204,True,False,False,False,True,False,True,random_5pct,,
ds4_img013552_ann014764,5000,ds4,13552,14764,02_extracted/uang/5000/ds4_img013552_ann014764.png,1.0,1.0,1.0,True,False,False,True,False,True,True,area_outlier,,
ds4_img013567_ann014779,100000,ds4,13567,14779,02_extracted/uang/100000/ds4_img013567_ann014779.png,0.9954337899543378,1.8793103448275863,0.5039859693877551,True,False,False,False,True,False,True,random_5pct,,
ds4_img013584_ann014796,50000,ds4,13584,14796,02_extracted/uang/50000/ds4_img013584_ann014796.png,1.0,1.971698113207547,0.4415258290816326,True,False,False,False,True,False,True,random_5pct,,
ds4_img013586_ann014798,5000,ds4,13586,14798,02_extracted/uang/5000/ds4_img013586_ann014798.png,1.0,1.9166666666666667,0.4455516581632653,True,False,False,False,True,False,True,random_5pct,,
ds4_img013646_ann014858,100000,ds4,13646,14858,02_extracted/uang/100000/ds4_img013646_ann014858.png,1.0,0.5779816513761468,0.5474330357142857,True,False,False,False,True,False,True,random_5pct,,
ds4_img013697_ann014909,20000,ds4,13697,14909,02_extracted/uang/20000/ds4_img013697_ann014909.png,1.0,2.1313131313131315,0.4163145727040816,True,False,False,False,True,False,True,random_5pct,,
ds4_img013699_ann014911,50000,ds4,13699,14911,02_extracted/uang/50000/ds4_img013699_ann014911.png,1.0,2.1458333333333335,0.39413265306122447,True,False,False,False,True,False,True,random_5pct,,
ds4_img013735_ann014947,1000,ds4,13735,14947,02_extracted/uang/1000/ds4_img013735_ann014947.png,1.0,1.8362068965517242,0.4924266581632653,True,False,False,False,True,False,True,random_5pct,,
ds4_img013770_ann014982,20000,ds4,13770,14982,02_extracted/uang/20000/ds4_img013770_ann014982.png,1.0,2.1875,0.4017857142857143,True,False,False,False,True,False,True,random_5pct,,
ds4_img013775_ann014987,1000,ds4,13775,14987,02_extracted/uang/1000/ds4_img013775_ann014987.png,1.0,1.8034188034188035,0.492008131377551,True,False,False,False,True,False,True,random_5pct,,
ds4_img013777_ann014989,10000,ds4,13777,14989,02_extracted/uang/10000/ds4_img013777_ann014989.png,1.0,2.263157894736842,0.4070671237244898,True,False,False,False,True,False,True,random_5pct,,
ds4_img013780_ann014992,50000,ds4,13780,14992,02_extracted/uang/50000/ds4_img013780_ann014992.png,1.0,2.2,0.39570711096938777,True,False,False,False,True,False,True,random_5pct,,
ds4_img013782_ann014994,1000,ds4,13782,14994,02_extracted/uang/1000/ds4_img013782_ann014994.png,1.0,1.8034188034188035,0.492008131377551,True,False,False,False,True,False,True,random_5pct,,
ds4_img013789_ann015001,20000,ds4,13789,15001,02_extracted/uang/20000/ds4_img013789_ann015001.png,1.0,2.1473684210526316,0.3862404336734694,True,False,False,False,True,False,True,random_5pct,,
ds4_img013792_ann015004,20000,ds4,13792,15004,02_extracted/uang/20000/ds4_img013792_ann015004.png,1.0,2.11340206185567,0.396305006377551,True,False,False,False,True,False,True,random_5pct,,
ds4_img013856_ann015068,1000,ds4,13856,15068,02_extracted/uang/1000/ds4_img013856_ann015068.png,1.0,1.8909090909090909,0.4559948979591837,True,False,False,False,True,False,True,random_5pct,,
ds4_img013871_ann015083,10000,ds4,13871,15083,02_extracted/uang/10000/ds4_img013871_ann015083.png,1.0,2.0194174757281553,0.42697704081632654,True,False,False,False,True,False,True,random_5pct,,
ds4_img013875_ann015087,10000,ds4,13875,15087,02_extracted/uang/10000/ds4_img013875_ann015087.png,1.0,2.134020618556701,0.40017139668367346,True,False,False,False,True,False,True,random_5pct,,
ds4_img013888_ann015100,10000,ds4,13888,15100,02_extracted/uang/10000/ds4_img013888_ann015100.png,1.0,1.9626168224299065,0.4478236607142857,True,False,False,False,True,False,True,random_5pct,,
ds4_img013934_ann015146,20000,ds4,13934,15146,02_extracted/uang/20000/ds4_img013934_ann015146.png,1.0,2.1443298969072164,0.4021045918367347,True,False,False,False,True,False,True,random_5pct,,
ds4_img013945_ann015157,10000,ds4,13945,15157,02_extracted/uang/10000/ds4_img013945_ann015157.png,1.0,2.1808510638297873,0.3840481505102041,True,False,False,False,True,False,True,random_5pct,,
ds4_img013949_ann015161,10000,ds4,13949,15161,02_extracted/uang/10000/ds4_img013949_ann015161.png,1.0,1.9904761904761905,0.43736049107142855,True,False,False,False,True,False,True,random_5pct,,
ds4_img013950_ann015162,10000,ds4,13950,15162,02_extracted/uang/10000/ds4_img013950_ann015162.png,1.0,2.0294117647058822,0.42079878826530615,True,False,False,False,True,False,True,random_5pct,,
ds4_img013951_ann015163,10000,ds4,13951,15163,02_extracted/uang/10000/ds4_img013951_ann015163.png,1.0,2.3068181818181817,0.3560267857142857,True,False,False,False,True,False,True,random_5pct,,
ds4_img014004_ann015193,100000,ds4,14004,15193,02_extracted/uang/100000/ds4_img014004_ann015193.png,1.0,2.234042553191489,0.39341517857142855,True,False,False,False,True,False,True,random_5pct,,
ds4_img014042_ann015199,100000,ds4,14042,15199,02_extracted/uang/100000/ds4_img014042_ann015199.png,1.0,2.263157894736842,0.4070671237244898,True,False,False,False,True,False,True,random_5pct,,
ds4_img014112_ann015249,10000,ds4,14112,15249,02_extracted/uang/10000/ds4_img014112_ann015249.png,1.0,2.3488372093023258,0.34622130102040816,True,False,False,False,True,False,True,random_5pct,,
ds4_img014124_ann015259,100000,ds4,14124,15259,02_extracted/uang/100000/ds4_img014124_ann015259.png,1.0,2.1914893617021276,0.385921556122449,True,False,False,False,True,False,True,random_5pct,,
ds4_img014142_ann015274,100000,ds4,14142,15274,02_extracted/uang/100000/ds4_img014142_ann015274.png,1.0,2.0377358490566038,0.4563137755102041,True,False,False,False,True,False,True,random_5pct,,
ds4_img014154_ann015284,100000,ds4,14154,15284,02_extracted/uang/100000/ds4_img014154_ann015284.png,1.0,2.236559139784946,0.38552295918367346,True,False,False,False,True,False,True,random_5pct,,
ds5_img014236_ann015325,20000,ds5,14236,15325,02_extracted/uang/20000/ds5_img014236_ann015325.png,1.0,0.4962962962962963,0.19874267578125,True,False,False,False,True,False,True,random_5pct,,
ds5_img014241_ann015330,1000,ds5,14241,15330,02_extracted/uang/1000/ds5_img014241_ann015330.png,1.0,0.6682027649769585,0.07681884765625,True,False,False,False,True,False,True,random_5pct,,
ds5_img014249_ann015338,10000,ds5,14249,15338,02_extracted/uang/10000/ds5_img014249_ann015338.png,1.0,0.8434065934065934,0.272822265625,True,False,False,False,True,False,True,random_5pct,,
ds5_img014275_ann015364,100000,ds5,14275,15364,02_extracted/uang/100000/ds5_img014275_ann015364.png,1.0,0.628140703517588,0.06072998046875,True,False,False,False,True,False,True,random_5pct,,
ds5_img014299_ann015388,2000,ds5,14299,15388,02_extracted/uang/2000/ds5_img014299_ann015388.png,1.0,0.9941291585127201,0.633759765625,True,False,False,False,True,False,True,random_5pct,,
ds5_img014337_ann015426,10000,ds5,14337,15426,02_extracted/uang/10000/ds5_img014337_ann015426.png,1.0,0.96900826446281,0.554189453125,True,False,False,False,True,False,True,random_5pct,,
ds5_img014379_ann015468,10000,ds5,14379,15468,02_extracted/uang/10000/ds5_img014379_ann015468.png,1.0,0.7710622710622711,0.5611962890625,True,False,False,False,True,False,True,random_5pct,,
ds5_img014384_ann015473,20000,ds5,14384,15473,02_extracted/uang/20000/ds5_img014384_ann015473.png,1.0,0.2709832134292566,0.11504150390625,True,False,False,False,True,False,True,random_5pct,,
ds5_img014402_ann015491,100000,ds5,14402,15491,02_extracted/uang/100000/ds5_img014402_ann015491.png,1.0,0.6061643835616438,0.5047265625,True,False,False,False,True,False,True,random_5pct,,
ds5_img014432_ann015521,100000,ds5,14432,15521,02_extracted/uang/100000/ds5_img014432_ann015521.png,1.0,1.131578947368421,0.0997314453125,True,False,False,False,True,False,True,random_5pct,,
ds5_img014436_ann015525,20000,ds5,14436,15525,02_extracted/uang/20000/ds5_img014436_ann015525.png,1.0,0.40606060606060607,0.107958984375,True,False,False,False,True,False,True,random_5pct,,
ds5_img014502_ann015591,1000,ds5,14502,15591,02_extracted/uang/1000/ds5_img014502_ann015591.png,1.0,1.2932330827067668,0.055849609375,True,False,False,False,True,False,True,random_5pct,,
ds5_img014614_ann015703,10000,ds5,14614,15703,02_extracted/uang/10000/ds5_img014614_ann015703.png,1.0,0.764172335600907,0.36283447265625,True,False,False,False,True,False,True,random_5pct,,
ds5_img014636_ann015725,20000,ds5,14636,15725,02_extracted/uang/20000/ds5_img014636_ann015725.png,1.0,0.8813559322033898,0.7490234375,True,False,False,False,True,False,True,random_5pct,,
ds5_img014641_ann015730,20000,ds5,14641,15730,02_extracted/uang/20000/ds5_img014641_ann015730.png,1.0,0.7841140529531568,0.46151123046875,True,False,False,False,True,False,True,random_5pct,,
ds5_img014644_ann015733,2000,ds5,14644,15733,02_extracted/uang/2000/ds5_img014644_ann015733.png,1.0,1.2875816993464053,0.07358642578125,True,False,False,False,True,False,True,random_5pct,,
ds5_img014682_ann015771,10000,ds5,14682,15771,02_extracted/uang/10000/ds5_img014682_ann015771.png,1.0,0.859402460456942,0.67929931640625,True,False,False,False,True,False,True,random_5pct,,
ds5_img014694_ann015783,20000,ds5,14694,15783,02_extracted/uang/20000/ds5_img014694_ann015783.png,1.0,1.2423625254582484,0.7312255859375,True,False,False,False,True,False,True,random_5pct,,
ds5_img014697_ann015786,2000,ds5,14697,15786,02_extracted/uang/2000/ds5_img014697_ann015786.png,1.0,0.9448275862068966,0.43648681640625,True,False,False,False,True,False,True,random_5pct,,
ds5_img014706_ann015795,20000,ds5,14706,15795,02_extracted/uang/20000/ds5_img014706_ann015795.png,0.9984076433121019,1.1568265682656826,0.8296728515625,True,False,False,False,True,False,True,random_5pct,,
ds5_img014737_ann015826,2000,ds5,14737,15826,02_extracted/uang/2000/ds5_img014737_ann015826.png,1.0,0.901010101010101,0.5389892578125,True,False,False,False,True,False,True,random_5pct,,
ds5_img014757_ann015846,10000,ds5,14757,15846,02_extracted/uang/10000/ds5_img014757_ann015846.png,1.0,0.7813765182186235,0.465537109375,True,False,False,False,True,False,True,random_5pct,,
ds5_img014772_ann015861,100000,ds5,14772,15861,02_extracted/uang/100000/ds5_img014772_ann015861.png,1.0,1.0955882352941178,0.04947265625,True,False,False,False,True,False,True,random_5pct,,
ds5_img014798_ann015887,1000,ds5,14798,15887,02_extracted/uang/1000/ds5_img014798_ann015887.png,1.0,0.6793103448275862,0.1394775390625,True,False,False,False,True,False,True,random_5pct,,
ds5_img014806_ann015895,10000,ds5,14806,15895,02_extracted/uang/10000/ds5_img014806_ann015895.png,1.0,0.9907120743034056,0.25234375,True,False,False,False,True,False,True,random_5pct,,
ds5_img014819_ann015908,10000,ds5,14819,15908,02_extracted/uang/10000/ds5_img014819_ann015908.png,1.0,1.1893939393939394,0.80953125,True,False,False,False,True,False,True,random_5pct,,
ds5_img014834_ann015923,20000,ds5,14834,15923,02_extracted/uang/20000/ds5_img014834_ann015923.png,1.0,1.0369609856262834,0.60042724609375,True,False,False,False,True,False,True,random_5pct,,
ds5_img014889_ann015978,1000,ds5,14889,15978,02_extracted/uang/1000/ds5_img014889_ann015978.png,1.0,0.7493734335839599,0.29126220703125,True,False,False,False,True,False,True,random_5pct,,
ds5_img014897_ann015986,100000,ds5,14897,15986,02_extracted/uang/100000/ds5_img014897_ann015986.png,1.0,1.2857142857142858,0.177802734375,True,False,False,False,True,False,True,random_5pct,,
ds5_img014913_ann016002,20000,ds5,14913,16002,02_extracted/uang/20000/ds5_img014913_ann016002.png,1.0,0.8488063660477454,0.29453125,True,False,False,False,True,False,True,random_5pct,,
ds5_img014941_ann016030,100000,ds5,14941,16030,02_extracted/uang/100000/ds5_img014941_ann016030.png,1.0,0.6755852842809364,0.1474560546875,True,False,False,False,True,False,True,random_5pct,,
ds5_img014965_ann016054,100000,ds5,14965,16054,02_extracted/uang/100000/ds5_img014965_ann016054.png,0.9980732177263969,0.9594594594594594,0.6285302734375,True,False,False,False,True,False,True,random_5pct,,
ds5_img014984_ann016073,10000,ds5,14984,16073,02_extracted/uang/10000/ds5_img014984_ann016073.png,1.0,0.5809768637532133,0.2146337890625,True,False,False,False,True,False,True,random_5pct,,
ds5_img015012_ann016101,20000,ds5,15012,16101,02_extracted/uang/20000/ds5_img015012_ann016101.png,1.0,0.8003952569169961,0.5003173828125,True,False,False,False,True,False,True,random_5pct,,
ds5_img015067_ann016156,2000,ds5,15067,16156,02_extracted/uang/2000/ds5_img015067_ann016156.png,1.0,0.7122969837587007,0.32303955078125,True,False,False,False,True,False,True,random_5pct,,
ds5_img015115_ann016204,2000,ds5,15115,16204,02_extracted/uang/2000/ds5_img015115_ann016204.png,1.0,0.6495535714285714,0.31828125,True,False,False,False,True,False,True,random_5pct,,
ds5_img015131_ann016220,20000,ds5,15131,16220,02_extracted/uang/20000/ds5_img015131_ann016220.png,1.0,0.40237691001697795,0.34080322265625,True,False,False,False,True,False,True,random_5pct,,
ds5_img015143_ann016232,20000,ds5,15143,16232,02_extracted/uang/20000/ds5_img015143_ann016232.png,1.0,0.9291497975708503,0.5535791015625,True,False,False,False,True,False,True,random_5pct,,
ds5_img015150_ann016239,20000,ds5,15150,16239,02_extracted/uang/20000/ds5_img015150_ann016239.png,1.0,2.111864406779661,0.44869384765625,True,False,False,False,True,False,True,random_5pct,,
ds5_img015186_ann016275,20000,ds5,15186,16275,02_extracted/uang/20000/ds5_img015186_ann016275.png,1.0,1.389010989010989,0.70205078125,True,False,False,False,True,False,True,random_5pct,,
ds5_img015202_ann016291,10000,ds5,15202,16291,02_extracted/uang/10000/ds5_img015202_ann016291.png,1.0,1.1587301587301588,0.55017333984375,True,False,False,False,True,False,True,random_5pct,,
ds5_img015282_ann016371,10000,ds5,15282,16371,02_extracted/uang/10000/ds5_img015282_ann016371.png,1.0,1.046770601336303,0.5152099609375,True,False,False,False,True,False,True,random_5pct,,
ds5_img015285_ann016374,1000,ds5,15285,16374,02_extracted/uang/1000/ds5_img015285_ann016374.png,1.0,1.4175824175824177,0.02865966796875,True,False,False,False,True,False,True,random_5pct,,
ds5_img015300_ann016389,2000,ds5,15300,16389,02_extracted/uang/2000/ds5_img015300_ann016389.png,1.0,1.4042553191489362,0.121171875,True,False,False,False,True,False,True,random_5pct,,
ds5_img015331_ann016420,1000,ds5,15331,16420,02_extracted/uang/1000/ds5_img015331_ann016420.png,1.0,0.9071729957805907,0.12440185546875,True,False,False,False,True,False,True,random_5pct,,
ds5_img015337_ann016426,1000,ds5,15337,16426,02_extracted/uang/1000/ds5_img015337_ann016426.png,1.0,1.2476635514018692,0.1394970703125,True,False,False,False,True,False,True,random_5pct,,
ds5_img015377_ann016466,100000,ds5,15377,16466,02_extracted/uang/100000/ds5_img015377_ann016466.png,1.0,0.709741550695825,0.43840576171875,True,False,False,False,True,False,True,random_5pct,,
ds5_img015386_ann016475,100000,ds5,15386,16475,02_extracted/uang/100000/ds5_img015386_ann016475.png,1.0,0.9747474747474747,0.0932958984375,True,False,False,False,True,False,True,random_5pct,,
ds5_img015401_ann016490,100000,ds5,15401,16490,02_extracted/uang/100000/ds5_img015401_ann016490.png,0.99822695035461,0.9218472468916519,0.71337158203125,True,False,False,False,True,False,True,random_5pct,,
ds5_img015436_ann016525,10000,ds5,15436,16525,02_extracted/uang/10000/ds5_img015436_ann016525.png,1.0,1.1096345514950166,0.2454443359375,True,False,False,False,True,False,True,random_5pct,,
ds5_img015453_ann016542,100000,ds5,15453,16542,02_extracted/uang/100000/ds5_img015453_ann016542.png,1.0,1.1311475409836065,0.041103515625,True,False,False,False,True,False,True,random_5pct,,
ds5_img015472_ann016561,1000,ds5,15472,16561,02_extracted/uang/1000/ds5_img015472_ann016561.png,1.0,0.41876430205949655,0.19524169921875,True,False,False,False,True,False,True,random_5pct,,
ds5_img015483_ann016572,20000,ds5,15483,16572,02_extracted/uang/20000/ds5_img015483_ann016572.png,1.0,0.90625,0.90625,True,False,False,False,True,False,True,random_5pct,,
ds5_img015497_ann016586,1000,ds5,15497,16586,02_extracted/uang/1000/ds5_img015497_ann016586.png,1.0,1.893939393939394,0.5035400390625,True,False,False,False,True,False,True,random_5pct,,
ds5_img015498_ann016587,2000,ds5,15498,16587,02_extracted/uang/2000/ds5_img015498_ann016587.png,1.0,1.0155172413793103,0.834033203125,True,False,False,False,True,False,True,random_5pct,,
ds5_img015522_ann016611,10000,ds5,15522,16611,02_extracted/uang/10000/ds5_img015522_ann016611.png,1.0,0.9549718574108818,0.66234619140625,True,False,False,False,True,False,True,random_5pct,,
ds5_img015541_ann016630,1000,ds5,15541,16630,02_extracted/uang/1000/ds5_img015541_ann016630.png,1.0,0.47147147147147145,0.12763916015625,True,False,False,False,True,False,True,random_5pct,,
ds5_img015618_ann016707,2000,ds5,15618,16707,02_extracted/uang/2000/ds5_img015618_ann016707.png,1.0,1.6394736842105264,0.577978515625,True,False,False,False,True,False,True,random_5pct,,
ds5_img015642_ann016731,10000,ds5,15642,16731,02_extracted/uang/10000/ds5_img015642_ann016731.png,1.0,1.1482758620689655,0.2357666015625,True,False,False,False,True,False,True,random_5pct,,
ds5_img015645_ann016734,2000,ds5,15645,16734,02_extracted/uang/2000/ds5_img015645_ann016734.png,1.0,1.289617486338798,0.105439453125,True,False,False,False,True,False,True,random_5pct,,
ds5_img015651_ann016740,20000,ds5,15651,16740,02_extracted/uang/20000/ds5_img015651_ann016740.png,1.0,0.48131868131868133,0.24327392578125,True,False,False,False,True,False,True,random_5pct,,
ds5_img015698_ann016787,2000,ds5,15698,16787,02_extracted/uang/2000/ds5_img015698_ann016787.png,1.0,1.630890052356021,0.5810205078125,True,False,False,False,True,False,True,random_5pct,,
ds5_img015767_ann016856,2000,ds5,15767,16856,02_extracted/uang/2000/ds5_img015767_ann016856.png,1.0,1.1098484848484849,0.755390625,True,False,False,False,True,False,True,random_5pct,,
ds5_img015798_ann016887,1000,ds5,15798,16887,02_extracted/uang/1000/ds5_img015798_ann016887.png,1.0,1.0318471337579618,0.24837890625,True,False,False,False,True,False,True,random_5pct,,
ds5_img015827_ann016916,2000,ds5,15827,16916,02_extracted/uang/2000/ds5_img015827_ann016916.png,1.0,1.5841584158415842,0.63125,True,False,False,False,True,False,True,random_5pct,,
ds5_img015834_ann016923,2000,ds5,15834,16923,02_extracted/uang/2000/ds5_img015834_ann016923.png,1.0,1.16793893129771,0.195732421875,True,False,False,False,True,False,True,random_5pct,,
ds5_img015864_ann016953,2000,ds5,15864,16953,02_extracted/uang/2000/ds5_img015864_ann016953.png,1.0,1.9085173501577286,0.46822509765625,True,False,False,False,True,False,True,random_5pct,,
ds5_img015879_ann016968,20000,ds5,15879,16968,02_extracted/uang/20000/ds5_img015879_ann016968.png,1.0,1.5784061696658098,0.5831201171875,True,False,False,False,True,False,True,random_5pct,,
ds5_img015899_ann016988,2000,ds5,15899,16988,02_extracted/uang/2000/ds5_img015899_ann016988.png,1.0,0.46206896551724136,0.21346435546875,True,False,False,False,True,False,True,random_5pct,,
ds5_img015917_ann017006,20000,ds5,15917,17006,02_extracted/uang/20000/ds5_img015917_ann017006.png,0.9966996699669967,0.7682119205298014,0.1710546875,True,False,False,False,True,False,True,random_5pct,,
ds5_img015930_ann017019,1000,ds5,15930,17019,02_extracted/uang/1000/ds5_img015930_ann017019.png,1.0,1.3778409090909092,0.416796875,True,False,False,False,True,False,True,random_5pct,,
ds5_img015931_ann017020,10000,ds5,15931,17020,02_extracted/uang/10000/ds5_img015931_ann017020.png,1.0,1.0019157088122606,0.6665185546875,True,False,False,False,True,False,True,random_5pct,,
ds5_img015941_ann017030,2000,ds5,15941,17030,02_extracted/uang/2000/ds5_img015941_ann017030.png,0.9981916817359855,0.9492753623188406,0.706171875,True,False,False,False,True,False,True,random_5pct,,
ds5_img015947_ann017036,20000,ds5,15947,17036,02_extracted/uang/20000/ds5_img015947_ann017036.png,1.0,0.8333333333333334,0.5671875,True,False,False,False,True,False,True,random_5pct,,
ds5_img015963_ann017052,2000,ds5,15963,17052,02_extracted/uang/2000/ds5_img015963_ann017052.png,1.0,2.5868544600938965,0.28653076171875,True,False,False,False,True,False,True,random_5pct,,
ds5_img015983_ann017072,100000,ds5,15983,17072,02_extracted/uang/100000/ds5_img015983_ann017072.png,1.0,0.42517006802721086,0.35888671875,True,False,False,False,True,False,True,random_5pct,,
ds5_img016011_ann017100,1000,ds5,16011,17100,02_extracted/uang/1000/ds5_img016011_ann017100.png,1.0,1.5923913043478262,0.526484375,True,False,False,False,True,False,True,random_5pct,,
ds5_img016033_ann017122,100000,ds5,16033,17122,02_extracted/uang/100000/ds5_img016033_ann017122.png,1.0,0.41739130434782606,0.215625,True,False,False,False,True,False,True,random_5pct,,
ds5_img016042_ann017131,100000,ds5,16042,17131,02_extracted/uang/100000/ds5_img016042_ann017131.png,1.0,1.0,0.03693603515625,True,False,False,False,True,False,True,random_5pct,,
ds5_img016057_ann017146,20000,ds5,16057,17146,02_extracted/uang/20000/ds5_img016057_ann017146.png,1.0,0.6977848101265823,0.68044921875,True,False,False,False,True,False,True,random_5pct,,
ds5_img016063_ann017152,2000,ds5,16063,17152,02_extracted/uang/2000/ds5_img016063_ann017152.png,1.0,0.4605263157894737,0.162353515625,True,False,False,False,True,False,True,random_5pct,,
ds5_img016084_ann017173,20000,ds5,16084,17173,02_extracted/uang/20000/ds5_img016084_ann017173.png,1.0,1.1157894736842104,0.09833984375,True,False,False,False,True,False,True,random_5pct,,
ds5_img016090_ann017179,1000,ds5,16090,17179,02_extracted/uang/1000/ds5_img016090_ann017179.png,1.0,1.416851441241685,0.70358642578125,True,False,False,False,True,False,True,random_5pct,,
ds5_img016114_ann017203,10000,ds5,16114,17203,02_extracted/uang/10000/ds5_img016114_ann017203.png,1.0,0.9490909090909091,0.700927734375,True,False,False,False,True,False,True,random_5pct,,
ds5_img016137_ann017226,1000,ds5,16137,17226,02_extracted/uang/1000/ds5_img016137_ann017226.png,1.0,1.5063291139240507,0.20656494140625,True,False,False,False,True,False,True,random_5pct,,
ds5_img016143_ann017232,100000,ds5,16143,17232,02_extracted/uang/100000/ds5_img016143_ann017232.png,1.0,1.1705882352941177,0.0825927734375,True,False,False,False,True,False,True,random_5pct,,
ds5_img016148_ann017237,20000,ds5,16148,17237,02_extracted/uang/20000/ds5_img016148_ann017237.png,1.0,1.6339522546419099,0.56697265625,True,False,False,False,True,False,True,random_5pct,,
ds5_img016154_ann017243,100000,ds5,16154,17243,02_extracted/uang/100000/ds5_img016154_ann017243.png,1.0,0.4784688995215311,0.2041015625,True,False,False,False,True,False,True,random_5pct,,
ds5_img016158_ann017247,1000,ds5,16158,17247,02_extracted/uang/1000/ds5_img016158_ann017247.png,1.0,0.9521739130434783,0.49189453125,True,False,False,False,True,False,True,random_5pct,,
ds5_img016162_ann017251,20000,ds5,16162,17251,02_extracted/uang/20000/ds5_img016162_ann017251.png,1.0,1.0220264317180616,0.12857421875,True,False,False,False,True,False,True,random_5pct,,
ds5_img016202_ann017291,1000,ds5,16202,17291,02_extracted/uang/1000/ds5_img016202_ann017291.png,1.0,1.4395348837209303,0.6498291015625,True,False,False,False,True,False,True,random_5pct,,
ds5_img016205_ann017294,2000,ds5,16205,17294,02_extracted/uang/2000/ds5_img016205_ann017294.png,1.0,1.2854030501089324,0.6611572265625,True,False,False,False,True,False,True,random_5pct,,
ds5_img016224_ann017313,20000,ds5,16224,17313,02_extracted/uang/20000/ds5_img016224_ann017313.png,1.0,0.6646706586826348,0.181025390625,True,False,False,False,True,False,True,random_5pct,,
ds5_img016270_ann017359,10000,ds5,16270,17359,02_extracted/uang/10000/ds5_img016270_ann017359.png,1.0,0.9386973180076629,0.15611572265625,True,False,False,False,True,False,True,random_5pct,,
ds5_img016277_ann017366,10000,ds5,16277,17366,02_extracted/uang/10000/ds5_img016277_ann017366.png,1.0,1.3734177215189873,0.33482421875,True,False,False,False,True,False,True,random_5pct,,
ds5_img016315_ann017404,1000,ds5,16315,17404,02_extracted/uang/1000/ds5_img016315_ann017404.png,1.0,1.3733905579399142,0.728125,True,False,False,False,True,False,True,random_5pct,,
ds5_img016351_ann017440,100000,ds5,16351,17440,02_extracted/uang/100000/ds5_img016351_ann017440.png,1.0,0.40384615384615385,0.322587890625,True,False,False,False,True,False,True,random_5pct,,
ds5_img016361_ann017450,10000,ds5,16361,17450,02_extracted/uang/10000/ds5_img016361_ann017450.png,1.0,1.0769230769230769,0.0750927734375,True,False,False,False,True,False,True,random_5pct,,
ds5_img016434_ann017523,20000,ds5,16434,17523,02_extracted/uang/20000/ds5_img016434_ann017523.png,1.0,1.113899613899614,0.7297021484375,True,False,False,False,True,False,True,random_5pct,,
ds5_img016437_ann017526,100000,ds5,16437,17526,02_extracted/uang/100000/ds5_img016437_ann017526.png,1.0,2.331932773109244,0.3224853515625,True,False,False,False,True,False,True,random_5pct,,
ds5_img016452_ann017541,10000,ds5,16452,17541,02_extracted/uang/10000/ds5_img016452_ann017541.png,1.0,0.875968992248062,0.03558837890625,True,False,False,False,True,False,True,random_5pct,,
ds5_img016461_ann017550,10000,ds5,16461,17550,02_extracted/uang/10000/ds5_img016461_ann017550.png,1.0,1.3412698412698412,0.4678857421875,True,False,False,False,True,False,True,random_5pct,,
ds5_img016475_ann017564,100000,ds5,16475,17564,02_extracted/uang/100000/ds5_img016475_ann017564.png,1.0,0.3489010989010989,0.112861328125,True,False,False,False,True,False,True,random_5pct,,
ds5_img016488_ann017577,10000,ds5,16488,17577,02_extracted/uang/10000/ds5_img016488_ann017577.png,1.0,1.0591715976331362,0.07385498046875,True,False,False,False,True,False,True,random_5pct,,
ds5_img016497_ann017586,10000,ds5,16497,17586,02_extracted/uang/10000/ds5_img016497_ann017586.png,1.0,0.4704918032786885,0.4274169921875,True,False,False,False,True,False,True,random_5pct,,
ds5_img016509_ann017598,100000,ds5,16509,17598,02_extracted/uang/100000/ds5_img016509_ann017598.png,1.0,0.632,0.21697998046875,True,False,False,False,True,False,True,random_5pct,,
ds5_img016511_ann017600,100000,ds5,16511,17600,02_extracted/uang/100000/ds5_img016511_ann017600.png,1.0,1.7994269340974212,0.535087890625,True,False,False,False,True,False,True,random_5pct,,
ds5_img016552_ann017641,10000,ds5,16552,17641,02_extracted/uang/10000/ds5_img016552_ann017641.png,1.0,1.0381231671554252,0.2947119140625,True,False,False,False,True,False,True,random_5pct,,
ds5_img016558_ann017647,2000,ds5,16558,17647,02_extracted/uang/2000/ds5_img016558_ann017647.png,1.0,0.7504302925989673,0.618447265625,True,False,False,False,True,False,True,random_5pct,,
ds5_img016604_ann017693,10000,ds5,16604,17693,02_extracted/uang/10000/ds5_img016604_ann017693.png,1.0,1.0436893203883495,0.1081298828125,True,False,False,False,True,False,True,random_5pct,,
ds5_img016618_ann017707,1000,ds5,16618,17707,02_extracted/uang/1000/ds5_img016618_ann017707.png,1.0,2.2489451476793247,0.30840087890625,True,False,False,False,True,False,True,random_5pct,,
ds5_img016632_ann017721,100000,ds5,16632,17721,02_extracted/uang/100000/ds5_img016632_ann017721.png,0.9983221476510067,1.853582554517134,0.46629638671875,True,False,False,False,True,False,True,random_5pct,,
ds5_img016648_ann017737,10000,ds5,16648,17737,02_extracted/uang/10000/ds5_img016648_ann017737.png,1.0,0.7606177606177607,0.498271484375,True,False,False,False,True,False,True,random_5pct,,
ds5_img016664_ann017753,2000,ds5,16664,17753,02_extracted/uang/2000/ds5_img016664_ann017753.png,1.0,1.1016949152542372,0.23406982421875,True,False,False,False,True,False,True,random_5pct,,
ds5_img016669_ann017758,100000,ds5,16669,17758,02_extracted/uang/100000/ds5_img016669_ann017758.png,1.0,1.628032345013477,0.547080078125,True,False,False,False,True,False,True,random_5pct,,
ds5_img016679_ann017768,10000,ds5,16679,17768,02_extracted/uang/10000/ds5_img016679_ann017768.png,1.0,0.7075471698113207,0.69873046875,True,False,False,False,True,False,True,random_5pct,,
ds5_img016691_ann017780,10000,ds5,16691,17780,02_extracted/uang/10000/ds5_img016691_ann017780.png,1.0,0.7201426024955436,0.553330078125,True,False,False,False,True,False,True,random_5pct,,
ds5_img016704_ann017793,10000,ds5,16704,17793,02_extracted/uang/10000/ds5_img016704_ann017793.png,1.0,0.9139072847682119,0.0508740234375,True,False,False,False,True,False,True,random_5pct,,
ds5_img016719_ann017808,1000,ds5,16719,17808,02_extracted/uang/1000/ds5_img016719_ann017808.png,1.0,1.0083333333333333,0.31904296875,True,False,False,False,True,False,True,random_5pct,,
ds5_img016725_ann017814,20000,ds5,16725,17814,02_extracted/uang/20000/ds5_img016725_ann017814.png,1.0,0.696875,0.696875,True,False,False,False,True,False,True,random_5pct,,
ds5_img016734_ann017823,1000,ds5,16734,17823,02_extracted/uang/1000/ds5_img016734_ann017823.png,1.0,1.222707423580786,0.15654296875,True,False,False,False,True,False,True,random_5pct,,
ds5_img016770_ann017859,100000,ds5,16770,17859,02_extracted/uang/100000/ds5_img016770_ann017859.png,1.0,0.7200811359026369,0.42728271484375,True,False,False,False,True,False,True,random_5pct,,
ds5_img016788_ann017877,2000,ds5,16788,17877,02_extracted/uang/2000/ds5_img016788_ann017877.png,1.0,1.3791044776119403,0.3778564453125,True,False,False,False,True,False,True,random_5pct,,
ds5_img016822_ann017911,20000,ds5,16822,17911,02_extracted/uang/20000/ds5_img016822_ann017911.png,0.9981167608286252,0.6396226415094339,0.4386474609375,True,False,False,False,True,False,True,random_5pct,,
ds5_img016874_ann017963,1000,ds5,16874,17963,02_extracted/uang/1000/ds5_img016874_ann017963.png,1.0,0.9690949227373068,0.48551513671875,True,False,False,False,True,False,True,random_5pct,,
ds5_img016883_ann017972,20000,ds5,16883,17972,02_extracted/uang/20000/ds5_img016883_ann017972.png,1.0,0.7648183556405354,0.5107421875,True,False,False,False,True,False,True,random_5pct,,
ds5_img016921_ann018010,100000,ds5,16921,18010,02_extracted/uang/100000/ds5_img016921_ann018010.png,1.0,1.0647619047619048,0.71649169921875,True,False,False,False,True,False,True,random_5pct,,
ds5_img016934_ann018023,2000,ds5,16934,18023,02_extracted/uang/2000/ds5_img016934_ann018023.png,1.0,0.7082228116710876,0.24574951171875,True,False,False,False,True,False,True,random_5pct,,
ds5_img016968_ann018057,1000,ds5,16968,18057,02_extracted/uang/1000/ds5_img016968_ann018057.png,1.0,1.146788990825688,0.133056640625,True,False,False,False,True,False,True,random_5pct,,
ds5_img017004_ann018093,20000,ds5,17004,18093,02_extracted/uang/20000/ds5_img017004_ann018093.png,1.0,1.1771058315334773,0.61605224609375,True,False,False,False,True,False,True,random_5pct,,
ds5_img017016_ann018105,1000,ds5,17016,18105,02_extracted/uang/1000/ds5_img017016_ann018105.png,0.9983277591973244,1.5075757575757576,0.577177734375,True,False,False,False,True,False,True,random_5pct,,
ds5_img017030_ann018119,2000,ds5,17030,18119,02_extracted/uang/2000/ds5_img017030_ann018119.png,1.0,0.45869565217391306,0.236962890625,True,False,False,False,True,False,True,random_5pct,,
ds5_img017041_ann018130,20000,ds5,17041,18130,02_extracted/uang/20000/ds5_img017041_ann018130.png,1.0,0.812206572769953,0.08996337890625,True,False,False,False,True,False,True,random_5pct,,
ds5_img017050_ann018139,1000,ds5,17050,18139,02_extracted/uang/1000/ds5_img017050_ann018139.png,1.0,0.9363057324840764,0.50710693359375,True,False,False,False,True,False,True,random_5pct,,
ds5_img017056_ann018145,1000,ds5,17056,18145,02_extracted/uang/1000/ds5_img017056_ann018145.png,1.0,1.1647509578544062,0.1937109375,True,False,False,False,True,False,True,random_5pct,,
ds5_img017058_ann018147,100000,ds5,17058,18147,02_extracted/uang/100000/ds5_img017058_ann018147.png,1.0,1.2846153846153847,0.21201171875,True,False,False,False,True,False,True,random_5pct,,
ds5_img017086_ann018175,10000,ds5,17086,18175,02_extracted/uang/10000/ds5_img017086_ann018175.png,1.0,0.40497737556561086,0.1931591796875,True,False,False,False,True,False,True,random_5pct,,
ds5_img017141_ann018230,100000,ds5,17141,18230,02_extracted/uang/100000/ds5_img017141_ann018230.png,1.0,0.9267100977198697,0.8529443359375,True,False,False,False,True,False,True,random_5pct,,
ds5_img017150_ann018239,100000,ds5,17150,18239,02_extracted/uang/100000/ds5_img017150_ann018239.png,1.0,0.6265625,0.6265625,True,False,False,False,True,False,True,random_5pct,,
ds5_img017155_ann018244,1000,ds5,17155,18244,02_extracted/uang/1000/ds5_img017155_ann018244.png,1.0,1.400890868596882,0.68950439453125,True,False,False,False,True,False,True,random_5pct,,
ds5_img017196_ann018285,100000,ds5,17196,18285,02_extracted/uang/100000/ds5_img017196_ann018285.png,1.0,0.8979933110367893,0.7839990234375,True,False,False,False,True,False,True,random_5pct,,
ds5_img017199_ann018288,2000,ds5,17199,18288,02_extracted/uang/2000/ds5_img017199_ann018288.png,1.0,0.5870020964360587,0.32607421875,True,False,False,False,True,False,True,random_5pct,,
ds5_img017203_ann018292,2000,ds5,17203,18292,02_extracted/uang/2000/ds5_img017203_ann018292.png,1.0,1.127659574468085,0.05473388671875,True,False,False,False,True,False,True,random_5pct,,
ds5_img017213_ann018302,100000,ds5,17213,18302,02_extracted/uang/100000/ds5_img017213_ann018302.png,1.0,0.4752475247524752,0.189375,True,False,False,False,True,False,True,random_5pct,,
ds5_img017248_ann018337,100000,ds5,17248,18337,02_extracted/uang/100000/ds5_img017248_ann018337.png,0.9983136593591906,1.6,0.534765625,True,False,False,False,True,False,True,random_5pct,,
ds5_img017269_ann018358,1000,ds5,17269,18358,02_extracted/uang/1000/ds5_img017269_ann018358.png,1.0,1.8603896103896105,0.430869140625,True,False,False,False,True,False,True,random_5pct,,
ds5_img017293_ann018382,10000,ds5,17293,18382,02_extracted/uang/10000/ds5_img017293_ann018382.png,1.0,0.6033057851239669,0.53912353515625,True,False,False,False,True,False,True,random_5pct,,
ds5_img017325_ann018414,100000,ds5,17325,18414,02_extracted/uang/100000/ds5_img017325_ann018414.png,1.0,0.6693766937669376,0.22251708984375,True,False,False,False,True,False,True,random_5pct,,
ds5_img017344_ann018433,100000,ds5,17344,18433,02_extracted/uang/100000/ds5_img017344_ann018433.png,1.0,0.5466237942122186,0.51630859375,True,False,False,False,True,False,True,random_5pct,,
ds5_img017381_ann018470,20000,ds5,17381,18470,02_extracted/uang/20000/ds5_img017381_ann018470.png,1.0,0.962890625,0.61625,True,False,False,False,True,False,True,random_5pct,,
ds5_img017450_ann018539,10000,ds5,17450,18539,02_extracted/uang/10000/ds5_img017450_ann018539.png,1.0,1.1560283687943262,0.05611083984375,True,False,False,False,True,False,True,random_5pct,,
ds5_img017452_ann018541,10000,ds5,17452,18541,02_extracted/uang/10000/ds5_img017452_ann018541.png,1.0,1.0728476821192052,0.0597216796875,True,False,False,False,True,False,True,random_5pct,,
ds5_img017463_ann018552,1000,ds5,17463,18552,02_extracted/uang/1000/ds5_img017463_ann018552.png,1.0,1.1431372549019607,0.7259033203125,True,False,False,False,True,False,True,random_5pct,,
ds5_img017480_ann018569,100000,ds5,17480,18569,02_extracted/uang/100000/ds5_img017480_ann018569.png,1.0,0.49859943977591037,0.1551416015625,True,False,False,False,True,False,True,random_5pct,,
ds5_img017494_ann018583,1000,ds5,17494,18583,02_extracted/uang/1000/ds5_img017494_ann018583.png,1.0,0.5419501133786848,0.25732177734375,True,False,False,False,True,False,True,random_5pct,,
ds5_img017544_ann018633,2000,ds5,17544,18633,02_extracted/uang/2000/ds5_img017544_ann018633.png,1.0,0.9652777777777778,0.781875,True,False,False,False,True,False,True,random_5pct,,
ds5_img017545_ann018634,10000,ds5,17545,18634,02_extracted/uang/10000/ds5_img017545_ann018634.png,1.0,0.43131868131868134,0.139521484375,True,False,False,False,True,False,True,random_5pct,,
ds5_img017562_ann018651,10000,ds5,17562,18651,02_extracted/uang/10000/ds5_img017562_ann018651.png,1.0,0.7,0.2093505859375,True,False,False,False,True,False,True,random_5pct,,
ds5_img017594_ann018683,100000,ds5,17594,18683,02_extracted/uang/100000/ds5_img017594_ann018683.png,1.0,0.49572649572649574,0.1491064453125,True,False,False,False,True,False,True,random_5pct,,
ds5_img017602_ann018691,100000,ds5,17602,18691,02_extracted/uang/100000/ds5_img017602_ann018691.png,1.0,1.1182266009852218,0.11250244140625,True,False,False,False,True,False,True,random_5pct,,
ds5_img017613_ann018702,100000,ds5,17613,18702,02_extracted/uang/100000/ds5_img017613_ann018702.png,1.0,1.9930795847750864,0.40640625,True,False,False,False,True,False,True,random_5pct,,
ds5_img017707_ann018796,100000,ds5,17707,18796,02_extracted/uang/100000/ds5_img017707_ann018796.png,0.9973045822102425,1.027027027027027,0.34326171875,True,False,False,False,True,False,True,random_5pct,,
ds5_img017720_ann018809,1000,ds5,17720,18809,02_extracted/uang/1000/ds5_img017720_ann018809.png,1.0,0.5666666666666667,0.1506591796875,True,False,False,False,True,False,True,random_5pct,,
ds5_img017722_ann018811,20000,ds5,17722,18811,02_extracted/uang/20000/ds5_img017722_ann018811.png,1.0,1.4197530864197532,0.02274169921875,True,False,False,False,True,False,True,random_5pct,,
ds5_img017724_ann018813,2000,ds5,17724,18813,02_extracted/uang/2000/ds5_img017724_ann018813.png,1.0,0.8768267223382046,0.491162109375,True,False,False,False,True,False,True,random_5pct,,
ds5_img017737_ann018826,1000,ds5,17737,18826,02_extracted/uang/1000/ds5_img017737_ann018826.png,1.0,1.3573883161512028,0.28062744140625,True,False,False,False,True,False,True,random_5pct,,
ds5_img017739_ann018828,2000,ds5,17739,18828,02_extracted/uang/2000/ds5_img017739_ann018828.png,1.0,1.033402922755741,0.57886962890625,True,False,False,False,True,False,True,random_5pct,,
ds5_img017755_ann018844,2000,ds5,17755,18844,02_extracted/uang/2000/ds5_img017755_ann018844.png,1.0,1.0029411764705882,0.283056640625,True,False,False,False,True,False,True,random_5pct,,
ds5_img017779_ann018868,1000,ds5,17779,18868,02_extracted/uang/1000/ds5_img017779_ann018868.png,1.0,0.6543478260869565,0.338037109375,True,False,False,False,True,False,True,random_5pct,,
ds5_img017804_ann018893,2000,ds5,17804,18893,02_extracted/uang/2000/ds5_img017804_ann018893.png,1.0,0.587012987012987,0.2124267578125,True,False,False,False,True,False,True,random_5pct,,
ds5_img017825_ann018914,20000,ds5,17825,18914,02_extracted/uang/20000/ds5_img017825_ann018914.png,1.0,1.1313725490196078,0.7184326171875,True,False,False,False,True,False,True,random_5pct,,
ds5_img017854_ann018943,1000,ds5,17854,18943,02_extracted/uang/1000/ds5_img017854_ann018943.png,1.0,1.2649006622516556,0.07041259765625,True,False,False,False,True,False,True,random_5pct,,
ds5_img017861_ann018950,1000,ds5,17861,18950,02_extracted/uang/1000/ds5_img017861_ann018950.png,1.0,0.9130434782608695,0.42569091796875,True,False,False,False,True,False,True,random_5pct,,
ds5_img017867_ann018956,100000,ds5,17867,18956,02_extracted/uang/100000/ds5_img017867_ann018956.png,1.0,0.3263707571801567,0.11688232421875,True,False,False,False,True,False,True,random_5pct,,
ds5_img017869_ann018958,1000,ds5,17869,18958,02_extracted/uang/1000/ds5_img017869_ann018958.png,1.0,1.0198511166253101,0.40437744140625,True,False,False,False,True,False,True,random_5pct,,
ds5_img017871_ann018960,1000,ds5,17871,18960,02_extracted/uang/1000/ds5_img017871_ann018960.png,1.0,0.5984,0.5706787109375,True,False,False,False,True,False,True,random_5pct,,
ds5_img017873_ann018962,1000,ds5,17873,18962,02_extracted/uang/1000/ds5_img017873_ann018962.png,1.0,1.0458333333333334,0.1470703125,True,False,False,False,True,False,True,random_5pct,,
ds5_img017883_ann018972,10000,ds5,17883,18972,02_extracted/uang/10000/ds5_img017883_ann018972.png,1.0,0.9785992217898832,0.6312060546875,True,False,False,False,True,False,True,random_5pct,,
ds5_img017887_ann018976,1000,ds5,17887,18976,02_extracted/uang/1000/ds5_img017887_ann018976.png,1.0,1.3203125,0.21125,True,False,False,False,True,False,True,random_5pct,,
ds5_img017891_ann018980,2000,ds5,17891,18980,02_extracted/uang/2000/ds5_img017891_ann018980.png,1.0,0.8262910798122066,0.36609375,True,False,False,False,True,False,True,random_5pct,,
ds5_img017894_ann018983,2000,ds5,17894,18983,02_extracted/uang/2000/ds5_img017894_ann018983.png,1.0,1.3867924528301887,0.15216796875,True,False,False,False,True,False,True,random_5pct,,
ds5_img017949_ann019038,10000,ds5,17949,19038,02_extracted/uang/10000/ds5_img017949_ann019038.png,1.0,0.7602739726027398,0.15826171875,True,False,False,False,True,False,True,random_5pct,,
ds5_img017967_ann019056,1000,ds5,17967,19056,02_extracted/uang/1000/ds5_img017967_ann019056.png,1.0,1.4074074074074074,0.1227392578125,True,False,False,False,True,False,True,random_5pct,,
ds5_img017981_ann019070,20000,ds5,17981,19070,02_extracted/uang/20000/ds5_img017981_ann019070.png,1.0,1.0120192307692308,0.427578125,True,False,False,False,True,False,True,random_5pct,,
ds5_img018000_ann019089,20000,ds5,18000,19089,02_extracted/uang/20000/ds5_img018000_ann019089.png,1.0,0.9006622516556292,0.05013671875,True,False,False,False,True,False,True,random_5pct,,
ds5_img018015_ann019104,10000,ds5,18015,19104,02_extracted/uang/10000/ds5_img018015_ann019104.png,1.0,0.6514913657770801,0.64539794921875,True,False,False,False,True,False,True,random_5pct,,
ds5_img018027_ann019116,10000,ds5,18027,19116,02_extracted/uang/10000/ds5_img018027_ann019116.png,1.0,0.7414448669201521,0.12520751953125,True,False,False,False,True,False,True,random_5pct,,
ds5_img018065_ann019154,1000,ds5,18065,19154,02_extracted/uang/1000/ds5_img018065_ann019154.png,1.0,1.02,0.22412109375,True,False,False,False,True,False,True,random_5pct,,
ds5_img018076_ann019165,20000,ds5,18076,19165,02_extracted/uang/20000/ds5_img018076_ann019165.png,0.9976415094339622,1.0023640661938533,0.43787109375,True,False,False,False,True,False,True,random_5pct,,
ds5_img018099_ann019188,1000,ds5,18099,19188,02_extracted/uang/1000/ds5_img018099_ann019188.png,1.0,1.1394557823129252,0.2404541015625,True,False,False,False,True,False,True,random_5pct,,
ds5_img018108_ann019197,2000,ds5,18108,19197,02_extracted/uang/2000/ds5_img018108_ann019197.png,1.0,1.5267175572519085,0.255859375,True,False,False,False,True,False,True,random_5pct,,
ds5_img018115_ann019204,1000,ds5,18115,19204,02_extracted/uang/1000/ds5_img018115_ann019204.png,1.0,0.7339743589743589,0.17443359375,True,False,False,False,True,False,True,random_5pct,,
ds5_img018133_ann019222,1000,ds5,18133,19222,02_extracted/uang/1000/ds5_img018133_ann019222.png,1.0,0.9833679833679834,0.55545166015625,True,False,False,False,True,False,True,random_5pct,,
ds5_img018145_ann019234,2000,ds5,18145,19234,02_extracted/uang/2000/ds5_img018145_ann019234.png,1.0,0.735144312393888,0.62264892578125,True,False,False,False,True,False,True,random_5pct,,
ds5_img018193_ann019282,1000,ds5,18193,19282,02_extracted/uang/1000/ds5_img018193_ann019282.png,1.0,1.2702702702702702,0.71750732421875,True,False,False,False,True,False,True,random_5pct,,
ds5_img018202_ann019291,10000,ds5,18202,19291,02_extracted/uang/10000/ds5_img018202_ann019291.png,1.0,1.2171052631578947,0.274609375,True,False,False,False,True,False,True,random_5pct,,
ds5_img018206_ann019295,10000,ds5,18206,19295,02_extracted/uang/10000/ds5_img018206_ann019295.png,1.0,0.8635578583765112,0.706787109375,True,False,False,False,True,False,True,random_5pct,,
ds5_img018210_ann019299,10000,ds5,18210,19299,02_extracted/uang/10000/ds5_img018210_ann019299.png,1.0,0.9173290937996821,0.88606689453125,True,False,False,False,True,False,True,random_5pct,,
ds5_img018256_ann019345,2000,ds5,18256,19345,02_extracted/uang/2000/ds5_img018256_ann019345.png,1.0,0.45098039215686275,0.23196533203125,True,False,False,False,True,False,True,random_5pct,,
ds5_img018298_ann019387,100000,ds5,18298,19387,02_extracted/uang/100000/ds5_img018298_ann019387.png,1.0,1.2549019607843137,0.51,True,False,False,False,True,False,True,random_5pct,,
ds5_img018332_ann019421,10000,ds5,18332,19421,02_extracted/uang/10000/ds5_img018332_ann019421.png,1.0,1.2333333333333334,0.043359375,True,False,False,False,True,False,True,random_5pct,,
ds5_img018377_ann019466,1000,ds5,18377,19466,02_extracted/uang/1000/ds5_img018377_ann019466.png,1.0,0.8160919540229885,0.2412890625,True,False,False,False,True,False,True,random_5pct,,
ds5_img018388_ann019477,100000,ds5,18388,19477,02_extracted/uang/100000/ds5_img018388_ann019477.png,1.0,1.1637931034482758,0.038232421875,True,False,False,False,True,False,True,random_5pct,,
ds5_img018420_ann019509,10000,ds5,18420,19509,02_extracted/uang/10000/ds5_img018420_ann019509.png,1.0,0.9178885630498533,0.26057861328125,True,False,False,False,True,False,True,random_5pct,,
ds5_img018425_ann019514,20000,ds5,18425,19514,02_extracted/uang/20000/ds5_img018425_ann019514.png,1.0,0.9266666666666666,0.0509033203125,True,False,False,False,True,False,True,random_5pct,,
ds5_img018429_ann019518,20000,ds5,18429,19518,02_extracted/uang/20000/ds5_img018429_ann019518.png,1.0,1.1116883116883116,0.402294921875,True,False,False,False,True,False,True,random_5pct,,
ds5_img018493_ann019582,10000,ds5,18493,19582,02_extracted/uang/10000/ds5_img018493_ann019582.png,1.0,0.6327868852459017,0.574853515625,True,False,False,False,True,False,True,random_5pct,,
ds5_img018494_ann019583,20000,ds5,18494,19583,02_extracted/uang/20000/ds5_img018494_ann019583.png,1.0,0.8983050847457628,0.030537109375,True,False,False,False,True,False,True,random_5pct,,
ds5_img018522_ann019611,100000,ds5,18522,19611,02_extracted/uang/100000/ds5_img018522_ann019611.png,1.0,0.375,0.375,True,False,False,False,True,False,True,random_5pct,,
ds5_img018528_ann019617,10000,ds5,18528,19617,02_extracted/uang/10000/ds5_img018528_ann019617.png,1.0,0.421875,0.151875,True,False,False,False,True,False,True,random_5pct,,
ds5_img018569_ann019658,2000,ds5,18569,19658,02_extracted/uang/2000/ds5_img018569_ann019658.png,1.0,0.5440613026819924,0.36193359375,True,False,False,False,True,False,True,random_5pct,,
ds5_img018572_ann019661,100000,ds5,18572,19661,02_extracted/uang/100000/ds5_img018572_ann019661.png,1.0,0.8996212121212122,0.6123046875,True,False,False,False,True,False,True,random_5pct,,
ds5_img018576_ann019665,2000,ds5,18576,19665,02_extracted/uang/2000/ds5_img018576_ann019665.png,1.0,2.0277777777777777,0.410625,True,False,False,False,True,False,True,random_5pct,,
ds5_img018581_ann019670,2000,ds5,18581,19670,02_extracted/uang/2000/ds5_img018581_ann019670.png,1.0,0.5490605427974948,0.30756103515625,True,False,False,False,True,False,True,random_5pct,,
ds5_img018587_ann019676,10000,ds5,18587,19676,02_extracted/uang/10000/ds5_img018587_ann019676.png,1.0,0.7604166666666666,0.27375,True,False,False,False,True,False,True,random_5pct,,
ds5_img018609_ann019698,100000,ds5,18609,19698,02_extracted/uang/100000/ds5_img018609_ann019698.png,1.0,2.81025641025641,0.260888671875,True,False,False,False,True,False,True,random_5pct,,
ds5_img018673_ann019762,2000,ds5,18673,19762,02_extracted/uang/2000/ds5_img018673_ann019762.png,1.0,1.2116402116402116,0.10566650390625,True,False,False,False,True,False,True,random_5pct,,
ds5_img018683_ann019772,10000,ds5,18683,19772,02_extracted/uang/10000/ds5_img018683_ann019772.png,1.0,2.353982300884956,0.29353515625,True,False,False,False,True,False,True,random_5pct,,
ds5_img018711_ann019800,20000,ds5,18711,19800,02_extracted/uang/20000/ds5_img018711_ann019800.png,1.0,0.7365853658536585,0.302294921875,True,False,False,False,True,False,True,random_5pct,,
ds5_img018717_ann019806,20000,ds5,18717,19806,02_extracted/uang/20000/ds5_img018717_ann019806.png,0.9981060606060606,1.2144212523719164,0.8234375,True,False,False,False,True,False,True,random_5pct,,
ds5_img018746_ann019835,2000,ds5,18746,19835,02_extracted/uang/2000/ds5_img018746_ann019835.png,1.0,1.2009456264775413,0.524619140625,True,False,False,False,True,False,True,random_5pct,,
ds5_img018754_ann019843,2000,ds5,18754,19843,02_extracted/uang/2000/ds5_img018754_ann019843.png,1.0,1.4605263157894737,0.185361328125,True,False,False,False,True,False,True,random_5pct,,
ds5_img018763_ann019852,10000,ds5,18763,19852,02_extracted/uang/10000/ds5_img018763_ann019852.png,1.0,0.9718004338394793,0.50421875,True,False,False,False,True,False,True,random_5pct,,
ds5_img018770_ann019859,10000,ds5,18770,19859,02_extracted/uang/10000/ds5_img018770_ann019859.png,1.0,1.3793103448275863,0.725,True,False,False,False,True,False,True,random_5pct,,
ds5_img018777_ann019866,1000,ds5,18777,19866,02_extracted/uang/1000/ds5_img018777_ann019866.png,1.0,0.8405405405405405,0.2809326171875,True,False,False,False,True,False,True,random_5pct,,
ds5_img018785_ann019874,1000,ds5,18785,19874,02_extracted/uang/1000/ds5_img018785_ann019874.png,1.0,1.5486725663716814,0.43450927734375,True,False,False,False,True,False,True,random_5pct,,
ds5_img018801_ann019890,10000,ds5,18801,19890,02_extracted/uang/10000/ds5_img018801_ann019890.png,1.0,1.2892057026476578,0.75879638671875,True,False,False,False,True,False,True,random_5pct,,
ds5_img018842_ann019931,2000,ds5,18842,19931,02_extracted/uang/2000/ds5_img018842_ann019931.png,1.0,1.3643724696356276,0.20322021484375,True,False,False,False,True,False,True,random_5pct,,
ds5_img018854_ann019943,20000,ds5,18854,19943,02_extracted/uang/20000/ds5_img018854_ann019943.png,1.0,1.3611738148984198,0.65217041015625,True,False,False,False,True,False,True,random_5pct,,
ds5_img018882_ann019971,100000,ds5,18882,19971,02_extracted/uang/100000/ds5_img018882_ann019971.png,1.0,2.569506726457399,0.31196044921875,True,False,False,False,True,False,True,random_5pct,,
ds5_img018890_ann019979,10000,ds5,18890,19979,02_extracted/uang/10000/ds5_img018890_ann019979.png,1.0,0.9208103130755064,0.662841796875,True,False,False,False,True,False,True,random_5pct,,
ds5_img018891_ann019980,2000,ds5,18891,19980,02_extracted/uang/2000/ds5_img018891_ann019980.png,1.0,0.4350453172205438,0.1163671875,True,False,False,False,True,False,True,random_5pct,,
ds5_img018923_ann020012,100000,ds5,18923,20012,02_extracted/uang/100000/ds5_img018923_ann020012.png,1.0,1.684782608695652,0.55703125,True,False,False,False,True,False,True,random_5pct,,
ds5_img018956_ann020045,2000,ds5,18956,20045,02_extracted/uang/2000/ds5_img018956_ann020045.png,1.0,1.393939393939394,0.1815966796875,True,False,False,False,True,False,True,random_5pct,,
ds5_img018983_ann020072,1000,ds5,18983,20072,02_extracted/uang/1000/ds5_img018983_ann020072.png,1.0,0.8650602409638555,0.36373291015625,True,False,False,False,True,False,True,random_5pct,,
ds5_img019005_ann020094,20000,ds5,19005,20094,02_extracted/uang/20000/ds5_img019005_ann020094.png,1.0,0.7064846416382252,0.14807373046875,True,False,False,False,True,False,True,random_5pct,,
ds5_img019016_ann020105,100000,ds5,19016,20105,02_extracted/uang/100000/ds5_img019016_ann020105.png,1.0,1.0087527352297594,0.51434814453125,True,False,False,False,True,False,True,random_5pct,,
ds5_img019070_ann020159,1000,ds5,19070,20159,02_extracted/uang/1000/ds5_img019070_ann020159.png,1.0,1.1940928270042195,0.654990234375,True,False,False,False,True,False,True,random_5pct,,
ds5_img019085_ann020174,10000,ds5,19085,20174,02_extracted/uang/10000/ds5_img019085_ann020174.png,1.0,1.1205357142857142,0.5490625,True,False,False,False,True,False,True,random_5pct,,
ds5_img019107_ann020196,10000,ds5,19107,20196,02_extracted/uang/10000/ds5_img019107_ann020196.png,0.9975728155339806,0.5717761557177615,0.23580322265625,True,False,False,False,True,False,True,random_5pct,,
ds5_img019108_ann020197,2000,ds5,19108,20197,02_extracted/uang/2000/ds5_img019108_ann020197.png,1.0,0.48951048951048953,0.09775390625,True,False,False,False,True,False,True,random_5pct,,
ds5_img019136_ann020225,20000,ds5,19136,20225,02_extracted/uang/20000/ds5_img019136_ann020225.png,0.9983164983164983,1.217659137577002,0.70505615234375,True,False,False,False,True,False,True,random_5pct,,
ds5_img019150_ann020239,10000,ds5,19150,20239,02_extracted/uang/10000/ds5_img019150_ann020239.png,1.0,0.7709677419354839,0.1808837890625,True,False,False,False,True,False,True,random_5pct,,
ds5_img019183_ann020272,20000,ds5,19183,20272,02_extracted/uang/20000/ds5_img019183_ann020272.png,1.0,0.6081081081081081,0.29267578125,True,False,False,False,True,False,True,random_5pct,,
ds5_img019191_ann020280,1000,ds5,19191,20280,02_extracted/uang/1000/ds5_img019191_ann020280.png,1.0,0.5857843137254902,0.23806640625,True,False,False,False,True,False,True,random_5pct,,
ds5_img019195_ann020284,10000,ds5,19195,20284,02_extracted/uang/10000/ds5_img019195_ann020284.png,1.0,0.703125,0.703125,True,False,False,False,True,False,True,random_5pct,,
ds5_img019229_ann020318,10000,ds5,19229,20318,02_extracted/uang/10000/ds5_img019229_ann020318.png,1.0,0.6314814814814815,0.449560546875,True,False,False,False,True,False,True,random_5pct,,
ds5_img019293_ann020382,100000,ds5,19293,20382,02_extracted/uang/100000/ds5_img019293_ann020382.png,1.0,0.5911251980982567,0.57461669921875,True,False,False,False,True,False,True,random_5pct,,
ds5_img019301_ann020390,20000,ds5,19301,20390,02_extracted/uang/20000/ds5_img019301_ann020390.png,1.0,1.8532934131736527,0.5047509765625,True,False,False,False,True,False,True,random_5pct,,
ds5_img019305_ann020394,20000,ds5,19305,20394,02_extracted/uang/20000/ds5_img019305_ann020394.png,1.0,0.9550102249488752,0.55752685546875,True,False,False,False,True,False,True,random_5pct,,
ds5_img019330_ann020419,20000,ds5,19330,20419,02_extracted/uang/20000/ds5_img019330_ann020419.png,1.0,1.8842443729903537,0.4449365234375,True,False,False,False,True,False,True,random_5pct,,
ds5_img019353_ann020442,100000,ds5,19353,20442,02_extracted/uang/100000/ds5_img019353_ann020442.png,1.0,2.1374570446735395,0.4418994140625,True,False,False,False,True,False,True,random_5pct,,
ds5_img019361_ann020450,20000,ds5,19361,20450,02_extracted/uang/20000/ds5_img019361_ann020450.png,1.0,0.6599597585513078,0.39798828125,True,False,False,False,True,False,True,random_5pct,,
ds5_img019369_ann020458,2000,ds5,19369,20458,02_extracted/uang/2000/ds5_img019369_ann020458.png,1.0,1.3,0.1399658203125,True,False,False,False,True,False,True,random_5pct,,
ds5_img019377_ann020466,2000,ds5,19377,20466,02_extracted/uang/2000/ds5_img019377_ann020466.png,1.0,1.721407624633431,0.48868896484375,True,False,False,False,True,False,True,random_5pct,,
ds5_img019430_ann020519,20000,ds5,19430,20519,02_extracted/uang/20000/ds5_img019430_ann020519.png,1.0,1.161524500907441,0.8609375,True,False,False,False,True,False,True,random_5pct,,
ds5_img019440_ann020529,100000,ds5,19440,20529,02_extracted/uang/100000/ds5_img019440_ann020529.png,1.0,0.5812619502868069,0.3881640625,True,False,False,False,True,False,True,random_5pct,,
ds5_img019448_ann020537,10000,ds5,19448,20537,02_extracted/uang/10000/ds5_img019448_ann020537.png,1.0,0.6439393939393939,0.43828125,True,False,False,False,True,False,True,random_5pct,,
ds5_img019453_ann020542,20000,ds5,19453,20542,02_extracted/uang/20000/ds5_img019453_ann020542.png,1.0,0.9592875318066157,0.36172119140625,True,False,False,False,True,False,True,random_5pct,,
ds5_img019473_ann020562,1000,ds5,19473,20562,02_extracted/uang/1000/ds5_img019473_ann020562.png,1.0,0.6012269938650306,0.15599609375,True,False,False,False,True,False,True,random_5pct,,
ds5_img019493_ann020582,100000,ds5,19493,20582,02_extracted/uang/100000/ds5_img019493_ann020582.png,1.0,1.4034653465346534,0.559248046875,True,False,False,False,True,False,True,random_5pct,,
ds5_img019503_ann020592,100000,ds5,19503,20592,02_extracted/uang/100000/ds5_img019503_ann020592.png,1.0,1.2607142857142857,0.24130859375,True,False,False,False,True,False,True,random_5pct,,
ds5_img019544_ann020633,20000,ds5,19544,20633,02_extracted/uang/20000/ds5_img019544_ann020633.png,1.0,0.7167832167832168,0.1431396484375,True,False,False,False,True,False,True,random_5pct,,
ds5_img019573_ann020662,1000,ds5,19573,20662,02_extracted/uang/1000/ds5_img019573_ann020662.png,1.0,0.4986449864498645,0.16576171875,True,False,False,False,True,False,True,random_5pct,,
ds5_img019582_ann020671,20000,ds5,19582,20671,02_extracted/uang/20000/ds5_img019582_ann020671.png,1.0,0.5708955223880597,0.4004296875,True,False,False,False,True,False,True,random_5pct,,
ds5_img019760_ann020849,1000,ds5,19760,20849,02_extracted/uang/1000/ds5_img019760_ann020849.png,1.0,1.0192307692307692,0.2422265625,True,False,False,False,True,False,True,random_5pct,,
ds5_img019764_ann020853,2000,ds5,19764,20853,02_extracted/uang/2000/ds5_img019764_ann020853.png,1.0,0.6977848101265823,0.68044921875,True,False,False,False,True,False,True,random_5pct,,
ds5_img019775_ann020864,100000,ds5,19775,20864,02_extracted/uang/100000/ds5_img019775_ann020864.png,1.0,1.1169590643274854,0.71764892578125,True,False,False,False,True,False,True,random_5pct,,
ds5_img019788_ann020877,2000,ds5,19788,20877,02_extracted/uang/2000/ds5_img019788_ann020877.png,1.0,0.5720823798627003,0.2667236328125,True,False,False,False,True,False,True,random_5pct,,
ds5_img019818_ann020907,100000,ds5,19818,20907,02_extracted/uang/100000/ds5_img019818_ann020907.png,1.0,0.9223744292237442,0.1080029296875,True,False,False,False,True,False,True,random_5pct,,
ds5_img019916_ann021005,20000,ds5,19916,21005,02_extracted/uang/20000/ds5_img019916_ann021005.png,1.0,1.7556179775280898,0.543212890625,True,False,False,False,True,False,True,random_5pct,,
ds5_img019947_ann021036,10000,ds5,19947,21036,02_extracted/uang/10000/ds5_img019947_ann021036.png,1.0,0.8157894736842105,0.56369140625,True,False,False,False,True,False,True,random_5pct,,
ds5_img019953_ann021042,20000,ds5,19953,21042,02_extracted/uang/20000/ds5_img019953_ann021042.png,1.0,0.6415525114155252,0.3004833984375,True,False,False,False,True,False,True,random_5pct,,
ds5_img019987_ann021076,2000,ds5,19987,21076,02_extracted/uang/2000/ds5_img019987_ann021076.png,0.9981851179673321,1.9298245614035088,0.3826904296875,True,False,False,False,True,False,True,random_5pct,,
ds5_img020007_ann021096,10000,ds5,20007,21096,02_extracted/uang/10000/ds5_img020007_ann021096.png,1.0,0.9104166666666667,0.512109375,True,False,False,False,True,False,True,random_5pct,,
ds5_img020054_ann021143,100000,ds5,20054,21143,02_extracted/uang/100000/ds5_img020054_ann021143.png,1.0,0.5851851851851851,0.23433837890625,True,False,False,False,True,False,True,random_5pct,,
ds5_img020057_ann021146,100000,ds5,20057,21146,02_extracted/uang/100000/ds5_img020057_ann021146.png,1.0,0.828080229226361,0.24624267578125,True,False,False,False,True,False,True,random_5pct,,
ds5_img020069_ann021158,10000,ds5,20069,21158,02_extracted/uang/10000/ds5_img020069_ann021158.png,1.0,0.7702479338842976,0.6883056640625,True,False,False,False,True,False,True,random_5pct,,
ds5_img020076_ann021165,1000,ds5,20076,21165,02_extracted/uang/1000/ds5_img020076_ann021165.png,1.0,1.1213235294117647,0.81015625,True,False,False,False,True,False,True,random_5pct,,
ds5_img020082_ann021171,2000,ds5,20082,21171,02_extracted/uang/2000/ds5_img020082_ann021171.png,1.0,1.4467353951890034,0.29909912109375,True,False,False,False,True,False,True,random_5pct,,
ds5_img020090_ann021179,1000,ds5,20090,21179,02_extracted/uang/1000/ds5_img020090_ann021179.png,1.0,1.340632603406326,0.55288330078125,True,False,False,False,True,False,True,random_5pct,,
ds5_img020131_ann021220,100000,ds5,20131,21220,02_extracted/uang/100000/ds5_img020131_ann021220.png,1.0,2.038961038961039,0.4722265625,True,False,False,False,True,False,True,random_5pct,,
ds5_img020151_ann021240,10000,ds5,20151,21240,02_extracted/uang/10000/ds5_img020151_ann021240.png,1.0,0.7439759036144579,0.200205078125,True,False,False,False,True,False,True,random_5pct,,
ds5_img020191_ann021280,10000,ds5,20191,21280,02_extracted/uang/10000/ds5_img020191_ann021280.png,1.0,1.088512241054614,0.7493115234375,True,False,False,False,True,False,True,random_5pct,,
ds5_img020199_ann021288,20000,ds5,20199,21288,02_extracted/uang/20000/ds5_img020199_ann021288.png,1.0,0.8004246284501062,0.43351318359375,True,False,False,False,True,False,True,random_5pct,,
ds5_img020249_ann021338,2000,ds5,20249,21338,02_extracted/uang/2000/ds5_img020249_ann021338.png,1.0,0.8713592233009708,0.361103515625,True,False,False,False,True,False,True,random_5pct,,
ds5_img020312_ann021401,100000,ds5,20312,21401,02_extracted/uang/100000/ds5_img020312_ann021401.png,1.0,1.2417061611374407,0.53986328125,True,False,False,False,True,False,True,random_5pct,,
ds5_img020316_ann021405,100000,ds5,20316,21405,02_extracted/uang/100000/ds5_img020316_ann021405.png,0.9980119284294234,0.6115537848605578,0.3762548828125,True,False,False,False,True,False,True,random_5pct,,
ds5_img020408_ann021497,10000,ds5,20408,21497,02_extracted/uang/10000/ds5_img020408_ann021497.png,1.0,0.4876712328767123,0.1586181640625,True,False,False,False,True,False,True,random_5pct,,
ds5_img020457_ann021546,2000,ds5,20457,21546,02_extracted/uang/2000/ds5_img020457_ann021546.png,1.0,1.3636363636363635,0.272314453125,True,False,False,False,True,False,True,random_5pct,,
ds5_img020477_ann021566,1000,ds5,20477,21566,02_extracted/uang/1000/ds5_img020477_ann021566.png,1.0,1.3255813953488371,0.05385498046875,True,False,False,False,True,False,True,random_5pct,,
ds5_img020494_ann021583,1000,ds5,20494,21583,02_extracted/uang/1000/ds5_img020494_ann021583.png,1.0,0.9730215827338129,0.734365234375,True,False,False,False,True,False,True,random_5pct,,
ds5_img020509_ann021598,100000,ds5,20509,21598,02_extracted/uang/100000/ds5_img020509_ann021598.png,1.0,1.0020325203252032,0.592177734375,True,False,False,False,True,False,True,random_5pct,,
ds5_img020600_ann021689,100000,ds5,20600,21689,02_extracted/uang/100000/ds5_img020600_ann021689.png,0.9977924944812362,1.1858407079646018,0.591484375,True,False,False,False,True,False,True,random_5pct,,
ds5_img020620_ann021709,20000,ds5,20620,21709,02_extracted/uang/20000/ds5_img020620_ann021709.png,1.0,1.3642241379310345,0.7170703125,True,False,False,False,True,False,True,random_5pct,,
ds5_img020633_ann021722,20000,ds5,20633,21722,02_extracted/uang/20000/ds5_img020633_ann021722.png,1.0,0.5427872860635696,0.2216748046875,True,False,False,False,True,False,True,random_5pct,,
ds5_img020659_ann021748,10000,ds5,20659,21748,02_extracted/uang/10000/ds5_img020659_ann021748.png,1.0,1.4476190476190476,0.6234375,True,False,False,False,True,False,True,random_5pct,,
ds5_img020712_ann021801,20000,ds5,20712,21801,02_extracted/uang/20000/ds5_img020712_ann021801.png,0.9983221476510067,1.7146974063400577,0.50406494140625,True,False,False,False,True,False,True,random_5pct,,
ds5_img020737_ann021826,1000,ds5,20737,21826,02_extracted/uang/1000/ds5_img020737_ann021826.png,1.0,1.7970149253731342,0.4923583984375,True,False,False,False,True,False,True,random_5pct,,
ds5_img020744_ann021833,2000,ds5,20744,21833,02_extracted/uang/2000/ds5_img020744_ann021833.png,1.0,1.4508009153318078,0.6764111328125,True,False,False,False,True,False,True,random_5pct,,
ds5_img020776_ann021865,10000,ds5,20776,21865,02_extracted/uang/10000/ds5_img020776_ann021865.png,0.9983193277310924,1.037037037037037,0.8933203125,True,False,False,False,True,False,True,random_5pct,,
ds5_img020786_ann021875,10000,ds5,20786,21875,02_extracted/uang/10000/ds5_img020786_ann021875.png,1.0,1.1428571428571428,0.092421875,True,False,False,False,True,False,True,random_5pct,,
ds5_img020810_ann021899,100000,ds5,20810,21899,02_extracted/uang/100000/ds5_img020810_ann021899.png,1.0,0.5694716242661448,0.36303955078125,True,False,False,False,True,False,True,random_5pct,,
ds5_img020826_ann021915,10000,ds5,20826,21915,02_extracted/uang/10000/ds5_img020826_ann021915.png,1.0,0.38764044943820225,0.11994140625,True,False,False,False,True,False,True,random_5pct,,
ds5_img020840_ann021929,2000,ds5,20840,21929,02_extracted/uang/2000/ds5_img020840_ann021929.png,1.0,0.5956937799043063,0.2541064453125,True,False,False,False,True,False,True,random_5pct,,
ds5_img020852_ann021941,2000,ds5,20852,21941,02_extracted/uang/2000/ds5_img020852_ann021941.png,0.9984126984126984,1.8720238095238095,0.5159765625,True,False,False,False,True,False,True,random_5pct,,
ds5_img020890_ann021979,1000,ds5,20890,21979,02_extracted/uang/1000/ds5_img020890_ann021979.png,1.0,0.553475935828877,0.1890087890625,True,False,False,False,True,False,True,random_5pct,,
ds5_img020901_ann021990,100000,ds5,20901,21990,02_extracted/uang/100000/ds5_img020901_ann021990.png,1.0,1.2656903765690377,0.7060302734375,True,False,False,False,True,False,True,random_5pct,,
ds5_img020929_ann022018,100000,ds5,20929,22018,02_extracted/uang/100000/ds5_img020929_ann022018.png,1.0,1.1627906976744187,0.18896484375,True,False,False,False,True,False,True,random_5pct,,
ds5_img020932_ann022021,10000,ds5,20932,22021,02_extracted/uang/10000/ds5_img020932_ann022021.png,1.0,0.7689393939393939,0.523359375,True,False,False,False,True,False,True,random_5pct,,
ds5_img020953_ann022042,20000,ds5,20953,22042,02_extracted/uang/20000/ds5_img020953_ann022042.png,0.9974489795918368,1.0129533678756477,0.3684716796875,True,False,False,False,True,False,True,random_5pct,,
ds5_img020955_ann022044,100000,ds5,20955,22044,02_extracted/uang/100000/ds5_img020955_ann022044.png,1.0,0.7017208413001912,0.46860595703125,True,False,False,False,True,False,True,random_5pct,,
ds5_img020958_ann022047,2000,ds5,20958,22047,02_extracted/uang/2000/ds5_img020958_ann022047.png,1.0,0.5734375,0.5734375,True,False,False,False,True,False,True,random_5pct,,
ds5_img020969_ann022058,1000,ds5,20969,22058,02_extracted/uang/1000/ds5_img020969_ann022058.png,0.9984251968503937,1.484777517564403,0.6609326171875,True,False,False,False,True,False,True,random_5pct,,
ds5_img020973_ann022062,2000,ds5,20973,22062,02_extracted/uang/2000/ds5_img020973_ann022062.png,1.0,1.1048034934497817,0.565791015625,True,False,False,False,True,False,True,random_5pct,,
ds5_img021005_ann022094,2000,ds5,21005,22094,02_extracted/uang/2000/ds5_img021005_ann022094.png,1.0,1.4220183486238531,0.164990234375,True,False,False,False,True,False,True,random_5pct,,
ds5_img021010_ann022099,100000,ds5,21010,22099,02_extracted/uang/100000/ds5_img021010_ann022099.png,1.0,1.3526682134570767,0.61345947265625,True,False,False,False,True,False,True,random_5pct,,
ds5_img021032_ann022121,20000,ds5,21032,22121,02_extracted/uang/20000/ds5_img021032_ann022121.png,1.0,0.7014028056112225,0.4263916015625,True,False,False,False,True,False,True,random_5pct,,
ds5_img021045_ann022134,2000,ds5,21045,22134,02_extracted/uang/2000/ds5_img021045_ann022134.png,1.0,0.9465648854961832,0.63453125,True,False,False,False,True,False,True,random_5pct,,
ds5_img021047_ann022136,20000,ds5,21047,22136,02_extracted/uang/20000/ds5_img021047_ann022136.png,1.0,0.4840182648401826,0.0566748046875,True,False,False,False,True,False,True,random_5pct,,
ds5_img021061_ann022150,100000,ds5,21061,22150,02_extracted/uang/100000/ds5_img021061_ann022150.png,1.0,1.0548780487804879,0.069267578125,True,False,False,False,True,False,True,random_5pct,,
ds5_img021112_ann022201,20000,ds5,21112,22201,02_extracted/uang/20000/ds5_img021112_ann022201.png,1.0,0.6408163265306123,0.375634765625,True,False,False,False,True,False,True,random_5pct,,
ds5_img021118_ann022207,10000,ds5,21118,22207,02_extracted/uang/10000/ds5_img021118_ann022207.png,1.0,0.6492248062015504,0.422021484375,True,False,False,False,True,False,True,random_5pct,,
ds5_img021132_ann022221,1000,ds5,21132,22221,02_extracted/uang/1000/ds5_img021132_ann022221.png,1.0,0.6478149100257069,0.239326171875,True,False,False,False,True,False,True,random_5pct,,
ds5_img021177_ann022266,1000,ds5,21177,22266,02_extracted/uang/1000/ds5_img021177_ann022266.png,1.0,0.49759615384615385,0.210234375,True,False,False,False,True,False,True,random_5pct,,
ds5_img021238_ann022327,20000,ds5,21238,22327,02_extracted/uang/20000/ds5_img021238_ann022327.png,1.0,1.1166347992351817,0.74568359375,True,False,False,False,True,False,True,random_5pct,,
ds5_img021252_ann022341,2000,ds5,21252,22341,02_extracted/uang/2000/ds5_img021252_ann022341.png,1.0,1.4657534246575343,0.3051171875,True,False,False,False,True,False,True,random_5pct,,
ds5_img021299_ann022388,20000,ds5,21299,22388,02_extracted/uang/20000/ds5_img021299_ann022388.png,1.0,0.9658119658119658,0.129111328125,True,False,False,False,True,False,True,random_5pct,,
ds5_img021319_ann022408,10000,ds5,21319,22408,02_extracted/uang/10000/ds5_img021319_ann022408.png,1.0,1.0591397849462365,0.0894580078125,True,False,False,False,True,False,True,random_5pct,,
ds5_img021368_ann022457,2000,ds5,21368,22457,02_extracted/uang/2000/ds5_img021368_ann022457.png,1.0,0.613747954173486,0.55938720703125,True,False,False,False,True,False,True,random_5pct,,
ds5_img021379_ann022468,10000,ds5,21379,22468,02_extracted/uang/10000/ds5_img021379_ann022468.png,1.0,1.0403508771929824,0.8252197265625,True,False,False,False,True,False,True,random_5pct,,
ds5_img021383_ann022472,1000,ds5,21383,22472,02_extracted/uang/1000/ds5_img021383_ann022472.png,1.0,1.1138392857142858,0.54578125,True,False,False,False,True,False,True,random_5pct,,
ds5_img021399_ann022488,20000,ds5,21399,22488,02_extracted/uang/20000/ds5_img021399_ann022488.png,1.0,0.8333333333333334,0.49248046875,True,False,False,False,True,False,True,random_5pct,,
ds5_img021414_ann022503,20000,ds5,21414,22503,02_extracted/uang/20000/ds5_img021414_ann022503.png,1.0,0.4956896551724138,0.06513671875,True,False,False,False,True,False,True,random_5pct,,
ds5_img021453_ann022542,100000,ds5,21453,22542,02_extracted/uang/100000/ds5_img021453_ann022542.png,0.9980506822612085,1.1484375,0.735,True,False,False,False,True,False,True,random_5pct,,
ds5_img021477_ann022566,2000,ds5,21477,22566,02_extracted/uang/2000/ds5_img021477_ann022566.png,1.0,0.6629392971246006,0.6342529296875,True,False,False,False,True,False,True,random_5pct,,
ds5_img021513_ann022602,2000,ds5,21513,22602,02_extracted/uang/2000/ds5_img021513_ann022602.png,1.0,1.1174311926605505,0.81031494140625,True,False,False,False,True,False,True,random_5pct,,
ds5_img021517_ann022606,2000,ds5,21517,22606,02_extracted/uang/2000/ds5_img021517_ann022606.png,1.0,1.3480176211453745,0.1695849609375,True,False,False,False,True,False,True,random_5pct,,
ds5_img021590_ann022679,50000,ds5,21590,22679,02_extracted/uang/50000/ds5_img021590_ann022679.png,1.0,1.161904761904762,0.0312744140625,True,False,False,True,False,True,True,area_outlier,,
ds5_img021591_ann022680,50000,ds5,21591,22680,02_extracted/uang/50000/ds5_img021591_ann022680.png,1.0,1.2118126272912424,0.71324462890625,True,False,False,False,True,False,True,random_5pct,,
ds5_img021593_ann022682,50000,ds5,21593,22682,02_extracted/uang/50000/ds5_img021593_ann022682.png,1.0,0.9847715736040609,0.8397509765625,True,False,False,False,True,False,True,random_5pct,,
ds5_img021597_ann022686,50000,ds5,21597,22686,02_extracted/uang/50000/ds5_img021597_ann022686.png,1.0,1.0982318271119842,0.69465576171875,True,False,False,False,True,False,True,random_5pct,,
ds5_img021610_ann022699,50000,ds5,21610,22699,02_extracted/uang/50000/ds5_img021610_ann022699.png,1.0,0.8888888888888888,0.0703125,True,False,False,True,False,True,True,area_outlier,,
ds5_img021611_ann022700,50000,ds5,21611,22700,02_extracted/uang/50000/ds5_img021611_ann022700.png,1.0,0.88,0.26318359375,True,False,False,False,True,False,True,random_5pct,,
ds5_img021615_ann022704,50000,ds5,21615,22704,02_extracted/uang/50000/ds5_img021615_ann022704.png,1.0,1.1347517730496455,0.055078125,True,False,False,True,False,True,True,area_outlier,,
ds5_img021624_ann022713,5000,ds5,21624,22713,02_extracted/uang/5000/ds5_img021624_ann022713.png,1.0,2.746031746031746,0.23947998046875,True,False,False,False,True,False,True,random_5pct,,
ds5_img021627_ann022716,50000,ds5,21627,22716,02_extracted/uang/50000/ds5_img021627_ann022716.png,1.0,1.0070921985815602,0.0488818359375,True,False,False,True,False,True,True,area_outlier,,
ds5_img021638_ann022727,50000,ds5,21638,22727,02_extracted/uang/50000/ds5_img021638_ann022727.png,1.0,0.9929078014184397,0.048193359375,True,False,False,True,False,True,True,area_outlier,,
ds5_img021640_ann022729,5000,ds5,21640,22729,02_extracted/uang/5000/ds5_img021640_ann022729.png,1.0,0.9570405727923628,0.41020263671875,True,False,False,False,True,False,True,random_5pct,,
ds5_img021654_ann022743,50000,ds5,21654,22743,02_extracted/uang/50000/ds5_img021654_ann022743.png,1.0,0.3404255319148936,0.06609375,True,False,False,True,False,True,True,area_outlier,,
ds5_img021655_ann022744,5000,ds5,21655,22744,02_extracted/uang/5000/ds5_img021655_ann022744.png,1.0,1.06,0.02587890625,True,False,False,True,False,True,True,area_outlier,,
ds5_img021656_ann022745,50000,ds5,21656,22745,02_extracted/uang/50000/ds5_img021656_ann022745.png,1.0,1.2281879194630871,0.06656982421875,True,False,False,True,False,True,True,area_outlier,,
ds5_img021664_ann022753,50000,ds5,21664,22753,02_extracted/uang/50000/ds5_img021664_ann022753.png,1.0,1.0135135135135136,0.6639404296875,True,False,False,False,True,False,True,random_5pct,,
ds5_img021668_ann022757,50000,ds5,21668,22757,02_extracted/uang/50000/ds5_img021668_ann022757.png,1.0,1.176,0.04486083984375,True,False,False,True,False,True,True,area_outlier,,
ds5_img021681_ann022770,50000,ds5,21681,22770,02_extracted/uang/50000/ds5_img021681_ann022770.png,1.0,1.018018018018018,0.03062255859375,True,False,False,True,False,True,True,area_outlier,,
ds5_img021682_ann022771,50000,ds5,21682,22771,02_extracted/uang/50000/ds5_img021682_ann022771.png,1.0,1.2376237623762376,0.03082275390625,True,False,False,True,False,True,True,area_outlier,,
ds5_img021701_ann022790,50000,ds5,21701,22790,02_extracted/uang/50000/ds5_img021701_ann022790.png,1.0,1.1428571428571428,0.04935546875,True,False,False,True,False,True,True,area_outlier,,
ds5_img021704_ann022793,50000,ds5,21704,22793,02_extracted/uang/50000/ds5_img021704_ann022793.png,1.0,0.6354166666666666,0.357421875,True,False,False,False,True,False,True,random_5pct,,
ds5_img021730_ann022819,50000,ds5,21730,22819,02_extracted/uang/50000/ds5_img021730_ann022819.png,1.0,0.4891304347826087,0.090966796875,True,False,False,False,True,False,True,random_5pct,,
ds5_img021754_ann022843,50000,ds5,21754,22843,02_extracted/uang/50000/ds5_img021754_ann022843.png,1.0,0.308300395256917,0.0481787109375,True,False,False,True,False,True,True,area_outlier,,
ds5_img021756_ann022845,50000,ds5,21756,22845,02_extracted/uang/50000/ds5_img021756_ann022845.png,1.0,1.2608695652173914,0.058623046875,True,False,False,True,False,True,True,area_outlier,,
ds5_img021759_ann022848,50000,ds5,21759,22848,02_extracted/uang/50000/ds5_img021759_ann022848.png,1.0,0.9265536723163842,0.070869140625,True,False,False,True,False,True,True,area_outlier,,
ds5_img021762_ann022851,50000,ds5,21762,22851,02_extracted/uang/50000/ds5_img021762_ann022851.png,1.0,1.1602564102564104,0.068935546875,True,False,False,True,False,True,True,area_outlier,,
ds5_img021763_ann022852,5000,ds5,21763,22852,02_extracted/uang/5000/ds5_img021763_ann022852.png,1.0,1.109375,0.399375,True,False,False,False,True,False,True,random_5pct,,
ds5_img021767_ann022856,5000,ds5,21767,22856,02_extracted/uang/5000/ds5_img021767_ann022856.png,1.0,1.112474437627812,0.649453125,True,False,False,False,True,False,True,random_5pct,,
ds5_img021773_ann022862,5000,ds5,21773,22862,02_extracted/uang/5000/ds5_img021773_ann022862.png,1.0,0.722972972972973,0.347958984375,True,False,False,False,True,False,True,random_5pct,,
ds5_img021778_ann022867,50000,ds5,21778,22867,02_extracted/uang/50000/ds5_img021778_ann022867.png,1.0,1.1366459627329193,0.07193115234375,True,False,False,True,False,True,True,area_outlier,,
ds5_img021793_ann022882,50000,ds5,21793,22882,02_extracted/uang/50000/ds5_img021793_ann022882.png,1.0,0.9927007299270073,0.04548828125,True,False,False,True,False,True,True,area_outlier,,
ds5_img021811_ann022900,50000,ds5,21811,22900,02_extracted/uang/50000/ds5_img021811_ann022900.png,1.0,0.9668874172185431,0.0538232421875,True,False,False,True,False,True,True,area_outlier,,
ds5_img021820_ann022909,5000,ds5,21820,22909,02_extracted/uang/5000/ds5_img021820_ann022909.png,1.0,0.9504950495049505,0.023671875,True,False,False,True,False,True,True,area_outlier,,
ds5_img021822_ann022911,50000,ds5,21822,22911,02_extracted/uang/50000/ds5_img021822_ann022911.png,1.0,1.251908396946565,0.052451171875,True,False,False,True,False,True,True,area_outlier,,
ds5_img021850_ann022939,50000,ds5,21850,22939,02_extracted/uang/50000/ds5_img021850_ann022939.png,1.0,0.46059544658493873,0.36663330078125,True,False,False,False,True,False,True,random_5pct,,
ds5_img021858_ann022947,50000,ds5,21858,22947,02_extracted/uang/50000/ds5_img021858_ann022947.png,1.0,1.0471698113207548,0.0287255859375,True,False,False,True,False,True,True,area_outlier,,
ds5_img021859_ann022948,5000,ds5,21859,22948,02_extracted/uang/5000/ds5_img021859_ann022948.png,1.0,0.7573529411764706,0.5471875,True,False,False,False,True,False,True,random_5pct,,
ds5_img021873_ann022962,50000,ds5,21873,22962,02_extracted/uang/50000/ds5_img021873_ann022962.png,1.0,1.0239520958083832,0.06971923828125,True,False,False,True,False,True,True,area_outlier,,
ds5_img021884_ann022973,50000,ds5,21884,22973,02_extracted/uang/50000/ds5_img021884_ann022973.png,1.0,1.1666666666666667,0.0452197265625,True,False,False,True,False,True,True,area_outlier,,
ds5_img021917_ann023006,50000,ds5,21917,23006,02_extracted/uang/50000/ds5_img021917_ann023006.png,1.0,0.7602040816326531,0.2851953125,True,False,False,False,True,False,True,random_5pct,,
ds5_img021925_ann023014,50000,ds5,21925,23014,02_extracted/uang/50000/ds5_img021925_ann023014.png,1.0,1.2236842105263157,0.0690234375,True,False,False,True,False,True,True,area_outlier,,
ds5_img021927_ann023016,50000,ds5,21927,23016,02_extracted/uang/50000/ds5_img021927_ann023016.png,1.0,1.1401273885350318,0.06861083984375,True,False,False,True,False,True,True,area_outlier,,
ds5_img021933_ann023022,50000,ds5,21933,23022,02_extracted/uang/50000/ds5_img021933_ann023022.png,1.0,0.7962382445141066,0.79126953125,True,False,False,False,True,False,True,random_5pct,,
ds5_img021942_ann023031,50000,ds5,21942,23031,02_extracted/uang/50000/ds5_img021942_ann023031.png,1.0,1.094488188976378,0.04309814453125,True,False,False,True,True,True,True,area_outlier;random_5pct,,
ds5_img021944_ann023033,50000,ds5,21944,23033,02_extracted/uang/50000/ds5_img021944_ann023033.png,1.0,1.2549019607843137,0.07171875,True,False,False,True,False,True,True,area_outlier,,
ds5_img021945_ann023034,50000,ds5,21945,23034,02_extracted/uang/50000/ds5_img021945_ann023034.png,1.0,1.072,0.0408935546875,True,False,False,True,False,True,True,area_outlier,,
ds5_img021972_ann023061,50000,ds5,21972,23061,02_extracted/uang/50000/ds5_img021972_ann023061.png,1.0,1.0031397174254317,0.99375732421875,True,False,False,True,False,True,True,area_outlier,,
ds5_img021981_ann023070,50000,ds5,21981,23070,02_extracted/uang/50000/ds5_img021981_ann023070.png,1.0,0.9820359281437125,0.066865234375,True,False,False,True,False,True,True,area_outlier,,
ds5_img021982_ann023071,50000,ds5,21982,23071,02_extracted/uang/50000/ds5_img021982_ann023071.png,1.0,0.8759124087591241,0.04013671875,True,False,False,True,False,True,True,area_outlier,,
ds5_img022012_ann023101,5000,ds5,22012,23101,02_extracted/uang/5000/ds5_img022012_ann023101.png,1.0,1.385204081632653,0.51966796875,True,False,False,False,True,False,True,random_5pct,,
ds5_img022018_ann023107,50000,ds5,22018,23107,02_extracted/uang/50000/ds5_img022018_ann023107.png,1.0,0.988950276243094,0.71189208984375,True,False,False,False,True,False,True,random_5pct,,
ds5_img022019_ann023108,50000,ds5,22019,23108,02_extracted/uang/50000/ds5_img022019_ann023108.png,1.0,0.9515151515151515,0.06324462890625,True,False,False,True,False,True,True,area_outlier,,
ds5_img022023_ann023112,50000,ds5,22023,23112,02_extracted/uang/50000/ds5_img022023_ann023112.png,1.0,2.3417721518987342,0.32113037109375,True,False,False,False,True,False,True,random_5pct,,
ds5_img022041_ann023130,50000,ds5,22041,23130,02_extracted/uang/50000/ds5_img022041_ann023130.png,1.0,1.1,0.0324951171875,True,False,False,True,False,True,True,area_outlier,,
ds5_img022064_ann023153,50000,ds5,22064,23153,02_extracted/uang/50000/ds5_img022064_ann023153.png,1.0,0.30976430976430974,0.066708984375,True,False,False,True,False,True,True,area_outlier,,
ds5_img022066_ann023155,50000,ds5,22066,23155,02_extracted/uang/50000/ds5_img022066_ann023155.png,1.0,0.6060606060606061,0.23203125,True,False,False,False,True,False,True,random_5pct,,
ds5_img022072_ann023161,50000,ds5,22072,23161,02_extracted/uang/50000/ds5_img022072_ann023161.png,1.0,1.0656934306569343,0.0488330078125,True,False,False,True,False,True,True,area_outlier,,
ds5_img022104_ann023193,50000,ds5,22104,23193,02_extracted/uang/50000/ds5_img022104_ann023193.png,1.0,1.083969465648855,0.0454150390625,True,False,False,True,False,True,True,area_outlier,,
ds5_img022108_ann023197,50000,ds5,22108,23197,02_extracted/uang/50000/ds5_img022108_ann023197.png,1.0,1.2949640287769784,0.061083984375,True,False,False,True,False,True,True,area_outlier,,
ds5_img022117_ann023206,50000,ds5,22117,23206,02_extracted/uang/50000/ds5_img022117_ann023206.png,1.0,1.1785714285714286,0.03609375,True,False,False,True,False,True,True,area_outlier,,
ds5_img022118_ann023207,50000,ds5,22118,23207,02_extracted/uang/50000/ds5_img022118_ann023207.png,1.0,0.6189655172413793,0.508349609375,True,False,False,False,True,False,True,random_5pct,,
ds5_img022124_ann023213,50000,ds5,22124,23213,02_extracted/uang/50000/ds5_img022124_ann023213.png,1.0,0.944954128440367,0.4385546875,True,False,False,False,True,False,True,random_5pct,,
ds5_img022129_ann023218,50000,ds5,22129,23218,02_extracted/uang/50000/ds5_img022129_ann023218.png,1.0,1.263157894736842,0.040078125,True,False,False,True,False,True,True,area_outlier,,
ds5_img022136_ann023225,50000,ds5,22136,23225,02_extracted/uang/50000/ds5_img022136_ann023225.png,1.0,0.6817248459958932,0.394736328125,True,False,False,False,True,False,True,random_5pct,,
ds5_img022151_ann023240,50000,ds5,22151,23240,02_extracted/uang/50000/ds5_img022151_ann023240.png,1.0,1.1851851851851851,0.03375,True,False,False,True,False,True,True,area_outlier,,
ds5_img022166_ann023255,50000,ds5,22166,23255,02_extracted/uang/50000/ds5_img022166_ann023255.png,1.0,1.1858407079646018,0.0369677734375,True,False,False,True,False,True,True,area_outlier,,
ds5_img022179_ann023268,50000,ds5,22179,23268,02_extracted/uang/50000/ds5_img022179_ann023268.png,1.0,1.1846153846153846,0.048876953125,True,False,False,True,False,True,True,area_outlier,,
ds5_img022182_ann023271,50000,ds5,22182,23271,02_extracted/uang/50000/ds5_img022182_ann023271.png,1.0,1.1812080536912752,0.0640234375,True,False,False,True,True,True,True,area_outlier;random_5pct,,
ds5_img022186_ann023275,50000,ds5,22186,23275,02_extracted/uang/50000/ds5_img022186_ann023275.png,1.0,1.071917808219178,0.223134765625,True,False,False,False,True,False,True,random_5pct,,
ds5_img022191_ann023280,50000,ds5,22191,23280,02_extracted/uang/50000/ds5_img022191_ann023280.png,1.0,0.9528301886792453,0.0261376953125,True,False,False,True,False,True,True,area_outlier,,
ds5_img022206_ann023295,50000,ds5,22206,23295,02_extracted/uang/50000/ds5_img022206_ann023295.png,1.0,1.0,0.04853759765625,True,False,False,True,False,True,True,area_outlier,,
ds5_img022216_ann023305,50000,ds5,22216,23305,02_extracted/uang/50000/ds5_img022216_ann023305.png,1.0,1.1160714285714286,0.8544921875,True,False,False,False,True,False,True,random_5pct,,
ds5_img022227_ann023316,50000,ds5,22227,23316,02_extracted/uang/50000/ds5_img022227_ann023316.png,1.0,1.2342342342342343,0.03712646484375,True,False,False,True,False,True,True,area_outlier,,
ds5_img022230_ann023319,5000,ds5,22230,23319,02_extracted/uang/5000/ds5_img022230_ann023319.png,1.0,0.7744360902255639,0.03344482421875,True,False,False,True,False,True,True,area_outlier,,
ds5_img022235_ann023324,50000,ds5,22235,23324,02_extracted/uang/50000/ds5_img022235_ann023324.png,1.0,1.0263157894736843,0.0325634765625,True,False,False,True,False,True,True,area_outlier,,
ds5_img022245_ann023334,5000,ds5,22245,23334,02_extracted/uang/5000/ds5_img022245_ann023334.png,1.0,1.0666666666666667,0.0287109375,True,False,False,True,False,True,True,area_outlier,,
ds5_img022259_ann023348,5000,ds5,22259,23348,02_extracted/uang/5000/ds5_img022259_ann023348.png,1.0,2.0492957746478875,0.40353515625,True,False,False,False,True,False,True,random_5pct,,
ds5_img022298_ann023387,5000,ds5,22298,23387,02_extracted/uang/5000/ds5_img022298_ann023387.png,1.0,1.018018018018018,0.03062255859375,True,False,False,True,False,True,True,area_outlier,,
ds5_img022303_ann023392,5000,ds5,22303,23392,02_extracted/uang/5000/ds5_img022303_ann023392.png,1.0,0.4482758620689655,0.07455322265625,True,False,False,False,True,False,True,random_5pct,,
ds5_img022305_ann023394,5000,ds5,22305,23394,02_extracted/uang/5000/ds5_img022305_ann023394.png,1.0,0.9636363636363636,0.028466796875,True,False,False,True,False,True,True,area_outlier,,
ds5_img022308_ann023397,5000,ds5,22308,23397,02_extracted/uang/5000/ds5_img022308_ann023397.png,1.0,0.9365079365079365,0.036298828125,True,False,False,True,False,True,True,area_outlier,,
ds5_img022327_ann023416,5000,ds5,22327,23416,02_extracted/uang/5000/ds5_img022327_ann023416.png,1.0,1.0085470085470085,0.0337060546875,True,False,False,True,False,True,True,area_outlier,,
ds5_img022330_ann023419,5000,ds5,22330,23419,02_extracted/uang/5000/ds5_img022330_ann023419.png,1.0,0.9007633587786259,0.0377392578125,True,False,False,True,True,True,True,area_outlier;random_5pct,,
ds5_img022347_ann023436,5000,ds5,22347,23436,02_extracted/uang/5000/ds5_img022347_ann023436.png,1.0,0.9487179487179487,0.03170654296875,True,False,False,True,False,True,True,area_outlier,,
ds5_img022353_ann023442,5000,ds5,22353,23442,02_extracted/uang/5000/ds5_img022353_ann023442.png,1.0,0.5084745762711864,0.15556640625,True,False,False,False,True,False,True,random_5pct,,
ds5_img022356_ann023445,5000,ds5,22356,23445,02_extracted/uang/5000/ds5_img022356_ann023445.png,1.0,0.308,0.0469970703125,True,False,False,True,False,True,True,area_outlier,,
ds5_img022362_ann023451,5000,ds5,22362,23451,02_extracted/uang/5000/ds5_img022362_ann023451.png,1.0,0.658256880733945,0.305498046875,True,False,False,False,True,False,True,random_5pct,,
ds5_img022384_ann023473,20000,ds5,22384,23473,02_extracted/uang/20000/ds5_img022384_ann023473.png,1.0,2.7864583333333335,0.25078125,True,False,False,False,True,False,True,random_5pct,,
ds5_img022386_ann023475,5000,ds5,22386,23475,02_extracted/uang/5000/ds5_img022386_ann023475.png,1.0,0.7096774193548387,0.05994140625,True,False,False,False,True,False,True,random_5pct,,
ds5_img022390_ann023479,5000,ds5,22390,23479,02_extracted/uang/5000/ds5_img022390_ann023479.png,1.0,0.9375,0.0375,True,False,False,True,False,True,True,area_outlier,,
ds5_img022404_ann023493,5000,ds5,22404,23493,02_extracted/uang/5000/ds5_img022404_ann023493.png,1.0,1.1755725190839694,0.0492529296875,True,False,False,True,False,True,True,area_outlier,,
ds5_img022407_ann023496,5000,ds5,22407,23496,02_extracted/uang/5000/ds5_img022407_ann023496.png,1.0,0.9732283464566929,0.9580810546875,True,False,False,True,False,True,True,area_outlier,,
ds5_img022434_ann023523,5000,ds5,22434,23523,02_extracted/uang/5000/ds5_img022434_ann023523.png,1.0,0.71875,0.044921875,True,False,False,True,False,True,True,area_outlier,,
ds5_img022444_ann023533,5000,ds5,22444,23533,02_extracted/uang/5000/ds5_img022444_ann023533.png,1.0,0.3167701863354037,0.080185546875,True,False,False,False,True,False,True,random_5pct,,
ds5_img022459_ann023548,5000,ds5,22459,23548,02_extracted/uang/5000/ds5_img022459_ann023548.png,1.0,0.8839590443686007,0.18527099609375,True,False,False,False,True,False,True,random_5pct,,
ds5_img022480_ann023569,5000,ds5,22480,23569,02_extracted/uang/5000/ds5_img022480_ann023569.png,1.0,0.5721649484536082,0.21029296875,True,False,False,False,True,False,True,random_5pct,,
ds5_img022483_ann023572,5000,ds5,22483,23572,02_extracted/uang/5000/ds5_img022483_ann023572.png,1.0,0.40285714285714286,0.1204833984375,True,False,False,False,True,False,True,random_5pct,,
ds5_img022498_ann023587,5000,ds5,22498,23587,02_extracted/uang/5000/ds5_img022498_ann023587.png,1.0,0.6493506493506493,0.03759765625,True,False,False,True,False,True,True,area_outlier,,
ds5_img022502_ann023591,5000,ds5,22502,23591,02_extracted/uang/5000/ds5_img022502_ann023591.png,1.0,0.9457364341085271,0.0384228515625,True,False,False,True,False,True,True,area_outlier,,
ds5_img022506_ann023595,5000,ds5,22506,23595,02_extracted/uang/5000/ds5_img022506_ann023595.png,1.0,1.0802919708029197,0.049501953125,True,False,False,True,False,True,True,area_outlier,,
ds5_img022516_ann023605,20000,ds5,22516,23605,02_extracted/uang/20000/ds5_img022516_ann023605.png,1.0,0.39755351681957185,0.1037841796875,True,False,False,False,True,False,True,random_5pct,,
ds5_img022520_ann023609,5000,ds5,22520,23609,02_extracted/uang/5000/ds5_img022520_ann023609.png,1.0,0.8952380952380953,0.0240966796875,True,False,False,True,False,True,True,area_outlier,,
ds5_img022531_ann023620,5000,ds5,22531,23620,02_extracted/uang/5000/ds5_img022531_ann023620.png,1.0,0.9047619047619048,0.04773193359375,True,False,False,True,False,True,True,area_outlier,,
ds5_img022544_ann023633,5000,ds5,22544,23633,02_extracted/uang/5000/ds5_img022544_ann023633.png,1.0,0.2857142857142857,0.04935546875,True,False,False,True,False,True,True,area_outlier,,
ds5_img022548_ann023637,5000,ds5,22548,23637,02_extracted/uang/5000/ds5_img022548_ann023637.png,1.0,0.7573529411764706,0.03419921875,True,False,False,True,False,True,True,area_outlier,,
ds5_img022576_ann023665,5000,ds5,22576,23665,02_extracted/uang/5000/ds5_img022576_ann023665.png,1.0,0.6987179487179487,0.1660546875,True,False,False,False,True,False,True,random_5pct,,
ds5_img022588_ann023677,5000,ds5,22588,23677,02_extracted/uang/5000/ds5_img022588_ann023677.png,1.0,0.3848314606741573,0.119072265625,True,False,False,False,True,False,True,random_5pct,,
ds5_img022595_ann023684,5000,ds5,22595,23684,02_extracted/uang/5000/ds5_img022595_ann023684.png,1.0,0.6208530805687204,0.269931640625,True,False,False,False,True,False,True,random_5pct,,
ds5_img022600_ann023689,5000,ds5,22600,23689,02_extracted/uang/5000/ds5_img022600_ann023689.png,1.0,0.9361702127659575,0.0201953125,True,False,False,True,False,True,True,area_outlier,,
ds5_img022609_ann023698,20000,ds5,22609,23698,02_extracted/uang/20000/ds5_img022609_ann023698.png,1.0,0.649895178197065,0.3610107421875,True,False,False,False,True,False,True,random_5pct,,
ds5_img022621_ann023710,20000,ds5,22621,23710,02_extracted/uang/20000/ds5_img022621_ann023710.png,1.0,1.0132827324478177,0.6870556640625,True,False,False,False,True,False,True,random_5pct,,
ds5_img022624_ann023713,5000,ds5,22624,23713,02_extracted/uang/5000/ds5_img022624_ann023713.png,1.0,1.075,0.03779296875,True,False,False,True,False,True,True,area_outlier,,
ds6_img022635_ann023724,50000,ds6,22635,23724,02_extracted/uang/50000/ds6_img022635_ann023724.png,1.0,0.7104700854700855,0.4330014379120432,True,False,False,False,True,False,True,random_5pct,,
ds6_img022644_ann023733,5000,ds6,22644,23733,02_extracted/uang/5000/ds6_img022644_ann023733.png,1.0,0.7403906742281033,0.9712109375,True,False,False,True,False,True,True,area_outlier,,
ds6_img022664_ann023753,5000,ds6,22664,23753,02_extracted/uang/5000/ds6_img022664_ann023753.png,1.0,1.6152099886492621,0.6529494791666667,True,False,False,False,True,False,True,random_5pct,,
ds6_img022683_ann023772,50000,ds6,22683,23772,02_extracted/uang/50000/ds6_img022683_ann023772.png,1.0,0.8204225352112676,0.5514333333333333,True,False,False,False,True,False,True,random_5pct,,
ds6_img022687_ann023776,50000,ds6,22687,23776,02_extracted/uang/50000/ds6_img022687_ann023776.png,1.0,0.75,1.0,True,False,False,True,False,True,True,area_outlier,,
ds6_img022688_ann023777,10000,ds6,22688,23777,02_extracted/uang/10000/ds6_img022688_ann023777.png,1.0,1.4001751313485113,0.951071875,True,False,False,False,True,False,True,random_5pct,,
ds6_img022706_ann023795,10000,ds6,22706,23795,02_extracted/uang/10000/ds6_img022706_ann023795.png,1.0,1.3333333333333333,1.0,True,False,False,True,False,True,True,area_outlier,,
ds6_img022710_ann023799,5000,ds6,22710,23799,02_extracted/uang/5000/ds6_img022710_ann023799.png,1.0,1.311092577147623,0.98168125,True,False,False,True,False,True,True,area_outlier,,
ds6_img022720_ann023809,5000,ds6,22720,23809,02_extracted/uang/5000/ds6_img022720_ann023809.png,1.0,0.749375,0.9991666666666666,True,False,False,True,False,True,True,area_outlier,,
ds6_img022723_ann023812,1000,ds6,22723,23812,02_extracted/uang/1000/ds6_img022723_ann023812.png,1.0,1.3325,0.999375,True,False,False,False,True,False,True,random_5pct,,
ds6_img022734_ann023823,1000,ds6,22734,23823,02_extracted/uang/1000/ds6_img022734_ann023823.png,1.0,0.659377070907886,0.7820078125,True,False,False,False,True,False,True,random_5pct,,
ds6_img022743_ann023832,5000,ds6,22743,23832,02_extracted/uang/5000/ds6_img022743_ann023832.png,1.0,1.3336113427856546,0.9985421875,True,False,False,True,False,True,True,area_outlier,,
ds6_img022757_ann023846,100000,ds6,22757,23846,02_extracted/uang/100000/ds6_img022757_ann023846.png,1.0,1.3333333333333333,1.0,True,False,False,True,False,True,True,area_outlier,,
ds6_img022758_ann023847,20000,ds6,22758,23847,02_extracted/uang/20000/ds6_img022758_ann023847.png,1.0,1.8178484107579462,0.6335239583333333,True,False,False,False,True,False,True,random_5pct,,
ds6_img022763_ann023852,5000,ds6,22763,23852,02_extracted/uang/5000/ds6_img022763_ann023852.png,1.0,1.6512301013024602,0.41064114583333333,True,False,False,False,True,False,True,random_5pct,,
ds6_img022774_ann023863,100000,ds6,22774,23863,02_extracted/uang/100000/ds6_img022774_ann023863.png,1.0,0.7507827175954915,0.9972932291666666,True,False,False,True,False,True,True,area_outlier,,
ds6_img022779_ann023868,5000,ds6,22779,23868,02_extracted/uang/5000/ds6_img022779_ann023868.png,1.0,1.4760147601476015,0.9033333333333333,True,False,False,False,True,False,True,random_5pct,,
ds6_img022785_ann023874,5000,ds6,22785,23874,02_extracted/uang/5000/ds6_img022785_ann023874.png,1.0,0.7498436522826767,0.9985421875,True,False,False,True,False,True,True,area_outlier,,
ds6_img022786_ann023875,1000,ds6,22786,23875,02_extracted/uang/1000/ds6_img022786_ann023875.png,1.0,0.8875739644970414,0.845,True,False,False,False,True,False,True,random_5pct,,
ds6_img022787_ann023876,100000,ds6,22787,23876,02_extracted/uang/100000/ds6_img022787_ann023876.png,1.0,0.7716627634660421,0.29311770833333334,True,False,False,False,True,False,True,random_5pct,,
ds6_img022788_ann023877,50000,ds6,22788,23877,02_extracted/uang/50000/ds6_img022788_ann023877.png,1.0,1.3333333333333333,1.0,True,False,False,True,False,True,True,area_outlier,,
ds6_img022794_ann023883,5000,ds6,22794,23883,02_extracted/uang/5000/ds6_img022794_ann023883.png,1.0,1.3325,0.999375,True,False,False,True,False,True,True,area_outlier,,
ds6_img022798_ann023887,50000,ds6,22798,23887,02_extracted/uang/50000/ds6_img022798_ann023887.png,1.0,0.7417135709818636,0.987715625,True,False,False,True,True,True,True,area_outlier;random_5pct,,
ds6_img022808_ann023900,50000,ds6,22808,23900,02_extracted/uang/50000/ds6_img022808_ann023900.png,1.0,1.7071005917159763,0.4063041666666667,True,False,False,False,True,False,True,random_5pct,,
ds6_img022819_ann023911,10000,ds6,22819,23911,02_extracted/uang/10000/ds6_img022819_ann023911.png,1.0,0.75,1.0,True,False,False,True,False,True,True,area_outlier,,
ds6_img022820_ann023912,100000,ds6,22820,23912,02_extracted/uang/100000/ds6_img022820_ann023912.png,1.0,0.6352941176470588,0.4685625,True,False,False,False,True,False,True,random_5pct,,
ds6_img022841_ann023933,50000,ds6,22841,23933,02_extracted/uang/50000/ds6_img022841_ann023933.png,1.0,1.4712182061579653,0.4275796875,True,False,False,False,True,False,True,random_5pct,,
ds6_img022842_ann023934,50000,ds6,22842,23934,02_extracted/uang/50000/ds6_img022842_ann023934.png,1.0,2.159737417943107,0.2349265625,True,False,False,False,True,False,True,random_5pct,,
ds6_img022843_ann023935,2000,ds6,22843,23935,02_extracted/uang/2000/ds6_img022843_ann023935.png,1.0,1.003125,0.17415364583333334,True,False,False,False,True,False,True,random_5pct,,
ds6_img022852_ann023944,5000,ds6,22852,23944,02_extracted/uang/5000/ds6_img022852_ann023944.png,0.999137187230371,0.72375,0.965,True,False,False,True,False,True,True,area_outlier,,
ds6_img022853_ann023945,100000,ds6,22853,23945,02_extracted/uang/100000/ds6_img022853_ann023945.png,1.0,1.3333333333333333,1.0,True,False,False,True,False,True,True,area_outlier,,
ds6_img022858_ann023950,5000,ds6,22858,23950,02_extracted/uang/5000/ds6_img022858_ann023950.png,1.0,0.6437571592210768,0.3992724609375,True,False,False,False,True,False,True,random_5pct,,
ds6_img022866_ann023958,10000,ds6,22866,23958,02_extracted/uang/10000/ds6_img022866_ann023958.png,1.0,1.3336113427856546,0.9985421875,True,False,False,True,False,True,True,area_outlier,,
ds6_img022869_ann023961,5000,ds6,22869,23961,02_extracted/uang/5000/ds6_img022869_ann023961.png,1.0,0.75,1.0,True,False,False,True,False,True,True,area_outlier,,
ds6_img022875_ann023967,2000,ds6,22875,23967,02_extracted/uang/2000/ds6_img022875_ann023967.png,1.0,0.8565310492505354,0.875625,True,False,False,False,True,False,True,random_5pct,,
ds6_img022895_ann023987,50000,ds6,22895,23987,02_extracted/uang/50000/ds6_img022895_ann023987.png,1.0,1.3,0.975,True,False,False,True,False,True,True,area_outlier,,
ds6_img022905_ann023997,20000,ds6,22905,23997,02_extracted/uang/20000/ds6_img022905_ann023997.png,1.0,0.48279952550415184,0.37228841145833336,True,False,False,False,True,False,True,random_5pct,,
ds6_img022909_ann024001,2000,ds6,22909,24001,02_extracted/uang/2000/ds6_img022909_ann024001.png,1.0,0.6270833333333333,0.4703125,True,False,False,False,True,False,True,random_5pct,,
ds6_img022915_ann024007,100000,ds6,22915,24007,02_extracted/uang/100000/ds6_img022915_ann024007.png,1.0,1.3333333333333333,1.0,True,False,False,True,False,True,True,area_outlier,,
ds6_img022939_ann024031,2000,ds6,22939,24031,02_extracted/uang/2000/ds6_img022939_ann024031.png,1.0,1.3576072821846554,0.41814375,True,False,False,False,True,False,True,random_5pct,,
ds6_img022945_ann024037,1000,ds6,22945,24037,02_extracted/uang/1000/ds6_img022945_ann024037.png,1.0,1.216580310880829,0.5900572916666667,True,False,False,False,True,False,True,random_5pct,,
ds6_img022963_ann024055,100000,ds6,22963,24055,02_extracted/uang/100000/ds6_img022963_ann024055.png,1.0,1.3333333333333333,1.0,True,False,False,True,False,True,True,area_outlier,,
ds6_img022966_ann024058,20000,ds6,22966,24058,02_extracted/uang/20000/ds6_img022966_ann024058.png,1.0,1.769704433497537,0.60773125,True,False,False,False,True,False,True,random_5pct,,
ds6_img022996_ann024088,5000,ds6,22996,24088,02_extracted/uang/5000/ds6_img022996_ann024088.png,1.0,0.783289817232376,0.9575,True,False,False,True,False,True,True,area_outlier,,
ds6_img022999_ann024091,100000,ds6,22999,24091,02_extracted/uang/100000/ds6_img022999_ann024091.png,1.0,2.2598870056497176,1.0,True,False,False,True,False,True,True,area_outlier,,
ds6_img023002_ann024094,2000,ds6,23002,24094,02_extracted/uang/2000/ds6_img023002_ann024094.png,1.0,0.75,1.0,True,False,False,True,False,True,True,area_outlier,,
ds6_img023012_ann024104,100000,ds6,23012,24104,02_extracted/uang/100000/ds6_img023012_ann024104.png,1.0,1.0923535253227408,0.5769270833333333,True,False,False,False,True,False,True,random_5pct,,
ds6_img023020_ann024112,2000,ds6,23020,24112,02_extracted/uang/2000/ds6_img023020_ann024112.png,1.0,0.75,1.0,True,False,False,True,False,True,True,area_outlier,,
ds6_img023027_ann024119,50000,ds6,23027,24119,02_extracted/uang/50000/ds6_img023027_ann024119.png,1.0,1.261050875729775,0.9442125,True,False,False,True,False,True,True,area_outlier,,
ds6_img023028_ann024120,2000,ds6,23028,24120,02_extracted/uang/2000/ds6_img023028_ann024120.png,1.0,0.75,1.0,True,False,False,True,False,True,True,area_outlier,,
ds6_img023035_ann024127,20000,ds6,23035,24127,02_extracted/uang/20000/ds6_img023035_ann024127.png,1.0,0.7823470411233701,0.40503125,True,False,False,False,True,False,True,random_5pct,,
ds6_img023052_ann024144,5000,ds6,23052,24144,02_extracted/uang/5000/ds6_img023052_ann024144.png,1.0,1.2916666666666667,0.96875,True,False,False,True,False,True,True,area_outlier,,
ds6_img023069_ann024161,5000,ds6,23069,24161,02_extracted/uang/5000/ds6_img023069_ann024161.png,0.9991645781119465,0.7493734335839599,0.994175,True,False,False,True,False,True,True,area_outlier,,
ds6_img023084_ann024176,2000,ds6,23084,24176,02_extracted/uang/2000/ds6_img023084_ann024176.png,0.9991474850809889,0.7325,0.9766666666666667,True,False,False,True,False,True,True,area_outlier,,
ds6_img023087_ann024179,10000,ds6,23087,24179,02_extracted/uang/10000/ds6_img023087_ann024179.png,1.0,1.7246722288438618,0.6323088541666667,True,False,False,False,True,False,True,random_5pct,,
ds6_img023103_ann024195,5000,ds6,23103,24195,02_extracted/uang/5000/ds6_img023103_ann024195.png,1.0,0.9508716323296355,0.78875,True,False,False,False,True,False,True,random_5pct,,
ds6_img023109_ann024201,5000,ds6,23109,24201,02_extracted/uang/5000/ds6_img023109_ann024201.png,1.0,0.75,1.0,True,False,False,True,False,True,True,area_outlier,,
ds6_img023113_ann024205,50000,ds6,23113,24205,02_extracted/uang/50000/ds6_img023113_ann024205.png,1.0,1.3325,0.999375,True,False,False,True,False,True,True,area_outlier,,
ds6_img023121_ann024213,10000,ds6,23121,24213,02_extracted/uang/10000/ds6_img023121_ann024213.png,1.0,1.167420814479638,0.267271875,True,False,False,False,True,False,True,random_5pct,,
ds6_img023130_ann024222,20000,ds6,23130,24222,02_extracted/uang/20000/ds6_img023130_ann024222.png,1.0,2.2807881773399017,0.5884524602069842,True,False,False,False,True,False,True,random_5pct,,
ds6_img023133_ann024225,50000,ds6,23133,24225,02_extracted/uang/50000/ds6_img023133_ann024225.png,1.0,1.3333333333333333,1.0,True,False,False,True,False,True,True,area_outlier,,
ds6_img023134_ann024226,2000,ds6,23134,24226,02_extracted/uang/2000/ds6_img023134_ann024226.png,1.0,0.6843100189035917,0.897646875,True,False,False,False,True,False,True,random_5pct,,
ds6_img023141_ann024233,5000,ds6,23141,24233,02_extracted/uang/5000/ds6_img023141_ann024233.png,1.0,0.7751937984496124,0.9675,True,False,False,True,False,True,True,area_outlier,,
ds6_img023144_ann024236,100000,ds6,23144,24236,02_extracted/uang/100000/ds6_img023144_ann024236.png,1.0,1.3333333333333333,1.0,True,False,False,True,False,True,True,area_outlier,,
ds6_img023154_ann024246,10000,ds6,23154,24246,02_extracted/uang/10000/ds6_img023154_ann024246.png,1.0,0.75,1.0,True,False,False,True,False,True,True,area_outlier,,
ds6_img023181_ann024273,100000,ds6,23181,24273,02_extracted/uang/100000/ds6_img023181_ann024273.png,1.0,1.059662775616083,0.3280765625,True,False,False,False,True,False,True,random_5pct,,
ds6_img023200_ann024292,2000,ds6,23200,24292,02_extracted/uang/2000/ds6_img023200_ann024292.png,1.0,2.6014625228519197,0.3299208747016059,True,False,False,False,True,False,True,random_5pct,,
ds6_img023203_ann024295,5000,ds6,23203,24295,02_extracted/uang/5000/ds6_img023203_ann024295.png,1.0,0.75,1.0,True,False,False,True,False,True,True,area_outlier,,
ds6_img023208_ann024300,5000,ds6,23208,24300,02_extracted/uang/5000/ds6_img023208_ann024300.png,1.0,1.3333333333333333,1.0,True,False,False,True,False,True,True,area_outlier,,
ds6_img023210_ann024302,10000,ds6,23210,24302,02_extracted/uang/10000/ds6_img023210_ann024302.png,1.0,0.6272590361445783,0.7695465950980208,True,False,False,False,True,False,True,random_5pct,,
ds6_img023211_ann024303,5000,ds6,23211,24303,02_extracted/uang/5000/ds6_img023211_ann024303.png,1.0,0.75,1.0,True,False,False,True,False,True,True,area_outlier,,
ds6_img023215_ann024307,100000,ds6,23215,24307,02_extracted/uang/100000/ds6_img023215_ann024307.png,1.0,1.3333333333333333,1.0,True,False,False,True,False,True,True,area_outlier,,
ds6_img023229_ann024321,5000,ds6,23229,24321,02_extracted/uang/5000/ds6_img023229_ann024321.png,1.0,0.75,1.0,True,False,False,True,False,True,True,area_outlier,,
ds6_img023233_ann024325,2000,ds6,23233,24325,02_extracted/uang/2000/ds6_img023233_ann024325.png,1.0,1.1155234657039712,0.3265113830566406,True,False,False,False,True,False,True,random_5pct,,
ds6_img023237_ann024329,1000,ds6,23237,24329,02_extracted/uang/1000/ds6_img023237_ann024329.png,1.0,0.8564397046759639,0.66283125,True,False,False,False,True,False,True,random_5pct,,
ds6_img023248_ann024340,10000,ds6,23248,24340,02_extracted/uang/10000/ds6_img023248_ann024340.png,1.0,0.5286486486486487,0.2355859375,True,False,False,False,True,False,True,random_5pct,,
ds6_img023252_ann024344,5000,ds6,23252,24344,02_extracted/uang/5000/ds6_img023252_ann024344.png,1.0,0.7498436522826767,0.9985421875,True,False,False,True,False,True,True,area_outlier,,
ds6_img023253_ann024345,100000,ds6,23253,24345,02_extracted/uang/100000/ds6_img023253_ann024345.png,1.0,0.7498436522826767,0.9985421875,True,False,False,True,False,True,True,area_outlier,,
ds6_img023264_ann024356,5000,ds6,23264,24356,02_extracted/uang/5000/ds6_img023264_ann024356.png,1.0,0.7498436522826767,0.9985421875,True,False,False,True,False,True,True,area_outlier,,
ds6_img023268_ann024360,50000,ds6,23268,24360,02_extracted/uang/50000/ds6_img023268_ann024360.png,1.0,0.583868665239115,0.797229358449142,True,False,False,False,True,False,True,random_5pct,,
ds6_img023277_ann024369,5000,ds6,23277,24369,02_extracted/uang/5000/ds6_img023277_ann024369.png,1.0,1.3325,0.999375,True,False,False,True,False,True,True,area_outlier,,
ds6_img023285_ann024377,50000,ds6,23285,24377,02_extracted/uang/50000/ds6_img023285_ann024377.png,1.0,1.3325,0.999375,True,False,False,True,False,True,True,area_outlier,,
ds6_img023299_ann024391,5000,ds6,23299,24391,02_extracted/uang/5000/ds6_img023299_ann024391.png,1.0,0.75,1.0,True,False,False,True,False,True,True,area_outlier,,
ds6_img023313_ann024405,20000,ds6,23313,24405,02_extracted/uang/20000/ds6_img023313_ann024405.png,1.0,1.0786988457502624,0.5102520833333334,True,False,False,False,True,False,True,random_5pct,,
ds6_img023335_ann024427,50000,ds6,23335,24427,02_extracted/uang/50000/ds6_img023335_ann024427.png,1.0,0.8102633355840648,0.925625,True,False,False,True,False,True,True,area_outlier,,
ds6_img023338_ann024430,100000,ds6,23338,24430,02_extracted/uang/100000/ds6_img023338_ann024430.png,1.0,1.3333333333333333,1.0,True,False,False,True,False,True,True,area_outlier,,
ds6_img023340_ann024432,5000,ds6,23340,24432,02_extracted/uang/5000/ds6_img023340_ann024432.png,1.0,0.49665711556829034,0.2835625,True,False,False,False,True,False,True,random_5pct,,
ds6_img023343_ann024435,2000,ds6,23343,24435,02_extracted/uang/2000/ds6_img023343_ann024435.png,1.0,0.706875,0.9425,True,False,False,False,True,False,True,random_5pct,,
ds6_img023345_ann024437,50000,ds6,23345,24437,02_extracted/uang/50000/ds6_img023345_ann024437.png,1.0,0.75,1.0,True,False,False,True,False,True,True,area_outlier,,
ds6_img023364_ann024456,5000,ds6,23364,24456,02_extracted/uang/5000/ds6_img023364_ann024456.png,1.0,0.75,1.0,True,False,False,True,False,True,True,area_outlier,,
ds6_img023371_ann024463,100000,ds6,23371,24463,02_extracted/uang/100000/ds6_img023371_ann024463.png,1.0,1.3333333333333333,1.0,True,False,False,True,False,True,True,area_outlier,,
ds6_img023377_ann024469,50000,ds6,23377,24469,02_extracted/uang/50000/ds6_img023377_ann024469.png,1.0,1.261050875729775,0.9442125,True,False,False,True,False,True,True,area_outlier,,
ds6_img023382_ann024474,50000,ds6,23382,24474,02_extracted/uang/50000/ds6_img023382_ann024474.png,1.0,1.3737113402061856,0.96939375,True,False,False,True,False,True,True,area_outlier,,
ds6_img023383_ann024475,5000,ds6,23383,24475,02_extracted/uang/5000/ds6_img023383_ann024475.png,1.0,1.342281879194631,0.9933333333333333,True,False,False,True,False,True,True,area_outlier,,
ds6_img023384_ann024476,5000,ds6,23384,24476,02_extracted/uang/5000/ds6_img023384_ann024476.png,1.0,1.3333333333333333,1.0,True,False,False,True,False,True,True,area_outlier,,
ds6_img023389_ann024481,1000,ds6,23389,24481,02_extracted/uang/1000/ds6_img023389_ann024481.png,1.0,1.0471615720524017,0.7150286458333334,True,False,False,False,True,False,True,random_5pct,,
ds6_img023397_ann024489,10000,ds6,23397,24489,02_extracted/uang/10000/ds6_img023397_ann024489.png,1.0,0.7077814569536424,0.5379375,True,False,False,False,True,False,True,random_5pct,,
ds6_img023408_ann024500,50000,ds6,23408,24500,02_extracted/uang/50000/ds6_img023408_ann024500.png,1.0,1.2833333333333334,0.9625,True,False,False,True,False,True,True,area_outlier,,
ds6_img023415_ann024507,50000,ds6,23415,24507,02_extracted/uang/50000/ds6_img023415_ann024507.png,0.9993519118600129,1.297979797979798,0.9541125,True,False,False,True,False,True,True,area_outlier,,
ds6_img023426_ann024518,100000,ds6,23426,24518,02_extracted/uang/100000/ds6_img023426_ann024518.png,1.0,1.3333333333333333,1.0,True,False,False,True,False,True,True,area_outlier,,
ds6_img023438_ann024530,50000,ds6,23438,24530,02_extracted/uang/50000/ds6_img023438_ann024530.png,1.0,1.244370308590492,0.9317229166666666,True,False,False,True,False,True,True,area_outlier,,
ds6_img023441_ann024533,5000,ds6,23441,24533,02_extracted/uang/5000/ds6_img023441_ann024533.png,1.0,0.7498436522826767,0.9985421875,True,False,False,True,False,True,True,area_outlier,,
ds6_img023447_ann024539,100000,ds6,23447,24539,02_extracted/uang/100000/ds6_img023447_ann024539.png,1.0,1.3333333333333333,1.0,True,False,False,True,False,True,True,area_outlier,,
ds6_img023471_ann024563,100000,ds6,23471,24563,02_extracted/uang/100000/ds6_img023471_ann024563.png,1.0,0.74375,0.9916666666666667,True,False,False,True,False,True,True,area_outlier,,
ds6_img023481_ann024573,50000,ds6,23481,24573,02_extracted/uang/50000/ds6_img023481_ann024573.png,1.0,0.5393068469991547,0.5250458956202465,True,False,False,False,True,False,True,random_5pct,,
ds6_img023493_ann024585,100000,ds6,23493,24585,02_extracted/uang/100000/ds6_img023493_ann024585.png,1.0,1.3333333333333333,1.0,True,False,False,True,False,True,True,area_outlier,,
ds6_img023498_ann024590,10000,ds6,23498,24590,02_extracted/uang/10000/ds6_img023498_ann024590.png,1.0,1.3333333333333333,1.0,True,False,False,True,False,True,True,area_outlier,,
ds6_img023539_ann024631,100000,ds6,23539,24631,02_extracted/uang/100000/ds6_img023539_ann024631.png,1.0,0.6640053226879574,0.781246875,True,False,False,False,True,False,True,random_5pct,,
ds6_img023541_ann024633,50000,ds6,23541,24633,02_extracted/uang/50000/ds6_img023541_ann024633.png,1.0,1.2683333333333333,0.95125,True,False,False,True,False,True,True,area_outlier,,
ds6_img023557_ann024649,100000,ds6,23557,24649,02_extracted/uang/100000/ds6_img023557_ann024649.png,0.9985104399580186,0.7447485677912158,0.957328125,True,False,False,False,True,False,True,random_5pct,,
ds6_img023567_ann024659,5000,ds6,23567,24659,02_extracted/uang/5000/ds6_img023567_ann024659.png,1.0,0.785063752276867,0.49295625,True,False,False,False,True,False,True,random_5pct,,
ds6_img023571_ann024663,50000,ds6,23571,24663,02_extracted/uang/50000/ds6_img023571_ann024663.png,1.0,0.7498436522826767,0.9985421875,True,False,False,True,False,True,True,area_outlier,,
ds6_img023582_ann024674,50000,ds6,23582,24674,02_extracted/uang/50000/ds6_img023582_ann024674.png,1.0,2.6986899563318776,0.3938000738782095,True,False,False,False,True,False,True,random_5pct,,
ds6_img023585_ann024677,2000,ds6,23585,24677,02_extracted/uang/2000/ds6_img023585_ann024677.png,1.0,1.323943661971831,0.101837158203125,True,False,False,False,True,False,True,random_5pct,,
ds6_img023603_ann024695,50000,ds6,23603,24695,02_extracted/uang/50000/ds6_img023603_ann024695.png,1.0,0.75,1.0,True,False,False,True,False,True,True,area_outlier,,
ds6_img023623_ann024715,5000,ds6,23623,24715,02_extracted/uang/5000/ds6_img023623_ann024715.png,1.0,1.3191666666666666,0.989375,True,False,False,True,False,True,True,area_outlier,,
ds6_img023636_ann024728,2000,ds6,23636,24728,02_extracted/uang/2000/ds6_img023636_ann024728.png,1.0,0.6695307336417713,0.6496298048231337,True,False,False,False,True,False,True,random_5pct,,
ds6_img023653_ann024745,2000,ds6,23653,24745,02_extracted/uang/2000/ds6_img023653_ann024745.png,1.0,1.3848684210526316,0.2169867621527778,True,False,False,False,True,False,True,random_5pct,,
ds6_img023657_ann024749,100000,ds6,23657,24749,02_extracted/uang/100000/ds6_img023657_ann024749.png,1.0,1.3333333333333333,1.0,True,False,False,True,False,True,True,area_outlier,,
ds6_img023660_ann024752,50000,ds6,23660,24752,02_extracted/uang/50000/ds6_img023660_ann024752.png,1.0,0.7756948933419522,0.966875,True,False,False,True,False,True,True,area_outlier,,
ds6_img023661_ann024753,10000,ds6,23661,24753,02_extracted/uang/10000/ds6_img023661_ann024753.png,1.0,1.3333333333333333,1.0,True,False,False,True,False,True,True,area_outlier,,
ds6_img023663_ann024755,10000,ds6,23663,24755,02_extracted/uang/10000/ds6_img023663_ann024755.png,1.0,1.1365079365079365,0.528609375,True,False,False,False,True,False,True,random_5pct,,
ds6_img023666_ann024758,1000,ds6,23666,24758,02_extracted/uang/1000/ds6_img023666_ann024758.png,1.0,0.6965361445783133,0.6397916666666666,True,False,False,False,True,False,True,random_5pct,,
ds6_img023668_ann024760,50000,ds6,23668,24760,02_extracted/uang/50000/ds6_img023668_ann024760.png,1.0,1.3333333333333333,1.0,True,False,False,True,False,True,True,area_outlier,,
ds6_img023673_ann024765,50000,ds6,23673,24765,02_extracted/uang/50000/ds6_img023673_ann024765.png,1.0,0.75,1.0,True,False,False,True,False,True,True,area_outlier,,
ds6_img023676_ann024768,5000,ds6,23676,24768,02_extracted/uang/5000/ds6_img023676_ann024768.png,1.0,0.5083762886597938,0.637775,True,False,False,False,True,False,True,random_5pct,,
ds6_img023677_ann024769,1000,ds6,23677,24769,02_extracted/uang/1000/ds6_img023677_ann024769.png,1.0,0.7450331125827815,0.884765625,True,False,False,False,True,False,True,random_5pct,,
ds6_img023712_ann024804,2000,ds6,23712,24804,02_extracted/uang/2000/ds6_img023712_ann024804.png,1.0,0.7498436522826767,0.9985421875,True,False,False,True,False,True,True,area_outlier,,
ds6_img023713_ann024805,5000,ds6,23713,24805,02_extracted/uang/5000/ds6_img023713_ann024805.png,1.0,0.735,0.98,True,False,False,True,False,True,True,area_outlier,,
ds6_img023716_ann024808,5000,ds6,23716,24808,02_extracted/uang/5000/ds6_img023716_ann024808.png,1.0,0.75,1.0,True,False,False,True,False,True,True,area_outlier,,
ds6_img023727_ann024819,100000,ds6,23727,24819,02_extracted/uang/100000/ds6_img023727_ann024819.png,0.9991659716430359,0.74875,0.9983333333333333,True,False,False,True,True,True,True,area_outlier;random_5pct,,
ds6_img023740_ann024832,50000,ds6,23740,24832,02_extracted/uang/50000/ds6_img023740_ann024832.png,1.0,0.75,1.0,True,False,False,True,True,True,True,area_outlier;random_5pct,,
ds6_img023743_ann024835,20000,ds6,23743,24835,02_extracted/uang/20000/ds6_img023743_ann024835.png,1.0,0.7120701281186783,0.81565,True,False,False,False,True,False,True,random_5pct,,
ds6_img023746_ann024838,10000,ds6,23746,24838,02_extracted/uang/10000/ds6_img023746_ann024838.png,1.0,1.3333333333333333,1.0,True,False,False,True,False,True,True,area_outlier,,
ds6_img023774_ann024866,10000,ds6,23774,24866,02_extracted/uang/10000/ds6_img023774_ann024866.png,1.0,1.3333333333333333,1.0,True,False,False,True,False,True,True,area_outlier,,
ds6_img023777_ann024869,5000,ds6,23777,24869,02_extracted/uang/5000/ds6_img023777_ann024869.png,1.0,1.3075,0.980625,True,False,False,True,False,True,True,area_outlier,,
ds6_img023788_ann024880,5000,ds6,23788,24880,02_extracted/uang/5000/ds6_img023788_ann024880.png,1.0,0.74875,0.9983333333333333,True,False,False,True,False,True,True,area_outlier,,
ds6_img023799_ann024891,100000,ds6,23799,24891,02_extracted/uang/100000/ds6_img023799_ann024891.png,1.0,1.3333333333333333,1.0,True,False,False,True,False,True,True,area_outlier,,
ds6_img023809_ann024901,5000,ds6,23809,24901,02_extracted/uang/5000/ds6_img023809_ann024901.png,1.0,0.75,1.0,True,False,False,True,False,True,True,area_outlier,,
ds6_img023814_ann024906,5000,ds6,23814,24906,02_extracted/uang/5000/ds6_img023814_ann024906.png,1.0,0.749375,0.9991666666666666,True,False,False,True,False,True,True,area_outlier,,
ds6_img023815_ann024907,100000,ds6,23815,24907,02_extracted/uang/100000/ds6_img023815_ann024907.png,1.0,0.75,1.0,True,False,False,True,False,True,True,area_outlier,,
ds6_img023816_ann024908,10000,ds6,23816,24908,02_extracted/uang/10000/ds6_img023816_ann024908.png,1.0,1.3333333333333333,1.0,True,False,False,True,False,True,True,area_outlier,,
ds6_img023831_ann024923,100000,ds6,23831,24923,02_extracted/uang/100000/ds6_img023831_ann024923.png,1.0,0.6775431861804223,0.38315208333333334,True,False,False,False,True,False,True,random_5pct,,
ds6_img023843_ann024935,5000,ds6,23843,24935,02_extracted/uang/5000/ds6_img023843_ann024935.png,1.0,1.3175,0.988125,True,False,False,True,False,True,True,area_outlier,,
ds6_img023847_ann024939,10000,ds6,23847,24939,02_extracted/uang/10000/ds6_img023847_ann024939.png,1.0,1.3333333333333333,1.0,True,False,False,True,False,True,True,area_outlier,,
ds6_img023848_ann024940,100000,ds6,23848,24940,02_extracted/uang/100000/ds6_img023848_ann024940.png,1.0,1.349072512647555,0.9883333333333333,True,False,False,True,False,True,True,area_outlier,,
ds6_img023859_ann024951,50000,ds6,23859,24951,02_extracted/uang/50000/ds6_img023859_ann024951.png,1.0,1.3333333333333333,1.0,True,False,False,True,False,True,True,area_outlier,,
ds6_img023864_ann024956,100000,ds6,23864,24956,02_extracted/uang/100000/ds6_img023864_ann024956.png,1.0,0.7073170731707317,0.5208067708333334,True,False,False,False,True,False,True,random_5pct,,
ds6_img023865_ann024957,5000,ds6,23865,24957,02_extracted/uang/5000/ds6_img023865_ann024957.png,1.0,1.3559322033898304,0.9833333333333333,True,False,False,True,False,True,True,area_outlier,,
ds6_img023881_ann024973,100000,ds6,23881,24973,02_extracted/uang/100000/ds6_img023881_ann024973.png,1.0,1.3605442176870748,0.98,True,False,False,False,True,False,True,random_5pct,,
ds6_img023886_ann024978,50000,ds6,23886,24978,02_extracted/uang/50000/ds6_img023886_ann024978.png,1.0,0.45171102661596957,0.5433804915613972,True,False,False,False,True,False,True,random_5pct,,
ds6_img023887_ann024979,5000,ds6,23887,24979,02_extracted/uang/5000/ds6_img023887_ann024979.png,1.0,0.749375,0.9991666666666666,True,False,False,True,False,True,True,area_outlier,,
ds6_img023894_ann024986,5000,ds6,23894,24986,02_extracted/uang/5000/ds6_img023894_ann024986.png,1.0,1.3333333333333333,1.0,True,False,False,True,True,True,True,area_outlier;random_5pct,,
ds6_img023907_ann024999,100000,ds6,23907,24999,02_extracted/uang/100000/ds6_img023907_ann024999.png,1.0,0.9566968781470292,0.491328125,True,False,False,False,True,False,True,random_5pct,,
ds6_img023909_ann025001,5000,ds6,23909,25001,02_extracted/uang/5000/ds6_img023909_ann025001.png,1.0,1.7658823529411765,0.6645052083333334,True,False,False,False,True,False,True,random_5pct,,
ds6_img023910_ann025002,2000,ds6,23910,25002,02_extracted/uang/2000/ds6_img023910_ann025002.png,1.0,0.7425986842105263,0.5719,True,False,False,False,True,False,True,random_5pct,,
ds6_img023912_ann025004,2000,ds6,23912,25004,02_extracted/uang/2000/ds6_img023912_ann025004.png,1.0,0.75,1.0,True,False,False,True,False,True,True,area_outlier,,
ds6_img023921_ann025013,2000,ds6,23921,25013,02_extracted/uang/2000/ds6_img023921_ann025013.png,1.0,0.75,1.0,True,False,False,True,False,True,True,area_outlier,,
ds6_img023922_ann025014,100000,ds6,23922,25014,02_extracted/uang/100000/ds6_img023922_ann025014.png,1.0,2.0683403068340307,0.5538078125,True,False,False,False,True,False,True,random_5pct,,
ds6_img023936_ann025028,5000,ds6,23936,25028,02_extracted/uang/5000/ds6_img023936_ann025028.png,1.0,0.9481907894736842,0.7302333333333333,True,False,False,False,True,False,True,random_5pct,,
ds6_img023948_ann025040,5000,ds6,23948,25040,02_extracted/uang/5000/ds6_img023948_ann025040.png,1.0,0.7561436672967864,0.991875,True,False,False,True,False,True,True,area_outlier,,
ds6_img023952_ann025044,50000,ds6,23952,25044,02_extracted/uang/50000/ds6_img023952_ann025044.png,1.0,0.4164843180160467,0.544584664636755,True,False,False,False,True,False,True,random_5pct,,
ds6_img023956_ann025048,50000,ds6,23956,25048,02_extracted/uang/50000/ds6_img023956_ann025048.png,1.0,0.7498436522826767,0.9985421875,True,False,False,True,True,True,True,area_outlier;random_5pct,,
ds6_img023966_ann025058,5000,ds6,23966,25058,02_extracted/uang/5000/ds6_img023966_ann025058.png,1.0,1.3333333333333333,1.0,True,False,False,True,False,True,True,area_outlier,,
ds6_img023975_ann025067,5000,ds6,23975,25067,02_extracted/uang/5000/ds6_img023975_ann025067.png,1.0,1.3333333333333333,1.0,True,False,False,True,False,True,True,area_outlier,,
ds6_img023977_ann025069,5000,ds6,23977,25069,02_extracted/uang/5000/ds6_img023977_ann025069.png,1.0,1.3333333333333333,1.0,True,False,False,True,False,True,True,area_outlier,,
ds6_img023979_ann025071,100000,ds6,23979,25071,02_extracted/uang/100000/ds6_img023979_ann025071.png,1.0,2.261865793780687,0.43979270833333334,True,False,False,False,True,False,True,random_5pct,,
ds6_img023987_ann025079,5000,ds6,23987,25079,02_extracted/uang/5000/ds6_img023987_ann025079.png,1.0,0.75,1.0,True,False,False,True,False,True,True,area_outlier,,
ds6_img024002_ann025094,5000,ds6,24002,25094,02_extracted/uang/5000/ds6_img024002_ann025094.png,1.0,0.5324532453245324,0.358037109375,True,False,False,False,True,False,True,random_5pct,,
ds6_img024015_ann025107,100000,ds6,24015,25107,02_extracted/uang/100000/ds6_img024015_ann025107.png,1.0,0.4990583804143126,0.29315625,True,False,False,False,True,False,True,random_5pct,,
ds6_img024016_ann025108,100000,ds6,24016,25108,02_extracted/uang/100000/ds6_img024016_ann025108.png,1.0,0.7479674796747967,0.99604375,True,False,False,True,False,True,True,area_outlier,,
ds6_img024021_ann025113,1000,ds6,24021,25113,02_extracted/uang/1000/ds6_img024021_ann025113.png,1.0,1.3333333333333333,1.0,True,False,False,False,True,False,True,random_5pct,,
ds6_img024023_ann025115,5000,ds6,24023,25115,02_extracted/uang/5000/ds6_img024023_ann025115.png,1.0,1.3308333333333333,0.998125,True,False,False,True,False,True,True,area_outlier,,
ds6_img024029_ann025121,10000,ds6,24029,25121,02_extracted/uang/10000/ds6_img024029_ann025121.png,1.0,0.8754789272030651,0.4969875,True,False,False,False,True,False,True,random_5pct,,
ds6_img024033_ann025125,2000,ds6,24033,25125,02_extracted/uang/2000/ds6_img024033_ann025125.png,1.0,0.75,1.0,True,False,False,True,True,True,True,area_outlier;random_5pct,,
ds6_img024034_ann025126,5000,ds6,24034,25126,02_extracted/uang/5000/ds6_img024034_ann025126.png,1.0,1.3333333333333333,1.0,True,False,False,True,False,True,True,area_outlier,,
ds6_img024037_ann025129,2000,ds6,24037,25129,02_extracted/uang/2000/ds6_img024037_ann025129.png,1.0,0.7325,0.9766666666666667,True,False,False,True,False,True,True,area_outlier,,
ds6_img024039_ann025131,5000,ds6,24039,25131,02_extracted/uang/5000/ds6_img024039_ann025131.png,1.0,1.3333333333333333,1.0,True,False,False,True,False,True,True,area_outlier,,
ds6_img024041_ann025133,100000,ds6,24041,25133,02_extracted/uang/100000/ds6_img024041_ann025133.png,1.0,1.3333333333333333,1.0,True,False,False,True,False,True,True,area_outlier,,
ds6_img024055_ann025147,100000,ds6,24055,25147,02_extracted/uang/100000/ds6_img024055_ann025147.png,1.0,1.332220367278798,0.9958375,True,False,False,True,False,True,True,area_outlier,,
ds6_img024060_ann025152,100000,ds6,24060,25152,02_extracted/uang/100000/ds6_img024060_ann025152.png,1.0,1.3333333333333333,1.0,True,False,False,True,False,True,True,area_outlier,,
ds6_img024068_ann025160,5000,ds6,24068,25160,02_extracted/uang/5000/ds6_img024068_ann025160.png,1.0,0.749375,0.9991666666666666,True,False,False,True,False,True,True,area_outlier,,
ds6_img024082_ann025174,100000,ds6,24082,25174,02_extracted/uang/100000/ds6_img024082_ann025174.png,1.0,0.75,1.0,True,False,False,True,False,True,True,area_outlier,,
ds6_img024112_ann025204,10000,ds6,24112,25204,02_extracted/uang/10000/ds6_img024112_ann025204.png,1.0,0.5428816466552315,0.5134452080381161,True,False,False,False,True,False,True,random_5pct,,
ds6_img024119_ann025211,10000,ds6,24119,25211,02_extracted/uang/10000/ds6_img024119_ann025211.png,1.0,1.2574955908289243,0.2105578125,True,False,False,False,True,False,True,random_5pct,,
ds6_img024120_ann025212,2000,ds6,24120,25212,02_extracted/uang/2000/ds6_img024120_ann025212.png,1.0,0.749375,0.9991666666666666,True,False,False,True,False,True,True,area_outlier,,
ds6_img024125_ann025217,1000,ds6,24125,25217,02_extracted/uang/1000/ds6_img024125_ann025217.png,1.0,1.0452961672473868,0.7175,True,False,False,False,True,False,True,random_5pct,,
ds6_img024126_ann025218,100000,ds6,24126,25218,02_extracted/uang/100000/ds6_img024126_ann025218.png,1.0,1.3325,0.999375,True,False,False,True,False,True,True,area_outlier,,
ds6_img024144_ann025236,50000,ds6,24144,25236,02_extracted/uang/50000/ds6_img024144_ann025236.png,1.0,1.33,0.9975,True,False,False,True,False,True,True,area_outlier,,
ds6_img024156_ann025248,10000,ds6,24156,25248,02_extracted/uang/10000/ds6_img024156_ann025248.png,1.0,0.9799196787148594,0.5063,True,False,False,False,True,False,True,random_5pct,,
ds6_img024176_ann025268,50000,ds6,24176,25268,02_extracted/uang/50000/ds6_img024176_ann025268.png,1.0,1.4324324324324325,0.91921875,True,False,False,True,False,True,True,area_outlier,,
ds6_img024188_ann025280,5000,ds6,24188,25280,02_extracted/uang/5000/ds6_img024188_ann025280.png,1.0,1.3333333333333333,1.0,True,False,False,True,False,True,True,area_outlier,,
ds6_img024199_ann025291,20000,ds6,24199,25291,02_extracted/uang/20000/ds6_img024199_ann025291.png,1.0,0.5703125,0.6488888888888888,True,False,False,False,True,False,True,random_5pct,,
ds6_img024202_ann025294,100000,ds6,24202,25294,02_extracted/uang/100000/ds6_img024202_ann025294.png,1.0,1.341729638958858,0.991259375,True,False,False,True,False,True,True,area_outlier,,
ds6_img024205_ann025297,50000,ds6,24205,25297,02_extracted/uang/50000/ds6_img024205_ann025297.png,1.0,1.2525,0.939375,True,False,False,True,False,True,True,area_outlier,,
ds6_img024209_ann025301,50000,ds6,24209,25301,02_extracted/uang/50000/ds6_img024209_ann025301.png,1.0,1.2433333333333334,0.9325,True,False,False,True,False,True,True,area_outlier,,
ds6_img024214_ann025306,5000,ds6,24214,25306,02_extracted/uang/5000/ds6_img024214_ann025306.png,1.0,0.516386182462356,0.3428161458333333,True,False,False,False,True,False,True,random_5pct,,
ds6_img024224_ann025316,5000,ds6,24224,25316,02_extracted/uang/5000/ds6_img024224_ann025316.png,1.0,1.3333333333333333,1.0,True,False,False,True,False,True,True,area_outlier,,
ds6_img024244_ann025336,5000,ds6,24244,25336,02_extracted/uang/5000/ds6_img024244_ann025336.png,1.0,1.315,0.98625,True,False,False,True,False,True,True,area_outlier,,
ds6_img024245_ann025337,5000,ds6,24245,25337,02_extracted/uang/5000/ds6_img024245_ann025337.png,0.9993377483443708,1.2575,0.943125,True,False,False,False,True,False,True,random_5pct,,
ds6_img024273_ann025365,50000,ds6,24273,25365,02_extracted/uang/50000/ds6_img024273_ann025365.png,1.0,1.3333333333333333,1.0,True,False,False,True,False,True,True,area_outlier,,
ds6_img024287_ann025379,1000,ds6,24287,25379,02_extracted/uang/1000/ds6_img024287_ann025379.png,1.0,1.2916235780765253,0.6290536458333333,True,False,False,False,True,False,True,random_5pct,,
ds6_img024289_ann025381,50000,ds6,24289,25381,02_extracted/uang/50000/ds6_img024289_ann025381.png,1.0,0.6098418277680141,0.4113395833333333,True,False,False,False,True,False,True,random_5pct,,
ds6_img024296_ann025388,20000,ds6,24296,25388,02_extracted/uang/20000/ds6_img024296_ann025388.png,1.0,0.9429347826086957,0.26603333333333334,True,False,False,False,True,False,True,random_5pct,,
ds6_img024301_ann025393,50000,ds6,24301,25393,02_extracted/uang/50000/ds6_img024301_ann025393.png,1.0,1.3333333333333333,1.0,True,False,False,True,False,True,True,area_outlier,,
ds6_img024307_ann025399,50000,ds6,24307,25399,02_extracted/uang/50000/ds6_img024307_ann025399.png,1.0,0.585554600171969,0.4125015625,True,False,False,False,True,False,True,random_5pct,,
ds6_img024316_ann025408,5000,ds6,24316,25408,02_extracted/uang/5000/ds6_img024316_ann025408.png,1.0,1.2272262026612077,0.6101161458333333,True,False,False,False,True,False,True,random_5pct,,
ds6_img024320_ann025412,5000,ds6,24320,25412,02_extracted/uang/5000/ds6_img024320_ann025412.png,1.0,1.3900955690703736,0.9591666666666666,True,False,False,True,False,True,True,area_outlier,,
ds6_img024372_ann025464,2000,ds6,24372,25464,02_extracted/uang/2000/ds6_img024372_ann025464.png,1.0,0.75,1.0,True,False,False,True,False,True,True,area_outlier,,
ds6_img024380_ann025472,5000,ds6,24380,25472,02_extracted/uang/5000/ds6_img024380_ann025472.png,1.0,0.7936962750716332,0.8056083333333334,True,False,False,False,True,False,True,random_5pct,,
ds6_img024381_ann025473,5000,ds6,24381,25473,02_extracted/uang/5000/ds6_img024381_ann025473.png,1.0,0.749375,0.9991666666666666,True,False,False,True,False,True,True,area_outlier,,
ds6_img024389_ann025481,2000,ds6,24389,25481,02_extracted/uang/2000/ds6_img024389_ann025481.png,1.0,1.13345521023766,0.1437462700737847,True,False,False,False,True,False,True,random_5pct,,
ds6_img024393_ann025485,100000,ds6,24393,25485,02_extracted/uang/100000/ds6_img024393_ann025485.png,1.0,2.2598870056497176,1.0,True,False,False,True,False,True,True,area_outlier,,
ds6_img024398_ann025490,5000,ds6,24398,25490,02_extracted/uang/5000/ds6_img024398_ann025490.png,1.0,0.75,1.0,True,False,False,True,False,True,True,area_outlier,,
ds6_img024417_ann025509,5000,ds6,24417,25509,02_extracted/uang/5000/ds6_img024417_ann025509.png,1.0,1.3325,0.999375,True,False,False,True,False,True,True,area_outlier,,
ds6_img024429_ann025521,20000,ds6,24429,25521,02_extracted/uang/20000/ds6_img024429_ann025521.png,1.0,1.3333333333333333,1.0,True,False,False,False,True,False,True,random_5pct,,
ds6_img024454_ann025546,2000,ds6,24454,25546,02_extracted/uang/2000/ds6_img024454_ann025546.png,1.0,0.9541446208112875,0.13001632690429688,True,False,False,False,True,False,True,random_5pct,,
ds6_img024457_ann025549,100000,ds6,24457,25549,02_extracted/uang/100000/ds6_img024457_ann025549.png,1.0,1.15,0.698625,True,False,False,False,True,False,True,random_5pct,,
ds6_img024471_ann025563,5000,ds6,24471,25563,02_extracted/uang/5000/ds6_img024471_ann025563.png,1.0,0.75,1.0,True,False,False,True,False,True,True,area_outlier,,
ds6_img024488_ann025580,5000,ds6,24488,25580,02_extracted/uang/5000/ds6_img024488_ann025580.png,1.0,0.75,1.0,True,False,False,True,False,True,True,area_outlier,,
ds6_img024502_ann025594,5000,ds6,24502,25594,02_extracted/uang/5000/ds6_img024502_ann025594.png,1.0,1.3844155844155843,0.9618984375,True,False,False,True,False,True,True,area_outlier,,
ds6_img024512_ann025604,50000,ds6,24512,25604,02_extracted/uang/50000/ds6_img024512_ann025604.png,1.0,0.7970890410958904,0.5663583333333333,True,False,False,False,True,False,True,random_5pct,,
ds6_img024519_ann025611,10000,ds6,24519,25611,02_extracted/uang/10000/ds6_img024519_ann025611.png,1.0,1.7325949367088607,0.3604375,True,False,False,False,True,False,True,random_5pct,,
ds6_img024538_ann025630,100000,ds6,24538,25630,02_extracted/uang/100000/ds6_img024538_ann025630.png,1.0,1.3333333333333333,1.0,True,False,False,True,False,True,True,area_outlier,,
ds6_img024540_ann025632,5000,ds6,24540,25632,02_extracted/uang/5000/ds6_img024540_ann025632.png,1.0,0.633125,0.8441666666666666,True,False,False,False,True,False,True,random_5pct,,
ds6_img024559_ann025651,100000,ds6,24559,25651,02_extracted/uang/100000/ds6_img024559_ann025651.png,1.0,1.3333333333333333,1.0,True,False,False,True,False,True,True,area_outlier,,
ds6_img024584_ann025676,50000,ds6,24584,25676,02_extracted/uang/50000/ds6_img024584_ann025676.png,1.0,1.3333333333333333,1.0,True,False,False,True,False,True,True,area_outlier,,
ds6_img024591_ann025683,1000,ds6,24591,25683,02_extracted/uang/1000/ds6_img024591_ann025683.png,1.0,1.3333333333333333,1.0,True,False,False,False,True,False,True,random_5pct,,
ds6_img024606_ann025698,2000,ds6,24606,25698,02_extracted/uang/2000/ds6_img024606_ann025698.png,1.0,0.75,1.0,True,False,False,True,False,True,True,area_outlier,,
ds6_img024615_ann025707,50000,ds6,24615,25707,02_extracted/uang/50000/ds6_img024615_ann025707.png,1.0,0.75,1.0,True,False,False,True,False,True,True,area_outlier,,
ds6_img024618_ann025710,100000,ds6,24618,25710,02_extracted/uang/100000/ds6_img024618_ann025710.png,1.0,1.9819444444444445,0.535125,True,False,False,False,True,False,True,random_5pct,,
ds6_img024636_ann025728,10000,ds6,24636,25728,02_extracted/uang/10000/ds6_img024636_ann025728.png,1.0,1.3333333333333333,1.0,True,False,False,True,False,True,True,area_outlier,,
ds6_img024640_ann025732,5000,ds6,24640,25732,02_extracted/uang/5000/ds6_img024640_ann025732.png,1.0,0.75,1.0,True,False,False,True,False,True,True,area_outlier,,
ds6_img024643_ann025735,50000,ds6,24643,25735,02_extracted/uang/50000/ds6_img024643_ann025735.png,1.0,0.75,1.0,True,False,False,True,False,True,True,area_outlier,,
ds6_img024648_ann025740,10000,ds6,24648,25740,02_extracted/uang/10000/ds6_img024648_ann025740.png,1.0,1.3333333333333333,1.0,True,False,False,True,False,True,True,area_outlier,,
ds6_img024651_ann025743,50000,ds6,24651,25743,02_extracted/uang/50000/ds6_img024651_ann025743.png,1.0,0.7617534942820838,0.9829302083333333,True,False,False,True,True,True,True,area_outlier;random_5pct,,
ds6_img024662_ann025754,10000,ds6,24662,25754,02_extracted/uang/10000/ds6_img024662_ann025754.png,0.9993560849967804,2.0077619663648125,0.6248416666666666,True,False,False,False,True,False,True,random_5pct,,
ds6_img024667_ann025759,5000,ds6,24667,25759,02_extracted/uang/5000/ds6_img024667_ann025759.png,1.0,0.749375,0.9991666666666666,True,False,False,True,False,True,True,area_outlier,,
ds6_img024689_ann025781,5000,ds6,24689,25781,02_extracted/uang/5000/ds6_img024689_ann025781.png,1.0,0.8179959100204499,0.916875,True,False,False,False,True,False,True,random_5pct,,
ds6_img024700_ann025792,10000,ds6,24700,25792,02_extracted/uang/10000/ds6_img024700_ann025792.png,1.0,1.2490660024906601,0.41948385416666667,True,False,False,False,True,False,True,random_5pct,,
ds6_img024701_ann025793,10000,ds6,24701,25793,02_extracted/uang/10000/ds6_img024701_ann025793.png,1.0,1.2014925373134329,0.4045125,True,False,False,False,True,False,True,random_5pct,,
ds6_img024706_ann025798,50000,ds6,24706,25798,02_extracted/uang/50000/ds6_img024706_ann025798.png,1.0,1.5961968680089484,0.664446875,True,False,False,False,True,False,True,random_5pct,,
ds6_img024709_ann025801,100000,ds6,24709,25801,02_extracted/uang/100000/ds6_img024709_ann025801.png,1.0,1.3333333333333333,1.0,True,False,False,True,False,True,True,area_outlier,,
ds6_img024710_ann025802,50000,ds6,24710,25802,02_extracted/uang/50000/ds6_img024710_ann025802.png,1.0,0.75,1.0,True,False,False,True,False,True,True,area_outlier,,
ds6_img024727_ann025819,50000,ds6,24727,25819,02_extracted/uang/50000/ds6_img024727_ann025819.png,1.0,1.2833333333333334,0.9625,True,False,False,True,False,True,True,area_outlier,,
ds6_img024730_ann025822,5000,ds6,24730,25822,02_extracted/uang/5000/ds6_img024730_ann025822.png,1.0,1.3333333333333333,1.0,True,False,False,True,False,True,True,area_outlier,,
ds6_img024733_ann025825,10000,ds6,24733,25825,02_extracted/uang/10000/ds6_img024733_ann025825.png,1.0,1.3333333333333333,1.0,True,False,False,True,False,True,True,area_outlier,,
ds6_img024738_ann025830,100000,ds6,24738,25830,02_extracted/uang/100000/ds6_img024738_ann025830.png,1.0,0.7619047619047619,0.984375,True,False,False,True,False,True,True,area_outlier,,
ds6_img024743_ann025835,10000,ds6,24743,25835,02_extracted/uang/10000/ds6_img024743_ann025835.png,1.0,0.749375,0.9991666666666666,True,False,False,True,False,True,True,area_outlier,,
ds6_img024748_ann025840,5000,ds6,24748,25840,02_extracted/uang/5000/ds6_img024748_ann025840.png,1.0,1.3333333333333333,1.0,True,False,False,True,False,True,True,area_outlier,,
ds6_img024761_ann025853,10000,ds6,24761,25853,02_extracted/uang/10000/ds6_img024761_ann025853.png,1.0,1.3333333333333333,1.0,True,False,False,True,False,True,True,area_outlier,,
ds6_img024763_ann025855,100000,ds6,24763,25855,02_extracted/uang/100000/ds6_img024763_ann025855.png,1.0,1.3425692695214106,0.9918796875,True,False,False,True,False,True,True,area_outlier,,
ds6_img024783_ann025875,50000,ds6,24783,25875,02_extracted/uang/50000/ds6_img024783_ann025875.png,1.0,1.3333333333333333,1.0,True,False,False,True,False,True,True,area_outlier,,
ds6_img024789_ann025881,50000,ds6,24789,25881,02_extracted/uang/50000/ds6_img024789_ann025881.png,1.0,1.3333333333333333,1.0,True,False,False,True,False,True,True,area_outlier,,
ds6_img024792_ann025884,5000,ds6,24792,25884,02_extracted/uang/5000/ds6_img024792_ann025884.png,1.0,0.7528230865746549,0.99625,True,False,False,True,False,True,True,area_outlier,,
ds6_img024795_ann025887,5000,ds6,24795,25887,02_extracted/uang/5000/ds6_img024795_ann025887.png,0.9991079393398751,1.4214285714285715,0.9286666666666666,True,False,False,False,True,False,True,random_5pct,,
ds6_img024801_ann025893,100000,ds6,24801,25893,02_extracted/uang/100000/ds6_img024801_ann025893.png,1.0,1.3325,0.999375,True,False,False,True,False,True,True,area_outlier,,
ds6_img024823_ann025915,2000,ds6,24823,25915,02_extracted/uang/2000/ds6_img024823_ann025915.png,1.0,0.7492182614133833,0.997709375,True,False,False,True,False,True,True,area_outlier,,
ds6_img024831_ann025923,100000,ds6,24831,25923,02_extracted/uang/100000/ds6_img024831_ann025923.png,1.0,0.5098425196850394,0.27410833333333334,True,False,False,False,True,False,True,random_5pct,,
ds6_img024832_ann025924,2000,ds6,24832,25924,02_extracted/uang/2000/ds6_img024832_ann025924.png,1.0,0.75,1.0,True,False,False,True,False,True,True,area_outlier,,
ds6_img024839_ann025931,50000,ds6,24839,25931,02_extracted/uang/50000/ds6_img024839_ann025931.png,1.0,1.3333333333333333,1.0,True,False,False,True,False,True,True,area_outlier,,
ds6_img024840_ann025932,50000,ds6,24840,25932,02_extracted/uang/50000/ds6_img024840_ann025932.png,1.0,1.3325,0.999375,True,False,False,True,False,True,True,area_outlier,,
ds6_img024850_ann025942,50000,ds6,24850,25942,02_extracted/uang/50000/ds6_img024850_ann025942.png,1.0,1.2841666666666667,0.963125,True,False,False,True,False,True,True,area_outlier,,
ds6_img024878_ann025970,100000,ds6,24878,25970,02_extracted/uang/100000/ds6_img024878_ann025970.png,1.0,1.3333333333333333,1.0,True,False,False,True,False,True,True,area_outlier,,
ds6_img024880_ann025972,100000,ds6,24880,25972,02_extracted/uang/100000/ds6_img024880_ann025972.png,1.0,1.5667022411953042,0.7164145833333333,True,False,False,False,True,False,True,random_5pct,,
ds6_img024898_ann025990,1000,ds6,24898,25990,02_extracted/uang/1000/ds6_img024898_ann025990.png,1.0,1.0100083402835696,0.7562442708333333,True,False,False,False,True,False,True,random_5pct,,
ds6_img024901_ann025993,10000,ds6,24901,25993,02_extracted/uang/10000/ds6_img024901_ann025993.png,1.0,1.3333333333333333,1.0,True,False,False,True,True,True,True,area_outlier;random_5pct,,
ds6_img024909_ann026001,5000,ds6,24909,26001,02_extracted/uang/5000/ds6_img024909_ann026001.png,1.0,0.7677543186180422,0.976875,True,False,False,True,False,True,True,area_outlier,,
ds6_img024924_ann026016,5000,ds6,24924,26016,02_extracted/uang/5000/ds6_img024924_ann026016.png,1.0,1.3333333333333333,1.0,True,False,False,True,False,True,True,area_outlier,,
ds6_img024940_ann026032,5000,ds6,24940,26032,02_extracted/uang/5000/ds6_img024940_ann026032.png,1.0,0.7058823529411765,0.3825,True,False,False,False,True,False,True,random_5pct,,
ds6_img024946_ann026038,20000,ds6,24946,26038,02_extracted/uang/20000/ds6_img024946_ann026038.png,1.0,1.611672278338945,0.66639375,True,False,False,False,True,False,True,random_5pct,,
ds6_img024962_ann026054,10000,ds6,24962,26054,02_extracted/uang/10000/ds6_img024962_ann026054.png,1.0,1.3333333333333333,1.0,True,False,False,True,True,True,True,area_outlier;random_5pct,,
ds6_img024968_ann026060,10000,ds6,24968,26060,02_extracted/uang/10000/ds6_img024968_ann026060.png,1.0,1.3325,0.999375,True,False,False,True,False,True,True,area_outlier,,
ds6_img024970_ann026062,5000,ds6,24970,26062,02_extracted/uang/5000/ds6_img024970_ann026062.png,0.9993710691823899,0.7551919446192574,0.993125,True,False,False,True,False,True,True,area_outlier,,
ds6_img024972_ann026064,10000,ds6,24972,26064,02_extracted/uang/10000/ds6_img024972_ann026064.png,1.0,0.5313404050144648,0.29759739583333333,True,False,False,False,True,False,True,random_5pct,,
ds6_img024973_ann026065,5000,ds6,24973,26065,02_extracted/uang/5000/ds6_img024973_ann026065.png,1.0,1.3757523645743766,0.9691666666666666,True,False,False,True,False,True,True,area_outlier,,
ds6_img024997_ann026089,100000,ds6,24997,26089,02_extracted/uang/100000/ds6_img024997_ann026089.png,1.0,0.7550377833753149,0.9916729166666667,True,False,False,True,False,True,True,area_outlier,,
ds6_img025010_ann026102,10000,ds6,25010,26102,02_extracted/uang/10000/ds6_img025010_ann026102.png,1.0,1.3325,0.999375,True,False,False,True,False,True,True,area_outlier,,
ds6_img025011_ann026103,20000,ds6,25011,26103,02_extracted/uang/20000/ds6_img025011_ann026103.png,1.0,0.5553997194950911,0.588225,True,False,False,False,True,False,True,random_5pct,,
ds6_img025017_ann026109,100000,ds6,25017,26109,02_extracted/uang/100000/ds6_img025017_ann026109.png,1.0,0.75,1.0,True,False,False,True,False,True,True,area_outlier,,
ds6_img025027_ann026119,2000,ds6,25027,26119,02_extracted/uang/2000/ds6_img025027_ann026119.png,1.0,1.2568493150684932,0.11628038194444444,True,False,False,False,True,False,True,random_5pct,,
ds6_img025028_ann026120,2000,ds6,25028,26120,02_extracted/uang/2000/ds6_img025028_ann026120.png,1.0,0.9302325581395349,0.18663194444444445,True,False,False,False,True,False,True,random_5pct,,
ds6_img025040_ann026132,100000,ds6,25040,26132,02_extracted/uang/100000/ds6_img025040_ann026132.png,1.0,0.6045531197301856,0.442896875,True,False,False,False,True,False,True,random_5pct,,
ds6_img025050_ann026142,1000,ds6,25050,26142,02_extracted/uang/1000/ds6_img025050_ann026142.png,1.0,0.6191989828353465,0.7979697916666667,True,False,False,False,True,False,True,random_5pct,,
ds6_img025058_ann026150,5000,ds6,25058,26150,02_extracted/uang/5000/ds6_img025058_ann026150.png,1.0,0.5976331360946746,0.7200984375,True,False,False,False,True,False,True,random_5pct,,
ds6_img025083_ann026175,10000,ds6,25083,26175,02_extracted/uang/10000/ds6_img025083_ann026175.png,1.0,1.291,0.6723958333333333,True,False,False,False,True,False,True,random_5pct,,
ds6_img025101_ann026193,100000,ds6,25101,26193,02_extracted/uang/100000/ds6_img025101_ann026193.png,1.0,0.749375,0.9991666666666666,True,False,False,True,False,True,True,area_outlier,,
ds6_img025103_ann026195,2000,ds6,25103,26195,02_extracted/uang/2000/ds6_img025103_ann026195.png,1.0,1.3633004926108374,0.46816875,True,False,False,False,True,False,True,random_5pct,,
ds6_img025107_ann026199,100000,ds6,25107,26199,02_extracted/uang/100000/ds6_img025107_ann026199.png,1.0,0.9620018535681186,0.583334375,True,False,False,False,True,False,True,random_5pct,,
ds6_img025110_ann026202,50000,ds6,25110,26202,02_extracted/uang/50000/ds6_img025110_ann026202.png,1.0,0.4197019867549669,0.42605605143926856,True,False,False,False,True,False,True,random_5pct,,
ds6_img025145_ann026237,5000,ds6,25145,26237,02_extracted/uang/5000/ds6_img025145_ann026237.png,1.0,0.7517241379310344,0.9960442708333334,True,False,False,True,False,True,True,area_outlier,,
ds6_img025160_ann026252,50000,ds6,25160,26252,02_extracted/uang/50000/ds6_img025160_ann026252.png,1.0,0.7710610932475884,0.9710651041666667,True,False,False,True,False,True,True,area_outlier,,
ds6_img025166_ann026258,10000,ds6,25166,26258,02_extracted/uang/10000/ds6_img025166_ann026258.png,1.0,0.6401209677419355,0.32808333333333334,True,False,False,False,True,False,True,random_5pct,,
ds6_img025170_ann026262,5000,ds6,25170,26262,02_extracted/uang/5000/ds6_img025170_ann026262.png,1.0,0.7653061224489796,0.98,True,False,False,True,False,True,True,area_outlier,,
ds6_img025175_ann026267,100000,ds6,25175,26267,02_extracted/uang/100000/ds6_img025175_ann026267.png,1.0,1.3333333333333333,1.0,True,False,False,True,False,True,True,area_outlier,,
ds6_img025193_ann026285,5000,ds6,25193,26285,02_extracted/uang/5000/ds6_img025193_ann026285.png,0.9991624790619765,0.745625,0.9941666666666666,True,False,False,True,False,True,True,area_outlier,,
ds6_img025205_ann026297,5000,ds6,25205,26297,02_extracted/uang/5000/ds6_img025205_ann026297.png,1.0,0.5855472901168969,0.4219490559895833,True,False,False,False,True,False,True,random_5pct,,
ds6_img025210_ann026302,10000,ds6,25210,26302,02_extracted/uang/10000/ds6_img025210_ann026302.png,1.0,1.5596330275229358,0.3474375,True,False,False,False,True,False,True,random_5pct,,
ds6_img025235_ann026327,50000,ds6,25235,26327,02_extracted/uang/50000/ds6_img025235_ann026327.png,1.0,0.75,1.0,True,False,False,True,False,True,True,area_outlier,,
ds6_img025245_ann026338,100000,ds6,25245,26338,02_extracted/uang/100000/ds6_img025245_ann026338.png,1.0,6.367021276595745,0.11720625,True,False,True,False,False,True,True,aspect_outlier,,
ds6_img025262_ann026357,20000,ds6,25262,26357,02_extracted/uang/20000/ds6_img025262_ann026357.png,1.0,2.1596516690856316,0.533975,True,False,False,False,True,False,True,random_5pct,,
ds6_img025273_ann026368,2000,ds6,25273,26368,02_extracted/uang/2000/ds6_img025273_ann026368.png,1.0,1.1872561768530558,0.2975875006781684,True,False,False,False,True,False,True,random_5pct,,
ds6_img025282_ann026377,10000,ds6,25282,26377,02_extracted/uang/10000/ds6_img025282_ann026377.png,1.0,1.3333333333333333,1.0,True,False,False,True,False,True,True,area_outlier,,
ds6_img025289_ann026384,5000,ds6,25289,26384,02_extracted/uang/5000/ds6_img025289_ann026384.png,1.0,0.7514088916718847,0.998125,True,False,False,True,False,True,True,area_outlier,,
ds6_img025294_ann026389,20000,ds6,25294,26389,02_extracted/uang/20000/ds6_img025294_ann026389.png,1.0,1.0070175438596491,0.3834140625,True,False,False,False,True,False,True,random_5pct,,
ds6_img025299_ann026394,100000,ds6,25299,26394,02_extracted/uang/100000/ds6_img025299_ann026394.png,1.0,1.3333333333333333,1.0,True,False,False,True,False,True,True,area_outlier,,
ds6_img025306_ann026401,5000,ds6,25306,26401,02_extracted/uang/5000/ds6_img025306_ann026401.png,1.0,0.75,1.0,True,False,False,True,False,True,True,area_outlier,,
ds6_img025307_ann026402,2000,ds6,25307,26402,02_extracted/uang/2000/ds6_img025307_ann026402.png,1.0,0.75,1.0,True,False,False,True,True,True,True,area_outlier;random_5pct,,
ds6_img025316_ann026411,5000,ds6,25316,26411,02_extracted/uang/5000/ds6_img025316_ann026411.png,1.0,0.75,1.0,True,False,False,True,False,True,True,area_outlier,,
ds6_img025327_ann026422,5000,ds6,25327,26422,02_extracted/uang/5000/ds6_img025327_ann026422.png,1.0,1.3160967472894078,0.985428125,True,False,False,True,False,True,True,area_outlier,,
ds6_img025338_ann026433,50000,ds6,25338,26433,02_extracted/uang/50000/ds6_img025338_ann026433.png,0.9991349480968859,1.3532467532467531,0.9402421875,True,False,False,True,False,True,True,area_outlier,,
ds6_img025341_ann026436,5000,ds6,25341,26436,02_extracted/uang/5000/ds6_img025341_ann026436.png,1.0,1.3333333333333333,1.0,True,False,False,True,False,True,True,area_outlier,,
ds6_img025344_ann026439,100000,ds6,25344,26439,02_extracted/uang/100000/ds6_img025344_ann026439.png,1.0,1.3333333333333333,1.0,True,False,False,True,False,True,True,area_outlier,,
ds6_img025360_ann026455,50000,ds6,25360,26455,02_extracted/uang/50000/ds6_img025360_ann026455.png,1.0,1.3333333333333333,1.0,True,False,False,True,False,True,True,area_outlier,,
ds6_img025375_ann026470,5000,ds6,25375,26470,02_extracted/uang/5000/ds6_img025375_ann026470.png,1.0,0.75,1.0,True,False,False,True,False,True,True,area_outlier,,
ds6_img025399_ann026494,100000,ds6,25399,26494,02_extracted/uang/100000/ds6_img025399_ann026494.png,1.0,1.9727272727272727,0.31080729166666665,True,False,False,False,True,False,True,random_5pct,,
ds6_img025406_ann026501,50000,ds6,25406,26501,02_extracted/uang/50000/ds6_img025406_ann026501.png,1.0,0.7989347536617842,0.93875,True,False,False,True,False,True,True,area_outlier,,
ds6_img025423_ann026518,50000,ds6,25423,26518,02_extracted/uang/50000/ds6_img025423_ann026518.png,1.0,1.2735613010842368,0.9535796875,True,False,False,True,False,True,True,area_outlier,,
ds6_img025427_ann026522,100000,ds6,25427,26522,02_extracted/uang/100000/ds6_img025427_ann026522.png,1.0,1.812407680945347,0.4326453125,True,False,False,False,True,False,True,random_5pct,,
ds6_img025435_ann026530,50000,ds6,25435,26530,02_extracted/uang/50000/ds6_img025435_ann026530.png,1.0,1.3016666666666667,0.97625,True,False,False,True,False,True,True,area_outlier,,
ds6_img025455_ann026550,10000,ds6,25455,26550,02_extracted/uang/10000/ds6_img025455_ann026550.png,1.0,0.75,1.0,True,False,False,True,False,True,True,area_outlier,,
ds6_img025459_ann026554,50000,ds6,25459,26554,02_extracted/uang/50000/ds6_img025459_ann026554.png,1.0,1.3308333333333333,0.998125,True,False,False,True,False,True,True,area_outlier,,
ds6_img025484_ann026579,5000,ds6,25484,26579,02_extracted/uang/5000/ds6_img025484_ann026579.png,1.0,0.7225,0.9633333333333334,True,False,False,True,False,True,True,area_outlier,,
ds6_img025487_ann026582,10000,ds6,25487,26582,02_extracted/uang/10000/ds6_img025487_ann026582.png,1.0,0.9216666666666666,0.69125,True,False,False,False,True,False,True,random_5pct,,
ds6_img025488_ann026583,20000,ds6,25488,26583,02_extracted/uang/20000/ds6_img025488_ann026583.png,1.0,1.1689723320158103,0.6235395833333334,True,False,False,False,True,False,True,random_5pct,,
ds6_img025492_ann026587,100000,ds6,25492,26587,02_extracted/uang/100000/ds6_img025492_ann026587.png,1.0,0.5288461538461539,0.29791666666666666,True,False,False,False,True,False,True,random_5pct,,
ds6_img025492_ann026588,100000,ds6,25492,26588,02_extracted/uang/100000/ds6_img025492_ann026588.png,1.0,4.78,0.15559895833333334,True,False,True,False,False,True,True,aspect_outlier,,
ds6_img025492_ann026590,100000,ds6,25492,26590,02_extracted/uang/100000/ds6_img025492_ann026590.png,1.0,0.7633587786259542,0.9825,True,False,False,True,False,True,True,area_outlier,,
ds6_img025512_ann026610,2000,ds6,25512,26610,02_extracted/uang/2000/ds6_img025512_ann026610.png,1.0,0.75,1.0,True,False,False,True,False,True,True,area_outlier,,
ds6_img025517_ann026615,5000,ds6,25517,26615,02_extracted/uang/5000/ds6_img025517_ann026615.png,1.0,0.5855263157894737,0.3452458333333333,True,False,False,False,True,False,True,random_5pct,,
ds6_img025518_ann026616,50000,ds6,25518,26616,02_extracted/uang/50000/ds6_img025518_ann026616.png,1.0,1.2508333333333332,0.938125,True,False,False,True,False,True,True,area_outlier,,
ds6_img025520_ann026618,10000,ds6,25520,26618,02_extracted/uang/10000/ds6_img025520_ann026618.png,1.0,0.75,1.0,True,False,False,True,False,True,True,area_outlier,,
ds6_img025550_ann026648,5000,ds6,25550,26648,02_extracted/uang/5000/ds6_img025550_ann026648.png,1.0,2.0482758620689654,0.5607421875,True,False,False,False,True,False,True,random_5pct,,
ds6_img025551_ann026649,5000,ds6,25551,26649,02_extracted/uang/5000/ds6_img025551_ann026649.png,1.0,1.3333333333333333,1.0,True,False,False,True,False,True,True,area_outlier,,
ds6_img025555_ann026653,50000,ds6,25555,26653,02_extracted/uang/50000/ds6_img025555_ann026653.png,1.0,1.2941666666666667,0.970625,True,False,False,True,False,True,True,area_outlier,,
ds6_img025575_ann026673,50000,ds6,25575,26673,02_extracted/uang/50000/ds6_img025575_ann026673.png,1.0,1.2491666666666668,0.936875,True,False,False,True,True,True,True,area_outlier;random_5pct,,
ds6_img025579_ann026677,1000,ds6,25579,26677,02_extracted/uang/1000/ds6_img025579_ann026677.png,1.0,1.759493670886076,0.6920317708333333,True,False,False,False,True,False,True,random_5pct,,
ds6_img025587_ann026685,10000,ds6,25587,26685,02_extracted/uang/10000/ds6_img025587_ann026685.png,1.0,0.75,1.0,True,False,False,True,False,True,True,area_outlier,,
ds6_img025592_ann026690,50000,ds6,25592,26690,02_extracted/uang/50000/ds6_img025592_ann026690.png,1.0,0.6279893711248893,0.41690677083333333,True,False,False,False,True,False,True,random_5pct,,
ds6_img025593_ann026691,100000,ds6,25593,26691,02_extracted/uang/100000/ds6_img025593_ann026691.png,1.0,0.583994708994709,0.6953625,True,False,False,False,True,False,True,random_5pct,,
ds6_img025600_ann026698,50000,ds6,25600,26698,02_extracted/uang/50000/ds6_img025600_ann026698.png,1.0,0.9054770318021201,0.6043229166666667,True,False,False,False,True,False,True,random_5pct,,
ds6_img025601_ann026699,5000,ds6,25601,26699,02_extracted/uang/5000/ds6_img025601_ann026699.png,1.0,0.739375,0.9858333333333333,True,False,False,True,True,True,True,area_outlier;random_5pct,,
ds6_img025610_ann026708,2000,ds6,25610,26708,02_extracted/uang/2000/ds6_img025610_ann026708.png,1.0,1.225531914893617,0.11474609375,True,False,False,False,True,False,True,random_5pct,,
ds6_img025620_ann026718,5000,ds6,25620,26718,02_extracted/uang/5000/ds6_img025620_ann026718.png,0.9991349480968859,0.9255411255411256,0.6430703125,True,False,False,False,True,False,True,random_5pct,,
ds6_img025624_ann026722,2000,ds6,25624,26722,02_extracted/uang/2000/ds6_img025624_ann026722.png,1.0,0.791083916083916,0.4388258192274306,True,False,False,False,True,False,True,random_5pct,,
ds6_img025628_ann026726,100000,ds6,25628,26726,02_extracted/uang/100000/ds6_img025628_ann026726.png,1.0,1.969270166453265,0.6256135416666667,True,False,False,False,True,False,True,random_5pct,,
ds6_img025641_ann026739,100000,ds6,25641,26739,02_extracted/uang/100000/ds6_img025641_ann026739.png,1.0,0.7561436672967864,0.991875,True,False,False,True,False,True,True,area_outlier,,
ds6_img025647_ann026745,50000,ds6,25647,26745,02_extracted/uang/50000/ds6_img025647_ann026745.png,1.0,0.75,1.0,True,False,False,True,False,True,True,area_outlier,,
ds6_img025654_ann026752,50000,ds6,25654,26752,02_extracted/uang/50000/ds6_img025654_ann026752.png,1.0,0.749375,0.9991666666666666,True,False,False,True,False,True,True,area_outlier,,
ds6_img025664_ann026762,100000,ds6,25664,26762,02_extracted/uang/100000/ds6_img025664_ann026762.png,1.0,1.3333333333333333,1.0,True,False,False,True,False,True,True,area_outlier,,
ds6_img025666_ann026764,20000,ds6,25666,26764,02_extracted/uang/20000/ds6_img025666_ann026764.png,1.0,2.0542740841248306,0.5811552083333333,True,False,False,False,True,False,True,random_5pct,,
ds6_img025702_ann026800,100000,ds6,25702,26800,02_extracted/uang/100000/ds6_img025702_ann026800.png,0.9991258741258742,1.1601049868766404,0.789384375,True,False,False,False,True,False,True,random_5pct,,
ds6_img025711_ann026809,5000,ds6,25711,26809,02_extracted/uang/5000/ds6_img025711_ann026809.png,1.0,1.3663535439795047,0.9758333333333333,True,False,False,True,False,True,True,area_outlier,,
ds6_img025745_ann026843,50000,ds6,25745,26843,02_extracted/uang/50000/ds6_img025745_ann026843.png,1.0,0.7498436522826767,0.9985421875,True,False,False,True,False,True,True,area_outlier,,
ds6_img025749_ann026847,100000,ds6,25749,26847,02_extracted/uang/100000/ds6_img025749_ann026847.png,1.0,1.3333333333333333,1.0,True,False,False,True,False,True,True,area_outlier,,
ds6_img025750_ann026848,20000,ds6,25750,26848,02_extracted/uang/20000/ds6_img025750_ann026848.png,1.0,1.5686274509803921,0.6885,True,False,False,False,True,False,True,random_5pct,,
ds6_img025752_ann026850,10000,ds6,25752,26850,02_extracted/uang/10000/ds6_img025752_ann026850.png,1.0,1.7914338919925512,0.269059375,True,False,False,False,True,False,True,random_5pct,,
ds6_img025762_ann026860,50000,ds6,25762,26860,02_extracted/uang/50000/ds6_img025762_ann026860.png,1.0,1.0448598130841122,0.6230520833333333,True,False,False,False,True,False,True,random_5pct,,
ds6_img025767_ann026865,5000,ds6,25767,26865,02_extracted/uang/5000/ds6_img025767_ann026865.png,1.0,0.749375,0.9991666666666666,True,False,False,True,False,True,True,area_outlier,,
ds6_img025768_ann026866,100000,ds6,25768,26866,02_extracted/uang/100000/ds6_img025768_ann026866.png,1.0,1.3333333333333333,1.0,True,False,False,True,False,True,True,area_outlier,,
ds6_img025770_ann026868,2000,ds6,25770,26868,02_extracted/uang/2000/ds6_img025770_ann026868.png,1.0,0.49781181619256015,0.33843587239583334,True,False,False,False,True,False,True,random_5pct,,
ds6_img025776_ann026874,50000,ds6,25776,26874,02_extracted/uang/50000/ds6_img025776_ann026874.png,1.0,1.3733905579399142,0.9708333333333333,True,False,False,True,False,True,True,area_outlier,,
ds6_img025783_ann026881,2000,ds6,25783,26881,02_extracted/uang/2000/ds6_img025783_ann026881.png,1.0,1.8022328548644337,0.369015625,True,False,False,False,True,False,True,random_5pct,,
ds6_img025787_ann026885,10000,ds6,25787,26885,02_extracted/uang/10000/ds6_img025787_ann026885.png,1.0,1.4473304473304474,0.3620203125,True,False,False,False,True,False,True,random_5pct,,
ds6_img025790_ann026888,100000,ds6,25790,26888,02_extracted/uang/100000/ds6_img025790_ann026888.png,1.0,1.344623200677392,0.9767854166666666,True,False,False,False,True,False,True,random_5pct,,
ds6_img025798_ann026896,100000,ds6,25798,26896,02_extracted/uang/100000/ds6_img025798_ann026896.png,1.0,1.334448160535117,0.994175,True,False,False,True,False,True,True,area_outlier,,
ds6_img025799_ann026897,10000,ds6,25799,26897,02_extracted/uang/10000/ds6_img025799_ann026897.png,1.0,0.749375,0.9991666666666666,True,False,False,True,False,True,True,area_outlier,,
ds6_img025821_ann026919,5000,ds6,25821,26919,02_extracted/uang/5000/ds6_img025821_ann026919.png,1.0,0.749375,0.9991666666666666,True,False,False,True,False,True,True,area_outlier,,
ds6_img025844_ann026942,5000,ds6,25844,26942,02_extracted/uang/5000/ds6_img025844_ann026942.png,1.0,1.3336113427856546,0.9985421875,True,False,False,True,False,True,True,area_outlier,,
ds6_img025863_ann026961,50000,ds6,25863,26961,02_extracted/uang/50000/ds6_img025863_ann026961.png,1.0,0.6741573033707865,0.728096884802167,True,False,False,False,True,False,True,random_5pct,,
ds6_img025869_ann026967,10000,ds6,25869,26967,02_extracted/uang/10000/ds6_img025869_ann026967.png,1.0,0.749375,0.9991666666666666,True,False,False,True,False,True,True,area_outlier,,
ds6_img025886_ann026984,10000,ds6,25886,26984,02_extracted/uang/10000/ds6_img025886_ann026984.png,1.0,0.7234401349072512,0.52999375,True,False,False,False,True,False,True,random_5pct,,
ds6_img025897_ann026995,20000,ds6,25897,26995,02_extracted/uang/20000/ds6_img025897_ann026995.png,1.0,2.234769687964339,0.5271833333333333,True,False,False,False,True,False,True,random_5pct,,
ds6_img025904_ann027002,50000,ds6,25904,27002,02_extracted/uang/50000/ds6_img025904_ann027002.png,1.0,0.724202626641651,0.964396875,True,False,False,True,False,True,True,area_outlier,,
ds6_img025911_ann027009,50000,ds6,25911,27009,02_extracted/uang/50000/ds6_img025911_ann027009.png,1.0,0.8896672504378283,0.6043083333333333,True,False,False,False,True,False,True,random_5pct,,
ds6_img025913_ann027011,50000,ds6,25913,27011,02_extracted/uang/50000/ds6_img025913_ann027011.png,1.0,1.4431407942238268,0.92275625,True,False,False,True,False,True,True,area_outlier,,
ds6_img025914_ann027012,100000,ds6,25914,27012,02_extracted/uang/100000/ds6_img025914_ann027012.png,1.0,1.3336113427856546,0.9985421875,True,False,False,True,False,True,True,area_outlier,,
ds6_img025928_ann027026,100000,ds6,25928,27026,02_extracted/uang/100000/ds6_img025928_ann027026.png,1.0,0.4546360917248255,0.2382125,True,False,False,False,True,False,True,random_5pct,,
ds6_img025933_ann027031,1000,ds6,25933,27031,02_extracted/uang/1000/ds6_img025933_ann027031.png,1.0,1.3787346221441126,0.929959375,True,False,False,False,True,False,True,random_5pct,,
ds6_img025937_ann027035,1000,ds6,25937,27035,02_extracted/uang/1000/ds6_img025937_ann027035.png,1.0,1.8217821782178218,0.3780924479166667,True,False,False,False,True,False,True,random_5pct,,
ds6_img025938_ann027036,20000,ds6,25938,27036,02_extracted/uang/20000/ds6_img025938_ann027036.png,1.0,0.6586493987049029,0.5354236275313895,True,False,False,False,True,False,True,random_5pct,,
ds6_img025946_ann027044,50000,ds6,25946,27044,02_extracted/uang/50000/ds6_img025946_ann027044.png,1.0,1.3325,0.999375,True,False,False,True,False,True,True,area_outlier,,
ds6_img025956_ann027054,50000,ds6,25956,27054,02_extracted/uang/50000/ds6_img025956_ann027054.png,1.0,1.3325,0.999375,True,False,False,True,False,True,True,area_outlier,,
ds6_img025963_ann027061,50000,ds6,25963,27061,02_extracted/uang/50000/ds6_img025963_ann027061.png,1.0,0.7298311444652908,0.9718921875,True,False,False,True,False,True,True,area_outlier,,
ds6_img025972_ann027070,20000,ds6,25972,27070,02_extracted/uang/20000/ds6_img025972_ann027070.png,1.0,0.9943181818181818,0.25666666666666665,True,False,False,False,True,False,True,random_5pct,,
ds6_img025979_ann027077,50000,ds6,25979,27077,02_extracted/uang/50000/ds6_img025979_ann027077.png,1.0,0.8145380434782609,0.9192333333333333,True,False,False,True,False,True,True,area_outlier,,
ds6_img025984_ann027082,2000,ds6,25984,27082,02_extracted/uang/2000/ds6_img025984_ann027082.png,1.0,0.9858934169278997,0.17009396023220485,True,False,False,False,True,False,True,random_5pct,,
ds6_img025986_ann027084,1000,ds6,25986,27084,02_extracted/uang/1000/ds6_img025986_ann027084.png,1.0,2.194508009153318,0.34105061848958335,True,False,False,False,True,False,True,random_5pct,,
ds6_img025996_ann027094,2000,ds6,25996,27094,02_extracted/uang/2000/ds6_img025996_ann027094.png,1.0,1.1758620689655173,0.1676601833767361,True,False,False,False,True,False,True,random_5pct,,
ds6_img026001_ann027099,2000,ds6,26001,27099,02_extracted/uang/2000/ds6_img026001_ann027099.png,1.0,0.7498436522826767,0.9985421875,True,False,False,True,False,True,True,area_outlier,,
ds6_img026016_ann027114,5000,ds6,26016,27114,02_extracted/uang/5000/ds6_img026016_ann027114.png,1.0,0.7846858638743456,0.9542041666666666,True,False,False,True,False,True,True,area_outlier,,
ds6_img026028_ann027126,5000,ds6,26028,27126,02_extracted/uang/5000/ds6_img026028_ann027126.png,1.0,1.3325,0.999375,True,False,False,True,False,True,True,area_outlier,,
ds6_img026033_ann027131,10000,ds6,26033,27131,02_extracted/uang/10000/ds6_img026033_ann027131.png,1.0,0.749375,0.9991666666666666,True,False,False,True,False,True,True,area_outlier,,
ds7_img026068_ann027166,50000,ds7,26068,27166,02_extracted/uang/50000/ds7_img026068_ann027166.png,1.0,0.96875,0.96875,True,False,False,True,False,True,True,area_outlier,,
ds7_img026071_ann027169,5000,ds7,26071,27169,02_extracted/uang/5000/ds7_img026071_ann027169.png,1.0,1.0333333333333334,0.908203125,True,False,False,False,True,False,True,random_5pct,,
ds7_img026107_ann027205,1000,ds7,26107,27205,02_extracted/uang/1000/ds7_img026107_ann027205.png,0.9666666666666667,1.0,0.8212890625,True,False,False,False,True,False,True,random_5pct,,
ds7_img026110_ann027208,50000,ds7,26110,27208,02_extracted/uang/50000/ds7_img026110_ann027208.png,1.0,1.032258064516129,0.96875,True,False,False,True,False,True,True,area_outlier,,
ds7_img026118_ann027216,50000,ds7,26118,27216,02_extracted/uang/50000/ds7_img026118_ann027216.png,1.0,1.0,0.9384765625,True,False,False,True,False,True,True,area_outlier,,
ds7_img026135_ann027233,100000,ds7,26135,27233,02_extracted/uang/100000/ds7_img026135_ann027233.png,1.0,0.9375,0.9375,True,False,False,False,True,False,True,random_5pct,,
ds7_img026138_ann027236,5000,ds7,26138,27236,02_extracted/uang/5000/ds7_img026138_ann027236.png,1.0,1.0344827586206897,0.849609375,True,False,False,False,True,False,True,random_5pct,,
ds7_img026141_ann027239,50000,ds7,26141,27239,02_extracted/uang/50000/ds7_img026141_ann027239.png,1.0,1.0,1.0,True,False,False,True,False,True,True,area_outlier,,
ds7_img026160_ann027258,1000,ds7,26160,27258,02_extracted/uang/1000/ds7_img026160_ann027258.png,1.0,1.0333333333333334,0.908203125,True,False,False,False,True,False,True,random_5pct,,
ds7_img026163_ann027261,50000,ds7,26163,27261,02_extracted/uang/50000/ds7_img026163_ann027261.png,1.0,0.9,0.791015625,True,False,False,False,True,False,True,random_5pct,,
ds7_img026164_ann027262,10000,ds7,26164,27262,02_extracted/uang/10000/ds7_img026164_ann027262.png,1.0,0.90625,0.90625,True,False,False,False,True,False,True,random_5pct,,
ds7_img026166_ann027264,5000,ds7,26166,27264,02_extracted/uang/5000/ds7_img026166_ann027264.png,1.0,0.967741935483871,0.908203125,True,False,False,False,True,False,True,random_5pct,,
ds7_img026173_ann027271,1000,ds7,26173,27271,02_extracted/uang/1000/ds7_img026173_ann027271.png,0.967741935483871,1.0333333333333334,0.908203125,True,False,False,False,True,False,True,random_5pct,,
ds7_img026178_ann027276,50000,ds7,26178,27276,02_extracted/uang/50000/ds7_img026178_ann027276.png,1.0,1.0,1.0,True,False,False,True,False,True,True,area_outlier,,
ds7_img026186_ann027284,50000,ds7,26186,27284,02_extracted/uang/50000/ds7_img026186_ann027284.png,1.0,0.9666666666666667,0.849609375,True,False,False,False,True,False,True,random_5pct,,
ds7_img026187_ann027285,100000,ds7,26187,27285,02_extracted/uang/100000/ds7_img026187_ann027285.png,1.0,1.0,1.0,True,False,False,True,False,True,True,area_outlier,,
ds7_img026190_ann027288,10000,ds7,26190,27288,02_extracted/uang/10000/ds7_img026190_ann027288.png,0.9375,1.0333333333333334,0.908203125,True,False,False,False,True,False,True,random_5pct,,
ds7_img026194_ann027292,50000,ds7,26194,27292,02_extracted/uang/50000/ds7_img026194_ann027292.png,1.0,1.0666666666666667,0.9375,True,False,False,True,False,True,True,area_outlier,,
ds7_img026203_ann027301,100000,ds7,26203,27301,02_extracted/uang/100000/ds7_img026203_ann027301.png,1.0,1.0,1.0,True,False,False,True,False,True,True,area_outlier,,
ds7_img026205_ann027303,50000,ds7,26205,27303,02_extracted/uang/50000/ds7_img026205_ann027303.png,0.96875,1.0,0.9384765625,True,False,False,True,False,True,True,area_outlier,,
ds7_img026240_ann027338,5000,ds7,26240,27338,02_extracted/uang/5000/ds7_img026240_ann027338.png,1.0,0.96875,0.96875,True,False,False,True,False,True,True,area_outlier,,
ds7_img026251_ann027349,1000,ds7,26251,27349,02_extracted/uang/1000/ds7_img026251_ann027349.png,1.0,1.1153846153846154,0.736328125,True,False,False,False,True,False,True,random_5pct,,
ds7_img026259_ann027357,20000,ds7,26259,27357,02_extracted/uang/20000/ds7_img026259_ann027357.png,0.96875,1.0,0.9384765625,True,False,False,False,True,False,True,random_5pct,,
ds7_img026271_ann027369,5000,ds7,26271,27369,02_extracted/uang/5000/ds7_img026271_ann027369.png,1.0,1.0,0.87890625,True,False,False,False,True,False,True,random_5pct,,
ds7_img026272_ann027370,20000,ds7,26272,27370,02_extracted/uang/20000/ds7_img026272_ann027370.png,1.0,1.0689655172413792,0.8779296875,True,False,False,False,True,False,True,random_5pct,,
ds7_img026278_ann027376,50000,ds7,26278,27376,02_extracted/uang/50000/ds7_img026278_ann027376.png,1.0,1.0,0.9384765625,True,False,False,True,False,True,True,area_outlier,,
ds7_img026284_ann027382,50000,ds7,26284,27382,02_extracted/uang/50000/ds7_img026284_ann027382.png,0.9384765625,1.0,0.9384765625,True,False,False,True,False,True,True,area_outlier,,
ds7_img026287_ann027385,1000,ds7,26287,27385,02_extracted/uang/1000/ds7_img026287_ann027385.png,0.967741935483871,1.0344827586206897,0.849609375,True,False,False,False,True,False,True,random_5pct,,
ds7_img026312_ann027410,50000,ds7,26312,27410,02_extracted/uang/50000/ds7_img026312_ann027410.png,1.0,1.032258064516129,0.96875,True,False,False,True,False,True,True,area_outlier,,
ds7_img026324_ann027422,100000,ds7,26324,27422,02_extracted/uang/100000/ds7_img026324_ann027422.png,1.0,1.0,0.9384765625,True,False,False,False,True,False,True,random_5pct,,
ds7_img026329_ann027427,50000,ds7,26329,27427,02_extracted/uang/50000/ds7_img026329_ann027427.png,0.96875,1.0,0.9384765625,True,False,False,True,False,True,True,area_outlier,,
ds7_img026341_ann027439,50000,ds7,26341,27439,02_extracted/uang/50000/ds7_img026341_ann027439.png,1.0,1.0666666666666667,0.9375,True,False,False,True,True,True,True,area_outlier;random_5pct,,
ds7_img026343_ann027441,50000,ds7,26343,27441,02_extracted/uang/50000/ds7_img026343_ann027441.png,1.0,1.0,0.9384765625,True,False,False,True,False,True,True,area_outlier,,
ds7_img026354_ann027452,1000,ds7,26354,27452,02_extracted/uang/1000/ds7_img026354_ann027452.png,1.0,0.896551724137931,0.736328125,True,False,False,False,True,False,True,random_5pct,,
ds7_img026369_ann027467,2000,ds7,26369,27467,02_extracted/uang/2000/ds7_img026369_ann027467.png,1.0,1.0,0.8212890625,True,False,False,False,True,False,True,random_5pct,,
ds7_img026379_ann027477,100000,ds7,26379,27477,02_extracted/uang/100000/ds7_img026379_ann027477.png,1.0,1.0689655172413792,0.8779296875,True,False,False,False,True,False,True,random_5pct,,
ds7_img026380_ann027478,50000,ds7,26380,27478,02_extracted/uang/50000/ds7_img026380_ann027478.png,1.0,1.0666666666666667,0.9375,True,False,False,True,False,True,True,area_outlier,,
ds7_img026386_ann027484,2000,ds7,26386,27484,02_extracted/uang/2000/ds7_img026386_ann027484.png,1.0,0.9032258064516129,0.84765625,True,False,False,False,True,False,True,random_5pct,,
ds7_img026394_ann027492,1000,ds7,26394,27492,02_extracted/uang/1000/ds7_img026394_ann027492.png,1.0,1.0666666666666667,0.9375,True,False,False,False,True,False,True,random_5pct,,
ds7_img026402_ann027500,50000,ds7,26402,27500,02_extracted/uang/50000/ds7_img026402_ann027500.png,1.0,0.9354838709677419,0.8779296875,True,False,False,False,True,False,True,random_5pct,,
ds7_img026410_ann027508,50000,ds7,26410,27508,02_extracted/uang/50000/ds7_img026410_ann027508.png,1.0,0.96875,0.96875,True,False,False,True,False,True,True,area_outlier,,
ds7_img026413_ann027511,50000,ds7,26413,27511,02_extracted/uang/50000/ds7_img026413_ann027511.png,1.0,1.0,0.9384765625,True,False,False,True,False,True,True,area_outlier,,
ds7_img026425_ann027523,100000,ds7,26425,27523,02_extracted/uang/100000/ds7_img026425_ann027523.png,0.96875,1.0689655172413792,0.8779296875,True,False,False,False,True,False,True,random_5pct,,
ds7_img026428_ann027526,1000,ds7,26428,27526,02_extracted/uang/1000/ds7_img026428_ann027526.png,1.0,0.96875,0.96875,True,False,False,False,True,False,True,random_5pct,,
ds7_img026429_ann027527,10000,ds7,26429,27527,02_extracted/uang/10000/ds7_img026429_ann027527.png,1.0,1.0,1.0,True,False,False,True,False,True,True,area_outlier,,
ds7_img026439_ann027537,50000,ds7,26439,27537,02_extracted/uang/50000/ds7_img026439_ann027537.png,0.9384765625,1.0,0.9384765625,True,False,False,True,False,True,True,area_outlier,,
ds7_img026443_ann027541,5000,ds7,26443,27541,02_extracted/uang/5000/ds7_img026443_ann027541.png,1.0,1.032258064516129,0.96875,True,False,False,True,False,True,True,area_outlier,,
ds7_img026447_ann027545,10000,ds7,26447,27545,02_extracted/uang/10000/ds7_img026447_ann027545.png,0.9666666666666667,1.0689655172413792,0.8779296875,True,False,False,False,True,False,True,random_5pct,,
ds7_img026454_ann027552,100000,ds7,26454,27552,02_extracted/uang/100000/ds7_img026454_ann027552.png,1.0,1.0689655172413792,0.8779296875,True,False,False,False,True,False,True,random_5pct,,
ds7_img026460_ann027558,50000,ds7,26460,27558,02_extracted/uang/50000/ds7_img026460_ann027558.png,1.0,0.96875,0.96875,True,False,False,True,False,True,True,area_outlier,,
ds7_img026464_ann027562,50000,ds7,26464,27562,02_extracted/uang/50000/ds7_img026464_ann027562.png,0.96875,1.0,0.9384765625,True,False,False,True,False,True,True,area_outlier,,
ds7_img026465_ann027563,20000,ds7,26465,27563,02_extracted/uang/20000/ds7_img026465_ann027563.png,0.96875,0.967741935483871,0.908203125,True,False,False,False,True,False,True,random_5pct,,
ds7_img026466_ann027564,50000,ds7,26466,27564,02_extracted/uang/50000/ds7_img026466_ann027564.png,1.0,1.0,0.9384765625,True,False,False,True,False,True,True,area_outlier,,
ds7_img026470_ann027568,100000,ds7,26470,27568,02_extracted/uang/100000/ds7_img026470_ann027568.png,1.0,1.0,0.9384765625,True,False,False,False,True,False,True,random_5pct,,
ds7_img026473_ann027571,50000,ds7,26473,27571,02_extracted/uang/50000/ds7_img026473_ann027571.png,0.96875,0.96875,0.96875,True,False,False,True,False,True,True,area_outlier,,
ds7_img026474_ann027572,2000,ds7,26474,27572,02_extracted/uang/2000/ds7_img026474_ann027572.png,1.0,1.0714285714285714,0.8203125,True,False,False,False,True,False,True,random_5pct,,
ds7_img026475_ann027573,50000,ds7,26475,27573,02_extracted/uang/50000/ds7_img026475_ann027573.png,1.0,1.0,0.9384765625,True,False,False,True,False,True,True,area_outlier,,
ds7_img026495_ann027593,50000,ds7,26495,27593,02_extracted/uang/50000/ds7_img026495_ann027593.png,1.0,1.032258064516129,0.96875,True,False,False,True,False,True,True,area_outlier,,
ds7_img026499_ann027597,100000,ds7,26499,27597,02_extracted/uang/100000/ds7_img026499_ann027597.png,1.0,1.0,1.0,True,False,False,True,False,True,True,area_outlier,,
ds7_img026507_ann027605,10000,ds7,26507,27605,02_extracted/uang/10000/ds7_img026507_ann027605.png,1.0,1.032258064516129,0.96875,True,False,False,False,True,False,True,random_5pct,,
ds7_img026534_ann027632,10000,ds7,26534,27632,02_extracted/uang/10000/ds7_img026534_ann027632.png,1.0,1.0,1.0,True,False,False,True,False,True,True,area_outlier,,
ds7_img026569_ann027667,10000,ds7,26569,27667,02_extracted/uang/10000/ds7_img026569_ann027667.png,0.96875,1.0,0.9384765625,True,False,False,False,True,False,True,random_5pct,,
ds7_img026573_ann027671,2000,ds7,26573,27671,02_extracted/uang/2000/ds7_img026573_ann027671.png,1.0,1.0,1.0,True,False,False,True,False,True,True,area_outlier,,
ds7_img026579_ann027677,50000,ds7,26579,27677,02_extracted/uang/50000/ds7_img026579_ann027677.png,1.0,1.032258064516129,0.96875,True,False,False,True,False,True,True,area_outlier,,
ds7_img026583_ann027681,50000,ds7,26583,27681,02_extracted/uang/50000/ds7_img026583_ann027681.png,1.0,1.0,1.0,True,False,False,True,False,True,True,area_outlier,,
ds7_img026587_ann027685,50000,ds7,26587,27685,02_extracted/uang/50000/ds7_img026587_ann027685.png,0.96875,1.0,0.9384765625,True,False,False,True,False,True,True,area_outlier,,
ds7_img026612_ann027710,5000,ds7,26612,27710,02_extracted/uang/5000/ds7_img026612_ann027710.png,1.0,1.032258064516129,0.96875,True,False,False,True,False,True,True,area_outlier,,
ds7_img026627_ann027725,10000,ds7,26627,27725,02_extracted/uang/10000/ds7_img026627_ann027725.png,1.0,0.96875,0.96875,True,False,False,False,True,False,True,random_5pct,,
ds7_img026630_ann027728,50000,ds7,26630,27728,02_extracted/uang/50000/ds7_img026630_ann027728.png,1.0,1.0,0.9384765625,True,False,False,True,False,True,True,area_outlier,,
ds7_img026660_ann027758,50000,ds7,26660,27758,02_extracted/uang/50000/ds7_img026660_ann027758.png,1.0,1.0,0.9384765625,True,False,False,True,False,True,True,area_outlier,,
ds7_img026664_ann027762,5000,ds7,26664,27762,02_extracted/uang/5000/ds7_img026664_ann027762.png,1.0,1.032258064516129,0.96875,True,False,False,True,False,True,True,area_outlier,,
ds7_img026683_ann027781,50000,ds7,26683,27781,02_extracted/uang/50000/ds7_img026683_ann027781.png,0.96875,1.0,0.9384765625,True,False,False,True,False,True,True,area_outlier,,
ds7_img026697_ann027795,10000,ds7,26697,27795,02_extracted/uang/10000/ds7_img026697_ann027795.png,0.967741935483871,0.967741935483871,0.908203125,True,False,False,False,True,False,True,random_5pct,,
ds7_img026700_ann027798,1000,ds7,26700,27798,02_extracted/uang/1000/ds7_img026700_ann027798.png,0.96875,1.0,0.9384765625,True,False,False,False,True,False,True,random_5pct,,
ds7_img026701_ann027799,50000,ds7,26701,27799,02_extracted/uang/50000/ds7_img026701_ann027799.png,0.96875,1.032258064516129,0.96875,True,False,False,True,False,True,True,area_outlier,,
ds7_img026703_ann027801,5000,ds7,26703,27801,02_extracted/uang/5000/ds7_img026703_ann027801.png,0.96875,0.96875,0.96875,True,False,False,True,False,True,True,area_outlier,,
ds7_img026707_ann027805,50000,ds7,26707,27805,02_extracted/uang/50000/ds7_img026707_ann027805.png,1.0,1.0,0.9384765625,True,False,False,True,False,True,True,area_outlier,,
ds7_img026723_ann027821,5000,ds7,26723,27821,02_extracted/uang/5000/ds7_img026723_ann027821.png,1.0,0.96875,0.96875,True,False,False,True,False,True,True,area_outlier,,
ds7_img026730_ann027828,1000,ds7,26730,27828,02_extracted/uang/1000/ds7_img026730_ann027828.png,1.0,1.0689655172413792,0.8779296875,True,False,False,False,True,False,True,random_5pct,,
ds7_img026733_ann027831,50000,ds7,26733,27831,02_extracted/uang/50000/ds7_img026733_ann027831.png,1.0,1.032258064516129,0.96875,True,False,False,True,False,True,True,area_outlier,,
ds7_img026742_ann027840,5000,ds7,26742,27840,02_extracted/uang/5000/ds7_img026742_ann027840.png,1.0,1.032258064516129,0.96875,True,False,False,True,False,True,True,area_outlier,,
ds7_img026744_ann027842,5000,ds7,26744,27842,02_extracted/uang/5000/ds7_img026744_ann027842.png,1.0,0.96875,0.96875,True,False,False,True,False,True,True,area_outlier,,
ds7_img026747_ann027845,50000,ds7,26747,27845,02_extracted/uang/50000/ds7_img026747_ann027845.png,1.0,1.0,0.9384765625,True,False,False,True,False,True,True,area_outlier,,
ds7_img026754_ann027852,50000,ds7,26754,27852,02_extracted/uang/50000/ds7_img026754_ann027852.png,1.0,1.032258064516129,0.96875,True,False,False,True,False,True,True,area_outlier,,
ds7_img026759_ann027857,50000,ds7,26759,27857,02_extracted/uang/50000/ds7_img026759_ann027857.png,1.0,1.032258064516129,0.96875,True,False,False,True,False,True,True,area_outlier,,
ds7_img026761_ann027859,2000,ds7,26761,27859,02_extracted/uang/2000/ds7_img026761_ann027859.png,1.0,0.9375,0.9375,True,False,False,False,True,False,True,random_5pct,,
ds7_img026766_ann027864,20000,ds7,26766,27864,02_extracted/uang/20000/ds7_img026766_ann027864.png,1.0,0.9354838709677419,0.8779296875,True,False,False,False,True,False,True,random_5pct,,
ds7_img026803_ann027901,50000,ds7,26803,27901,02_extracted/uang/50000/ds7_img026803_ann027901.png,1.0,1.0,0.9384765625,True,False,False,True,False,True,True,area_outlier,,
ds7_img026808_ann027906,50000,ds7,26808,27906,02_extracted/uang/50000/ds7_img026808_ann027906.png,1.0,1.032258064516129,0.96875,True,False,False,True,False,True,True,area_outlier,,
ds7_img026823_ann027921,10000,ds7,26823,27921,02_extracted/uang/10000/ds7_img026823_ann027921.png,1.0,1.0,1.0,True,False,False,True,False,True,True,area_outlier,,
ds7_img026827_ann027925,100000,ds7,26827,27925,02_extracted/uang/100000/ds7_img026827_ann027925.png,0.96875,1.0689655172413792,0.8779296875,True,False,False,False,True,False,True,random_5pct,,
ds7_img026830_ann027928,2000,ds7,26830,27928,02_extracted/uang/2000/ds7_img026830_ann027928.png,0.967741935483871,1.0333333333333334,0.908203125,True,False,False,False,True,False,True,random_5pct,,
ds7_img026833_ann027931,10000,ds7,26833,27931,02_extracted/uang/10000/ds7_img026833_ann027931.png,1.0,0.90625,0.90625,True,False,False,False,True,False,True,random_5pct,,
ds7_img026834_ann027932,5000,ds7,26834,27932,02_extracted/uang/5000/ds7_img026834_ann027932.png,0.96875,0.96875,0.96875,True,False,False,True,False,True,True,area_outlier,,
ds7_img026854_ann027952,50000,ds7,26854,27952,02_extracted/uang/50000/ds7_img026854_ann027952.png,1.0,1.0,0.9384765625,True,False,False,True,True,True,True,area_outlier;random_5pct,,
ds7_img026855_ann027953,100000,ds7,26855,27953,02_extracted/uang/100000/ds7_img026855_ann027953.png,1.0,1.1071428571428572,0.84765625,True,False,False,False,True,False,True,random_5pct,,
ds7_img026859_ann027957,10000,ds7,26859,27957,02_extracted/uang/10000/ds7_img026859_ann027957.png,0.96875,1.0689655172413792,0.8779296875,True,False,False,False,True,False,True,random_5pct,,
ds7_img026865_ann027963,10000,ds7,26865,27963,02_extracted/uang/10000/ds7_img026865_ann027963.png,1.0,1.0,1.0,True,False,False,True,False,True,True,area_outlier,,
ds7_img026866_ann027964,50000,ds7,26866,27964,02_extracted/uang/50000/ds7_img026866_ann027964.png,0.967741935483871,1.0666666666666667,0.9375,True,False,False,True,False,True,True,area_outlier,,
ds7_img026876_ann027974,10000,ds7,26876,27974,02_extracted/uang/10000/ds7_img026876_ann027974.png,1.0,1.0,1.0,True,False,False,True,False,True,True,area_outlier,,
ds7_img026884_ann027982,10000,ds7,26884,27982,02_extracted/uang/10000/ds7_img026884_ann027982.png,1.0,1.0,0.9384765625,True,False,False,False,True,False,True,random_5pct,,
ds7_img026887_ann027985,50000,ds7,26887,27985,02_extracted/uang/50000/ds7_img026887_ann027985.png,1.0,1.0,0.9384765625,True,False,False,True,False,True,True,area_outlier,,
ds7_img026889_ann027987,10000,ds7,26889,27987,02_extracted/uang/10000/ds7_img026889_ann027987.png,1.0,1.0,1.0,True,False,False,True,False,True,True,area_outlier,,
ds7_img026921_ann028019,20000,ds7,26921,28019,02_extracted/uang/20000/ds7_img026921_ann028019.png,1.0,0.9333333333333333,0.8203125,True,False,False,False,True,False,True,random_5pct,,
ds7_img026941_ann028039,50000,ds7,26941,28039,02_extracted/uang/50000/ds7_img026941_ann028039.png,0.96875,1.0,0.9384765625,True,False,False,True,False,True,True,area_outlier,,
ds7_img026943_ann028041,50000,ds7,26943,28041,02_extracted/uang/50000/ds7_img026943_ann028041.png,1.0,1.0,0.9384765625,True,False,False,True,False,True,True,area_outlier,,
ds7_img026952_ann028050,100000,ds7,26952,28050,02_extracted/uang/100000/ds7_img026952_ann028050.png,0.967741935483871,1.0344827586206897,0.849609375,True,False,False,False,True,False,True,random_5pct,,
ds7_img026995_ann028093,50000,ds7,26995,28093,02_extracted/uang/50000/ds7_img026995_ann028093.png,1.0,1.0,1.0,True,False,False,True,False,True,True,area_outlier,,
ds7_img027015_ann028113,50000,ds7,27015,28113,02_extracted/uang/50000/ds7_img027015_ann028113.png,1.0,1.0,1.0,True,False,False,True,False,True,True,area_outlier,,
ds7_img027018_ann028116,5000,ds7,27018,28116,02_extracted/uang/5000/ds7_img027018_ann028116.png,1.0,1.032258064516129,0.96875,True,False,False,True,False,True,True,area_outlier,,
ds7_img027024_ann028122,20000,ds7,27024,28122,02_extracted/uang/20000/ds7_img027024_ann028122.png,1.0,0.967741935483871,0.908203125,True,False,False,False,True,False,True,random_5pct,,
ds7_img027025_ann028123,50000,ds7,27025,28123,02_extracted/uang/50000/ds7_img027025_ann028123.png,1.0,0.96875,0.96875,True,False,False,True,False,True,True,area_outlier,,
ds7_img027035_ann028133,50000,ds7,27035,28133,02_extracted/uang/50000/ds7_img027035_ann028133.png,1.0,1.0,1.0,True,False,False,True,False,True,True,area_outlier,,
ds7_img027039_ann028137,50000,ds7,27039,28137,02_extracted/uang/50000/ds7_img027039_ann028137.png,0.96875,1.0,0.9384765625,True,False,False,True,False,True,True,area_outlier,,
ds7_img027081_ann028179,50000,ds7,27081,28179,02_extracted/uang/50000/ds7_img027081_ann028179.png,1.0,1.032258064516129,0.96875,True,False,False,True,False,True,True,area_outlier,,
ds7_img027082_ann028180,50000,ds7,27082,28180,02_extracted/uang/50000/ds7_img027082_ann028180.png,1.0,1.032258064516129,0.96875,True,False,False,True,False,True,True,area_outlier,,
ds7_img027090_ann028188,50000,ds7,27090,28188,02_extracted/uang/50000/ds7_img027090_ann028188.png,0.96875,1.0,0.9384765625,True,False,False,True,False,True,True,area_outlier,,
ds7_img027094_ann028192,100000,ds7,27094,28192,02_extracted/uang/100000/ds7_img027094_ann028192.png,1.0,1.0,1.0,True,False,False,True,False,True,True,area_outlier,,
ds7_img027107_ann028205,2000,ds7,27107,28205,02_extracted/uang/2000/ds7_img027107_ann028205.png,1.0,0.9666666666666667,0.849609375,True,False,False,False,True,False,True,random_5pct,,
ds7_img027109_ann028207,50000,ds7,27109,28207,02_extracted/uang/50000/ds7_img027109_ann028207.png,1.0,1.0,0.9384765625,True,False,False,True,False,True,True,area_outlier,,
ds7_img027112_ann028210,50000,ds7,27112,28210,02_extracted/uang/50000/ds7_img027112_ann028210.png,1.0,1.0,0.9384765625,True,False,False,True,False,True,True,area_outlier,,
ds7_img027119_ann028217,50000,ds7,27119,28217,02_extracted/uang/50000/ds7_img027119_ann028217.png,1.0,1.0666666666666667,0.9375,True,False,False,True,False,True,True,area_outlier,,
ds7_img027121_ann028219,50000,ds7,27121,28219,02_extracted/uang/50000/ds7_img027121_ann028219.png,1.0,1.032258064516129,0.96875,True,False,False,True,False,True,True,area_outlier,,
ds7_img027139_ann028237,5000,ds7,27139,28237,02_extracted/uang/5000/ds7_img027139_ann028237.png,1.0,0.9354838709677419,0.8779296875,True,False,False,False,True,False,True,random_5pct,,
ds7_img027140_ann028238,5000,ds7,27140,28238,02_extracted/uang/5000/ds7_img027140_ann028238.png,1.0,0.96875,0.96875,True,False,False,True,False,True,True,area_outlier,,
ds7_img027143_ann028241,5000,ds7,27143,28241,02_extracted/uang/5000/ds7_img027143_ann028241.png,1.0,1.032258064516129,0.96875,True,False,False,True,False,True,True,area_outlier,,
ds7_img027146_ann028244,5000,ds7,27146,28244,02_extracted/uang/5000/ds7_img027146_ann028244.png,1.0,1.032258064516129,0.96875,True,False,False,True,False,True,True,area_outlier,,
ds7_img027147_ann028245,1000,ds7,27147,28245,02_extracted/uang/1000/ds7_img027147_ann028245.png,1.0,1.0689655172413792,0.8779296875,True,False,False,False,True,False,True,random_5pct,,
ds7_img027150_ann028248,20000,ds7,27150,28248,02_extracted/uang/20000/ds7_img027150_ann028248.png,1.0,1.0,0.9384765625,True,False,False,False,True,False,True,random_5pct,,
ds7_img027153_ann028251,5000,ds7,27153,28251,02_extracted/uang/5000/ds7_img027153_ann028251.png,1.0,1.032258064516129,0.96875,True,False,False,True,False,True,True,area_outlier,,
ds7_img027160_ann028258,5000,ds7,27160,28258,02_extracted/uang/5000/ds7_img027160_ann028258.png,1.0,1.032258064516129,0.96875,True,False,False,True,False,True,True,area_outlier,,
ds7_img027163_ann028261,10000,ds7,27163,28261,02_extracted/uang/10000/ds7_img027163_ann028261.png,1.0,1.0,1.0,True,False,False,True,False,True,True,area_outlier,,
ds7_img027187_ann028285,5000,ds7,27187,28285,02_extracted/uang/5000/ds7_img027187_ann028285.png,1.0,1.0344827586206897,0.849609375,True,False,False,False,True,False,True,random_5pct,,
ds7_img027202_ann028300,50000,ds7,27202,28300,02_extracted/uang/50000/ds7_img027202_ann028300.png,1.0,1.032258064516129,0.96875,True,False,False,True,False,True,True,area_outlier,,
ds7_img027215_ann028313,50000,ds7,27215,28313,02_extracted/uang/50000/ds7_img027215_ann028313.png,1.0,1.032258064516129,0.96875,True,False,False,True,False,True,True,area_outlier,,
ds7_img027240_ann028338,100000,ds7,27240,28338,02_extracted/uang/100000/ds7_img027240_ann028338.png,1.0,1.0,0.87890625,True,False,False,False,True,False,True,random_5pct,,
ds7_img027244_ann028342,50000,ds7,27244,28342,02_extracted/uang/50000/ds7_img027244_ann028342.png,1.0,1.032258064516129,0.96875,True,False,False,True,False,True,True,area_outlier,,
ds7_img027257_ann028355,50000,ds7,27257,28355,02_extracted/uang/50000/ds7_img027257_ann028355.png,1.0,0.9375,0.9375,True,False,False,True,False,True,True,area_outlier,,
ds7_img027258_ann028356,20000,ds7,27258,28356,02_extracted/uang/20000/ds7_img027258_ann028356.png,0.96875,1.0689655172413792,0.8779296875,True,False,False,False,True,False,True,random_5pct,,
ds7_img027264_ann028362,50000,ds7,27264,28362,02_extracted/uang/50000/ds7_img027264_ann028362.png,0.96875,1.0,0.9384765625,True,False,False,True,False,True,True,area_outlier,,
ds7_img027266_ann028364,5000,ds7,27266,28364,02_extracted/uang/5000/ds7_img027266_ann028364.png,1.0,0.96875,0.96875,True,False,False,True,False,True,True,area_outlier,,
ds7_img027269_ann028367,50000,ds7,27269,28367,02_extracted/uang/50000/ds7_img027269_ann028367.png,0.96875,1.032258064516129,0.96875,True,False,False,True,False,True,True,area_outlier,,
ds7_img027286_ann028384,100000,ds7,27286,28384,02_extracted/uang/100000/ds7_img027286_ann028384.png,1.0,1.0,1.0,True,False,False,True,False,True,True,area_outlier,,
ds7_img027288_ann028386,5000,ds7,27288,28386,02_extracted/uang/5000/ds7_img027288_ann028386.png,1.0,0.96875,0.96875,True,False,False,True,False,True,True,area_outlier,,
ds7_img027294_ann028392,50000,ds7,27294,28392,02_extracted/uang/50000/ds7_img027294_ann028392.png,0.967741935483871,1.0714285714285714,0.8203125,True,False,False,False,True,False,True,random_5pct,,
ds7_img027317_ann028415,50000,ds7,27317,28415,02_extracted/uang/50000/ds7_img027317_ann028415.png,1.0,1.0,0.9384765625,True,False,False,True,False,True,True,area_outlier,,
ds7_img027322_ann028420,50000,ds7,27322,28420,02_extracted/uang/50000/ds7_img027322_ann028420.png,1.0,1.0666666666666667,0.9375,True,False,False,True,False,True,True,area_outlier,,
ds7_img027326_ann028424,20000,ds7,27326,28424,02_extracted/uang/20000/ds7_img027326_ann028424.png,0.96875,1.0,0.9384765625,True,False,False,False,True,False,True,random_5pct,,
ds7_img027327_ann028425,5000,ds7,27327,28425,02_extracted/uang/5000/ds7_img027327_ann028425.png,1.0,1.032258064516129,0.96875,True,False,False,True,False,True,True,area_outlier,,
ds7_img027332_ann028430,50000,ds7,27332,28430,02_extracted/uang/50000/ds7_img027332_ann028430.png,1.0,0.9375,0.9375,True,False,False,True,False,True,True,area_outlier,,
ds7_img027336_ann028434,2000,ds7,27336,28434,02_extracted/uang/2000/ds7_img027336_ann028434.png,1.0,1.0,1.0,True,False,False,True,False,True,True,area_outlier,,
ds7_img027339_ann028437,50000,ds7,27339,28437,02_extracted/uang/50000/ds7_img027339_ann028437.png,0.96875,1.032258064516129,0.96875,True,False,False,True,False,True,True,area_outlier,,
ds7_img027342_ann028440,2000,ds7,27342,28440,02_extracted/uang/2000/ds7_img027342_ann028440.png,1.0,0.967741935483871,0.908203125,True,False,False,False,True,False,True,random_5pct,,
ds7_img027346_ann028444,10000,ds7,27346,28444,02_extracted/uang/10000/ds7_img027346_ann028444.png,1.0,1.0,1.0,True,False,False,True,False,True,True,area_outlier,,
ds7_img027353_ann028451,50000,ds7,27353,28451,02_extracted/uang/50000/ds7_img027353_ann028451.png,1.0,0.9375,0.9375,True,False,False,True,False,True,True,area_outlier,,
ds7_img027358_ann028456,50000,ds7,27358,28456,02_extracted/uang/50000/ds7_img027358_ann028456.png,1.0,1.0666666666666667,0.9375,True,False,False,True,False,True,True,area_outlier,,
ds7_img027368_ann028466,100000,ds7,27368,28466,02_extracted/uang/100000/ds7_img027368_ann028466.png,1.0,1.103448275862069,0.90625,True,False,False,False,True,False,True,random_5pct,,
ds7_img027383_ann028481,10000,ds7,27383,28481,02_extracted/uang/10000/ds7_img027383_ann028481.png,1.0,0.96875,0.96875,True,False,False,False,True,False,True,random_5pct,,
ds7_img027402_ann028500,2000,ds7,27402,28500,02_extracted/uang/2000/ds7_img027402_ann028500.png,0.96875,0.9354838709677419,0.8779296875,True,False,False,False,True,False,True,random_5pct,,
ds7_img027418_ann028516,5000,ds7,27418,28516,02_extracted/uang/5000/ds7_img027418_ann028516.png,1.0,1.032258064516129,0.96875,True,False,False,True,False,True,True,area_outlier,,
ds7_img027426_ann028524,20000,ds7,27426,28524,02_extracted/uang/20000/ds7_img027426_ann028524.png,1.0,1.0,0.87890625,True,False,False,False,True,False,True,random_5pct,,
ds7_img027451_ann028549,50000,ds7,27451,28549,02_extracted/uang/50000/ds7_img027451_ann028549.png,1.0,1.0,1.0,True,False,False,True,False,True,True,area_outlier,,
ds7_img027454_ann028552,5000,ds7,27454,28552,02_extracted/uang/5000/ds7_img027454_ann028552.png,1.0,0.96875,0.96875,True,False,False,True,False,True,True,area_outlier,,
ds7_img027456_ann028554,5000,ds7,27456,28554,02_extracted/uang/5000/ds7_img027456_ann028554.png,1.0,0.96875,0.96875,True,False,False,True,False,True,True,area_outlier,,
ds7_img027467_ann028565,50000,ds7,27467,28565,02_extracted/uang/50000/ds7_img027467_ann028565.png,1.0,0.96875,0.96875,True,False,False,True,False,True,True,area_outlier,,
ds7_img027468_ann028566,5000,ds7,27468,28566,02_extracted/uang/5000/ds7_img027468_ann028566.png,0.96875,0.9032258064516129,0.84765625,True,False,False,False,True,False,True,random_5pct,,
ds7_img027478_ann028576,50000,ds7,27478,28576,02_extracted/uang/50000/ds7_img027478_ann028576.png,1.0,0.96875,0.96875,True,False,False,True,True,True,True,area_outlier;random_5pct,,
ds7_img027484_ann028582,20000,ds7,27484,28582,02_extracted/uang/20000/ds7_img027484_ann028582.png,1.0,1.0,0.9384765625,True,False,False,False,True,False,True,random_5pct,,
ds7_img027486_ann028584,1000,ds7,27486,28584,02_extracted/uang/1000/ds7_img027486_ann028584.png,1.0,1.1923076923076923,0.787109375,True,False,False,False,True,False,True,random_5pct,,
ds7_img027489_ann028587,50000,ds7,27489,28587,02_extracted/uang/50000/ds7_img027489_ann028587.png,1.0,0.96875,0.96875,True,False,False,True,False,True,True,area_outlier,,
ds7_img027495_ann028593,50000,ds7,27495,28593,02_extracted/uang/50000/ds7_img027495_ann028593.png,0.967741935483871,1.0666666666666667,0.9375,True,False,False,True,False,True,True,area_outlier,,
ds7_img027496_ann028594,50000,ds7,27496,28594,02_extracted/uang/50000/ds7_img027496_ann028594.png,0.96875,1.0,0.9384765625,True,False,False,True,False,True,True,area_outlier,,
ds7_img027514_ann028612,10000,ds7,27514,28612,02_extracted/uang/10000/ds7_img027514_ann028612.png,1.0,0.967741935483871,0.908203125,True,False,False,False,True,False,True,random_5pct,,
ds7_img027516_ann028614,5000,ds7,27516,28614,02_extracted/uang/5000/ds7_img027516_ann028614.png,1.0,1.032258064516129,0.96875,True,False,False,True,False,True,True,area_outlier,,
ds7_img027541_ann028639,5000,ds7,27541,28639,02_extracted/uang/5000/ds7_img027541_ann028639.png,1.0,0.96875,0.96875,True,False,False,True,False,True,True,area_outlier,,
ds7_img027547_ann028645,5000,ds7,27547,28645,02_extracted/uang/5000/ds7_img027547_ann028645.png,1.0,1.032258064516129,0.96875,True,False,False,True,False,True,True,area_outlier,,
ds7_img027560_ann028658,50000,ds7,27560,28658,02_extracted/uang/50000/ds7_img027560_ann028658.png,1.0,0.9375,0.9375,True,False,False,True,False,True,True,area_outlier,,
ds7_img027561_ann028659,50000,ds7,27561,28659,02_extracted/uang/50000/ds7_img027561_ann028659.png,1.0,1.0,0.9384765625,True,False,False,True,False,True,True,area_outlier,,
ds7_img027562_ann028660,50000,ds7,27562,28660,02_extracted/uang/50000/ds7_img027562_ann028660.png,1.0,0.96875,0.96875,True,False,False,True,False,True,True,area_outlier,,
ds7_img027569_ann028667,50000,ds7,27569,28667,02_extracted/uang/50000/ds7_img027569_ann028667.png,1.0,1.0,0.9384765625,True,False,False,True,False,True,True,area_outlier,,
ds7_img027576_ann028674,10000,ds7,27576,28674,02_extracted/uang/10000/ds7_img027576_ann028674.png,1.0,1.0,1.0,True,False,False,True,False,True,True,area_outlier,,
ds7_img027580_ann028678,50000,ds7,27580,28678,02_extracted/uang/50000/ds7_img027580_ann028678.png,0.967741935483871,1.0,0.87890625,True,False,False,False,True,False,True,random_5pct,,
ds7_img027593_ann028691,10000,ds7,27593,28691,02_extracted/uang/10000/ds7_img027593_ann028691.png,0.967741935483871,0.9666666666666667,0.849609375,True,False,False,False,True,False,True,random_5pct,,
ds7_img027631_ann028729,50000,ds7,27631,28729,02_extracted/uang/50000/ds7_img027631_ann028729.png,1.0,1.0666666666666667,0.9375,True,False,False,True,False,True,True,area_outlier,,
ds7_img027635_ann028733,10000,ds7,27635,28733,02_extracted/uang/10000/ds7_img027635_ann028733.png,1.0,0.967741935483871,0.908203125,True,False,False,False,True,False,True,random_5pct,,
ds7_img027646_ann028744,50000,ds7,27646,28744,02_extracted/uang/50000/ds7_img027646_ann028744.png,1.0,0.9375,0.9375,True,False,False,True,False,True,True,area_outlier,,
ds7_img027670_ann028768,2000,ds7,27670,28768,02_extracted/uang/2000/ds7_img027670_ann028768.png,1.0,1.0,0.765625,True,False,False,False,True,False,True,random_5pct,,
ds7_img027678_ann028776,50000,ds7,27678,28776,02_extracted/uang/50000/ds7_img027678_ann028776.png,1.0,1.1111111111111112,0.791015625,True,False,False,False,True,False,True,random_5pct,,
ds7_img027716_ann028814,50000,ds7,27716,28814,02_extracted/uang/50000/ds7_img027716_ann028814.png,1.0,1.0,0.9384765625,True,False,False,True,False,True,True,area_outlier,,
ds7_img027717_ann028815,5000,ds7,27717,28815,02_extracted/uang/5000/ds7_img027717_ann028815.png,1.0,1.0689655172413792,0.8779296875,True,False,False,False,True,False,True,random_5pct,,
ds7_img027719_ann028817,2000,ds7,27719,28817,02_extracted/uang/2000/ds7_img027719_ann028817.png,1.0,1.0714285714285714,0.8203125,True,False,False,False,True,False,True,random_5pct,,
ds7_img027722_ann028820,20000,ds7,27722,28820,02_extracted/uang/20000/ds7_img027722_ann028820.png,1.0,1.1071428571428572,0.84765625,True,False,False,False,True,False,True,random_5pct,,
ds7_img027767_ann028865,50000,ds7,27767,28865,02_extracted/uang/50000/ds7_img027767_ann028865.png,1.0,1.0,0.9384765625,True,False,False,True,False,True,True,area_outlier,,
ds7_img027813_ann028911,10000,ds7,27813,28911,02_extracted/uang/10000/ds7_img027813_ann028911.png,1.0,1.0,0.8212890625,True,False,False,False,True,False,True,random_5pct,,
ds8_img027840_ann028938,2000,ds8,27840,28938,02_extracted/uang/2000/ds8_img027840_ann028938.png,1.0,1.0,1.0,True,False,False,True,False,True,True,area_outlier,,
ds8_img027846_ann028944,100000,ds8,27846,28944,02_extracted/uang/100000/ds8_img027846_ann028944.png,1.0,0.5771065182829889,0.55743896484375,True,False,False,False,True,False,True,random_5pct,,
ds8_img027867_ann028965,2000,ds8,27867,28965,02_extracted/uang/2000/ds8_img027867_ann028965.png,1.0,1.0,1.0,True,False,False,True,False,True,True,area_outlier,,
ds8_img027885_ann028983,5000,ds8,27885,28983,02_extracted/uang/5000/ds8_img027885_ann028983.png,0.9984375,0.9984375,0.9984375,True,False,False,True,False,True,True,area_outlier,,
ds8_img027895_ann028993,50000,ds8,27895,28993,02_extracted/uang/50000/ds8_img027895_ann028993.png,1.0,0.96875,0.96875,True,False,False,True,False,True,True,area_outlier,,
ds8_img027903_ann029001,100000,ds8,27903,29001,02_extracted/uang/100000/ds8_img027903_ann029001.png,1.0,1.0,1.0,True,False,False,True,False,True,True,area_outlier,,
ds8_img027906_ann029004,100000,ds8,27906,29004,02_extracted/uang/100000/ds8_img027906_ann029004.png,1.0,1.0,1.0,True,False,False,True,False,True,True,area_outlier,,
ds8_img027927_ann029025,20000,ds8,27927,29025,02_extracted/uang/20000/ds8_img027927_ann029025.png,1.0,1.0,1.0,True,False,False,False,True,False,True,random_5pct,,
ds8_img027932_ann029030,100000,ds8,27932,29030,02_extracted/uang/100000/ds8_img027932_ann029030.png,1.0,1.0,1.0,True,False,False,True,False,True,True,area_outlier,,
ds8_img027935_ann029033,5000,ds8,27935,29033,02_extracted/uang/5000/ds8_img027935_ann029033.png,1.0,1.0,1.0,True,False,False,True,False,True,True,area_outlier,,
ds8_img027956_ann029054,50000,ds8,27956,29054,02_extracted/uang/50000/ds8_img027956_ann029054.png,1.0,1.0,1.0,True,False,False,True,False,True,True,area_outlier,,
ds8_img027959_ann029057,5000,ds8,27959,29057,02_extracted/uang/5000/ds8_img027959_ann029057.png,1.0,0.9578125,0.9578125,True,False,False,True,False,True,True,area_outlier,,
ds8_img027975_ann029073,1000,ds8,27975,29073,02_extracted/uang/1000/ds8_img027975_ann029073.png,1.0,0.891566265060241,0.3748779296875,True,False,False,False,True,False,True,random_5pct,,
ds8_img028007_ann029105,5000,ds8,28007,29105,02_extracted/uang/5000/ds8_img028007_ann029105.png,1.0,1.0,1.0,True,False,False,True,False,True,True,area_outlier,,
ds8_img028009_ann029107,5000,ds8,28009,29107,02_extracted/uang/5000/ds8_img028009_ann029107.png,1.0,1.0,1.0,True,False,False,True,False,True,True,area_outlier,,
ds8_img028017_ann029115,5000,ds8,28017,29115,02_extracted/uang/5000/ds8_img028017_ann029115.png,1.0,1.0,1.0,True,False,False,True,False,True,True,area_outlier,,
ds8_img028024_ann029122,5000,ds8,28024,29122,02_extracted/uang/5000/ds8_img028024_ann029122.png,1.0,1.0,1.0,True,False,False,True,False,True,True,area_outlier,,
ds8_img028025_ann029123,1000,ds8,28025,29123,02_extracted/uang/1000/ds8_img028025_ann029123.png,1.0,1.0,1.0,True,False,False,False,True,False,True,random_5pct,,
ds8_img028038_ann029136,10000,ds8,28038,29136,02_extracted/uang/10000/ds8_img028038_ann029136.png,1.0,1.0,1.0,True,False,False,True,False,True,True,area_outlier,,
ds8_img028044_ann029142,5000,ds8,28044,29142,02_extracted/uang/5000/ds8_img028044_ann029142.png,0.9983221476510067,1.3615560640732265,0.63480224609375,True,False,False,False,True,False,True,random_5pct,,
ds8_img028048_ann029146,100000,ds8,28048,29146,02_extracted/uang/100000/ds8_img028048_ann029146.png,1.0,0.5927672955974843,0.585380859375,True,False,False,False,True,False,True,random_5pct,,
ds8_img028061_ann029159,10000,ds8,28061,29159,02_extracted/uang/10000/ds8_img028061_ann029159.png,1.0,0.5609318996415771,0.4264013671875,True,False,False,False,True,False,True,random_5pct,,
ds8_img028083_ann029181,50000,ds8,28083,29181,02_extracted/uang/50000/ds8_img028083_ann029181.png,1.0,1.0738255033557047,0.93125,True,False,False,True,False,True,True,area_outlier,,
ds8_img028090_ann029188,100000,ds8,28090,29188,02_extracted/uang/100000/ds8_img028090_ann029188.png,1.0,1.0094637223974763,0.990625,True,False,False,True,False,True,True,area_outlier,,
ds8_img028093_ann029191,5000,ds8,28093,29191,02_extracted/uang/5000/ds8_img028093_ann029191.png,1.0,1.0,1.0,True,False,False,True,False,True,True,area_outlier,,
ds8_img028101_ann029199,10000,ds8,28101,29199,02_extracted/uang/10000/ds8_img028101_ann029199.png,1.0,1.0,1.0,True,False,False,True,False,True,True,area_outlier,,
ds8_img028108_ann029206,20000,ds8,28108,29206,02_extracted/uang/20000/ds8_img028108_ann029206.png,1.0,1.0,1.0,True,False,False,False,True,False,True,random_5pct,,
ds8_img028110_ann029208,50000,ds8,28110,29208,02_extracted/uang/50000/ds8_img028110_ann029208.png,1.0,0.96875,0.96875,True,False,False,True,False,True,True,area_outlier,,
ds8_img028121_ann029219,10000,ds8,28121,29219,02_extracted/uang/10000/ds8_img028121_ann029219.png,1.0,2.655,0.25927734375,True,False,False,False,True,False,True,random_5pct,,
ds8_img028136_ann029234,20000,ds8,28136,29234,02_extracted/uang/20000/ds8_img028136_ann029234.png,1.0,1.4761904761904763,0.6357421875,True,False,False,False,True,False,True,random_5pct,,
ds8_img028145_ann029243,100000,ds8,28145,29243,02_extracted/uang/100000/ds8_img028145_ann029243.png,1.0,1.0,1.0,True,False,False,True,False,True,True,area_outlier,,
ds8_img028148_ann029246,2000,ds8,28148,29246,02_extracted/uang/2000/ds8_img028148_ann029246.png,1.0,1.0,1.0,True,False,False,True,False,True,True,area_outlier,,
ds8_img028154_ann029252,5000,ds8,28154,29252,02_extracted/uang/5000/ds8_img028154_ann029252.png,1.0,1.0,1.0,True,False,False,True,False,True,True,area_outlier,,
ds8_img028155_ann029253,2000,ds8,28155,29253,02_extracted/uang/2000/ds8_img028155_ann029253.png,1.0,1.0,1.0,True,False,False,True,False,True,True,area_outlier,,
ds8_img028170_ann029268,100000,ds8,28170,29268,02_extracted/uang/100000/ds8_img028170_ann029268.png,1.0,0.990625,0.990625,True,False,False,True,False,True,True,area_outlier,,
ds8_img028175_ann029273,100000,ds8,28175,29273,02_extracted/uang/100000/ds8_img028175_ann029273.png,1.0,0.6103059581320451,0.57460693359375,True,False,False,False,True,False,True,random_5pct,,
ds8_img028199_ann029297,20000,ds8,28199,29297,02_extracted/uang/20000/ds8_img028199_ann029297.png,1.0,0.878125,0.878125,True,False,False,False,True,False,True,random_5pct,,
ds8_img028210_ann029308,100000,ds8,28210,29308,02_extracted/uang/100000/ds8_img028210_ann029308.png,1.0,1.0142630744849446,0.9859375,True,False,False,True,False,True,True,area_outlier,,
ds8_img028216_ann029314,5000,ds8,28216,29314,02_extracted/uang/5000/ds8_img028216_ann029314.png,1.0,1.0,1.0,True,False,False,True,False,True,True,area_outlier,,
ds8_img028219_ann029317,5000,ds8,28219,29317,02_extracted/uang/5000/ds8_img028219_ann029317.png,1.0,1.0,1.0,True,False,False,True,False,True,True,area_outlier,,
ds8_img028249_ann029347,50000,ds8,28249,29347,02_extracted/uang/50000/ds8_img028249_ann029347.png,1.0,1.0,1.0,True,False,False,True,False,True,True,area_outlier,,
ds8_img028251_ann029349,5000,ds8,28251,29349,02_extracted/uang/5000/ds8_img028251_ann029349.png,1.0,0.9328125,0.9328125,True,False,False,False,True,False,True,random_5pct,,
ds8_img028254_ann029352,50000,ds8,28254,29352,02_extracted/uang/50000/ds8_img028254_ann029352.png,1.0,1.0,1.0,True,False,False,True,False,True,True,area_outlier,,
ds8_img028264_ann029362,20000,ds8,28264,29362,02_extracted/uang/20000/ds8_img028264_ann029362.png,1.0,0.7074721780604134,0.68336181640625,True,False,False,False,True,False,True,random_5pct,,
ds8_img028268_ann029366,1000,ds8,28268,29366,02_extracted/uang/1000/ds8_img028268_ann029366.png,1.0,1.3037974683544304,0.715166015625,True,False,False,False,True,False,True,random_5pct,,
ds8_img028277_ann029375,50000,ds8,28277,29375,02_extracted/uang/50000/ds8_img028277_ann029375.png,1.0,1.0497835497835497,0.5470458984375,True,False,False,False,True,False,True,random_5pct,,
ds8_img028287_ann029385,5000,ds8,28287,29385,02_extracted/uang/5000/ds8_img028287_ann029385.png,1.0,1.0,1.0,True,False,False,True,False,True,True,area_outlier,,
ds8_img028290_ann029388,1000,ds8,28290,29388,02_extracted/uang/1000/ds8_img028290_ann029388.png,1.0,0.7608695652173914,0.566015625,True,False,False,False,True,False,True,random_5pct,,
ds8_img028292_ann029390,50000,ds8,28292,29390,02_extracted/uang/50000/ds8_img028292_ann029390.png,1.0,0.6987654320987654,0.27982177734375,True,False,False,False,True,False,True,random_5pct,,
ds8_img028294_ann029392,5000,ds8,28294,29392,02_extracted/uang/5000/ds8_img028294_ann029392.png,1.0,1.0,1.0,True,False,False,True,False,True,True,area_outlier,,
ds8_img028295_ann029393,100000,ds8,28295,29393,02_extracted/uang/100000/ds8_img028295_ann029393.png,1.0,1.0094637223974763,0.990625,True,False,False,True,False,True,True,area_outlier,,
ds8_img028297_ann029395,5000,ds8,28297,29395,02_extracted/uang/5000/ds8_img028297_ann029395.png,1.0,1.0015698587127158,0.9922021484375,True,False,False,True,False,True,True,area_outlier,,
ds8_img028304_ann029402,100000,ds8,28304,29402,02_extracted/uang/100000/ds8_img028304_ann029402.png,1.0,1.0,1.0,True,False,False,True,False,True,True,area_outlier,,
ds8_img028306_ann029404,100000,ds8,28306,29404,02_extracted/uang/100000/ds8_img028306_ann029404.png,1.0,1.0094637223974763,0.990625,True,False,False,True,False,True,True,area_outlier,,
ds8_img028314_ann029412,50000,ds8,28314,29412,02_extracted/uang/50000/ds8_img028314_ann029412.png,1.0,1.0774410774410774,0.928125,True,False,False,True,False,True,True,area_outlier,,
ds8_img028315_ann029413,50000,ds8,28315,29413,02_extracted/uang/50000/ds8_img028315_ann029413.png,0.9983164983164983,1.0792580101180438,0.9265625,True,False,False,True,False,True,True,area_outlier,,
ds8_img028332_ann029430,100000,ds8,28332,29430,02_extracted/uang/100000/ds8_img028332_ann029430.png,1.0,1.0174880763116056,0.9828125,True,False,False,True,False,True,True,area_outlier,,
ds8_img028333_ann029431,50000,ds8,28333,29431,02_extracted/uang/50000/ds8_img028333_ann029431.png,1.0,1.0,1.0,True,False,False,True,False,True,True,area_outlier,,
ds8_img028335_ann029433,50000,ds8,28335,29433,02_extracted/uang/50000/ds8_img028335_ann029433.png,1.0,1.6859756097560976,0.44283203125,True,False,False,False,True,False,True,random_5pct,,
ds8_img028349_ann029447,100000,ds8,28349,29447,02_extracted/uang/100000/ds8_img028349_ann029447.png,1.0,1.0,1.0,True,False,False,True,False,True,True,area_outlier,,
ds8_img028353_ann029451,50000,ds8,28353,29451,02_extracted/uang/50000/ds8_img028353_ann029451.png,1.0,1.1033707865168538,0.53343505859375,True,False,False,False,True,False,True,random_5pct,,
ds8_img028363_ann029461,100000,ds8,28363,29461,02_extracted/uang/100000/ds8_img028363_ann029461.png,1.0,1.6235294117647059,0.458203125,True,False,False,False,True,False,True,random_5pct,,
ds8_img028367_ann029465,10000,ds8,28367,29465,02_extracted/uang/10000/ds8_img028367_ann029465.png,1.0,1.0,1.0,True,False,False,True,False,True,True,area_outlier,,
ds8_img028371_ann029469,50000,ds8,28371,29469,02_extracted/uang/50000/ds8_img028371_ann029469.png,1.0,0.650709219858156,0.505341796875,True,False,False,False,True,False,True,random_5pct,,
ds8_img028377_ann029475,50000,ds8,28377,29475,02_extracted/uang/50000/ds8_img028377_ann029475.png,1.0,1.0,1.0,True,False,False,True,False,True,True,area_outlier,,
ds8_img028378_ann029476,20000,ds8,28378,29476,02_extracted/uang/20000/ds8_img028378_ann029476.png,1.0,1.53551912568306,0.502177734375,True,False,False,False,True,False,True,random_5pct,,
ds8_img028391_ann029489,10000,ds8,28391,29489,02_extracted/uang/10000/ds8_img028391_ann029489.png,1.0,1.0,1.0,True,False,False,True,False,True,True,area_outlier,,
ds8_img028400_ann029498,100000,ds8,28400,29498,02_extracted/uang/100000/ds8_img028400_ann029498.png,1.0,1.6486486486486487,0.35265625,True,False,False,False,True,False,True,random_5pct,,
ds8_img028402_ann029500,5000,ds8,28402,29500,02_extracted/uang/5000/ds8_img028402_ann029500.png,1.0,0.9169435215946844,0.8112890625,True,False,False,False,True,False,True,random_5pct,,
ds8_img028404_ann029502,100000,ds8,28404,29502,02_extracted/uang/100000/ds8_img028404_ann029502.png,1.0,0.5796875,0.5796875,True,False,False,False,True,False,True,random_5pct,,
ds8_img028412_ann029510,50000,ds8,28412,29510,02_extracted/uang/50000/ds8_img028412_ann029510.png,1.0,0.9699367088607594,0.94583984375,True,False,False,True,True,True,True,area_outlier;random_5pct,,
ds8_img028418_ann029516,1000,ds8,28418,29516,02_extracted/uang/1000/ds8_img028418_ann029516.png,1.0,1.0,1.0,True,False,False,False,True,False,True,random_5pct,,
ds8_img028435_ann029533,5000,ds8,28435,29533,02_extracted/uang/5000/ds8_img028435_ann029533.png,1.0,1.0,1.0,True,False,False,True,False,True,True,area_outlier,,
ds8_img028437_ann029535,100000,ds8,28437,29535,02_extracted/uang/100000/ds8_img028437_ann029535.png,1.0,1.0,1.0,True,False,False,True,False,True,True,area_outlier,,
ds8_img028442_ann029540,50000,ds8,28442,29540,02_extracted/uang/50000/ds8_img028442_ann029540.png,0.9984025559105432,0.9765625,0.9765625,True,False,False,True,False,True,True,area_outlier,,
ds8_img028458_ann029556,1000,ds8,28458,29556,02_extracted/uang/1000/ds8_img028458_ann029556.png,1.0,0.88125,0.88125,True,False,False,False,True,False,True,random_5pct,,
ds8_img028463_ann029561,20000,ds8,28463,29561,02_extracted/uang/20000/ds8_img028463_ann029561.png,1.0,0.7984375,0.7984375,True,False,False,False,True,False,True,random_5pct,,
ds8_img028468_ann029566,50000,ds8,28468,29566,02_extracted/uang/50000/ds8_img028468_ann029566.png,1.0,1.0,1.0,True,False,False,True,False,True,True,area_outlier,,
ds8_img028473_ann029571,20000,ds8,28473,29571,02_extracted/uang/20000/ds8_img028473_ann029571.png,1.0,1.0544554455445545,0.42017578125,True,False,False,False,True,False,True,random_5pct,,
ds8_img028480_ann029578,100000,ds8,28480,29578,02_extracted/uang/100000/ds8_img028480_ann029578.png,1.0,1.0,1.0,True,False,False,True,False,True,True,area_outlier,,
ds8_img028489_ann029587,100000,ds8,28489,29587,02_extracted/uang/100000/ds8_img028489_ann029587.png,1.0,1.0174880763116056,0.9828125,True,False,False,True,False,True,True,area_outlier,,
ds8_img028493_ann029591,50000,ds8,28493,29591,02_extracted/uang/50000/ds8_img028493_ann029591.png,1.0,0.984375,0.984375,True,False,False,True,False,True,True,area_outlier,,
ds8_img028494_ann029592,10000,ds8,28494,29592,02_extracted/uang/10000/ds8_img028494_ann029592.png,1.0,1.0,1.0,True,False,False,True,False,True,True,area_outlier,,
ds8_img028498_ann029596,50000,ds8,28498,29596,02_extracted/uang/50000/ds8_img028498_ann029596.png,1.0,1.0015673981191222,0.9953173828125,True,False,False,True,False,True,True,area_outlier,,
ds8_img028504_ann029602,5000,ds8,28504,29602,02_extracted/uang/5000/ds8_img028504_ann029602.png,1.0,1.0,1.0,True,False,False,True,False,True,True,area_outlier,,
ds8_img028512_ann029610,100000,ds8,28512,29610,02_extracted/uang/100000/ds8_img028512_ann029610.png,1.0,1.0,1.0,True,False,False,True,False,True,True,area_outlier,,
ds8_img028516_ann029614,50000,ds8,28516,29614,02_extracted/uang/50000/ds8_img028516_ann029614.png,1.0,0.9747235387045814,0.95351806640625,True,False,False,True,False,True,True,area_outlier,,
ds8_img028526_ann029624,50000,ds8,28526,29624,02_extracted/uang/50000/ds8_img028526_ann029624.png,1.0,1.5869565217391304,0.5246875,True,False,False,False,True,False,True,random_5pct,,
ds8_img028530_ann029628,50000,ds8,28530,29628,02_extracted/uang/50000/ds8_img028530_ann029628.png,1.0,1.592039800995025,0.628125,True,False,False,False,True,False,True,random_5pct,,
ds8_img028533_ann029631,10000,ds8,28533,29631,02_extracted/uang/10000/ds8_img028533_ann029631.png,1.0,1.7073170731707317,0.25224609375,True,False,False,False,True,False,True,random_5pct,,
ds8_img028541_ann029639,5000,ds8,28541,29639,02_extracted/uang/5000/ds8_img028541_ann029639.png,1.0,0.8871595330739299,0.5722265625,True,False,False,False,True,False,True,random_5pct,,
ds8_img028543_ann029641,100000,ds8,28543,29641,02_extracted/uang/100000/ds8_img028543_ann029641.png,0.9982547993019197,1.118881118881119,0.89375,True,False,False,False,True,False,True,random_5pct,,
ds8_img028545_ann029643,1000,ds8,28545,29643,02_extracted/uang/1000/ds8_img028545_ann029643.png,1.0,1.9735973597359735,0.4423681640625,True,False,False,False,True,False,True,random_5pct,,
ds8_img028550_ann029648,50000,ds8,28550,29648,02_extracted/uang/50000/ds8_img028550_ann029648.png,1.0,1.0389610389610389,0.9625,True,False,False,True,False,True,True,area_outlier,,
ds8_img028553_ann029651,10000,ds8,28553,29651,02_extracted/uang/10000/ds8_img028553_ann029651.png,1.0,1.0,1.0,True,False,False,True,False,True,True,area_outlier,,
ds8_img028558_ann029656,10000,ds8,28558,29656,02_extracted/uang/10000/ds8_img028558_ann029656.png,1.0,0.7701863354037267,0.438662109375,True,False,False,False,True,False,True,random_5pct,,
ds8_img028560_ann029658,100000,ds8,28560,29658,02_extracted/uang/100000/ds8_img028560_ann029658.png,1.0,1.1657559198542806,0.8578125,True,False,False,False,True,False,True,random_5pct,,
ds8_img028563_ann029661,5000,ds8,28563,29661,02_extracted/uang/5000/ds8_img028563_ann029661.png,1.0,1.0,1.0,True,False,False,True,False,True,True,area_outlier,,
ds8_img028568_ann029666,20000,ds8,28568,29666,02_extracted/uang/20000/ds8_img028568_ann029666.png,1.0,1.2723112128146452,0.593193359375,True,False,False,False,True,False,True,random_5pct,,
ds8_img028570_ann029668,50000,ds8,28570,29668,02_extracted/uang/50000/ds8_img028570_ann029668.png,1.0,1.0,1.0,True,False,False,True,False,True,True,area_outlier,,
ds8_img028572_ann029670,100000,ds8,28572,29670,02_extracted/uang/100000/ds8_img028572_ann029670.png,1.0,0.8431952662721893,0.2351806640625,True,False,False,False,True,False,True,random_5pct,,
ds8_img028594_ann029692,50000,ds8,28594,29692,02_extracted/uang/50000/ds8_img028594_ann029692.png,1.0,1.0,1.0,True,False,False,True,False,True,True,area_outlier,,
ds8_img028601_ann029699,10000,ds8,28601,29699,02_extracted/uang/10000/ds8_img028601_ann029699.png,1.0,1.0,1.0,True,False,False,True,False,True,True,area_outlier,,
ds8_img028611_ann029709,10000,ds8,28611,29709,02_extracted/uang/10000/ds8_img028611_ann029709.png,1.0,1.0,1.0,True,False,False,True,False,True,True,area_outlier,,
ds8_img028612_ann029710,5000,ds8,28612,29710,02_extracted/uang/5000/ds8_img028612_ann029710.png,1.0,0.9921875,0.9921875,True,False,False,True,False,True,True,area_outlier,,
ds8_img028619_ann029717,50000,ds8,28619,29717,02_extracted/uang/50000/ds8_img028619_ann029717.png,1.0,0.9747235387045814,0.95351806640625,True,False,False,True,False,True,True,area_outlier,,
ds8_img028622_ann029720,20000,ds8,28622,29720,02_extracted/uang/20000/ds8_img028622_ann029720.png,1.0,1.0,1.0,True,False,False,False,True,False,True,random_5pct,,
ds8_img028624_ann029722,10000,ds8,28624,29722,02_extracted/uang/10000/ds8_img028624_ann029722.png,1.0,1.0,1.0,True,False,False,True,True,True,True,area_outlier;random_5pct,,
ds8_img028633_ann029731,5000,ds8,28633,29731,02_extracted/uang/5000/ds8_img028633_ann029731.png,1.0,0.9290617848970252,0.4331591796875,True,False,False,False,True,False,True,random_5pct,,
ds8_img028634_ann029732,50000,ds8,28634,29732,02_extracted/uang/50000/ds8_img028634_ann029732.png,1.0,1.0,1.0,True,False,False,True,False,True,True,area_outlier,,
ds8_img028635_ann029733,100000,ds8,28635,29733,02_extracted/uang/100000/ds8_img028635_ann029733.png,1.0,1.0,1.0,True,False,False,True,False,True,True,area_outlier,,
ds8_img028657_ann029755,50000,ds8,28657,29755,02_extracted/uang/50000/ds8_img028657_ann029755.png,1.0,1.0738255033557047,0.93125,True,False,False,True,False,True,True,area_outlier,,
ds8_img028662_ann029760,1000,ds8,28662,29760,02_extracted/uang/1000/ds8_img028662_ann029760.png,1.0,1.1260504201680672,0.622890625,True,False,False,False,True,False,True,random_5pct,,
ds8_img028680_ann029778,5000,ds8,28680,29778,02_extracted/uang/5000/ds8_img028680_ann029778.png,1.0,1.0,1.0,True,False,False,True,False,True,True,area_outlier,,
ds8_img028681_ann029779,50000,ds8,28681,29779,02_extracted/uang/50000/ds8_img028681_ann029779.png,0.9983525535420099,0.946875,0.946875,True,False,False,True,False,True,True,area_outlier,,
ds8_img028682_ann029780,5000,ds8,28682,29780,02_extracted/uang/5000/ds8_img028682_ann029780.png,1.0,1.0423452768729642,0.959375,True,False,False,True,False,True,True,area_outlier,,
ds8_img028686_ann029784,50000,ds8,28686,29784,02_extracted/uang/50000/ds8_img028686_ann029784.png,1.0,1.0256410256410255,0.975,True,False,False,True,False,True,True,area_outlier,,
ds8_img028688_ann029786,5000,ds8,28688,29786,02_extracted/uang/5000/ds8_img028688_ann029786.png,1.0,1.0,1.0,True,False,False,True,False,True,True,area_outlier,,
ds8_img028689_ann029787,100000,ds8,28689,29787,02_extracted/uang/100000/ds8_img028689_ann029787.png,1.0,1.7472924187725631,0.327314453125,True,False,False,False,True,False,True,random_5pct,,
ds8_img028715_ann029813,10000,ds8,28715,29813,02_extracted/uang/10000/ds8_img028715_ann029813.png,1.0,1.0,1.0,True,False,False,True,False,True,True,area_outlier,,
ds8_img028742_ann029840,5000,ds8,28742,29840,02_extracted/uang/5000/ds8_img028742_ann029840.png,1.0,0.9578125,0.9578125,True,False,False,True,False,True,True,area_outlier,,
ds8_img028749_ann029847,50000,ds8,28749,29847,02_extracted/uang/50000/ds8_img028749_ann029847.png,1.0,0.9484375,0.9484375,True,False,False,True,False,True,True,area_outlier,,
ds8_img028764_ann029862,100000,ds8,28764,29862,02_extracted/uang/100000/ds8_img028764_ann029862.png,1.0,0.6914498141263941,0.48861328125,True,False,False,False,True,False,True,random_5pct,,
ds8_img028788_ann029886,50000,ds8,28788,29886,02_extracted/uang/50000/ds8_img028788_ann029886.png,1.0,1.0,1.0,True,False,False,True,False,True,True,area_outlier,,
ds8_img028789_ann029887,100000,ds8,28789,29887,02_extracted/uang/100000/ds8_img028789_ann029887.png,1.0,1.6161290322580646,0.3791748046875,True,False,False,False,True,False,True,random_5pct,,
ds8_img028795_ann029893,5000,ds8,28795,29893,02_extracted/uang/5000/ds8_img028795_ann029893.png,1.0,1.0,1.0,True,False,False,True,False,True,True,area_outlier,,
ds8_img028818_ann029916,100000,ds8,28818,29916,02_extracted/uang/100000/ds8_img028818_ann029916.png,1.0,1.0,1.0,True,False,False,True,False,True,True,area_outlier,,
ds8_img028822_ann029920,10000,ds8,28822,29920,02_extracted/uang/10000/ds8_img028822_ann029920.png,1.0,1.0869565217391304,0.23724365234375,True,False,False,False,True,False,True,random_5pct,,
ds8_img028826_ann029924,5000,ds8,28826,29924,02_extracted/uang/5000/ds8_img028826_ann029924.png,1.0,0.9640625,0.9640625,True,False,False,True,False,True,True,area_outlier,,
ds8_img028828_ann029926,5000,ds8,28828,29926,02_extracted/uang/5000/ds8_img028828_ann029926.png,1.0,1.0,1.0,True,False,False,True,False,True,True,area_outlier,,
ds8_img028840_ann029938,1000,ds8,28840,29938,02_extracted/uang/1000/ds8_img028840_ann029938.png,1.0,0.9315068493150684,0.593837890625,True,False,False,False,True,False,True,random_5pct,,
ds8_img028869_ann029967,50000,ds8,28869,29967,02_extracted/uang/50000/ds8_img028869_ann029967.png,1.0,1.0,1.0,True,False,False,True,False,True,True,area_outlier,,
ds8_img028874_ann029972,50000,ds8,28874,29972,02_extracted/uang/50000/ds8_img028874_ann029972.png,1.0,0.3912337662337662,0.36244140625,True,False,False,False,True,False,True,random_5pct,,
ds8_img028888_ann029986,2000,ds8,28888,29986,02_extracted/uang/2000/ds8_img028888_ann029986.png,1.0,1.0,1.0,True,False,False,True,False,True,True,area_outlier,,
ds8_img028889_ann029987,2000,ds8,28889,29987,02_extracted/uang/2000/ds8_img028889_ann029987.png,1.0,1.415929203539823,0.70625,True,False,False,False,True,False,True,random_5pct,,
ds8_img028894_ann029992,5000,ds8,28894,29992,02_extracted/uang/5000/ds8_img028894_ann029992.png,1.0,0.38848920863309355,0.293203125,True,False,False,False,True,False,True,random_5pct,,
ds8_img028906_ann030004,1000,ds8,28906,30004,02_extracted/uang/1000/ds8_img028906_ann030004.png,1.0,0.789568345323741,0.595908203125,True,False,False,False,True,False,True,random_5pct,,
ds8_img028920_ann030018,20000,ds8,28920,30018,02_extracted/uang/20000/ds8_img028920_ann030018.png,1.0,0.7667910447761194,0.53783203125,True,False,False,False,True,False,True,random_5pct,,
ds8_img028939_ann030037,50000,ds8,28939,30037,02_extracted/uang/50000/ds8_img028939_ann030037.png,1.0,0.96875,0.96875,True,False,False,True,False,True,True,area_outlier,,
ds8_img028940_ann030038,10000,ds8,28940,30038,02_extracted/uang/10000/ds8_img028940_ann030038.png,1.0,0.6984375,0.6984375,True,False,False,False,True,False,True,random_5pct,,
ds8_img028941_ann030039,10000,ds8,28941,30039,02_extracted/uang/10000/ds8_img028941_ann030039.png,1.0,1.0,1.0,True,False,False,True,False,True,True,area_outlier,,
ds8_img028948_ann030046,5000,ds8,28948,30046,02_extracted/uang/5000/ds8_img028948_ann030046.png,1.0,1.057391304347826,0.853515625,True,False,False,False,True,False,True,random_5pct,,
ds8_img028949_ann030047,5000,ds8,28949,30047,02_extracted/uang/5000/ds8_img028949_ann030047.png,1.0,1.001564945226917,0.9984375,True,False,False,True,False,True,True,area_outlier,,
ds8_img028955_ann030053,5000,ds8,28955,30053,02_extracted/uang/5000/ds8_img028955_ann030053.png,1.0,1.0,1.0,True,False,False,True,False,True,True,area_outlier,,
ds8_img028957_ann030055,5000,ds8,28957,30055,02_extracted/uang/5000/ds8_img028957_ann030055.png,1.0,1.0,1.0,True,False,False,True,False,True,True,area_outlier,,
ds8_img028958_ann030056,1000,ds8,28958,30056,02_extracted/uang/1000/ds8_img028958_ann030056.png,1.0,1.0,1.0,True,False,False,False,True,False,True,random_5pct,,
ds8_img028962_ann030060,50000,ds8,28962,30060,02_extracted/uang/50000/ds8_img028962_ann030060.png,1.0,0.9699367088607594,0.94583984375,True,False,False,True,False,True,True,area_outlier,,
ds8_img028973_ann030071,50000,ds8,28973,30071,02_extracted/uang/50000/ds8_img028973_ann030071.png,1.0,1.0015673981191222,0.9953173828125,True,False,False,True,False,True,True,area_outlier,,
ds8_img028976_ann030074,50000,ds8,28976,30074,02_extracted/uang/50000/ds8_img028976_ann030074.png,1.0,0.9699367088607594,0.94583984375,True,False,False,True,False,True,True,area_outlier,,
ds8_img028983_ann030081,1000,ds8,28983,30081,02_extracted/uang/1000/ds8_img028983_ann030081.png,1.0,1.9429530201342282,0.4212451171875,True,False,False,False,True,False,True,random_5pct,,
ds8_img028986_ann030084,10000,ds8,28986,30084,02_extracted/uang/10000/ds8_img028986_ann030084.png,1.0,0.7456279809220986,0.72021728515625,True,False,False,False,True,False,True,random_5pct,,
ds8_img028990_ann030088,1000,ds8,28990,30088,02_extracted/uang/1000/ds8_img028990_ann030088.png,1.0,1.0,1.0,True,False,False,False,True,False,True,random_5pct,,
ds8_img029005_ann030103,100000,ds8,29005,30103,02_extracted/uang/100000/ds8_img029005_ann030103.png,1.0,1.0,1.0,True,False,False,True,False,True,True,area_outlier,,
ds8_img029007_ann030105,1000,ds8,29007,30105,02_extracted/uang/1000/ds8_img029007_ann030105.png,0.9983633387888707,1.1466165413533835,0.79228515625,True,False,False,False,True,False,True,random_5pct,,
ds8_img029011_ann030109,100000,ds8,29011,30109,02_extracted/uang/100000/ds8_img029011_ann030109.png,1.0,1.0,1.0,True,False,False,True,False,True,True,area_outlier,,
ds8_img029020_ann030118,100000,ds8,29020,30118,02_extracted/uang/100000/ds8_img029020_ann030118.png,1.0,0.3651315789473684,0.32953125,True,False,False,False,True,False,True,random_5pct,,
ds8_img029029_ann030127,2000,ds8,29029,30127,02_extracted/uang/2000/ds8_img029029_ann030127.png,1.0,1.0,1.0,True,False,False,True,True,True,True,area_outlier;random_5pct,,
ds8_img029036_ann030134,5000,ds8,29036,30134,02_extracted/uang/5000/ds8_img029036_ann030134.png,1.0,0.9921875,0.9921875,True,False,False,True,True,True,True,area_outlier;random_5pct,,
ds8_img029046_ann030144,50000,ds8,29046,30144,02_extracted/uang/50000/ds8_img029046_ann030144.png,1.0,1.023688663282572,0.87293701171875,True,False,False,False,True,False,True,random_5pct,,
ds8_img029050_ann030148,1000,ds8,29050,30148,02_extracted/uang/1000/ds8_img029050_ann030148.png,1.0,1.0,1.0,True,False,False,False,True,False,True,random_5pct,,
ds8_img029054_ann030152,50000,ds8,29054,30152,02_extracted/uang/50000/ds8_img029054_ann030152.png,0.9984025559105432,0.9765625,0.9765625,True,False,False,True,False,True,True,area_outlier,,
ds8_img029068_ann030166,2000,ds8,29068,30166,02_extracted/uang/2000/ds8_img029068_ann030166.png,1.0,1.0,1.0,True,False,False,True,True,True,True,area_outlier;random_5pct,,
ds8_img029079_ann030177,50000,ds8,29079,30177,02_extracted/uang/50000/ds8_img029079_ann030177.png,1.0,0.996875,0.996875,True,False,False,True,False,True,True,area_outlier,,
ds8_img029084_ann030182,50000,ds8,29084,30182,02_extracted/uang/50000/ds8_img029084_ann030182.png,1.0,1.0015673981191222,0.9953173828125,True,False,False,True,False,True,True,area_outlier,,
ds8_img029089_ann030187,100000,ds8,29089,30187,02_extracted/uang/100000/ds8_img029089_ann030187.png,1.0,1.0094637223974763,0.990625,True,False,False,True,False,True,True,area_outlier,,
ds8_img029091_ann030189,100000,ds8,29091,30189,02_extracted/uang/100000/ds8_img029091_ann030189.png,1.0,1.0,1.0,True,False,False,True,False,True,True,area_outlier,,
ds8_img029100_ann030198,10000,ds8,29100,30198,02_extracted/uang/10000/ds8_img029100_ann030198.png,1.0,2.6682464454976302,0.29002197265625,True,False,False,False,True,False,True,random_5pct,,
ds8_img029107_ann030205,10000,ds8,29107,30205,02_extracted/uang/10000/ds8_img029107_ann030205.png,1.0,1.0,1.0,True,False,False,True,False,True,True,area_outlier,,
ds8_img029112_ann030210,5000,ds8,29112,30210,02_extracted/uang/5000/ds8_img029112_ann030210.png,0.9984350547730829,1.0031347962382444,0.996875,True,False,False,True,False,True,True,area_outlier,,
ds8_img029115_ann030213,2000,ds8,29115,30213,02_extracted/uang/2000/ds8_img029115_ann030213.png,1.0,0.9578125,0.9578125,True,False,False,False,True,False,True,random_5pct,,
ds8_img029119_ann030217,2000,ds8,29119,30217,02_extracted/uang/2000/ds8_img029119_ann030217.png,1.0,1.0,1.0,True,False,False,True,False,True,True,area_outlier,,
ds8_img029123_ann030221,5000,ds8,29123,30221,02_extracted/uang/5000/ds8_img029123_ann030221.png,1.0,1.0,1.0,True,False,False,True,False,True,True,area_outlier,,
ds8_img029129_ann030227,5000,ds8,29129,30227,02_extracted/uang/5000/ds8_img029129_ann030227.png,1.0,1.0,1.0,True,False,False,True,False,True,True,area_outlier,,
ds8_img029130_ann030228,5000,ds8,29130,30228,02_extracted/uang/5000/ds8_img029130_ann030228.png,1.0,0.9578125,0.9578125,True,False,False,True,False,True,True,area_outlier,,
ds8_img029131_ann030229,5000,ds8,29131,30229,02_extracted/uang/5000/ds8_img029131_ann030229.png,1.0,1.0,1.0,True,False,False,True,False,True,True,area_outlier,,
ds8_img029133_ann030231,20000,ds8,29133,30231,02_extracted/uang/20000/ds8_img029133_ann030231.png,1.0,0.5390625,0.5390625,True,False,False,False,True,False,True,random_5pct,,
ds8_img029135_ann030233,50000,ds8,29135,30233,02_extracted/uang/50000/ds8_img029135_ann030233.png,1.0,1.0256410256410255,0.975,True,False,False,True,False,True,True,area_outlier,,
ds8_img029144_ann030242,50000,ds8,29144,30242,02_extracted/uang/50000/ds8_img029144_ann030242.png,1.0,1.0256410256410255,0.975,True,False,False,True,False,True,True,area_outlier,,
ds8_img029146_ann030244,50000,ds8,29146,30244,02_extracted/uang/50000/ds8_img029146_ann030244.png,1.0,0.996875,0.996875,True,False,False,True,False,True,True,area_outlier,,
ds8_img029148_ann030246,100000,ds8,29148,30246,02_extracted/uang/100000/ds8_img029148_ann030246.png,1.0,1.0,1.0,True,False,False,True,False,True,True,area_outlier,,
ds8_img029149_ann030247,100000,ds8,29149,30247,02_extracted/uang/100000/ds8_img029149_ann030247.png,1.0,1.0094637223974763,0.990625,True,False,False,True,False,True,True,area_outlier,,
ds8_img029150_ann030248,50000,ds8,29150,30248,02_extracted/uang/50000/ds8_img029150_ann030248.png,1.0,1.0,1.0,True,False,False,True,False,True,True,area_outlier,,
ds8_img029153_ann030251,10000,ds8,29153,30251,02_extracted/uang/10000/ds8_img029153_ann030251.png,1.0,0.8875,0.8875,True,False,False,False,True,False,True,random_5pct,,
ds8_img029161_ann030259,20000,ds8,29161,30259,02_extracted/uang/20000/ds8_img029161_ann030259.png,1.0,0.4569640062597809,0.455537109375,True,False,False,False,True,False,True,random_5pct,,
ds8_img029164_ann030262,1000,ds8,29164,30262,02_extracted/uang/1000/ds8_img029164_ann030262.png,1.0,1.5434782608695652,0.6458642578125,True,False,False,False,True,False,True,random_5pct,,
ds8_img029168_ann030266,100000,ds8,29168,30266,02_extracted/uang/100000/ds8_img029168_ann030266.png,1.0,1.0,1.0,True,False,False,True,False,True,True,area_outlier,,
ds8_img029182_ann030280,10000,ds8,29182,30280,02_extracted/uang/10000/ds8_img029182_ann030280.png,1.0,1.0,1.0,True,False,False,True,False,True,True,area_outlier,,
ds8_img029188_ann030286,10000,ds8,29188,30286,02_extracted/uang/10000/ds8_img029188_ann030286.png,1.0,1.0,1.0,True,False,False,True,False,True,True,area_outlier,,
ds8_img029201_ann030299,5000,ds8,29201,30299,02_extracted/uang/5000/ds8_img029201_ann030299.png,1.0,0.9640625,0.9640625,True,False,False,True,False,True,True,area_outlier,,
ds8_img029204_ann030302,5000,ds8,29204,30302,02_extracted/uang/5000/ds8_img029204_ann030302.png,1.0,1.0423452768729642,0.959375,True,False,False,True,False,True,True,area_outlier,,
ds8_img029208_ann030306,5000,ds8,29208,30306,02_extracted/uang/5000/ds8_img029208_ann030306.png,1.0,1.2025316455696202,0.2931640625,True,False,False,False,True,False,True,random_5pct,,
ds8_img029222_ann030320,50000,ds8,29222,30320,02_extracted/uang/50000/ds8_img029222_ann030320.png,1.0,0.978125,0.978125,True,False,False,True,True,True,True,area_outlier;random_5pct,,
ds8_img029227_ann030325,100000,ds8,29227,30325,02_extracted/uang/100000/ds8_img029227_ann030325.png,1.0,0.7453125,0.7453125,True,False,False,False,True,False,True,random_5pct,,
ds8_img029241_ann030339,10000,ds8,29241,30339,02_extracted/uang/10000/ds8_img029241_ann030339.png,1.0,0.842948717948718,0.801328125,True,False,False,False,True,False,True,random_5pct,,
ds8_img029243_ann030341,10000,ds8,29243,30341,02_extracted/uang/10000/ds8_img029243_ann030341.png,1.0,0.6537102473498233,0.511279296875,True,False,False,False,True,False,True,random_5pct,,
ds8_img029262_ann030360,50000,ds8,29262,30360,02_extracted/uang/50000/ds8_img029262_ann030360.png,1.0,0.9484375,0.9484375,True,False,False,True,False,True,True,area_outlier,,
ds8_img029279_ann030377,50000,ds8,29279,30377,02_extracted/uang/50000/ds8_img029279_ann030377.png,1.0,1.0774410774410774,0.928125,True,False,False,True,False,True,True,area_outlier,,
ds8_img029280_ann030378,50000,ds8,29280,30378,02_extracted/uang/50000/ds8_img029280_ann030378.png,0.9983471074380166,1.0219966159052454,0.871494140625,True,False,False,False,True,False,True,random_5pct,,
ds8_img029281_ann030379,100000,ds8,29281,30379,02_extracted/uang/100000/ds8_img029281_ann030379.png,1.0,1.0,1.0,True,False,False,True,False,True,True,area_outlier,,
ds8_img029287_ann030385,10000,ds8,29287,30385,02_extracted/uang/10000/ds8_img029287_ann030385.png,1.0,0.8,0.4314453125,True,False,False,False,True,False,True,random_5pct,,
ds8_img029299_ann030397,100000,ds8,29299,30397,02_extracted/uang/100000/ds8_img029299_ann030397.png,1.0,1.0,1.0,True,False,False,True,False,True,True,area_outlier,,
ds8_img029302_ann030400,10000,ds8,29302,30400,02_extracted/uang/10000/ds8_img029302_ann030400.png,1.0,1.1673469387755102,0.68427734375,True,False,False,False,True,False,True,random_5pct,,
ds8_img029303_ann030401,10000,ds8,29303,30401,02_extracted/uang/10000/ds8_img029303_ann030401.png,1.0,0.40429338103756707,0.3084326171875,True,False,False,False,True,False,True,random_5pct,,
ds8_img029315_ann030413,10000,ds8,29315,30413,02_extracted/uang/10000/ds8_img029315_ann030413.png,1.0,1.0,1.0,True,False,False,True,False,True,True,area_outlier,,
ds8_img029325_ann030423,5000,ds8,29325,30423,02_extracted/uang/5000/ds8_img029325_ann030423.png,1.0,1.0015698587127158,0.9922021484375,True,False,False,True,False,True,True,area_outlier,,
ds8_img029329_ann030427,20000,ds8,29329,30427,02_extracted/uang/20000/ds8_img029329_ann030427.png,1.0,1.498567335243553,0.44562255859375,True,False,False,False,True,False,True,random_5pct,,
ds8_img029336_ann030434,5000,ds8,29336,30434,02_extracted/uang/5000/ds8_img029336_ann030434.png,0.998330550918197,0.6889632107023411,0.60150390625,True,False,False,False,True,False,True,random_5pct,,
ds8_img029337_ann030435,5000,ds8,29337,30435,02_extracted/uang/5000/ds8_img029337_ann030435.png,1.0,0.742671009771987,0.170888671875,True,False,False,False,True,False,True,random_5pct,,
ds8_img029341_ann030439,1000,ds8,29341,30439,02_extracted/uang/1000/ds8_img029341_ann030439.png,1.0,0.8832752613240418,0.7104931640625,True,False,False,False,True,False,True,random_5pct,,
ds8_img029343_ann030441,5000,ds8,29343,30441,02_extracted/uang/5000/ds8_img029343_ann030441.png,1.0,1.0,1.0,True,False,False,True,False,True,True,area_outlier,,
ds8_img029359_ann030457,20000,ds8,29359,30457,02_extracted/uang/20000/ds8_img029359_ann030457.png,1.0,0.7542662116040956,0.632353515625,True,False,False,False,True,False,True,random_5pct,,
ds8_img029362_ann030460,5000,ds8,29362,30460,02_extracted/uang/5000/ds8_img029362_ann030460.png,1.0,1.0,1.0,True,False,False,True,False,True,True,area_outlier,,
ds8_img029375_ann030473,100000,ds8,29375,30473,02_extracted/uang/100000/ds8_img029375_ann030473.png,1.0,1.2309236947791165,0.7452978515625,True,False,False,False,True,False,True,random_5pct,,
ds8_img029376_ann030474,100000,ds8,29376,30474,02_extracted/uang/100000/ds8_img029376_ann030474.png,1.0,1.0,1.0,True,False,False,True,False,True,True,area_outlier,,
ds8_img029380_ann030478,100000,ds8,29380,30478,02_extracted/uang/100000/ds8_img029380_ann030478.png,1.0,0.5987261146496815,0.576484375,True,False,False,False,True,False,True,random_5pct,,
ds8_img029382_ann030480,100000,ds8,29382,30480,02_extracted/uang/100000/ds8_img029382_ann030480.png,1.0,1.0,1.0,True,False,False,True,False,True,True,area_outlier,,
ds8_img029384_ann030482,50000,ds8,29384,30482,02_extracted/uang/50000/ds8_img029384_ann030482.png,1.0,1.5091383812010444,0.5404638671875,True,False,False,False,True,False,True,random_5pct,,
ds8_img029386_ann030484,50000,ds8,29386,30484,02_extracted/uang/50000/ds8_img029386_ann030484.png,1.0,1.0,1.0,True,False,False,True,False,True,True,area_outlier,,
ds8_img029387_ann030485,50000,ds8,29387,30485,02_extracted/uang/50000/ds8_img029387_ann030485.png,1.0,1.0738255033557047,0.93125,True,False,False,True,False,True,True,area_outlier,,
ds8_img029389_ann030487,50000,ds8,29389,30487,02_extracted/uang/50000/ds8_img029389_ann030487.png,1.0,0.9747235387045814,0.95351806640625,True,False,False,True,False,True,True,area_outlier,,
ds8_img029397_ann030495,10000,ds8,29397,30495,02_extracted/uang/10000/ds8_img029397_ann030495.png,1.0,0.7421875,0.7421875,True,False,False,False,True,False,True,random_5pct,,
ds8_img029405_ann030503,100000,ds8,29405,30503,02_extracted/uang/100000/ds8_img029405_ann030503.png,1.0,1.0,1.0,True,False,False,True,False,True,True,area_outlier,,
ds8_img029416_ann030514,100000,ds8,29416,30514,02_extracted/uang/100000/ds8_img029416_ann030514.png,1.0,1.0606060606060606,0.4060546875,True,False,False,False,True,False,True,random_5pct,,
ds8_img029447_ann030545,50000,ds8,29447,30545,02_extracted/uang/50000/ds8_img029447_ann030545.png,1.0,1.0,1.0,True,False,False,True,False,True,True,area_outlier,,
ds8_img029453_ann030551,10000,ds8,29453,30551,02_extracted/uang/10000/ds8_img029453_ann030551.png,1.0,1.0,1.0,True,False,False,True,False,True,True,area_outlier,,
ds8_img029455_ann030553,10000,ds8,29455,30553,02_extracted/uang/10000/ds8_img029455_ann030553.png,1.0,0.6634768740031898,0.636796875,True,False,False,False,True,False,True,random_5pct,,
ds8_img029456_ann030554,100000,ds8,29456,30554,02_extracted/uang/100000/ds8_img029456_ann030554.png,1.0,1.0,1.0,True,False,False,True,False,True,True,area_outlier,,
ds8_img029463_ann030561,100000,ds8,29463,30561,02_extracted/uang/100000/ds8_img029463_ann030561.png,1.0,1.0174880763116056,0.9828125,True,False,False,True,False,True,True,area_outlier,,
ds8_img029478_ann030576,10000,ds8,29478,30576,02_extracted/uang/10000/ds8_img029478_ann030576.png,1.0,1.0,1.0,True,False,False,True,False,True,True,area_outlier,,
ds8_img029508_ann030606,5000,ds8,29508,30606,02_extracted/uang/5000/ds8_img029508_ann030606.png,1.0,1.0,1.0,True,False,False,True,False,True,True,area_outlier,,
ds8_img029519_ann030617,5000,ds8,29519,30617,02_extracted/uang/5000/ds8_img029519_ann030617.png,1.0,1.1618625277161863,0.576962890625,True,False,False,False,True,False,True,random_5pct,,
ds8_img029523_ann030621,2000,ds8,29523,30621,02_extracted/uang/2000/ds8_img029523_ann030621.png,1.0,1.1490125673249552,0.8703125,True,False,False,False,True,False,True,random_5pct,,
ds8_img029538_ann030636,5000,ds8,29538,30636,02_extracted/uang/5000/ds8_img029538_ann030636.png,1.0,0.6777251184834123,0.66298095703125,True,False,False,False,True,False,True,random_5pct,,
ds8_img029542_ann030640,5000,ds8,29542,30640,02_extracted/uang/5000/ds8_img029542_ann030640.png,1.0,1.0,1.0,True,False,False,True,False,True,True,area_outlier,,
ds8_img029545_ann030643,1000,ds8,29545,30643,02_extracted/uang/1000/ds8_img029545_ann030643.png,1.0,1.0,1.0,True,False,False,False,True,False,True,random_5pct,,
ds8_img029548_ann030646,1000,ds8,29548,30646,02_extracted/uang/1000/ds8_img029548_ann030646.png,1.0,1.0,1.0,True,False,False,False,True,False,True,random_5pct,,
ds8_img029552_ann030650,5000,ds8,29552,30650,02_extracted/uang/5000/ds8_img029552_ann030650.png,1.0,1.0,1.0,True,False,False,True,False,True,True,area_outlier,,
ds8_img029556_ann030654,100000,ds8,29556,30654,02_extracted/uang/100000/ds8_img029556_ann030654.png,1.0,1.0,1.0,True,False,False,True,False,True,True,area_outlier,,
ds8_img029559_ann030657,50000,ds8,29559,30657,02_extracted/uang/50000/ds8_img029559_ann030657.png,1.0,1.0,1.0,True,False,False,True,False,True,True,area_outlier,,
ds8_img029564_ann030662,50000,ds8,29564,30662,02_extracted/uang/50000/ds8_img029564_ann030662.png,1.0,0.984375,0.984375,True,False,False,True,False,True,True,area_outlier,,
ds8_img029578_ann030676,100000,ds8,29578,30676,02_extracted/uang/100000/ds8_img029578_ann030676.png,1.0,0.990625,0.990625,True,False,False,True,False,True,True,area_outlier,,
ds8_img029586_ann030684,50000,ds8,29586,30684,02_extracted/uang/50000/ds8_img029586_ann030684.png,1.0,1.0,1.0,True,False,False,True,False,True,True,area_outlier,,
ds8_img029590_ann030688,50000,ds8,29590,30688,02_extracted/uang/50000/ds8_img029590_ann030688.png,1.0,0.63125,0.63125,True,False,False,False,True,False,True,random_5pct,,
ds8_img029596_ann030694,100000,ds8,29596,30694,02_extracted/uang/100000/ds8_img029596_ann030694.png,1.0,1.0,1.0,True,False,False,True,False,True,True,area_outlier,,
ds8_img029617_ann030715,10000,ds8,29617,30715,02_extracted/uang/10000/ds8_img029617_ann030715.png,1.0,1.2070393374741202,0.68747314453125,True,False,False,False,True,False,True,random_5pct,,
ds8_img029618_ann030716,10000,ds8,29618,30716,02_extracted/uang/10000/ds8_img029618_ann030716.png,1.0,1.0,1.0,True,False,False,True,False,True,True,area_outlier,,
ds8_img029626_ann030724,5000,ds8,29626,30724,02_extracted/uang/5000/ds8_img029626_ann030724.png,1.0,0.9640625,0.9640625,True,False,False,True,False,True,True,area_outlier,,
ds8_img029645_ann030743,1000,ds8,29645,30743,02_extracted/uang/1000/ds8_img029645_ann030743.png,0.9984101748807631,1.019108280254777,0.98125,True,False,False,False,True,False,True,random_5pct,,
ds8_img029648_ann030746,100000,ds8,29648,30746,02_extracted/uang/100000/ds8_img029648_ann030746.png,1.0,1.0,1.0,True,False,False,True,False,True,True,area_outlier,,
ds8_img029651_ann030749,5000,ds8,29651,30749,02_extracted/uang/5000/ds8_img029651_ann030749.png,1.0,0.6639676113360324,0.3955859375,True,False,False,False,True,False,True,random_5pct,,
ds8_img029653_ann030751,50000,ds8,29653,30751,02_extracted/uang/50000/ds8_img029653_ann030751.png,1.0,0.996875,0.996875,True,False,False,True,False,True,True,area_outlier,,
ds8_img029656_ann030754,50000,ds8,29656,30754,02_extracted/uang/50000/ds8_img029656_ann030754.png,1.0,1.0,1.0,True,False,False,True,False,True,True,area_outlier,,
ds8_img029667_ann030765,100000,ds8,29667,30765,02_extracted/uang/100000/ds8_img029667_ann030765.png,1.0,1.0,1.0,True,False,False,True,False,True,True,area_outlier,,
ds8_img029670_ann030768,50000,ds8,29670,30768,02_extracted/uang/50000/ds8_img029670_ann030768.png,1.0,1.0,1.0,True,False,False,True,False,True,True,area_outlier,,
ds8_img029691_ann030789,2000,ds8,29691,30789,02_extracted/uang/2000/ds8_img029691_ann030789.png,1.0,1.0,1.0,True,False,False,True,False,True,True,area_outlier,,
ds8_img029700_ann030798,50000,ds8,29700,30798,02_extracted/uang/50000/ds8_img029700_ann030798.png,0.9983766233766234,1.0406504065040652,0.9609375,True,False,False,True,False,True,True,area_outlier,,
ds8_img029705_ann030803,100000,ds8,29705,30803,02_extracted/uang/100000/ds8_img029705_ann030803.png,1.0,1.0,1.0,True,False,False,True,False,True,True,area_outlier,,
ds8_img029707_ann030805,100000,ds8,29707,30805,02_extracted/uang/100000/ds8_img029707_ann030805.png,1.0,0.573109243697479,0.49534912109375,True,False,False,False,True,False,True,random_5pct,,
ds8_img029708_ann030806,50000,ds8,29708,30806,02_extracted/uang/50000/ds8_img029708_ann030806.png,1.0,1.0,1.0,True,False,False,True,False,True,True,area_outlier,,
ds8_img029730_ann030828,1000,ds8,29730,30828,02_extracted/uang/1000/ds8_img029730_ann030828.png,1.0,1.052901023890785,0.8827197265625,True,False,False,False,True,False,True,random_5pct,,
ds8_img029735_ann030833,5000,ds8,29735,30833,02_extracted/uang/5000/ds8_img029735_ann030833.png,1.0,1.0,1.0,True,False,False,True,False,True,True,area_outlier,,
ds8_img029739_ann030837,50000,ds8,29739,30837,02_extracted/uang/50000/ds8_img029739_ann030837.png,1.0,1.0389610389610389,0.9625,True,False,False,True,False,True,True,area_outlier,,
ds8_img029740_ann030838,50000,ds8,29740,30838,02_extracted/uang/50000/ds8_img029740_ann030838.png,1.0,0.984375,0.984375,True,False,False,True,True,True,True,area_outlier;random_5pct,,
ds8_img029756_ann030854,1000,ds8,29756,30854,02_extracted/uang/1000/ds8_img029756_ann030854.png,1.0,0.4342105263157895,0.300029296875,True,False,False,False,True,False,True,random_5pct,,
ds8_img029759_ann030857,10000,ds8,29759,30857,02_extracted/uang/10000/ds8_img029759_ann030857.png,1.0,0.5877862595419847,0.3940234375,True,False,False,False,True,False,True,random_5pct,,
ds8_img029781_ann030879,100000,ds8,29781,30879,02_extracted/uang/100000/ds8_img029781_ann030879.png,1.0,1.0,1.0,True,False,False,True,False,True,True,area_outlier,,
ds8_img029787_ann030885,10000,ds8,29787,30885,02_extracted/uang/10000/ds8_img029787_ann030885.png,1.0,1.4420731707317074,0.37876953125,True,False,False,False,True,False,True,random_5pct,,
ds8_img029808_ann030906,20000,ds8,29808,30906,02_extracted/uang/20000/ds8_img029808_ann030906.png,1.0,1.0285714285714285,0.7875,True,False,False,False,True,False,True,random_5pct,,
ds8_img029834_ann030932,5000,ds8,29834,30932,02_extracted/uang/5000/ds8_img029834_ann030932.png,1.0,0.7169811320754716,0.49169921875,True,False,False,False,True,False,True,random_5pct,,
ds8_img029837_ann030935,1000,ds8,29837,30935,02_extracted/uang/1000/ds8_img029837_ann030935.png,1.0,1.3530655391120507,0.7390625,True,False,False,False,True,False,True,random_5pct,,
ds8_img029849_ann030947,100000,ds8,29849,30947,02_extracted/uang/100000/ds8_img029849_ann030947.png,1.0,1.0,1.0,True,False,False,True,False,True,True,area_outlier,,
ds8_img029858_ann030956,20000,ds8,29858,30956,02_extracted/uang/20000/ds8_img029858_ann030956.png,1.0,0.5046875,0.5046875,True,False,False,False,True,False,True,random_5pct,,
ds8_img029865_ann030963,10000,ds8,29865,30963,02_extracted/uang/10000/ds8_img029865_ann030963.png,1.0,1.0,1.0,True,False,False,True,False,True,True,area_outlier,,
ds8_img029867_ann030965,10000,ds8,29867,30965,02_extracted/uang/10000/ds8_img029867_ann030965.png,1.0,1.3745583038869258,0.26876708984375,True,False,False,False,True,False,True,random_5pct,,
ds8_img029872_ann030970,10000,ds8,29872,30970,02_extracted/uang/10000/ds8_img029872_ann030970.png,1.0,1.0,1.0,True,False,False,True,False,True,True,area_outlier,,
ds8_img029877_ann030975,5000,ds8,29877,30975,02_extracted/uang/5000/ds8_img029877_ann030975.png,1.0,1.0015698587127158,0.9922021484375,True,False,False,True,False,True,True,area_outlier,,
ds8_img029884_ann030982,5000,ds8,29884,30982,02_extracted/uang/5000/ds8_img029884_ann030982.png,1.0,1.0833333333333333,0.8775,True,False,False,False,True,False,True,random_5pct,,
ds8_img029911_ann031009,100000,ds8,29911,31009,02_extracted/uang/100000/ds8_img029911_ann031009.png,1.0,1.0142630744849446,0.9859375,True,False,False,True,False,True,True,area_outlier,,
ds8_img029912_ann031010,20000,ds8,29912,31010,02_extracted/uang/20000/ds8_img029912_ann031010.png,1.0,1.5497076023391814,0.442529296875,True,False,False,False,True,False,True,random_5pct,,
ds8_img029928_ann031026,10000,ds8,29928,31026,02_extracted/uang/10000/ds8_img029928_ann031026.png,1.0,1.1805555555555556,0.73212890625,True,False,False,False,True,False,True,random_5pct,,
ds8_img029942_ann031040,100000,ds8,29942,31040,02_extracted/uang/100000/ds8_img029942_ann031040.png,1.0,1.0142630744849446,0.9859375,True,False,False,True,False,True,True,area_outlier,,
ds8_img029954_ann031052,5000,ds8,29954,31052,02_extracted/uang/5000/ds8_img029954_ann031052.png,0.9984350547730829,1.0031347962382444,0.996875,True,False,False,True,False,True,True,area_outlier,,
ds8_img029960_ann031058,2000,ds8,29960,31058,02_extracted/uang/2000/ds8_img029960_ann031058.png,1.0,0.79375,0.79375,True,False,False,False,True,False,True,random_5pct,,
ds8_img029962_ann031060,20000,ds8,29962,31060,02_extracted/uang/20000/ds8_img029962_ann031060.png,0.9984025559105432,1.513317191283293,0.63018798828125,True,False,False,False,True,False,True,random_5pct,,
ds8_img029989_ann031087,5000,ds8,29989,31087,02_extracted/uang/5000/ds8_img029989_ann031087.png,1.0,1.0,1.0,True,False,False,True,False,True,True,area_outlier,,
ds8_img029994_ann031092,5000,ds8,29994,31092,02_extracted/uang/5000/ds8_img029994_ann031092.png,1.0,1.0,1.0,True,False,False,True,False,True,True,area_outlier,,
ds8_img029996_ann031094,5000,ds8,29996,31094,02_extracted/uang/5000/ds8_img029996_ann031094.png,1.0,1.0,1.0,True,False,False,True,False,True,True,area_outlier,,
ds8_img030012_ann031110,100000,ds8,30012,31110,02_extracted/uang/100000/ds8_img030012_ann031110.png,1.0,1.1288461538461538,0.74521484375,True,False,False,False,True,False,True,random_5pct,,
ds8_img030014_ann031112,100000,ds8,30014,31112,02_extracted/uang/100000/ds8_img030014_ann031112.png,1.0,0.990625,0.990625,True,False,False,True,False,True,True,area_outlier,,
ds8_img030015_ann031113,100000,ds8,30015,31113,02_extracted/uang/100000/ds8_img030015_ann031113.png,1.0,1.0,1.0,True,False,False,True,False,True,True,area_outlier,,
ds8_img030016_ann031114,10000,ds8,30016,31114,02_extracted/uang/10000/ds8_img030016_ann031114.png,1.0,1.0,1.0,True,False,False,True,False,True,True,area_outlier,,
ds8_img030020_ann031118,10000,ds8,30020,31118,02_extracted/uang/10000/ds8_img030020_ann031118.png,1.0,0.6498422712933754,0.63771484375,True,False,False,False,True,False,True,random_5pct,,
ds8_img030024_ann031122,100000,ds8,30024,31122,02_extracted/uang/100000/ds8_img030024_ann031122.png,1.0,1.0094637223974763,0.990625,True,False,False,True,False,True,True,area_outlier,,
ds8_img030047_ann031145,100000,ds8,30047,31145,02_extracted/uang/100000/ds8_img030047_ann031145.png,1.0,1.6161290322580646,0.3791748046875,True,False,False,False,True,False,True,random_5pct,,
ds8_img030057_ann031155,5000,ds8,30057,31155,02_extracted/uang/5000/ds8_img030057_ann031155.png,0.9984375,0.9984375,0.9984375,True,False,False,True,False,True,True,area_outlier,,
ds8_img030058_ann031156,5000,ds8,30058,31156,02_extracted/uang/5000/ds8_img030058_ann031156.png,1.0,1.0,1.0,True,False,False,True,True,True,True,area_outlier;random_5pct,,
ds8_img030063_ann031161,5000,ds8,30063,31161,02_extracted/uang/5000/ds8_img030063_ann031161.png,1.0,1.0,1.0,True,False,False,True,False,True,True,area_outlier,,
ds8_img030070_ann031168,5000,ds8,30070,31168,02_extracted/uang/5000/ds8_img030070_ann031168.png,1.0,1.0,1.0,True,False,False,True,True,True,True,area_outlier;random_5pct,,
ds8_img030082_ann031180,1000,ds8,30082,31180,02_extracted/uang/1000/ds8_img030082_ann031180.png,1.0,1.0,1.0,True,False,False,False,True,False,True,random_5pct,,
ds8_img030086_ann031184,2000,ds8,30086,31184,02_extracted/uang/2000/ds8_img030086_ann031184.png,1.0,1.0,1.0,True,False,False,True,False,True,True,area_outlier,,
ds8_img030103_ann031201,2000,ds8,30103,31201,02_extracted/uang/2000/ds8_img030103_ann031201.png,1.0,1.0,1.0,True,False,False,True,False,True,True,area_outlier,,
ds8_img030127_ann031225,5000,ds8,30127,31225,02_extracted/uang/5000/ds8_img030127_ann031225.png,1.0,1.0,1.0,True,False,False,True,False,True,True,area_outlier,,
ds8_img030163_ann031261,5000,ds8,30163,31261,02_extracted/uang/5000/ds8_img030163_ann031261.png,1.0,1.1618625277161863,0.576962890625,True,False,False,False,True,False,True,random_5pct,,
ds8_img030165_ann031263,20000,ds8,30165,31263,02_extracted/uang/20000/ds8_img030165_ann031263.png,1.0,0.7509881422924901,0.46943359375,True,False,False,False,True,False,True,random_5pct,,
ds8_img030166_ann031264,2000,ds8,30166,31264,02_extracted/uang/2000/ds8_img030166_ann031264.png,1.0,1.0328947368421053,0.52435546875,True,False,False,False,True,False,True,random_5pct,,
ds8_img030169_ann031267,5000,ds8,30169,31267,02_extracted/uang/5000/ds8_img030169_ann031267.png,0.998371335504886,1.0440456769983686,0.9578125,True,False,False,True,False,True,True,area_outlier,,
ds8_img030177_ann031275,5000,ds8,30177,31275,02_extracted/uang/5000/ds8_img030177_ann031275.png,1.0,1.0,1.0,True,False,False,True,False,True,True,area_outlier,,
ds8_img030179_ann031277,10000,ds8,30179,31277,02_extracted/uang/10000/ds8_img030179_ann031277.png,1.0,0.76171875,0.4875,True,False,False,False,True,False,True,random_5pct,,
ds8_img030180_ann031278,50000,ds8,30180,31278,02_extracted/uang/50000/ds8_img030180_ann031278.png,1.0,1.0,1.0,True,False,False,True,False,True,True,area_outlier,,
ds8_img030181_ann031279,1000,ds8,30181,31279,02_extracted/uang/1000/ds8_img030181_ann031279.png,1.0,1.3822894168466522,0.7234375,True,False,False,False,True,False,True,random_5pct,,
ds8_img030191_ann031289,2000,ds8,30191,31289,02_extracted/uang/2000/ds8_img030191_ann031289.png,1.0,1.0,1.0,True,False,False,True,False,True,True,area_outlier,,
ds8_img030212_ann031310,5000,ds8,30212,31310,02_extracted/uang/5000/ds8_img030212_ann031310.png,1.0,0.9921875,0.9921875,True,False,False,True,False,True,True,area_outlier,,
ds8_img030214_ann031312,20000,ds8,30214,31312,02_extracted/uang/20000/ds8_img030214_ann031312.png,1.0,0.6941176470588235,0.59993896484375,True,False,False,False,True,False,True,random_5pct,,
ds8_img030236_ann031334,5000,ds8,30236,31334,02_extracted/uang/5000/ds8_img030236_ann031334.png,1.0,1.0,1.0,True,False,False,True,False,True,True,area_outlier,,
ds8_img030239_ann031337,2000,ds8,30239,31337,02_extracted/uang/2000/ds8_img030239_ann031337.png,1.0,1.0,1.0,True,False,False,True,False,True,True,area_outlier,,
ds8_img030243_ann031341,5000,ds8,30243,31341,02_extracted/uang/5000/ds8_img030243_ann031341.png,1.0,1.0,1.0,True,False,False,True,False,True,True,area_outlier,,
ds8_img030258_ann031356,20000,ds8,30258,31356,02_extracted/uang/20000/ds8_img030258_ann031356.png,1.0,1.2684563758389262,0.61877197265625,True,False,False,False,True,False,True,random_5pct,,
ds8_img030259_ann031357,5000,ds8,30259,31357,02_extracted/uang/5000/ds8_img030259_ann031357.png,1.0,1.0,1.0,True,False,False,True,False,True,True,area_outlier,,
ds8_img030263_ann031361,5000,ds8,30263,31361,02_extracted/uang/5000/ds8_img030263_ann031361.png,1.0,1.0,1.0,True,False,False,True,False,True,True,area_outlier,,
ds8_img030265_ann031363,2000,ds8,30265,31363,02_extracted/uang/2000/ds8_img030265_ann031363.png,0.9984051036682615,0.978125,0.978125,True,False,False,True,False,True,True,area_outlier,,
ds8_img030283_ann031381,1000,ds8,30283,31381,02_extracted/uang/1000/ds8_img030283_ann031381.png,1.0,1.3409090909090908,0.6337890625,True,False,False,False,True,False,True,random_5pct,,
ds8_img030287_ann031385,1000,ds8,30287,31385,02_extracted/uang/1000/ds8_img030287_ann031385.png,1.0,1.2482915717539864,0.587333984375,True,False,False,False,True,False,True,random_5pct,,
ds8_img030292_ann031390,5000,ds8,30292,31390,02_extracted/uang/5000/ds8_img030292_ann031390.png,1.0,1.1107142857142858,0.850390625,True,False,False,False,True,False,True,random_5pct,,
ds8_img030295_ann031393,5000,ds8,30295,31393,02_extracted/uang/5000/ds8_img030295_ann031393.png,1.0,1.0,1.0,True,False,False,True,False,True,True,area_outlier,,
ds8_img030296_ann031394,5000,ds8,30296,31394,02_extracted/uang/5000/ds8_img030296_ann031394.png,1.0,1.0,1.0,True,False,False,True,False,True,True,area_outlier,,
ds8_img030300_ann031398,5000,ds8,30300,31398,02_extracted/uang/5000/ds8_img030300_ann031398.png,1.0,1.0,1.0,True,False,False,True,False,True,True,area_outlier,,
ds8_img030306_ann031404,5000,ds8,30306,31404,02_extracted/uang/5000/ds8_img030306_ann031404.png,1.0,1.0,1.0,True,False,False,True,False,True,True,area_outlier,,
ds8_img030307_ann031405,5000,ds8,30307,31405,02_extracted/uang/5000/ds8_img030307_ann031405.png,0.998422712933754,0.9890625,0.9890625,True,False,False,True,False,True,True,area_outlier,,
ds8_img030311_ann031409,100000,ds8,30311,31409,02_extracted/uang/100000/ds8_img030311_ann031409.png,1.0,1.0,1.0,True,False,False,True,False,True,True,area_outlier,,
ds8_img030314_ann031412,100000,ds8,30314,31412,02_extracted/uang/100000/ds8_img030314_ann031412.png,1.0,1.0,1.0,True,False,False,True,False,True,True,area_outlier,,
ds8_img030323_ann031421,50000,ds8,30323,31421,02_extracted/uang/50000/ds8_img030323_ann031421.png,1.0,1.0,1.0,True,False,False,True,False,True,True,area_outlier,,
ds8_img030328_ann031426,20000,ds8,30328,31426,02_extracted/uang/20000/ds8_img030328_ann031426.png,1.0,1.319047619047619,0.56806640625,True,False,False,False,True,False,True,random_5pct,,
ds8_img030334_ann031432,20000,ds8,30334,31432,02_extracted/uang/20000/ds8_img030334_ann031432.png,1.0,1.4099616858237547,0.2344921875,True,False,False,False,True,False,True,random_5pct,,
ds8_img030336_ann031434,50000,ds8,30336,31434,02_extracted/uang/50000/ds8_img030336_ann031434.png,1.0,0.6889279437609842,0.54455078125,True,False,False,False,True,False,True,random_5pct,,
ds8_img030346_ann031444,100000,ds8,30346,31444,02_extracted/uang/100000/ds8_img030346_ann031444.png,1.0,1.0,1.0,True,False,False,True,False,True,True,area_outlier,,
ds8_img030354_ann031452,100000,ds8,30354,31452,02_extracted/uang/100000/ds8_img030354_ann031452.png,1.0,1.6079545454545454,0.48640625,True,False,False,False,True,False,True,random_5pct,,
ds8_img030356_ann031454,2000,ds8,30356,31454,02_extracted/uang/2000/ds8_img030356_ann031454.png,1.0,0.9917695473251029,0.571904296875,True,False,False,False,True,False,True,random_5pct,,
ds8_img030368_ann031466,1000,ds8,30368,31466,02_extracted/uang/1000/ds8_img030368_ann031466.png,1.0,1.1443298969072164,0.65716552734375,True,False,False,False,True,False,True,random_5pct,,
ds8_img030369_ann031467,5000,ds8,30369,31467,02_extracted/uang/5000/ds8_img030369_ann031467.png,1.0,1.0,0.981337890625,True,False,False,True,False,True,True,area_outlier,,
ds8_img030396_ann031494,50000,ds8,30396,31494,02_extracted/uang/50000/ds8_img030396_ann031494.png,1.0,0.6535433070866141,0.4117578125,True,False,False,False,True,False,True,random_5pct,,
ds8_img030403_ann031501,10000,ds8,30403,31501,02_extracted/uang/10000/ds8_img030403_ann031501.png,1.0,1.0,1.0,True,False,False,True,False,True,True,area_outlier,,
ds8_img030406_ann031504,10000,ds8,30406,31504,02_extracted/uang/10000/ds8_img030406_ann031504.png,1.0,0.37731958762886597,0.21668701171875,True,False,False,False,True,False,True,random_5pct,,
ds8_img030408_ann031506,100000,ds8,30408,31506,02_extracted/uang/100000/ds8_img030408_ann031506.png,1.0,0.534375,0.534375,True,False,False,False,True,False,True,random_5pct,,
ds8_img030409_ann031507,100000,ds8,30409,31507,02_extracted/uang/100000/ds8_img030409_ann031507.png,1.0,1.181564245810056,0.3697119140625,True,False,False,False,True,False,True,random_5pct,,
ds8_img030417_ann031515,100000,ds8,30417,31515,02_extracted/uang/100000/ds8_img030417_ann031515.png,1.0,1.0,1.0,True,False,False,True,False,True,True,area_outlier,,
ds8_img030435_ann031533,10000,ds8,30435,31533,02_extracted/uang/10000/ds8_img030435_ann031533.png,1.0,1.891566265060241,0.5090234375,True,False,False,False,True,False,True,random_5pct,,
ds8_img030436_ann031534,100000,ds8,30436,31534,02_extracted/uang/100000/ds8_img030436_ann031534.png,1.0,1.0,1.0,True,False,False,True,False,True,True,area_outlier,,
ds8_img030437_ann031535,10000,ds8,30437,31535,02_extracted/uang/10000/ds8_img030437_ann031535.png,1.0,1.0031347962382444,0.996875,True,False,False,True,False,True,True,area_outlier,,
ds8_img030469_ann031567,5000,ds8,30469,31567,02_extracted/uang/5000/ds8_img030469_ann031567.png,1.0,1.0668953687821612,0.8853173828125,True,False,False,False,True,False,True,random_5pct,,
ds8_img030476_ann031574,5000,ds8,30476,31574,02_extracted/uang/5000/ds8_img030476_ann031574.png,1.0,1.0,1.0,True,False,False,True,False,True,True,area_outlier,,
ds8_img030479_ann031577,5000,ds8,30479,31577,02_extracted/uang/5000/ds8_img030479_ann031577.png,1.0,1.0,1.0,True,False,False,True,False,True,True,area_outlier,,
ds8_img030483_ann031581,5000,ds8,30483,31581,02_extracted/uang/5000/ds8_img030483_ann031581.png,1.0,1.0,1.0,True,False,False,True,False,True,True,area_outlier,,
ds8_img030484_ann031582,5000,ds8,30484,31582,02_extracted/uang/5000/ds8_img030484_ann031582.png,1.0,1.0305958132045088,0.9703125,True,False,False,True,False,True,True,area_outlier,,
ds8_img030491_ann031589,100000,ds8,30491,31589,02_extracted/uang/100000/ds8_img030491_ann031589.png,1.0,1.0,1.0,True,False,False,True,False,True,True,area_outlier,,
ds8_img030496_ann031594,20000,ds8,30496,31594,02_extracted/uang/20000/ds8_img030496_ann031594.png,1.0,1.4695652173913043,0.42703857421875,True,False,False,False,True,False,True,random_5pct,,
ds8_img030497_ann031595,20000,ds8,30497,31595,02_extracted/uang/20000/ds8_img030497_ann031595.png,1.0,1.0,1.0,True,False,False,False,True,False,True,random_5pct,,
ds8_img030498_ann031596,50000,ds8,30498,31596,02_extracted/uang/50000/ds8_img030498_ann031596.png,0.9984152139461173,0.9492063492063492,0.919775390625,True,False,False,True,False,True,True,area_outlier,,
ds8_img030508_ann031606,100000,ds8,30508,31606,02_extracted/uang/100000/ds8_img030508_ann031606.png,1.0,1.0,1.0,True,False,False,True,False,True,True,area_outlier,,
ds8_img030511_ann031609,50000,ds8,30511,31609,02_extracted/uang/50000/ds8_img030511_ann031609.png,1.0,0.9625,0.9625,True,False,False,True,False,True,True,area_outlier,,
ds8_img030514_ann031612,5000,ds8,30514,31612,02_extracted/uang/5000/ds8_img030514_ann031612.png,1.0,1.0,1.0,True,False,False,True,False,True,True,area_outlier,,
ds8_img030529_ann031627,50000,ds8,30529,31627,02_extracted/uang/50000/ds8_img030529_ann031627.png,1.0,1.6538461538461537,0.53498046875,True,False,False,False,True,False,True,random_5pct,,
ds8_img030551_ann031649,10000,ds8,30551,31649,02_extracted/uang/10000/ds8_img030551_ann031649.png,1.0,1.1243902439024391,0.4614501953125,True,False,False,False,True,False,True,random_5pct,,
ds9_img030566_ann031664,10000,ds9,30566,31664,02_extracted/uang/10000/ds9_img030566_ann031664.png,1.0,2.2301255230125525,0.31100341796875,True,False,False,False,True,False,True,random_5pct,,
ds9_img030567_ann031665,1000,ds9,30567,31665,02_extracted/uang/1000/ds9_img030567_ann031665.png,1.0,0.7232704402515723,0.7142578125,True,False,False,False,True,False,True,random_5pct,,
ds9_img030576_ann031672,50000,ds9,30576,31672,02_extracted/uang/50000/ds9_img030576_ann031672.png,1.0,1.9264214046822743,0.42046875,True,False,False,False,True,False,True,random_5pct,,
ds9_img030577_ann031673,50000,ds9,30577,31673,02_extracted/uang/50000/ds9_img030577_ann031673.png,1.0,1.952542372881356,0.41484375,True,False,False,False,True,False,True,random_5pct,,
ds9_img030578_ann031674,20000,ds9,30578,31674,02_extracted/uang/20000/ds9_img030578_ann031674.png,1.0,2.1231884057971016,0.39486328125,True,False,False,False,True,False,True,random_5pct,,
ds9_img030585_ann031680,10000,ds9,30585,31680,02_extracted/uang/10000/ds9_img030585_ann031680.png,1.0,1.8745980707395498,0.44265869140625,True,False,False,False,True,False,True,random_5pct,,
ds9_img030601_ann031693,1000,ds9,30601,31693,02_extracted/uang/1000/ds9_img030601_ann031693.png,1.0,1.85,0.522119140625,True,False,False,False,True,False,True,random_5pct,,
ds9_img030617_ann031708,1000,ds9,30617,31708,02_extracted/uang/1000/ds9_img030617_ann031708.png,1.0,1.8318042813455657,0.47820556640625,True,False,False,False,True,False,True,random_5pct,,
ds9_img030649_ann031734,20000,ds9,30649,31734,02_extracted/uang/20000/ds9_img030649_ann031734.png,1.0,1.9722222222222223,0.399375,True,False,False,False,True,False,True,random_5pct,,
ds9_img030689_ann031769,5000,ds9,30689,31769,02_extracted/uang/5000/ds9_img030689_ann031769.png,1.0,2.1630434782608696,0.402275390625,True,False,False,False,True,False,True,random_5pct,,
ds9_img030701_ann031779,20000,ds9,30701,31779,02_extracted/uang/20000/ds9_img030701_ann031779.png,1.0,1.8558558558558558,0.5024267578125,True,False,False,False,True,False,True,random_5pct,,
ds9_img030705_ann031783,20000,ds9,30705,31783,02_extracted/uang/20000/ds9_img030705_ann031783.png,1.0,0.47,0.4130859375,True,False,False,False,True,False,True,random_5pct,,
ds9_img030707_ann031785,5000,ds9,30707,31785,02_extracted/uang/5000/ds9_img030707_ann031785.png,1.0,2.2613636363636362,0.38478515625,True,False,False,False,True,False,True,random_5pct,,
ds9_img030708_ann031786,1000,ds9,30708,31786,02_extracted/uang/1000/ds9_img030708_ann031786.png,1.0,2.019455252918288,0.32564208984375,True,False,False,False,True,False,True,random_5pct,,
ds9_img030712_ann031790,20000,ds9,30712,31790,02_extracted/uang/20000/ds9_img030712_ann031790.png,1.0,2.1624548736462095,0.40508544921875,True,False,False,False,True,False,True,random_5pct,,
ds9_img030715_ann031792,5000,ds9,30715,31792,02_extracted/uang/5000/ds9_img030715_ann031792.png,1.0,0.559748427672956,0.5527734375,True,False,False,False,True,False,True,random_5pct,,
ds9_img030722_ann031796,20000,ds9,30722,31796,02_extracted/uang/20000/ds9_img030722_ann031796.png,1.0,1.9,0.5051513671875,True,False,False,False,True,False,True,random_5pct,,
ds9_img030743_ann031814,1000,ds9,30743,31814,02_extracted/uang/1000/ds9_img030743_ann031814.png,1.0,1.6639566395663956,0.5531396484375,True,False,False,False,True,False,True,random_5pct,,
ds9_img030749_ann031819,100000,ds9,30749,31819,02_extracted/uang/100000/ds9_img030749_ann031819.png,1.0,2.2595419847328246,0.378671875,True,False,False,False,True,False,True,random_5pct,,
ds9_img030771_ann031834,10000,ds9,30771,31834,02_extracted/uang/10000/ds9_img030771_ann031834.png,1.0,2.1310344827586207,0.437548828125,True,False,False,False,True,False,True,random_5pct,,
ds9_img030836_ann031894,20000,ds9,30836,31894,02_extracted/uang/20000/ds9_img030836_ann031894.png,1.0,2.1189591078066914,0.3743408203125,True,False,False,False,True,False,True,random_5pct,,
ds9_img030887_ann031937,10000,ds9,30887,31937,02_extracted/uang/10000/ds9_img030887_ann031937.png,1.0,1.461187214611872,0.684375,True,False,False,False,True,False,True,random_5pct,,
ds9_img030954_ann031999,50000,ds9,30954,31999,02_extracted/uang/50000/ds9_img030954_ann031999.png,1.0,0.6265625,0.6265625,True,False,False,False,True,False,True,random_5pct,,
ds9_img030975_ann032018,50000,ds9,30975,32018,02_extracted/uang/50000/ds9_img030975_ann032018.png,1.0,1.9491525423728813,0.41412353515625,True,False,False,False,True,False,True,random_5pct,,
ds9_img030998_ann032040,10000,ds9,30998,32040,02_extracted/uang/10000/ds9_img030998_ann032040.png,1.0,0.5811688311688312,0.5383984375,True,False,False,False,True,False,True,random_5pct,,
ds9_img031026_ann032065,2000,ds9,31026,32065,02_extracted/uang/2000/ds9_img031026_ann032065.png,1.0,2.1578947368421053,0.372763671875,True,False,False,False,True,False,True,random_5pct,,
ds9_img031068_ann032101,5000,ds9,31068,32101,02_extracted/uang/5000/ds9_img031068_ann032101.png,1.0,0.5056726094003241,0.46998046875,True,False,False,False,True,False,True,random_5pct,,
ds9_img031082_ann032113,5000,ds9,31082,32113,02_extracted/uang/5000/ds9_img031082_ann032113.png,1.0,2.263157894736842,0.390947265625,True,False,False,False,True,False,True,random_5pct,,
ds9_img031098_ann032129,10000,ds9,31098,32129,02_extracted/uang/10000/ds9_img031098_ann032129.png,1.0,1.9488817891373802,0.4661376953125,True,False,False,False,True,False,True,random_5pct,,
ds9_img031109_ann032138,5000,ds9,31109,32138,02_extracted/uang/5000/ds9_img031109_ann032138.png,1.0,2.11913357400722,0.39697021484375,True,False,False,False,True,False,True,random_5pct,,
ds9_img031143_ann032166,50000,ds9,31143,32166,02_extracted/uang/50000/ds9_img031143_ann032166.png,1.0,1.9646302250803858,0.46391845703125,True,False,False,False,True,False,True,random_5pct,,
ds9_img031149_ann032171,5000,ds9,31149,32171,02_extracted/uang/5000/ds9_img031149_ann032171.png,1.0,1.5835411471321696,0.62166748046875,True,False,False,False,True,False,True,random_5pct,,
ds9_img031164_ann032184,1000,ds9,31164,32184,02_extracted/uang/1000/ds9_img031164_ann032184.png,1.0,1.8580645161290323,0.4359375,True,False,False,False,True,False,True,random_5pct,,
ds9_img031168_ann032188,100000,ds9,31168,32188,02_extracted/uang/100000/ds9_img031168_ann032188.png,1.0,1.625,0.60962890625,True,False,False,False,True,False,True,random_5pct,,
ds9_img031169_ann032189,5000,ds9,31169,32189,02_extracted/uang/5000/ds9_img031169_ann032189.png,1.0,2.2666666666666666,0.40341796875,True,False,False,False,True,False,True,random_5pct,,
ds9_img031185_ann032201,50000,ds9,31185,32201,02_extracted/uang/50000/ds9_img031185_ann032201.png,1.0,2.2980392156862743,0.3648193359375,True,False,False,False,True,False,True,random_5pct,,
ds9_img031203_ann032220,10000,ds9,31203,32220,02_extracted/uang/10000/ds9_img031203_ann032220.png,1.0,2.0734265734265733,0.4140576171875,True,False,False,False,True,False,True,random_5pct,,
ds9_img031208_ann032222,20000,ds9,31208,32222,02_extracted/uang/20000/ds9_img031208_ann032222.png,1.0,1.6051282051282052,0.596044921875,True,False,False,False,True,False,True,random_5pct,,
ds9_img031209_ann032223,20000,ds9,31209,32223,02_extracted/uang/20000/ds9_img031209_ann032223.png,1.0,1.9364548494983278,0.42265869140625,True,False,False,False,True,False,True,random_5pct,,
ds9_img031224_ann032235,10000,ds9,31224,32235,02_extracted/uang/10000/ds9_img031224_ann032235.png,1.0,2.1361867704280155,0.34446533203125,True,False,False,False,True,False,True,random_5pct,,
ds9_img031255_ann032265,20000,ds9,31255,32265,02_extracted/uang/20000/ds9_img031255_ann032265.png,1.0,0.46733668341708545,0.40664794921875,True,False,False,False,True,False,True,random_5pct,,
ds9_img031268_ann032276,5000,ds9,31268,32276,02_extracted/uang/5000/ds9_img031268_ann032276.png,1.0,2.064189189189189,0.44154296875,True,False,False,False,True,False,True,random_5pct,,
ds9_img031279_ann032286,10000,ds9,31279,32286,02_extracted/uang/10000/ds9_img031279_ann032286.png,1.0,1.8520900321543408,0.43734375,True,False,False,False,True,False,True,random_5pct,,
ds9_img031281_ann032288,20000,ds9,31281,32288,02_extracted/uang/20000/ds9_img031281_ann032288.png,1.0,1.619289340101523,0.613701171875,True,False,False,False,True,False,True,random_5pct,,
ds9_img031356_ann032351,20000,ds9,31356,32351,02_extracted/uang/20000/ds9_img031356_ann032351.png,1.0,0.48080133555926546,0.421171875,True,False,False,False,True,False,True,random_5pct,,
ds9_img031376_ann032365,10000,ds9,31376,32365,02_extracted/uang/10000/ds9_img031376_ann032365.png,1.0,0.5955414012738853,0.57341796875,True,False,False,False,True,False,True,random_5pct,,
ds9_img031388_ann032374,2000,ds9,31388,32374,02_extracted/uang/2000/ds9_img031388_ann032374.png,1.0,0.6195826645264848,0.5871044921875,True,False,False,False,True,False,True,random_5pct,,
ds9_img031397_ann032382,20000,ds9,31397,32382,02_extracted/uang/20000/ds9_img031397_ann032382.png,1.0,2.06872852233677,0.4276904296875,True,False,False,False,True,False,True,random_5pct,,
ds9_img031427_ann032405,100000,ds9,31427,32405,02_extracted/uang/100000/ds9_img031427_ann032405.png,1.0,1.683377308707124,0.5903369140625,True,False,False,False,True,False,True,random_5pct,,
ds9_img031461_ann032435,100000,ds9,31461,32435,02_extracted/uang/100000/ds9_img031461_ann032435.png,1.0,0.4788961038961039,0.44365234375,True,False,False,False,True,False,True,random_5pct,,
ds9_img031476_ann032446,20000,ds9,31476,32446,02_extracted/uang/20000/ds9_img031476_ann032446.png,1.0,0.594679186228482,0.592822265625,True,False,False,False,True,False,True,random_5pct,,
ds9_img031478_ann032448,1000,ds9,31478,32448,02_extracted/uang/1000/ds9_img031478_ann032448.png,1.0,1.7993730407523512,0.4470361328125,True,False,False,False,True,False,True,random_5pct,,
ds9_img031508_ann032471,5000,ds9,31508,32471,02_extracted/uang/5000/ds9_img031508_ann032471.png,1.0,2.2316602316602316,0.3654833984375,True,False,False,False,True,False,True,random_5pct,,
ds9_img031536_ann032495,10000,ds9,31536,32495,02_extracted/uang/10000/ds9_img031536_ann032495.png,1.0,0.5738539898132428,0.4860400390625,True,False,False,False,True,False,True,random_5pct,,
ds9_img031638_ann032580,5000,ds9,31638,32580,02_extracted/uang/5000/ds9_img031638_ann032580.png,1.0,2.1963636363636363,0.405517578125,True,False,False,False,True,False,True,random_5pct,,
ds9_img031640_ann032582,50000,ds9,31640,32582,02_extracted/uang/50000/ds9_img031640_ann032582.png,1.0,1.9563758389261745,0.4241552734375,True,False,False,False,True,False,True,random_5pct,,
ds9_img031643_ann032585,2000,ds9,31643,32585,02_extracted/uang/2000/ds9_img031643_ann032585.png,1.0,0.5284810126582279,0.5153515625,True,False,False,False,True,False,True,random_5pct,,
ds9_img031658_ann032595,5000,ds9,31658,32595,02_extracted/uang/5000/ds9_img031658_ann032595.png,1.0,1.724233983286908,0.54253173828125,True,False,False,False,True,False,True,random_5pct,,
ds9_img031662_ann032598,20000,ds9,31662,32598,02_extracted/uang/20000/ds9_img031662_ann032598.png,1.0,0.5507487520798668,0.48567138671875,True,False,False,False,True,False,True,random_5pct,,
ds9_img031673_ann032609,1000,ds9,31673,32609,02_extracted/uang/1000/ds9_img031673_ann032609.png,1.0,1.7424242424242424,0.4632568359375,True,False,False,False,True,False,True,random_5pct,,
ds9_img031686_ann032621,20000,ds9,31686,32621,02_extracted/uang/20000/ds9_img031686_ann032621.png,1.0,2.0905923344947737,0.42041015625,True,False,False,False,True,False,True,random_5pct,,
ds9_img031703_ann032634,5000,ds9,31703,32634,02_extracted/uang/5000/ds9_img031703_ann032634.png,1.0,2.1899641577060933,0.41618408203125,True,False,False,False,True,False,True,random_5pct,,
ds9_img031714_ann032643,1000,ds9,31714,32643,02_extracted/uang/1000/ds9_img031714_ann032643.png,1.0,1.843558282208589,0.4783349609375,True,False,False,False,True,False,True,random_5pct,,
ds9_img031756_ann032680,2000,ds9,31756,32680,02_extracted/uang/2000/ds9_img031756_ann032680.png,1.0,0.6037735849056604,0.59625,True,False,False,False,True,False,True,random_5pct,,
ds9_img031801_ann032721,2000,ds9,31801,32721,02_extracted/uang/2000/ds9_img031801_ann032721.png,1.0,2.0280701754385966,0.4021728515625,True,False,False,False,True,False,True,random_5pct,,
ds9_img031807_ann032727,5000,ds9,31807,32727,02_extracted/uang/5000/ds9_img031807_ann032727.png,1.0,1.6614583333333333,0.598125,True,False,False,False,True,False,True,random_5pct,,
ds9_img031809_ann032729,50000,ds9,31809,32729,02_extracted/uang/50000/ds9_img031809_ann032729.png,1.0,2.268939393939394,0.38607421875,True,False,False,False,True,False,True,random_5pct,,
ds9_img031872_ann032785,20000,ds9,31872,32785,02_extracted/uang/20000/ds9_img031872_ann032785.png,1.0,0.5406301824212272,0.4799267578125,True,False,False,False,True,False,True,random_5pct,,
ds9_img031969_ann032861,1000,ds9,31969,32861,02_extracted/uang/1000/ds9_img031969_ann032861.png,1.0,1.6960227272727273,0.513046875,True,False,False,False,True,False,True,random_5pct,,
ds9_img031991_ann032881,2000,ds9,31991,32881,02_extracted/uang/2000/ds9_img031991_ann032881.png,1.0,1.4746543778801844,0.678125,True,False,False,False,True,False,True,random_5pct,,
ds9_img032046_ann032922,50000,ds9,32046,32922,02_extracted/uang/50000/ds9_img032046_ann032922.png,1.0,1.6428571428571428,0.5730908203125,True,False,False,False,True,False,True,random_5pct,,
ds9_img032090_ann032960,20000,ds9,32090,32960,02_extracted/uang/20000/ds9_img032090_ann032960.png,1.0,1.8575949367088607,0.452861328125,True,False,False,False,True,False,True,random_5pct,,
ds9_img032095_ann032964,2000,ds9,32095,32964,02_extracted/uang/2000/ds9_img032095_ann032964.png,1.0,2.047945205479452,0.42630859375,True,False,False,False,True,False,True,random_5pct,,
ds9_img032100_ann032969,2000,ds9,32100,32969,02_extracted/uang/2000/ds9_img032100_ann032969.png,1.0,1.4755244755244756,0.66298095703125,True,False,False,False,True,False,True,random_5pct,,
ds9_img032106_ann032973,5000,ds9,32106,32973,02_extracted/uang/5000/ds9_img032106_ann032973.png,1.0,2.25,0.3828515625,True,False,False,False,True,False,True,random_5pct,,
ds9_img032121_ann032987,1000,ds9,32121,32987,02_extracted/uang/1000/ds9_img032121_ann032987.png,1.0,0.6076158940397351,0.541181640625,True,False,False,False,True,False,True,random_5pct,,
ds9_img032122_ann032988,5000,ds9,32122,32988,02_extracted/uang/5000/ds9_img032122_ann032988.png,1.0,2.075862068965517,0.426220703125,True,False,False,False,True,False,True,random_5pct,,
ds9_img032143_ann033007,1000,ds9,32143,33007,02_extracted/uang/1000/ds9_img032143_ann033007.png,1.0,0.6366612111292962,0.58027099609375,True,False,False,False,True,False,True,random_5pct,,
ds9_img032148_ann033011,20000,ds9,32148,33011,02_extracted/uang/20000/ds9_img032148_ann033011.png,1.0,1.4446952595936795,0.6921875,True,False,False,False,True,False,True,random_5pct,,
ds9_img032152_ann033015,2000,ds9,32152,33015,02_extracted/uang/2000/ds9_img032152_ann033015.png,1.0,2.0238907849829353,0.42419189453125,True,False,False,False,True,False,True,random_5pct,,
ds9_img032177_ann033036,50000,ds9,32177,33036,02_extracted/uang/50000/ds9_img032177_ann033036.png,1.0,0.5213815789473685,0.470546875,True,False,False,False,True,False,True,random_5pct,,
ds9_img032186_ann033045,10000,ds9,32186,33045,02_extracted/uang/10000/ds9_img032186_ann033045.png,1.0,1.9485530546623795,0.4601220703125,True,False,False,False,True,False,True,random_5pct,,
ds9_img032211_ann033063,5000,ds9,32211,33063,02_extracted/uang/5000/ds9_img032211_ann033063.png,1.0,2.3122529644268774,0.36134033203125,True,False,False,False,True,False,True,random_5pct,,
ds9_img032260_ann033101,2000,ds9,32260,33101,02_extracted/uang/2000/ds9_img032260_ann033101.png,1.0,2.021276595744681,0.392431640625,True,False,False,False,True,False,True,random_5pct,,
ds9_img032310_ann033143,10000,ds9,32310,33143,02_extracted/uang/10000/ds9_img032310_ann033143.png,1.0,1.844984802431611,0.48755615234375,True,False,False,False,True,False,True,random_5pct,,
ds9_img032358_ann033183,10000,ds9,32358,33183,02_extracted/uang/10000/ds9_img032358_ann033183.png,1.0,1.7850746268656716,0.4890869140625,True,False,False,False,True,False,True,random_5pct,,
ds9_img032359_ann033184,2000,ds9,32359,33184,02_extracted/uang/2000/ds9_img032359_ann033184.png,1.0,2.0140845070422535,0.3966015625,True,False,False,False,True,False,True,random_5pct,,
ds9_img032370_ann033194,1000,ds9,32370,33194,02_extracted/uang/1000/ds9_img032370_ann033194.png,1.0,0.7078125,0.7078125,True,False,False,False,True,False,True,random_5pct,,
ds9_img032380_ann033204,20000,ds9,32380,33204,02_extracted/uang/20000/ds9_img032380_ann033204.png,1.0,2.0863309352517985,0.39365234375,True,False,False,False,True,False,True,random_5pct,,
ds9_img032387_ann033211,100000,ds9,32387,33211,02_extracted/uang/100000/ds9_img032387_ann033211.png,1.0,0.47920133111480867,0.422578125,True,False,False,False,True,False,True,random_5pct,,
ds9_img032396_ann033220,5000,ds9,32396,33220,02_extracted/uang/5000/ds9_img032396_ann033220.png,1.0,0.5700787401574803,0.5612060546875,True,False,False,False,True,False,True,random_5pct,,
ds9_img032403_ann033227,50000,ds9,32403,33227,02_extracted/uang/50000/ds9_img032403_ann033227.png,1.0,1.9423728813559322,0.41268310546875,True,False,False,False,True,False,True,random_5pct,,
ds9_img032406_ann033230,100000,ds9,32406,33230,02_extracted/uang/100000/ds9_img032406_ann033230.png,1.0,0.5670926517571885,0.5425537109375,True,False,False,False,True,False,True,random_5pct,,
ds9_img032414_ann033237,20000,ds9,32414,33237,02_extracted/uang/20000/ds9_img032414_ann033237.png,1.0,2.2156133828996283,0.391416015625,True,False,False,False,True,False,True,random_5pct,,
ds9_img032449_ann033269,2000,ds9,32449,33269,02_extracted/uang/2000/ds9_img032449_ann033269.png,1.0,2.178832116788321,0.3993603515625,True,False,False,False,True,False,True,random_5pct,,
ds9_img032472_ann033292,2000,ds9,32472,33292,02_extracted/uang/2000/ds9_img032472_ann033292.png,1.0,2.2737226277372264,0.4167529296875,True,False,False,False,True,False,True,random_5pct,,
ds9_img032526_ann033338,2000,ds9,32526,33338,02_extracted/uang/2000/ds9_img032526_ann033338.png,1.0,1.5606060606060606,0.59748046875,True,False,False,False,True,False,True,random_5pct,,
ds9_img032536_ann033347,100000,ds9,32536,33347,02_extracted/uang/100000/ds9_img032536_ann033347.png,1.0,0.4952978056426332,0.49220703125,True,False,False,False,True,False,True,random_5pct,,
ds9_img032555_ann033363,1000,ds9,32555,33363,02_extracted/uang/1000/ds9_img032555_ann033363.png,1.0,1.725212464589235,0.52484619140625,True,False,False,False,True,False,True,random_5pct,,
ds9_img032574_ann033380,50000,ds9,32574,33380,02_extracted/uang/50000/ds9_img032574_ann033380.png,1.0,2.043918918918919,0.43720703125,True,False,False,False,True,False,True,random_5pct,,
ds9_img032586_ann033391,5000,ds9,32586,33391,02_extracted/uang/5000/ds9_img032586_ann033391.png,1.0,0.42517006802721086,0.35888671875,True,False,False,False,True,False,True,random_5pct,,
ds9_img032602_ann033406,2000,ds9,32602,33406,02_extracted/uang/2000/ds9_img032602_ann033406.png,1.0,1.6864864864864866,0.563671875,True,False,False,False,True,False,True,random_5pct,,
ds9_img032619_ann033423,10000,ds9,32619,33423,02_extracted/uang/10000/ds9_img032619_ann033423.png,1.0,1.3869565217391304,0.71650390625,True,False,False,False,True,False,True,random_5pct,,
ds9_img032623_ann033426,50000,ds9,32623,33426,02_extracted/uang/50000/ds9_img032623_ann033426.png,1.0,1.9667774086378738,0.4350390625,True,False,False,False,True,False,True,random_5pct,,
ds9_img032666_ann033463,1000,ds9,32666,33463,02_extracted/uang/1000/ds9_img032666_ann033463.png,1.0,0.6068515497553018,0.556728515625,True,False,False,False,True,False,True,random_5pct,,
ds9_img032677_ann033474,50000,ds9,32677,33474,02_extracted/uang/50000/ds9_img032677_ann033474.png,1.0,1.9560810810810811,0.41841796875,True,False,False,False,True,False,True,random_5pct,,
ds9_img032688_ann033484,50000,ds9,32688,33484,02_extracted/uang/50000/ds9_img032688_ann033484.png,1.0,1.9213114754098362,0.4363525390625,True,False,False,False,True,False,True,random_5pct,,
ds9_img032700_ann033495,10000,ds9,32700,33495,02_extracted/uang/10000/ds9_img032700_ann033495.png,1.0,2.0398671096345513,0.4512060546875,True,False,False,False,True,False,True,random_5pct,,
ds9_img032714_ann033509,2000,ds9,32714,33509,02_extracted/uang/2000/ds9_img032714_ann033509.png,1.0,0.446843853820598,0.3953564453125,True,False,False,False,True,False,True,random_5pct,,
ds9_img032719_ann033512,2000,ds9,32719,33512,02_extracted/uang/2000/ds9_img032719_ann033512.png,1.0,0.4861788617886179,0.44893798828125,True,False,False,False,True,False,True,random_5pct,,
ds9_img032779_ann033564,5000,ds9,32779,33564,02_extracted/uang/5000/ds9_img032779_ann033564.png,1.0,2.2653846153846153,0.373876953125,True,False,False,False,True,False,True,random_5pct,,
ds9_img032782_ann033566,10000,ds9,32782,33566,02_extracted/uang/10000/ds9_img032782_ann033566.png,1.0,1.809375,0.45234375,True,False,False,False,True,False,True,random_5pct,,
ds9_img032790_ann033572,1000,ds9,32790,33572,02_extracted/uang/1000/ds9_img032790_ann033572.png,1.0,2.013559322033898,0.4278076171875,True,False,False,False,True,False,True,random_5pct,,
ds9_img032803_ann033583,2000,ds9,32803,33583,02_extracted/uang/2000/ds9_img032803_ann033583.png,1.0,0.6634768740031898,0.636796875,True,False,False,False,True,False,True,random_5pct,,
ds9_img032816_ann033592,50000,ds9,32816,33592,02_extracted/uang/50000/ds9_img032816_ann033592.png,1.0,1.9182389937106918,0.473583984375,True,False,False,False,True,False,True,random_5pct,,
ds9_img032828_ann033600,10000,ds9,32828,33600,02_extracted/uang/10000/ds9_img032828_ann033600.png,1.0,0.6296875,0.6296875,True,False,False,False,True,False,True,random_5pct,,
ds9_img032839_ann033610,1000,ds9,32839,33610,02_extracted/uang/1000/ds9_img032839_ann033610.png,1.0,1.8061538461538462,0.46575927734375,True,False,False,False,True,False,True,random_5pct,,
ds9_img032856_ann033623,50000,ds9,32856,33623,02_extracted/uang/50000/ds9_img032856_ann033623.png,1.0,1.9331103678929766,0.4219287109375,True,False,False,False,True,False,True,random_5pct,,
ds9_img032861_ann033628,100000,ds9,32861,33628,02_extracted/uang/100000/ds9_img032861_ann033628.png,1.0,2.184115523465704,0.40914306640625,True,False,False,False,True,False,True,random_5pct,,
ds9_img032868_ann033633,100000,ds9,32868,33633,02_extracted/uang/100000/ds9_img032868_ann033633.png,1.0,2.0588235294117645,0.41981201171875,True,False,False,False,True,False,True,random_5pct,,
ds9_img032877_ann033642,2000,ds9,32877,33642,02_extracted/uang/2000/ds9_img032877_ann033642.png,1.0,1.9448051948051948,0.450419921875,True,False,False,False,True,False,True,random_5pct,,
ds9_img032967_ann033723,2000,ds9,32967,33723,02_extracted/uang/2000/ds9_img032967_ann033723.png,1.0,2.0210526315789474,0.40078125,True,False,False,False,True,False,True,random_5pct,,
ds9_img032975_ann033731,5000,ds9,32975,33731,02_extracted/uang/5000/ds9_img032975_ann033731.png,1.0,2.273076923076923,0.375146484375,True,False,False,False,True,False,True,random_5pct,,
ds9_img033010_ann033761,5000,ds9,33010,33761,02_extracted/uang/5000/ds9_img033010_ann033761.png,1.0,2.1072664359861593,0.42968994140625,True,False,False,False,True,False,True,random_5pct,,
ds9_img033021_ann033771,1000,ds9,33021,33771,02_extracted/uang/1000/ds9_img033021_ann033771.png,1.0,0.5128205128205128,0.428466796875,True,False,False,False,True,False,True,random_5pct,,
ds9_img033046_ann033791,1000,ds9,33046,33791,02_extracted/uang/1000/ds9_img033046_ann033791.png,1.0,1.5620253164556963,0.59500732421875,True,False,False,False,True,False,True,random_5pct,,
ds9_img033051_ann033796,5000,ds9,33051,33796,02_extracted/uang/5000/ds9_img033051_ann033796.png,1.0,1.535279805352798,0.63315673828125,True,False,False,False,True,False,True,random_5pct,,
ds9_img033053_ann033798,20000,ds9,33053,33798,02_extracted/uang/20000/ds9_img033053_ann033798.png,1.0,2.1690647482014387,0.4092626953125,True,False,False,False,True,False,True,random_5pct,,
ds9_img033081_ann033821,20000,ds9,33081,33821,02_extracted/uang/20000/ds9_img033081_ann033821.png,1.0,2.127946127946128,0.45826171875,True,False,False,False,True,False,True,random_5pct,,
ds9_img033151_ann033877,5000,ds9,33151,33877,02_extracted/uang/5000/ds9_img033151_ann033877.png,1.0,2.1934306569343067,0.4020361328125,True,False,False,False,True,False,True,random_5pct,,
ds9_img033154_ann033880,10000,ds9,33154,33880,02_extracted/uang/10000/ds9_img033154_ann033880.png,1.0,0.5752961082910322,0.490576171875,True,False,False,False,True,False,True,random_5pct,,
ds9_img033215_ann033932,1000,ds9,33215,33932,02_extracted/uang/1000/ds9_img033215_ann033932.png,1.0,0.512280701754386,0.40634765625,True,False,False,False,True,False,True,random_5pct,,
ds9_img033224_ann033941,2000,ds9,33224,33941,02_extracted/uang/2000/ds9_img033224_ann033941.png,1.0,1.5883838383838385,0.608115234375,True,False,False,False,True,False,True,random_5pct,,
ds9_img033228_ann033944,2000,ds9,33228,33944,02_extracted/uang/2000/ds9_img033228_ann033944.png,1.0,1.7536656891495601,0.4978466796875,True,False,False,False,True,False,True,random_5pct,,
ds9_img033245_ann033961,20000,ds9,33245,33961,02_extracted/uang/20000/ds9_img033245_ann033961.png,1.0,1.9409836065573771,0.4408203125,True,False,False,False,True,False,True,random_5pct,,
ds9_img033296_ann034009,50000,ds9,33296,34009,02_extracted/uang/50000/ds9_img033296_ann034009.png,1.0,0.45098039215686275,0.4123828125,True,False,False,False,True,False,True,random_5pct,,
ds9_img033334_ann034041,20000,ds9,33334,34041,02_extracted/uang/20000/ds9_img033334_ann034041.png,1.0,2.1013986013986012,0.4196435546875,True,False,False,False,True,False,True,random_5pct,,
ds9_img033335_ann034042,100000,ds9,33335,34042,02_extracted/uang/100000/ds9_img033335_ann034042.png,1.0,0.5333333333333333,0.516796875,True,False,False,False,True,False,True,random_5pct,,
ds9_img033345_ann034049,100000,ds9,33345,34049,02_extracted/uang/100000/ds9_img033345_ann034049.png,1.0,2.0,0.44533203125,True,False,False,False,True,False,True,random_5pct,,
ds9_img033387_ann034083,100000,ds9,33387,34083,02_extracted/uang/100000/ds9_img033387_ann034083.png,1.0,2.2071428571428573,0.4224609375,True,False,False,False,True,False,True,random_5pct,,
ds9_img033396_ann034092,20000,ds9,33396,34092,02_extracted/uang/20000/ds9_img033396_ann034092.png,1.0,0.4520547945205479,0.37640625,True,False,False,False,True,False,True,random_5pct,,
ds9_img033408_ann034101,1000,ds9,33408,34101,02_extracted/uang/1000/ds9_img033408_ann034101.png,1.0,0.49909255898366606,0.36993408203125,True,False,False,False,True,False,True,random_5pct,,
ds9_img033430_ann034117,20000,ds9,33430,34117,02_extracted/uang/20000/ds9_img033430_ann034117.png,1.0,2.127659574468085,0.4130859375,True,False,False,False,True,False,True,random_5pct,,
ds9_img033452_ann034138,100000,ds9,33452,34138,02_extracted/uang/100000/ds9_img033452_ann034138.png,1.0,2.1672727272727275,0.400146484375,True,False,False,False,True,False,True,random_5pct,,
ds9_img033485_ann034167,20000,ds9,33485,34167,02_extracted/uang/20000/ds9_img033485_ann034167.png,1.0,1.549636803874092,0.6453125,True,False,False,False,True,False,True,random_5pct,,
ds9_img033499_ann034177,20000,ds9,33499,34177,02_extracted/uang/20000/ds9_img033499_ann034177.png,1.0,2.132616487455197,0.40528564453125,True,False,False,False,True,False,True,random_5pct,,
ds9_img033532_ann034202,2000,ds9,33532,34202,02_extracted/uang/2000/ds9_img033532_ann034202.png,1.0,1.9134615384615385,0.45474609375,True,False,False,False,True,False,True,random_5pct,,
ds9_img033535_ann034205,50000,ds9,33535,34205,02_extracted/uang/50000/ds9_img033535_ann034205.png,1.0,0.4630541871921182,0.4192822265625,True,False,False,False,True,False,True,random_5pct,,
ds9_img033542_ann034210,2000,ds9,33542,34210,02_extracted/uang/2000/ds9_img033542_ann034210.png,1.0,2.2386363636363638,0.38091796875,True,False,False,False,True,False,True,random_5pct,,
ds9_img033549_ann034215,100000,ds9,33549,34215,02_extracted/uang/100000/ds9_img033549_ann034215.png,1.0,2.2518796992481205,0.3889990234375,True,False,False,False,True,False,True,random_5pct,,
ds9_img033554_ann034218,10000,ds9,33554,34218,02_extracted/uang/10000/ds9_img033554_ann034218.png,1.0,0.6938775510204082,0.6873876953125,True,False,False,False,True,False,True,random_5pct,,
ds9_img033559_ann034222,50000,ds9,33559,34222,02_extracted/uang/50000/ds9_img033559_ann034222.png,1.0,1.9619377162629759,0.40005615234375,True,False,False,False,True,False,True,random_5pct,,
ds9_img033595_ann034252,50000,ds9,33595,34252,02_extracted/uang/50000/ds9_img033595_ann034252.png,1.0,2.1785714285714284,0.4169921875,True,False,False,False,True,False,True,random_5pct,,
ds9_img033624_ann034278,5000,ds9,33624,34278,02_extracted/uang/5000/ds9_img033624_ann034278.png,1.0,2.241509433962264,0.3843017578125,True,False,False,False,True,False,True,random_5pct,,
ds9_img033667_ann034313,1000,ds9,33667,34313,02_extracted/uang/1000/ds9_img033667_ann034313.png,1.0,1.7592592592592593,0.45087890625,True,False,False,False,True,False,True,random_5pct,,
ds9_img033668_ann034314,10000,ds9,33668,34314,02_extracted/uang/10000/ds9_img033668_ann034314.png,1.0,2.196078431372549,0.3486328125,True,False,False,False,True,False,True,random_5pct,,
ds9_img033726_ann034362,20000,ds9,33726,34362,02_extracted/uang/20000/ds9_img033726_ann034362.png,1.0,2.1546762589928057,0.4065478515625,True,False,False,False,True,False,True,random_5pct,,
ds9_img033753_ann034387,10000,ds9,33753,34387,02_extracted/uang/10000/ds9_img033753_ann034387.png,1.0,1.9230769230769231,0.45703125,True,False,False,False,True,False,True,random_5pct,,
ds9_img033755_ann034389,100000,ds9,33755,34389,02_extracted/uang/100000/ds9_img033755_ann034389.png,1.0,1.643044619422572,0.5822900390625,True,False,False,False,True,False,True,random_5pct,,
ds9_img033774_ann034407,20000,ds9,33774,34407,02_extracted/uang/20000/ds9_img033774_ann034407.png,1.0,2.193548387096774,0.416865234375,True,False,False,False,True,False,True,random_5pct,,
ds9_img033797_ann034428,5000,ds9,33797,34428,02_extracted/uang/5000/ds9_img033797_ann034428.png,1.0,2.2481203007518795,0.388349609375,True,False,False,False,True,False,True,random_5pct,,
ds9_img033814_ann034442,1000,ds9,33814,34442,02_extracted/uang/1000/ds9_img033814_ann034442.png,1.0,1.7863777089783281,0.45500732421875,True,False,False,False,True,False,True,random_5pct,,
ds9_img033844_ann034468,50000,ds9,33844,34468,02_extracted/uang/50000/ds9_img033844_ann034468.png,1.0,1.9594594594594594,0.419140625,True,False,False,False,True,False,True,random_5pct,,
ds9_img033872_ann034492,20000,ds9,33872,34492,02_extracted/uang/20000/ds9_img033872_ann034492.png,1.0,1.931888544891641,0.4920703125,True,False,False,False,True,False,True,random_5pct,,
ds9_img033920_ann034536,50000,ds9,33920,34536,02_extracted/uang/50000/ds9_img033920_ann034536.png,1.0,1.7048710601719197,0.50697021484375,True,False,False,False,True,False,True,random_5pct,,
ds9_img033957_ann034567,100000,ds9,33957,34567,02_extracted/uang/100000/ds9_img033957_ann034567.png,1.0,1.5533980582524272,0.64375,True,False,False,False,True,False,True,random_5pct,,
ds9_img033974_ann034581,50000,ds9,33974,34581,02_extracted/uang/50000/ds9_img033974_ann034581.png,1.0,2.209964412811388,0.42602783203125,True,False,False,False,True,False,True,random_5pct,,
ds9_img033998_ann034603,20000,ds9,33998,34603,02_extracted/uang/20000/ds9_img033998_ann034603.png,1.0,2.1392857142857142,0.40947265625,True,False,False,False,True,False,True,random_5pct,,
ds9_img034012_ann034614,100000,ds9,34012,34614,02_extracted/uang/100000/ds9_img034012_ann034614.png,1.0,2.246268656716418,0.39388671875,True,False,False,False,True,False,True,random_5pct,,
ds9_img034015_ann034617,20000,ds9,34015,34617,02_extracted/uang/20000/ds9_img034015_ann034617.png,1.0,0.5275974025974026,0.48876953125,True,False,False,False,True,False,True,random_5pct,,
ds9_img034035_ann034636,2000,ds9,34035,34636,02_extracted/uang/2000/ds9_img034035_ann034636.png,1.0,1.5989717223650386,0.5907177734375,True,False,False,False,True,False,True,random_5pct,,
ds9_img034063_ann034657,50000,ds9,34063,34657,02_extracted/uang/50000/ds9_img034063_ann034657.png,1.0,1.9052287581699345,0.4355419921875,True,False,False,False,True,False,True,random_5pct,,
ds9_img034071_ann034662,2000,ds9,34071,34662,02_extracted/uang/2000/ds9_img034071_ann034662.png,1.0,1.7940298507462686,0.49154052734375,True,False,False,False,True,False,True,random_5pct,,
ds9_img034109_ann034690,2000,ds9,34109,34690,02_extracted/uang/2000/ds9_img034109_ann034690.png,1.0,2.052264808362369,0.41270263671875,True,False,False,False,True,False,True,random_5pct,,
ds9_img034267_ann034821,2000,ds9,34267,34821,02_extracted/uang/2000/ds9_img034267_ann034821.png,1.0,2.443579766536965,0.394033203125,True,False,False,False,True,False,True,random_5pct,,
ds9_img034272_ann034825,2000,ds9,34272,34825,02_extracted/uang/2000/ds9_img034272_ann034825.png,1.0,2.3951612903225805,0.3596484375,True,False,False,False,True,False,True,random_5pct,,
ds9_img034390_ann034925,20000,ds9,34390,34925,02_extracted/uang/20000/ds9_img034390_ann034925.png,1.0,2.038338658146965,0.4875341796875,True,False,False,False,True,False,True,random_5pct,,
ds9_img034421_ann034950,50000,ds9,34421,34950,02_extracted/uang/50000/ds9_img034421_ann034950.png,1.0,2.418410041841004,0.3372607421875,True,False,False,False,True,False,True,random_5pct,,
ds9_img034474_ann034994,100000,ds9,34474,34994,02_extracted/uang/100000/ds9_img034474_ann034994.png,1.0,1.5514705882352942,0.63052734375,True,False,False,False,True,False,True,random_5pct,,
ds9_img034548_ann035050,2000,ds9,34548,35050,02_extracted/uang/2000/ds9_img034548_ann035050.png,1.0,2.01423487544484,0.3882958984375,True,False,False,False,True,False,True,random_5pct,,
ds9_img034554_ann035056,20000,ds9,34554,35056,02_extracted/uang/20000/ds9_img034554_ann035056.png,1.0,1.4512471655328798,0.6890625,True,False,False,False,True,False,True,random_5pct,,
ds9_img034559_ann035059,10000,ds9,34559,35059,02_extracted/uang/10000/ds9_img034559_ann035059.png,1.0,0.523102310231023,0.4689990234375,True,False,False,False,True,False,True,random_5pct,,
ds9_img034574_ann035074,100000,ds9,34574,35074,02_extracted/uang/100000/ds9_img034574_ann035074.png,1.0,2.2,0.42109375,True,False,False,False,True,False,True,random_5pct,,
ds9_img034583_ann035081,5000,ds9,34583,35081,02_extracted/uang/5000/ds9_img034583_ann035081.png,1.0,2.2226415094339624,0.38106689453125,True,False,False,False,True,False,True,random_5pct,,
ds9_img034586_ann035084,2000,ds9,34586,35084,02_extracted/uang/2000/ds9_img034586_ann035084.png,1.0,0.5754560530679934,0.51084228515625,True,False,False,False,True,False,True,random_5pct,,
ds9_img034612_ann035106,10000,ds9,34612,35106,02_extracted/uang/10000/ds9_img034612_ann035106.png,1.0,2.045774647887324,0.402841796875,True,False,False,False,True,False,True,random_5pct,,
ds9_img034636_ann035129,1000,ds9,34636,35129,02_extracted/uang/1000/ds9_img034636_ann035129.png,1.0,0.5249169435215947,0.46443359375,True,False,False,False,True,False,True,random_5pct,,
ds9_img034692_ann035175,1000,ds9,34692,35175,02_extracted/uang/1000/ds9_img034692_ann035175.png,1.0,1.9006410256410255,0.45169921875,True,False,False,False,True,False,True,random_5pct,,
ds9_img034704_ann035186,10000,ds9,34704,35186,02_extracted/uang/10000/ds9_img034704_ann035186.png,1.0,0.6404494382022472,0.60687744140625,True,False,False,False,True,False,True,random_5pct,,
ds9_img034718_ann035197,2000,ds9,34718,35197,02_extracted/uang/2000/ds9_img034718_ann035197.png,1.0,1.9895470383275262,0.40009033203125,True,False,False,False,True,False,True,random_5pct,,
ds9_img034727_ann035205,5000,ds9,34727,35205,02_extracted/uang/5000/ds9_img034727_ann035205.png,1.0,2.094915254237288,0.4450927734375,True,False,False,False,True,False,True,random_5pct,,
ds9_img034760_ann035232,100000,ds9,34760,35232,02_extracted/uang/100000/ds9_img034760_ann035232.png,1.0,1.6537467700258397,0.6046875,True,False,False,False,True,False,True,random_5pct,,
ds9_img034817_ann035280,20000,ds9,34817,35280,02_extracted/uang/20000/ds9_img034817_ann035280.png,1.0,0.5272435897435898,0.5012109375,True,False,False,False,True,False,True,random_5pct,,
ds9_img034846_ann035307,1000,ds9,34846,35307,02_extracted/uang/1000/ds9_img034846_ann035307.png,1.0,1.6016949152542372,0.4900341796875,True,False,False,False,True,False,True,random_5pct,,
ds9_img034897_ann035355,10000,ds9,34897,35355,02_extracted/uang/10000/ds9_img034897_ann035355.png,1.0,1.7760736196319018,0.4608251953125,True,False,False,False,True,False,True,random_5pct,,
ds9_img034910_ann035364,2000,ds9,34910,35364,02_extracted/uang/2000/ds9_img034910_ann035364.png,1.0,0.5294117647058824,0.51136962890625,True,False,False,False,True,False,True,random_5pct,,
ds9_img034912_ann035366,100000,ds9,34912,35366,02_extracted/uang/100000/ds9_img034912_ann035366.png,1.0,0.5855572998430141,0.58008056640625,True,False,False,False,True,False,True,random_5pct,,
ds9_img034923_ann035375,2000,ds9,34923,35375,02_extracted/uang/2000/ds9_img034923_ann035375.png,1.0,2.3098039215686272,0.36668701171875,True,False,False,False,True,False,True,random_5pct,,
ds9_img034946_ann035396,100000,ds9,34946,35396,02_extracted/uang/100000/ds9_img034946_ann035396.png,1.0,1.928348909657321,0.48510498046875,True,False,False,False,True,False,True,random_5pct,,
ds9_img034987_ann035431,5000,ds9,34987,35431,02_extracted/uang/5000/ds9_img034987_ann035431.png,1.0,2.099644128113879,0.4047607421875,True,False,False,False,True,False,True,random_5pct,,
ds9_img035003_ann035445,5000,ds9,35003,35445,02_extracted/uang/5000/ds9_img035003_ann035445.png,1.0,1.7486338797814207,0.571875,True,False,False,False,True,False,True,random_5pct,,
ds9_img035029_ann035468,5000,ds9,35029,35468,02_extracted/uang/5000/ds9_img035029_ann035468.png,1.0,2.136029411764706,0.3858203125,True,False,False,False,True,False,True,random_5pct,,
ds9_img035037_ann035475,1000,ds9,35037,35475,02_extracted/uang/1000/ds9_img035037_ann035475.png,1.0,1.7289156626506024,0.46525390625,True,False,False,False,True,False,True,random_5pct,,
ds9_img035055_ann035490,100000,ds9,35055,35490,02_extracted/uang/100000/ds9_img035055_ann035490.png,1.0,2.175627240143369,0.41345947265625,True,False,False,False,True,False,True,random_5pct,,
ds9_img035061_ann035496,10000,ds9,35061,35496,02_extracted/uang/10000/ds9_img035061_ann035496.png,1.0,1.419068736141907,0.7046875,True,False,False,False,True,False,True,random_5pct,,
ds9_img035084_ann035514,5000,ds9,35084,35514,02_extracted/uang/5000/ds9_img035084_ann035514.png,1.0,0.6578125,0.6578125,True,False,False,False,True,False,True,random_5pct,,
ds9_img035095_ann035523,5000,ds9,35095,35523,02_extracted/uang/5000/ds9_img035095_ann035523.png,1.0,0.5408496732026143,0.494560546875,True,False,False,False,True,False,True,random_5pct,,
ds9_img035097_ann035525,10000,ds9,35097,35525,02_extracted/uang/10000/ds9_img035097_ann035525.png,1.0,1.7309941520467835,0.494296875,True,False,False,False,True,False,True,random_5pct,,
ds9_img035101_ann035529,100000,ds9,35101,35529,02_extracted/uang/100000/ds9_img035101_ann035529.png,1.0,1.7556179775280898,0.543212890625,True,False,False,False,True,False,True,random_5pct,,
ds9_img035125_ann035548,1000,ds9,35125,35548,02_extracted/uang/1000/ds9_img035125_ann035548.png,1.0,0.616260162601626,0.56905517578125,True,False,False,False,True,False,True,random_5pct,,
ds9_img035128_ann035551,1000,ds9,35128,35551,02_extracted/uang/1000/ds9_img035128_ann035551.png,1.0,2.0851063829787235,0.40482421875,True,False,False,False,True,False,True,random_5pct,,
ds9_img035136_ann035557,2000,ds9,35136,35557,02_extracted/uang/2000/ds9_img035136_ann035557.png,1.0,2.247191011235955,0.39111328125,True,False,False,False,True,False,True,random_5pct,,
ds9_img035153_ann035571,100000,ds9,35153,35571,02_extracted/uang/100000/ds9_img035153_ann035571.png,1.0,0.5008291873963516,0.4445947265625,True,False,False,False,True,False,True,random_5pct,,
ds9_img035178_ann035594,2000,ds9,35178,35594,02_extracted/uang/2000/ds9_img035178_ann035594.png,1.0,0.6439024390243903,0.594580078125,True,False,False,False,True,False,True,random_5pct,,
ds9_img035239_ann035647,5000,ds9,35239,35647,02_extracted/uang/5000/ds9_img035239_ann035647.png,1.0,0.48475120385232745,0.4593408203125,True,False,False,False,True,False,True,random_5pct,,
ds9_img035256_ann035660,50000,ds9,35256,35660,02_extracted/uang/50000/ds9_img035256_ann035660.png,1.0,1.9896193771626298,0.40570068359375,True,False,False,False,True,False,True,random_5pct,,
ds9_img035322_ann035715,5000,ds9,35322,35715,02_extracted/uang/5000/ds9_img035322_ann035715.png,1.0,0.5557324840764332,0.535087890625,True,False,False,False,True,False,True,random_5pct,,
ds9_img035326_ann035719,5000,ds9,35326,35719,02_extracted/uang/5000/ds9_img035326_ann035719.png,1.0,2.1624548736462095,0.40508544921875,True,False,False,False,True,False,True,random_5pct,,
ds9_img035330_ann035723,20000,ds9,35330,35723,02_extracted/uang/20000/ds9_img035330_ann035723.png,1.0,0.6080645161290322,0.570654296875,True,False,False,False,True,False,True,random_5pct,,
ds9_img035362_ann035750,50000,ds9,35362,35750,02_extracted/uang/50000/ds9_img035362_ann035750.png,1.0,0.5546218487394958,0.4793701171875,True,False,False,False,True,False,True,random_5pct,,
ds9_img035385_ann035771,5000,ds9,35385,35771,02_extracted/uang/5000/ds9_img035385_ann035771.png,1.0,2.225092250922509,0.39895751953125,True,False,False,False,True,False,True,random_5pct,,
ds9_img035433_ann035813,1000,ds9,35433,35813,02_extracted/uang/1000/ds9_img035433_ann035813.png,1.0,1.8161993769470406,0.45689208984375,True,False,False,False,True,False,True,random_5pct,,
ds9_img035442_ann035821,20000,ds9,35442,35821,02_extracted/uang/20000/ds9_img035442_ann035821.png,1.0,2.1444444444444444,0.3816650390625,True,False,False,False,True,False,True,random_5pct,,
ds9_img035464_ann035839,5000,ds9,35464,35839,02_extracted/uang/5000/ds9_img035464_ann035839.png,1.0,2.0369127516778525,0.4416162109375,True,False,False,False,True,False,True,random_5pct,,
ds9_img035481_ann035855,10000,ds9,35481,35855,02_extracted/uang/10000/ds9_img035481_ann035855.png,1.0,2.1524163568773234,0.38025146484375,True,False,False,False,True,False,True,random_5pct,,
ds9_img035541_ann035904,1000,ds9,35541,35904,02_extracted/uang/1000/ds9_img035541_ann035904.png,1.0,1.6514285714285715,0.493896484375,True,False,False,False,True,False,True,random_5pct,,
ds9_img035577_ann035936,50000,ds9,35577,35936,02_extracted/uang/50000/ds9_img035577_ann035936.png,1.0,0.5186991869918699,0.47896728515625,True,False,False,False,True,False,True,random_5pct,,
ds9_img035617_ann035969,1000,ds9,35617,35969,02_extracted/uang/1000/ds9_img035617_ann035969.png,1.0,1.7763975155279503,0.44966796875,True,False,False,False,True,False,True,random_5pct,,
ds9_img035641_ann035990,20000,ds9,35641,35990,02_extracted/uang/20000/ds9_img035641_ann035990.png,1.0,2.111913357400722,0.39561767578125,True,False,False,False,True,False,True,random_5pct,,
ds9_img035670_ann036016,50000,ds9,35670,36016,02_extracted/uang/50000/ds9_img035670_ann036016.png,1.0,0.67,0.5888671875,True,False,False,False,True,False,True,random_5pct,,
ds9_img035702_ann036044,50000,ds9,35702,36044,02_extracted/uang/50000/ds9_img035702_ann036044.png,1.0,1.7118644067796611,0.523740234375,True,False,False,False,True,False,True,random_5pct,,
ds9_img035766_ann036100,50000,ds9,35766,36100,02_extracted/uang/50000/ds9_img035766_ann036100.png,1.0,1.976271186440678,0.41988525390625,True,False,False,False,True,False,True,random_5pct,,
ds9_img035786_ann036117,5000,ds9,35786,36117,02_extracted/uang/5000/ds9_img035786_ann036117.png,1.0,2.170818505338078,0.4184814453125,True,False,False,False,True,False,True,random_5pct,,
ds9_img035831_ann036157,5000,ds9,35831,36157,02_extracted/uang/5000/ds9_img035831_ann036157.png,1.0,2.1619718309859155,0.42572265625,True,False,False,False,True,False,True,random_5pct,,
ds9_img035862_ann036185,1000,ds9,35862,36185,02_extracted/uang/1000/ds9_img035862_ann036185.png,1.0,2.0549450549450547,0.37390869140625,True,False,False,False,True,False,True,random_5pct,,
ds9_img035883_ann036201,2000,ds9,35883,36201,02_extracted/uang/2000/ds9_img035883_ann036201.png,1.0,1.7226890756302522,0.53602294921875,True,False,False,False,True,False,True,random_5pct,,
ds9_img035913_ann036225,50000,ds9,35913,36225,02_extracted/uang/50000/ds9_img035913_ann036225.png,1.0,2.127659574468085,0.4130859375,True,False,False,False,True,False,True,random_5pct,,
ds9_img035927_ann036239,5000,ds9,35927,36239,02_extracted/uang/5000/ds9_img035927_ann036239.png,1.0,0.6367924528301887,0.628857421875,True,False,False,False,True,False,True,random_5pct,,
ds9_img035989_ann036291,1000,ds9,35989,36291,02_extracted/uang/1000/ds9_img035989_ann036291.png,1.0,1.9965277777777777,0.404296875,True,False,False,False,True,False,True,random_5pct,,
ds9_img036059_ann036351,50000,ds9,36059,36351,02_extracted/uang/50000/ds9_img036059_ann036351.png,1.0,0.6773162939297125,0.6480078125,True,False,False,False,True,False,True,random_5pct,,
ds9_img036064_ann036356,5000,ds9,36064,36356,02_extracted/uang/5000/ds9_img036064_ann036356.png,1.0,2.178832116788321,0.3993603515625,True,False,False,False,True,False,True,random_5pct,,
ds9_img036080_ann036370,2000,ds9,36080,36370,02_extracted/uang/2000/ds9_img036080_ann036370.png,1.0,2.1745454545454543,0.4014892578125,True,False,False,False,True,False,True,random_5pct,,
ds9_img036085_ann036375,100000,ds9,36085,36375,02_extracted/uang/100000/ds9_img036085_ann036375.png,1.0,0.6984375,0.6984375,True,False,False,False,True,False,True,random_5pct,,
ds9_img036150_ann036433,100000,ds9,36150,36433,02_extracted/uang/100000/ds9_img036150_ann036433.png,1.0,0.5031545741324921,0.4937646484375,True,False,False,False,True,False,True,random_5pct,,
ds9_img036158_ann036440,5000,ds9,36158,36440,02_extracted/uang/5000/ds9_img036158_ann036440.png,1.0,0.5382113821138211,0.49698486328125,True,False,False,False,True,False,True,random_5pct,,
ds9_img036187_ann036465,1000,ds9,36187,36465,02_extracted/uang/1000/ds9_img036187_ann036465.png,1.0,1.9889705882352942,0.3592578125,True,False,False,False,True,False,True,random_5pct,,
ds9_img036194_ann036472,20000,ds9,36194,36472,02_extracted/uang/20000/ds9_img036194_ann036472.png,1.0,2.1340579710144927,0.396884765625,True,False,False,False,True,False,True,random_5pct,,
ds9_img036272_ann036541,5000,ds9,36272,36541,02_extracted/uang/5000/ds9_img036272_ann036541.png,1.0,0.5419968304278923,0.5268603515625,True,False,False,False,True,False,True,random_5pct,,
ds9_img036288_ann036556,5000,ds9,36288,36556,02_extracted/uang/5000/ds9_img036288_ann036556.png,1.0,2.3293650793650795,0.361142578125,True,False,False,False,True,False,True,random_5pct,,
ds9_img036333_ann036598,10000,ds9,36333,36598,02_extracted/uang/10000/ds9_img036333_ann036598.png,1.0,1.8753799392097263,0.49558837890625,True,False,False,False,True,False,True,random_5pct,,
ds9_img036337_ann036601,5000,ds9,36337,36601,02_extracted/uang/5000/ds9_img036337_ann036601.png,1.0,2.2607003891050583,0.36454345703125,True,False,False,False,True,False,True,random_5pct,,
ds9_img036360_ann036622,2000,ds9,36360,36622,02_extracted/uang/2000/ds9_img036360_ann036622.png,1.0,1.4414414414414414,0.69375,True,False,False,False,True,False,True,random_5pct,,
ds9_img036364_ann036625,20000,ds9,36364,36625,02_extracted/uang/20000/ds9_img036364_ann036625.png,1.0,0.6333333333333333,0.6136962890625,True,False,False,False,True,False,True,random_5pct,,
ds9_img036369_ann036629,2000,ds9,36369,36629,02_extracted/uang/2000/ds9_img036369_ann036629.png,1.0,1.8247734138972809,0.488095703125,True,False,False,False,True,False,True,random_5pct,,
ds9_img036374_ann036634,1000,ds9,36374,36634,02_extracted/uang/1000/ds9_img036374_ann036634.png,1.0,1.7837837837837838,0.4829150390625,True,False,False,False,True,False,True,random_5pct,,
ds9_img036383_ann036642,20000,ds9,36383,36642,02_extracted/uang/20000/ds9_img036383_ann036642.png,1.0,2.119718309859155,0.41740234375,True,False,False,False,True,False,True,random_5pct,,
ds9_img036389_ann036648,50000,ds9,36389,36648,02_extracted/uang/50000/ds9_img036389_ann036648.png,1.0,1.7450980392156863,0.54299560546875,True,False,False,False,True,False,True,random_5pct,,
ds9_img036409_ann036664,5000,ds9,36409,36664,02_extracted/uang/5000/ds9_img036409_ann036664.png,1.0,0.463768115942029,0.436640625,True,False,False,False,True,False,True,random_5pct,,
ds9_img036429_ann036684,100000,ds9,36429,36684,02_extracted/uang/100000/ds9_img036429_ann036684.png,1.0,2.244360902255639,0.3877001953125,True,False,False,False,True,False,True,random_5pct,,
ds9_img036475_ann036723,10000,ds9,36475,36723,02_extracted/uang/10000/ds9_img036475_ann036723.png,1.0,1.8806451612903226,0.4412353515625,True,False,False,False,True,False,True,random_5pct,,
ds9_img036503_ann036747,1000,ds9,36503,36747,02_extracted/uang/1000/ds9_img036503_ann036747.png,1.0,1.8212121212121213,0.4842041015625,True,False,False,False,True,False,True,random_5pct,,
ds9_img036543_ann036782,1000,ds9,36543,36782,02_extracted/uang/1000/ds9_img036543_ann036782.png,1.0,2.0310344827586206,0.4170166015625,True,False,False,False,True,False,True,random_5pct,,
ds9_img036608_ann036838,1000,ds9,36608,36838,02_extracted/uang/1000/ds9_img036608_ann036838.png,1.0,1.5692695214105794,0.60383544921875,True,False,False,False,True,False,True,random_5pct,,
ds9_img036613_ann036843,2000,ds9,36613,36843,02_extracted/uang/2000/ds9_img036613_ann036843.png,1.0,2.0246478873239435,0.398681640625,True,False,False,False,True,False,True,random_5pct,,
ds9_img036653_ann036882,20000,ds9,36653,36882,02_extracted/uang/20000/ds9_img036653_ann036882.png,1.0,2.152727272727273,0.3974609375,True,False,False,False,True,False,True,random_5pct,,
ds9_img036691_ann036912,20000,ds9,36691,36912,02_extracted/uang/20000/ds9_img036691_ann036912.png,1.0,1.6580310880829014,0.603125,True,False,False,False,True,False,True,random_5pct,,
ds9_img036734_ann036945,50000,ds9,36734,36945,02_extracted/uang/50000/ds9_img036734_ann036945.png,1.0,1.9269102990033222,0.426220703125,True,False,False,False,True,False,True,random_5pct,,
ds9_img036771_ann036979,100000,ds9,36771,36979,02_extracted/uang/100000/ds9_img036771_ann036979.png,1.0,2.2607142857142857,0.43271484375,True,False,False,False,True,False,True,random_5pct,,
ds9_img036794_ann036999,2000,ds9,36794,36999,02_extracted/uang/2000/ds9_img036794_ann036999.png,1.0,1.9665551839464883,0.429228515625,True,False,False,False,True,False,True,random_5pct,,
ds9_img036829_ann037029,10000,ds9,36829,37029,02_extracted/uang/10000/ds9_img036829_ann037029.png,1.0,1.9385113268608414,0.45188232421875,True,False,False,False,True,False,True,random_5pct,,
ds9_img036860_ann037052,10000,ds9,36860,37052,02_extracted/uang/10000/ds9_img036860_ann037052.png,1.0,0.6885758998435054,0.68642578125,True,False,False,False,True,False,True,random_5pct,,
ds9_img036878_ann037067,10000,ds9,36878,37067,02_extracted/uang/10000/ds9_img036878_ann037067.png,1.0,2.123134328358209,0.372294921875,True,False,False,False,True,False,True,random_5pct,,
ds9_img036905_ann037091,50000,ds9,36905,37091,02_extracted/uang/50000/ds9_img036905_ann037091.png,1.0,1.8140243902439024,0.47646484375,True,False,False,False,True,False,True,random_5pct,,
ds9_img036926_ann037109,20000,ds9,36926,37109,02_extracted/uang/20000/ds9_img036926_ann037109.png,1.0,2.091549295774648,0.41185546875,True,False,False,False,True,False,True,random_5pct,,
ds9_img036953_ann037133,50000,ds9,36953,37133,02_extracted/uang/50000/ds9_img036953_ann037133.png,1.0,0.6666666666666666,0.64599609375,True,False,False,False,True,False,True,random_5pct,,
ds9_img036968_ann037146,2000,ds9,36968,37146,02_extracted/uang/2000/ds9_img036968_ann037146.png,1.0,2.217712177121771,0.39763427734375,True,False,False,False,True,False,True,random_5pct,,
ds9_img036972_ann037150,5000,ds9,36972,37150,02_extracted/uang/5000/ds9_img036972_ann037150.png,1.0,2.2490706319702602,0.39732666015625,True,False,False,False,True,False,True,random_5pct,,
ds9_img036990_ann037168,20000,ds9,36990,37168,02_extracted/uang/20000/ds9_img036990_ann037168.png,1.0,1.67828418230563,0.5700634765625,True,False,False,False,True,False,True,random_5pct,,
ds9_img037000_ann037174,10000,ds9,37000,37174,02_extracted/uang/10000/ds9_img037000_ann037174.png,1.0,2.0755395683453237,0.3916162109375,True,False,False,False,True,False,True,random_5pct,,
ds9_img037031_ann037200,1000,ds9,37031,37200,02_extracted/uang/1000/ds9_img037031_ann037200.png,1.0,1.4688995215311005,0.626591796875,True,False,False,False,True,False,True,random_5pct,,
ds9_img037035_ann037204,50000,ds9,37035,37204,02_extracted/uang/50000/ds9_img037035_ann037204.png,1.0,1.6946778711484594,0.52730712890625,True,False,False,False,True,False,True,random_5pct,,
ds9_img037047_ann037213,50000,ds9,37047,37213,02_extracted/uang/50000/ds9_img037047_ann037213.png,1.0,1.9292929292929293,0.41548095703125,True,False,False,False,True,False,True,random_5pct,,
ds9_img037153_ann037300,100000,ds9,37153,37300,02_extracted/uang/100000/ds9_img037153_ann037300.png,1.0,2.042207792207792,0.472978515625,True,False,False,False,True,False,True,random_5pct,,
ds9_img037172_ann037318,20000,ds9,37172,37318,02_extracted/uang/20000/ds9_img037172_ann037318.png,1.0,1.9611650485436893,0.4571630859375,True,False,False,False,True,False,True,random_5pct,,
ds9_img037265_ann037400,10000,ds9,37265,37400,02_extracted/uang/10000/ds9_img037265_ann037400.png,1.0,2.1264367816091956,0.35364990234375,True,False,False,False,True,False,True,random_5pct,,
ds9_img037266_ann037401,1000,ds9,37266,37401,02_extracted/uang/1000/ds9_img037266_ann037401.png,1.0,1.8170347003154574,0.44578125,True,False,False,False,True,False,True,random_5pct,,
ds9_img037300_ann037427,2000,ds9,37300,37427,02_extracted/uang/2000/ds9_img037300_ann037427.png,1.0,0.5559265442404007,0.48697998046875,True,False,False,False,True,False,True,random_5pct,,
ds9_img037311_ann037437,2000,ds9,37311,37437,02_extracted/uang/2000/ds9_img037311_ann037437.png,1.0,1.9533333333333334,0.42919921875,True,False,False,False,True,False,True,random_5pct,,
ds9_img037315_ann037441,1000,ds9,37315,37441,02_extracted/uang/1000/ds9_img037315_ann037441.png,1.0,0.6215753424657534,0.51755859375,True,False,False,False,True,False,True,random_5pct,,
ds9_img037373_ann037494,5000,ds9,37373,37494,02_extracted/uang/5000/ds9_img037373_ann037494.png,1.0,2.11913357400722,0.39697021484375,True,False,False,False,True,False,True,random_5pct,,
ds9_img037402_ann037520,50000,ds9,37402,37520,02_extracted/uang/50000/ds9_img037402_ann037520.png,1.0,1.9266666666666667,0.42333984375,True,False,False,False,True,False,True,random_5pct,,
ds9_img037412_ann037527,5000,ds9,37412,37527,02_extracted/uang/5000/ds9_img037412_ann037527.png,1.0,0.5100334448160535,0.4452880859375,True,False,False,False,True,False,True,random_5pct,,
ds9_img037413_ann037528,1000,ds9,37413,37528,02_extracted/uang/1000/ds9_img037413_ann037528.png,1.0,1.9727891156462585,0.41630859375,True,False,False,False,True,False,True,random_5pct,,
ds9_img037444_ann037555,2000,ds9,37444,37555,02_extracted/uang/2000/ds9_img037444_ann037555.png,1.0,1.8773584905660377,0.4634912109375,True,False,False,False,True,False,True,random_5pct,,
ds9_img037446_ann037557,2000,ds9,37446,37557,02_extracted/uang/2000/ds9_img037446_ann037557.png,1.0,2.024390243902439,0.40709716796875,True,False,False,False,True,False,True,random_5pct,,
ds9_img037457_ann037567,5000,ds9,37457,37567,02_extracted/uang/5000/ds9_img037457_ann037567.png,1.0,2.210526315789474,0.38185546875,True,False,False,False,True,False,True,random_5pct,,
ds9_img037470_ann037576,20000,ds9,37470,37576,02_extracted/uang/20000/ds9_img037470_ann037576.png,1.0,0.5923566878980892,0.5703515625,True,False,False,False,True,False,True,random_5pct,,
ds9_img037483_ann037586,10000,ds9,37483,37586,02_extracted/uang/10000/ds9_img037483_ann037586.png,1.0,1.7791044776119402,0.487451171875,True,False,False,False,True,False,True,random_5pct,,
ds9_img037485_ann037588,5000,ds9,37485,37588,02_extracted/uang/5000/ds9_img037485_ann037588.png,1.0,2.2384615384615385,0.36943359375,True,False,False,False,True,False,True,random_5pct,,
ds9_img037560_ann037651,5000,ds9,37560,37651,02_extracted/uang/5000/ds9_img037560_ann037651.png,1.0,2.125,0.40673828125,True,False,False,False,True,False,True,random_5pct,,
ds9_img037584_ann037672,50000,ds9,37584,37672,02_extracted/uang/50000/ds9_img037584_ann037672.png,1.0,1.936241610738255,0.4197900390625,True,False,False,False,True,False,True,random_5pct,,
ds9_img037591_ann037678,2000,ds9,37591,37678,02_extracted/uang/2000/ds9_img037591_ann037678.png,1.0,1.7863247863247864,0.53729736328125,True,False,False,False,True,False,True,random_5pct,,
ds9_img037652_ann037725,10000,ds9,37652,37725,02_extracted/uang/10000/ds9_img037652_ann037725.png,1.0,2.1153846153846154,0.4224365234375,True,False,False,False,True,False,True,random_5pct,,
ds9_img037681_ann037752,10000,ds9,37681,37752,02_extracted/uang/10000/ds9_img037681_ann037752.png,1.0,1.899390243902439,0.49888671875,True,False,False,False,True,False,True,random_5pct,,
ds9_img037708_ann037775,5000,ds9,37708,37775,02_extracted/uang/5000/ds9_img037708_ann037775.png,1.0,2.1837455830388692,0.4269873046875,True,False,False,False,True,False,True,random_5pct,,
ds9_img037722_ann037789,50000,ds9,37722,37789,02_extracted/uang/50000/ds9_img037722_ann037789.png,1.0,0.5956112852664577,0.59189453125,True,False,False,False,True,False,True,random_5pct,,
ds9_img037723_ann037790,1000,ds9,37723,37790,02_extracted/uang/1000/ds9_img037723_ann037790.png,1.0,2.053030303030303,0.3493359375,True,False,False,False,True,False,True,random_5pct,,
ds9_img037726_ann037793,10000,ds9,37726,37793,02_extracted/uang/10000/ds9_img037726_ann037793.png,1.0,2.0724137931034483,0.4255126953125,True,False,False,False,True,False,True,random_5pct,,
ds9_img037764_ann037823,10000,ds9,37764,37823,02_extracted/uang/10000/ds9_img037764_ann037823.png,1.0,0.70625,0.70625,True,False,False,False,True,False,True,random_5pct,,
ds9_img037801_ann037857,50000,ds9,37801,37857,02_extracted/uang/50000/ds9_img037801_ann037857.png,1.0,1.9435215946843853,0.42989501953125,True,False,False,False,True,False,True,random_5pct,,
ds9_img037808_ann037862,10000,ds9,37808,37862,02_extracted/uang/10000/ds9_img037808_ann037862.png,1.0,1.8841463414634145,0.4948828125,True,False,False,False,True,False,True,random_5pct,,
ds9_img037836_ann037883,10000,ds9,37836,37883,02_extracted/uang/10000/ds9_img037836_ann037883.png,1.0,1.8501529051987768,0.48299560546875,True,False,False,False,True,False,True,random_5pct,,
ds9_img037839_ann037886,1000,ds9,37839,37886,02_extracted/uang/1000/ds9_img037839_ann037886.png,1.0,1.56857855361596,0.61579345703125,True,False,False,False,True,False,True,random_5pct,,
ds9_img037859_ann037903,20000,ds9,37859,37903,02_extracted/uang/20000/ds9_img037859_ann037903.png,1.0,2.140845070422535,0.4215625,True,False,False,False,True,False,True,random_5pct,,
ds9_img037872_ann037915,20000,ds9,37872,37915,02_extracted/uang/20000/ds9_img037872_ann037915.png,1.0,0.5504,0.52490234375,True,False,False,False,True,False,True,random_5pct,,
ds9_img037928_ann037964,20000,ds9,37928,37964,02_extracted/uang/20000/ds9_img037928_ann037964.png,1.0,1.808955223880597,0.4956298828125,True,False,False,False,True,False,True,random_5pct,,
ds9_img037931_ann037967,5000,ds9,37931,37967,02_extracted/uang/5000/ds9_img037931_ann037967.png,1.0,2.2943396226415094,0.393359375,True,False,False,False,True,False,True,random_5pct,,
ds9_img038053_ann038067,2000,ds9,38053,38067,02_extracted/uang/2000/ds9_img038053_ann038067.png,1.0,2.01056338028169,0.395908203125,True,False,False,False,True,False,True,random_5pct,,
ds9_img038060_ann038074,1000,ds9,38060,38074,02_extracted/uang/1000/ds9_img038060_ann038074.png,1.0,1.6311475409836065,0.5334521484375,True,False,False,False,True,False,True,random_5pct,,
ds9_img038073_ann038085,5000,ds9,38073,38085,02_extracted/uang/5000/ds9_img038073_ann038085.png,1.0,2.170818505338078,0.4184814453125,True,False,False,False,True,False,True,random_5pct,,
ds9_img038109_ann038113,50000,ds9,38109,38113,02_extracted/uang/50000/ds9_img038109_ann038113.png,1.0,2.2304832713754648,0.39404296875,True,False,False,False,True,False,True,random_5pct,,
ds9_img038210_ann038196,100000,ds9,38210,38196,02_extracted/uang/100000/ds9_img038210_ann038196.png,1.0,2.2036363636363636,0.4068603515625,True,False,False,False,True,False,True,random_5pct,,
ds9_img038211_ann038197,2000,ds9,38211,38197,02_extracted/uang/2000/ds9_img038211_ann038197.png,1.0,0.5189274447949527,0.5092431640625,True,False,False,False,True,False,True,random_5pct,,
ds9_img038233_ann038218,20000,ds9,38233,38218,02_extracted/uang/20000/ds9_img038233_ann038218.png,1.0,0.603648424543947,0.535869140625,True,False,False,False,True,False,True,random_5pct,,
ds9_img038255_ann038238,1000,ds9,38255,38238,02_extracted/uang/1000/ds9_img038255_ann038238.png,1.0,1.9,0.41748046875,True,False,False,False,True,False,True,random_5pct,,
ds9_img038264_ann038246,2000,ds9,38264,38246,02_extracted/uang/2000/ds9_img038264_ann038246.png,1.0,0.5676100628930818,0.560537109375,True,False,False,False,True,False,True,random_5pct,,
ds9_img038276_ann038258,1000,ds9,38276,38258,02_extracted/uang/1000/ds9_img038276_ann038258.png,1.0,2.072463768115942,0.3854296875,True,False,False,False,True,False,True,random_5pct,,
ds9_img038338_ann038310,50000,ds9,38338,38310,02_extracted/uang/50000/ds9_img038338_ann038310.png,1.0,0.658307210031348,0.65419921875,True,False,False,False,True,False,True,random_5pct,,
ds9_img038348_ann038319,5000,ds9,38348,38319,02_extracted/uang/5000/ds9_img038348_ann038319.png,1.0,2.192727272727273,0.40484619140625,True,False,False,False,True,False,True,random_5pct,,
ds9_img038357_ann038325,20000,ds9,38357,38325,02_extracted/uang/20000/ds9_img038357_ann038325.png,1.0,0.5542763157894737,0.500234375,True,False,False,False,True,False,True,random_5pct,,
ds9_img038377_ann038344,20000,ds9,38377,38344,02_extracted/uang/20000/ds9_img038377_ann038344.png,1.0,1.9511400651465798,0.44895751953125,True,False,False,False,True,False,True,random_5pct,,
ds9_img038411_ann038374,2000,ds9,38411,38374,02_extracted/uang/2000/ds9_img038411_ann038374.png,1.0,1.5873417721518988,0.60465087890625,True,False,False,False,True,False,True,random_5pct,,
ds9_img038421_ann038382,50000,ds9,38421,38382,02_extracted/uang/50000/ds9_img038421_ann038382.png,1.0,0.6415711947626841,0.58474609375,True,False,False,False,True,False,True,random_5pct,,
ds9_img038522_ann038470,20000,ds9,38522,38470,02_extracted/uang/20000/ds9_img038522_ann038470.png,1.0,1.5577889447236182,0.60244140625,True,False,False,False,True,False,True,random_5pct,,
ds9_img038527_ann038474,2000,ds9,38527,38474,02_extracted/uang/2000/ds9_img038527_ann038474.png,1.0,0.617693522906793,0.60425537109375,True,False,False,False,True,False,True,random_5pct,,
ds9_img038564_ann038509,10000,ds9,38564,38509,02_extracted/uang/10000/ds9_img038564_ann038509.png,1.0,1.8338557993730407,0.45560302734375,True,False,False,False,True,False,True,random_5pct,,
ds9_img038611_ann038552,5000,ds9,38611,38552,02_extracted/uang/5000/ds9_img038611_ann038552.png,1.0,2.1724137931034484,0.446044921875,True,False,False,False,True,False,True,random_5pct,,
ds9_img038617_ann038557,2000,ds9,38617,38557,02_extracted/uang/2000/ds9_img038617_ann038557.png,1.0,0.5276872964169381,0.48568359375,True,False,False,False,True,False,True,random_5pct,,
ds9_img038650_ann038586,1000,ds9,38650,38586,02_extracted/uang/1000/ds9_img038650_ann038586.png,1.0,0.5381944444444444,0.4359375,True,False,False,False,True,False,True,random_5pct,,
ds9_img038687_ann038619,5000,ds9,38687,38619,02_extracted/uang/5000/ds9_img038687_ann038619.png,1.0,1.619289340101523,0.613701171875,True,False,False,False,True,False,True,random_5pct,,
ds9_img038701_ann038632,5000,ds9,38701,38632,02_extracted/uang/5000/ds9_img038701_ann038632.png,1.0,1.6797900262467191,0.5953125,True,False,False,False,True,False,True,random_5pct,,
ds9_img038771_ann038695,5000,ds9,38771,38695,02_extracted/uang/5000/ds9_img038771_ann038695.png,1.0,1.715068493150685,0.5578369140625,True,False,False,False,True,False,True,random_5pct,,
ds9_img038789_ann038710,50000,ds9,38789,38710,02_extracted/uang/50000/ds9_img038789_ann038710.png,1.0,1.9136212624584719,0.42328125,True,False,False,False,True,False,True,random_5pct,,
ds9_img038801_ann038720,10000,ds9,38801,38720,02_extracted/uang/10000/ds9_img038801_ann038720.png,1.0,0.6939102564102564,0.6596484375,True,False,False,False,True,False,True,random_5pct,,
ds9_img038813_ann038732,100000,ds9,38813,38732,02_extracted/uang/100000/ds9_img038813_ann038732.png,1.0,0.6121794871794872,0.581953125,True,False,False,False,True,False,True,random_5pct,,
ds9_img038859_ann038776,20000,ds9,38859,38776,02_extracted/uang/20000/ds9_img038859_ann038776.png,1.0,2.1050724637681157,0.391494140625,True,False,False,False,True,False,True,random_5pct,,
ds9_img038892_ann038807,50000,ds9,38892,38807,02_extracted/uang/50000/ds9_img038892_ann038807.png,1.0,2.191335740072202,0.41049560546875,True,False,False,False,True,False,True,random_5pct,,
ds9_img038893_ann038808,10000,ds9,38893,38808,02_extracted/uang/10000/ds9_img038893_ann038808.png,1.0,2.1953125,0.35125,True,False,False,False,True,False,True,random_5pct,,
ds9_img038907_ann038819,50000,ds9,38907,38819,02_extracted/uang/50000/ds9_img038907_ann038819.png,1.0,1.96113074204947,0.38345947265625,True,False,False,False,True,False,True,random_5pct,,
ds9_img038920_ann038831,5000,ds9,38920,38831,02_extracted/uang/5000/ds9_img038920_ann038831.png,1.0,1.6711229946524064,0.5706787109375,True,False,False,False,True,False,True,random_5pct,,
ds9_img038930_ann038839,100000,ds9,38930,38839,02_extracted/uang/100000/ds9_img038930_ann038839.png,1.0,0.5087440381558028,0.49140625,True,False,False,False,True,False,True,random_5pct,,
ds9_img038954_ann038860,50000,ds9,38954,38860,02_extracted/uang/50000/ds9_img038954_ann038860.png,1.0,0.6428571428571429,0.6229248046875,True,False,False,False,True,False,True,random_5pct,,
ds9_img038963_ann038868,50000,ds9,38963,38868,02_extracted/uang/50000/ds9_img038963_ann038868.png,1.0,0.5406698564593302,0.51892822265625,True,False,False,False,True,False,True,random_5pct,,
ds9_img038967_ann038871,100000,ds9,38967,38871,02_extracted/uang/100000/ds9_img038967_ann038871.png,1.0,1.8848484848484848,0.501123046875,True,False,False,False,True,False,True,random_5pct,,
ds9_img038989_ann038893,1000,ds9,38989,38893,02_extracted/uang/1000/ds9_img038989_ann038893.png,1.0,0.5836065573770491,0.53017578125,True,False,False,False,True,False,True,random_5pct,,
ds9_img039002_ann038905,20000,ds9,39002,38905,02_extracted/uang/20000/ds9_img039002_ann038905.png,1.0,2.247104247104247,0.3680126953125,True,False,False,False,True,False,True,random_5pct,,
ds9_img039009_ann038912,5000,ds9,39009,38912,02_extracted/uang/5000/ds9_img039009_ann038912.png,1.0,0.5934065934065934,0.5878564453125,True,False,False,False,True,False,True,random_5pct,,
ds9_img039009_ann038913,5000,ds9,39009,38913,02_extracted/uang/5000/ds9_img039009_ann038913.png,1.0,0.3333333333333333,7.32421875e-06,True,False,False,True,False,True,True,area_outlier,,
ds9_img039015_ann038917,2000,ds9,39015,38917,02_extracted/uang/2000/ds9_img039015_ann038917.png,1.0,0.6666666666666666,0.64599609375,True,False,False,False,True,False,True,random_5pct,,
ds9_img039071_ann038960,50000,ds9,39071,38960,02_extracted/uang/50000/ds9_img039071_ann038960.png,1.0,0.6214876033057851,0.55537109375,True,False,False,False,True,False,True,random_5pct,,
ds9_img039074_ann038963,20000,ds9,39074,38963,02_extracted/uang/20000/ds9_img039074_ann038963.png,1.0,0.5387096774193548,0.50556640625,True,False,False,False,True,False,True,random_5pct,,
ds9_img039075_ann038964,5000,ds9,39075,38964,02_extracted/uang/5000/ds9_img039075_ann038964.png,1.0,0.5232744783306581,0.4958447265625,True,False,False,False,True,False,True,random_5pct,,
ds9_img039076_ann038965,5000,ds9,39076,38965,02_extracted/uang/5000/ds9_img039076_ann038965.png,1.0,0.5875,0.5875,True,False,False,False,True,False,True,random_5pct,,
ds9_img039092_ann038980,1000,ds9,39092,38980,02_extracted/uang/1000/ds9_img039092_ann038980.png,1.0,1.6083333333333334,0.50888671875,True,False,False,False,True,False,True,random_5pct,,
ds9_img039117_ann039004,10000,ds9,39117,39004,02_extracted/uang/10000/ds9_img039117_ann039004.png,1.0,1.9030100334448161,0.41535888671875,True,False,False,False,True,False,True,random_5pct,,
ds9_img039179_ann039057,2000,ds9,39179,39057,02_extracted/uang/2000/ds9_img039179_ann039057.png,1.0,1.6147757255936674,0.566279296875,True,False,False,False,True,False,True,random_5pct,,
ds9_img039188_ann039063,100000,ds9,39188,39063,02_extracted/uang/100000/ds9_img039188_ann039063.png,1.0,2.1194539249146755,0.44422119140625,True,False,False,False,True,False,True,random_5pct,,
ds9_img039199_ann039074,2000,ds9,39199,39074,02_extracted/uang/2000/ds9_img039199_ann039074.png,1.0,2.0354609929078014,0.395185546875,True,False,False,False,True,False,True,random_5pct,,
ds9_img039223_ann039095,2000,ds9,39223,39095,02_extracted/uang/2000/ds9_img039223_ann039095.png,1.0,2.0104166666666665,0.407109375,True,False,False,False,True,False,True,random_5pct,,
ds9_img039224_ann039097,5000,ds9,39224,39097,02_extracted/uang/5000/ds9_img039224_ann039097.png,1.0,3.0,7.32421875e-06,True,False,False,True,False,True,True,area_outlier,,
ds9_img039229_ann039102,10000,ds9,39229,39102,02_extracted/uang/10000/ds9_img039229_ann039102.png,1.0,1.8037383177570094,0.45375732421875,True,False,False,False,True,False,True,random_5pct,,
ds9_img039259_ann039126,1000,ds9,39259,39126,02_extracted/uang/1000/ds9_img039259_ann039126.png,1.0,1.7827380952380953,0.4913671875,True,False,False,False,True,False,True,random_5pct,,
ds9_img039262_ann039129,50000,ds9,39262,39129,02_extracted/uang/50000/ds9_img039262_ann039129.png,1.0,2.236641221374046,0.374833984375,True,False,False,False,True,False,True,random_5pct,,
ds9_img039319_ann039179,50000,ds9,39319,39179,02_extracted/uang/50000/ds9_img039319_ann039179.png,1.0,1.9337748344370862,0.4305859375,True,False,False,False,True,False,True,random_5pct,,
ds9_img039344_ann039200,1000,ds9,39344,39200,02_extracted/uang/1000/ds9_img039344_ann039200.png,1.0,1.8888888888888888,0.431806640625,True,False,False,False,True,False,True,random_5pct,,
ds9_img039368_ann039222,10000,ds9,39368,39222,02_extracted/uang/10000/ds9_img039368_ann039222.png,1.0,2.0132013201320134,0.4512451171875,True,False,False,False,True,False,True,random_5pct,,
ds9_img039428_ann039276,20000,ds9,39428,39276,02_extracted/uang/20000/ds9_img039428_ann039276.png,1.0,2.089605734767025,0.39711181640625,True,False,False,False,True,False,True,random_5pct,,
ds9_img039500_ann039337,100000,ds9,39500,39337,02_extracted/uang/100000/ds9_img039500_ann039337.png,1.0,2.179856115107914,0.411298828125,True,False,False,False,True,False,True,random_5pct,,
ds9_img039504_ann039341,20000,ds9,39504,39341,02_extracted/uang/20000/ds9_img039504_ann039341.png,1.0,2.164233576642336,0.3966845703125,True,False,False,False,True,False,True,random_5pct,,
ds9_img039508_ann039345,20000,ds9,39508,39345,02_extracted/uang/20000/ds9_img039508_ann039345.png,1.0,2.211320754716981,0.3791259765625,True,False,False,False,True,False,True,random_5pct,,
ds9_img039573_ann039400,20000,ds9,39573,39400,02_extracted/uang/20000/ds9_img039573_ann039400.png,1.0,2.201492537313433,0.38603515625,True,False,False,False,True,False,True,random_5pct,,
ds9_img039575_ann039401,10000,ds9,39575,39401,02_extracted/uang/10000/ds9_img039575_ann039401.png,1.0,2.0436241610738257,0.4430712890625,True,False,False,False,True,False,True,random_5pct,,
ds9_img039619_ann039442,10000,ds9,39619,39442,02_extracted/uang/10000/ds9_img039619_ann039442.png,1.0,1.777456647398844,0.5195068359375,True,False,False,False,True,False,True,random_5pct,,
ds9_img039625_ann039447,5000,ds9,39625,39447,02_extracted/uang/5000/ds9_img039625_ann039447.png,1.0,2.2686567164179103,0.3978125,True,False,False,False,True,False,True,random_5pct,,
ds9_img039673_ann039488,50000,ds9,39673,39488,02_extracted/uang/50000/ds9_img039673_ann039488.png,1.0,1.9372822299651569,0.389580078125,True,False,False,False,True,False,True,random_5pct,,
ds9_img039715_ann039526,50000,ds9,39715,39526,02_extracted/uang/50000/ds9_img039715_ann039526.png,1.0,2.2036363636363636,0.4068603515625,True,False,False,False,True,False,True,random_5pct,,
ds9_img039727_ann039534,5000,ds9,39727,39534,02_extracted/uang/5000/ds9_img039727_ann039534.png,1.0,2.138181818181818,0.394775390625,True,False,False,False,True,False,True,random_5pct,,
ds9_img039729_ann039536,2000,ds9,39729,39536,02_extracted/uang/2000/ds9_img039729_ann039536.png,1.0,1.993103448275862,0.409228515625,True,False,False,False,True,False,True,random_5pct,,
ds9_img039740_ann039544,2000,ds9,39740,39544,02_extracted/uang/2000/ds9_img039740_ann039544.png,1.0,2.0282685512367493,0.3965869140625,True,False,False,False,True,False,True,random_5pct,,
ds9_img039778_ann039578,50000,ds9,39778,39578,02_extracted/uang/50000/ds9_img039778_ann039578.png,1.0,1.993127147766323,0.412060546875,True,False,False,False,True,False,True,random_5pct,,
ds9_img039784_ann039582,2000,ds9,39784,39582,02_extracted/uang/2000/ds9_img039784_ann039582.png,1.0,2.4761904761904763,0.38390625,True,False,False,False,True,False,True,random_5pct,,
ds9_img039824_ann039616,20000,ds9,39824,39616,02_extracted/uang/20000/ds9_img039824_ann039616.png,1.0,2.10752688172043,0.400517578125,True,False,False,False,True,False,True,random_5pct,,
ds9_img039830_ann039622,100000,ds9,39830,39622,02_extracted/uang/100000/ds9_img039830_ann039622.png,1.0,2.186619718309859,0.430576171875,True,False,False,False,True,False,True,random_5pct,,
ds9_img039855_ann039642,5000,ds9,39855,39642,02_extracted/uang/5000/ds9_img039855_ann039642.png,1.0,2.235955056179775,0.38915771484375,True,False,False,False,True,False,True,random_5pct,,
ds9_img039876_ann039661,20000,ds9,39876,39661,02_extracted/uang/20000/ds9_img039876_ann039661.png,1.0,2.131205673758865,0.4137744140625,True,False,False,False,True,False,True,random_5pct,,
ds9_img039920_ann039697,1000,ds9,39920,39697,02_extracted/uang/1000/ds9_img039920_ann039697.png,1.0,1.7267441860465116,0.4988671875,True,False,False,False,True,False,True,random_5pct,,
ds9_img039924_ann039700,1000,ds9,39924,39700,02_extracted/uang/1000/ds9_img039924_ann039700.png,1.0,2.19327731092437,0.303310546875,True,False,False,False,True,False,True,random_5pct,,
ds9_img039980_ann039753,10000,ds9,39980,39753,02_extracted/uang/10000/ds9_img039980_ann039753.png,1.0,1.7922848664688427,0.496943359375,True,False,False,False,True,False,True,random_5pct,,
ds9_img039989_ann039760,2000,ds9,39989,39760,02_extracted/uang/2000/ds9_img039989_ann039760.png,1.0,2.2095588235294117,0.3991015625,True,False,False,False,True,False,True,random_5pct,,
ds9_img040007_ann039777,10000,ds9,40007,39777,02_extracted/uang/10000/ds9_img040007_ann039777.png,1.0,1.8318042813455657,0.47820556640625,True,False,False,False,True,False,True,random_5pct,,
ds9_img040009_ann039778,20000,ds9,40009,39778,02_extracted/uang/20000/ds9_img040009_ann039778.png,1.0,2.13840830449827,0.4360400390625,True,False,False,False,True,False,True,random_5pct,,
ds9_img040036_ann039799,100000,ds9,40036,39799,02_extracted/uang/100000/ds9_img040036_ann039799.png,1.0,2.2669172932330826,0.3915966796875,True,False,False,False,True,False,True,random_5pct,,
ds9_img040040_ann039802,10000,ds9,40040,39802,02_extracted/uang/10000/ds9_img040040_ann039802.png,1.0,1.8928571428571428,0.438388671875,True,False,False,False,True,False,True,random_5pct,,
ds9_img040052_ann039813,50000,ds9,40052,39813,02_extracted/uang/50000/ds9_img040052_ann039813.png,1.0,1.919732441471572,0.4190087890625,True,False,False,False,True,False,True,random_5pct,,
ds9_img040079_ann039837,1000,ds9,40079,39837,02_extracted/uang/1000/ds9_img040079_ann039837.png,1.0,2.165289256198347,0.30958984375,True,False,False,False,True,False,True,random_5pct,,
ds9_img040089_ann039844,2000,ds9,40089,39844,02_extracted/uang/2000/ds9_img040089_ann039844.png,1.0,2.216606498194946,0.4152294921875,True,False,False,False,True,False,True,random_5pct,,
ds9_img040100_ann039855,50000,ds9,40100,39855,02_extracted/uang/50000/ds9_img040100_ann039855.png,1.0,1.9254237288135594,0.40908203125,True,False,False,False,True,False,True,random_5pct,,
ds9_img040112_ann039865,20000,ds9,40112,39865,02_extracted/uang/20000/ds9_img040112_ann039865.png,1.0,2.1393728222996518,0.4302197265625,True,False,False,False,True,False,True,random_5pct,,
ds9_img040114_ann039867,2000,ds9,40114,39867,02_extracted/uang/2000/ds9_img040114_ann039867.png,1.0,2.145390070921986,0.4165283203125,True,False,False,False,True,False,True,random_5pct,,
ds9_img040169_ann039912,20000,ds9,40169,39912,02_extracted/uang/20000/ds9_img040169_ann039912.png,1.0,2.0634328358208953,0.361826171875,True,False,False,False,True,False,True,random_5pct,,
ds9_img040182_ann039923,50000,ds9,40182,39923,02_extracted/uang/50000/ds9_img040182_ann039923.png,1.0,1.9375,0.39234375,True,False,False,False,True,False,True,random_5pct,,
ds9_img040226_ann039963,2000,ds9,40226,39963,02_extracted/uang/2000/ds9_img040226_ann039963.png,1.0,2.199275362318841,0.409013671875,True,False,False,False,True,False,True,random_5pct,,
ds9_img040233_ann039969,10000,ds9,40233,39969,02_extracted/uang/10000/ds9_img040233_ann039969.png,1.0,1.9680511182108626,0.47072265625,True,False,False,False,True,False,True,random_5pct,,
ds9_img040265_ann039997,50000,ds9,40265,39997,02_extracted/uang/50000/ds9_img040265_ann039997.png,1.0,2.1549295774647885,0.4243359375,True,False,False,False,True,False,True,random_5pct,,
ds9_img040287_ann040015,5000,ds9,40287,40015,02_extracted/uang/5000/ds9_img040287_ann040015.png,1.0,2.1563636363636363,0.39813232421875,True,False,False,False,True,False,True,random_5pct,,
ds9_img040296_ann040024,2000,ds9,40296,40024,02_extracted/uang/2000/ds9_img040296_ann040024.png,1.0,1.9540983606557376,0.443798828125,True,False,False,False,True,False,True,random_5pct,,
ds9_img040300_ann040028,50000,ds9,40300,40028,02_extracted/uang/50000/ds9_img040300_ann040028.png,1.0,2.1530249110320283,0.41505126953125,True,False,False,False,True,False,True,random_5pct,,
ds9_img040302_ann040030,2000,ds9,40302,40030,02_extracted/uang/2000/ds9_img040302_ann040030.png,1.0,2.1768953068592056,0.40779052734375,True,False,False,False,True,False,True,random_5pct,,
ds9_img040318_ann040041,5000,ds9,40318,40041,02_extracted/uang/5000/ds9_img040318_ann040041.png,1.0,2.2862745098039214,0.36295166015625,True,False,False,False,True,False,True,random_5pct,,
ds9_img040323_ann040046,50000,ds9,40323,40046,02_extracted/uang/50000/ds9_img040323_ann040046.png,1.0,1.9612676056338028,0.386201171875,True,False,False,False,True,False,True,random_5pct,,
